asset,atr,market,t,ask,side,remaining,source_atr,atr_source,session
ETH,0.95,KXETH15M-26SEP262315-15,1790478360.0632915,0.87,yes,539.9367084503174,0.8,official_reference_rolling,20260926T200636Z-d04d607b9fe046cfb3b2d7561704e88e
ETH,0.95,KXETH15M-26SEP262330-30,1790479246.0879164,0.9,no,553.9120836257935,0.8,official_reference_rolling,20260926T200636Z-d04d607b9fe046cfb3b2d7561704e88e
ETH,0.95,KXETH15M-26SEP262345-45,1790480100.0704243,0.89,yes,599.9295756816864,0.8,official_reference_rolling,20260926T200636Z-d04d607b9fe046cfb3b2d7561704e88e
ETH,0.95,KXETH15M-26SEP270015-15,1790482316.2025924,0.955,yes,183.7974076271057,0.8,official_reference_rolling,20260926T200636Z-d04d607b9fe046cfb3b2d7561704e88e
ETH,0.95,KXETH15M-26SEP270045-45,1790483701.0587435,0.909,no,598.9412565231323,0.8,official_reference_rolling,20260926T200636Z-d04d607b9fe046cfb3b2d7561704e88e
ETH,0.95,KXETH15M-26SEP270115-15,1790485514.0689914,0.87,yes,585.9310085773468,0.8,official_reference_rolling,20260926T200636Z-d04d607b9fe046cfb3b2d7561704e88e
ETH,0.95,KXETH15M-26SEP270130-30,1790486663.0657077,0.907,yes,336.93429231643677,0.8,official_reference_rolling,20260926T200636Z-d04d607b9fe046cfb3b2d7561704e88e
ETH,0.95,KXETH15M-26SEP270145-45,1790487300.0463622,0.937,yes,599.9536378383636,0.8,official_reference_rolling,20260926T200636Z-d04d607b9fe046cfb3b2d7561704e88e
ETH,0.95,KXETH15M-26SEP270215-15,1790489110.094755,0.8,yes,589.9052450656891,0.8,official_reference_rolling,20260926T200636Z-d04d607b9fe046cfb3b2d7561704e88e
ETH,0.95,KXETH15M-26SEP270245-45,1790491144.051526,0.93,no,355.9484739303589,0.8,official_reference_rolling,20260926T200636Z-d04d607b9fe046cfb3b2d7561704e88e
ETH,0.95,KXETH15M-26SEP270300-00,1790492221.118224,0.909,no,178.88177609443665,0.8,official_reference_rolling,20260926T200636Z-d04d607b9fe046cfb3b2d7561704e88e
ETH,0.95,KXETH15M-26SEP270330-30,1790493964.103193,0.9,yes,235.89680695533752,0.8,official_reference_rolling,20260926T200636Z-d04d607b9fe046cfb3b2d7561704e88e
ETH,0.95,KXETH15M-26SEP270345-45,1790494500.0873065,0.89,yes,599.9126935005188,0.8,official_reference_rolling,20260926T200636Z-d04d607b9fe046cfb3b2d7561704e88e
ETH,0.95,KXETH15M-26SEP270400-00,1790495409.0755415,0.89,yes,590.9244585037231,0.8,official_reference_rolling,20260926T200636Z-d04d607b9fe046cfb3b2d7561704e88e
ETH,0.95,KXETH15M-26SEP270500-00,1790499431.089923,0.87,no,168.91007709503174,0.8,official_reference_rolling,20260926T200636Z-d04d607b9fe046cfb3b2d7561704e88e
ETH,0.95,KXETH15M-26SEP270515-15,1790499964.2492456,0.921,no,535.7507543563843,0.8,official_reference_rolling,20260926T200636Z-d04d607b9fe046cfb3b2d7561704e88e
ETH,0.95,KXETH15M-26SEP270600-00,1790502600.460446,0.901,yes,599.5395541191101,0.8,official_reference_rolling,20260926T200636Z-d04d607b9fe046cfb3b2d7561704e88e
ETH,0.95,KXETH15M-26SEP270615-15,1790503915.5447972,0.943,yes,184.45520281791687,0.8,official_reference_rolling,20260926T200636Z-d04d607b9fe046cfb3b2d7561704e88e
ETH,0.95,KXETH15M-26SEP270630-30,1790504496.0897458,0.955,no,503.910254240036,0.8,official_reference_rolling,20260926T200636Z-d04d607b9fe046cfb3b2d7561704e88e
ETH,0.95,KXETH15M-26SEP270645-45,1790505404.065351,0.88,no,495.9346489906311,0.8,official_reference_rolling,20260926T200636Z-d04d607b9fe046cfb3b2d7561704e88e
ETH,0.95,KXETH15M-26SEP270715-15,1790507427.0829806,0.916,yes,272.917019367218,0.8,official_reference_rolling,20260926T200636Z-d04d607b9fe046cfb3b2d7561704e88e
ETH,0.95,KXETH15M-26SEP270800-00,1790510125.246943,0.934,yes,274.75305700302124,0.8,official_reference_rolling,20260926T200636Z-d04d607b9fe046cfb3b2d7561704e88e
ETH,0.95,KXETH15M-26SEP270815-15,1790510700.089909,0.934,yes,599.9100909233093,0.8,official_reference_rolling,20260926T200636Z-d04d607b9fe046cfb3b2d7561704e88e
ETH,0.95,KXETH15M-26SEP270830-30,1790511927.097036,0.958,no,272.9029641151428,0.8,official_reference_rolling,20260926T200636Z-d04d607b9fe046cfb3b2d7561704e88e
ETH,0.95,KXETH15M-26SEP270845-45,1790512799.0826387,0.907,yes,300.91736125946045,0.8,official_reference_rolling,20260926T200636Z-d04d607b9fe046cfb3b2d7561704e88e
ETH,0.95,KXETH15M-26SEP270900-00,1790513593.8447547,0.927,no,406.15524530410767,0.8,official_reference_rolling,20260926T200636Z-d04d607b9fe046cfb3b2d7561704e88e
ETH,0.95,KXETH15M-26SEP271000-00,1790517285.0440483,0.94,yes,314.9559516906738,0.8,official_reference_rolling,20260926T200636Z-d04d607b9fe046cfb3b2d7561704e88e
ETH,0.95,KXETH15M-26SEP271030-30,1790518855.056198,0.913,no,544.9438021183014,0.8,official_reference_rolling,20260926T200636Z-d04d607b9fe046cfb3b2d7561704e88e
ETH,0.95,KXETH15M-26SEP271200-00,1790524290.080663,0.89,yes,509.91933703422546,0.8,official_reference_rolling,20260926T200636Z-d04d607b9fe046cfb3b2d7561704e88e
ETH,0.95,KXETH15M-26SEP271245-45,1790526968.0577378,0.918,no,531.942262172699,0.8,official_reference_rolling,20260926T200636Z-d04d607b9fe046cfb3b2d7561704e88e
ETH,0.95,KXETH15M-26SEP271345-45,1790530583.5291638,0.918,yes,516.4708361625671,0.8,official_reference_rolling,20260926T200636Z-d04d607b9fe046cfb3b2d7561704e88e
ETH,0.95,KXETH15M-26SEP271400-00,1790531400.0643303,0.918,yes,599.9356696605682,0.8,official_reference_rolling,20260926T200636Z-d04d607b9fe046cfb3b2d7561704e88e
ETH,0.95,KXETH15M-26SEP271415-15,1790532813.074942,0.89,yes,86.925057888031,0.8,official_reference_rolling,20260926T200636Z-d04d607b9fe046cfb3b2d7561704e88e
ETH,0.95,KXETH15M-26SEP271430-30,1790533294.0926597,0.93,yes,505.90734028816223,0.8,official_reference_rolling,20260926T200636Z-d04d607b9fe046cfb3b2d7561704e88e
ETH,0.95,KXETH15M-26SEP271515-15,1790535900.0982053,0.937,no,599.9017946720123,0.8,official_reference_rolling,20260926T200636Z-d04d607b9fe046cfb3b2d7561704e88e
ETH,0.95,KXETH15M-26SEP271530-30,1790536803.646106,0.82,yes,596.353893995285,0.8,official_reference_rolling,20260926T200636Z-d04d607b9fe046cfb3b2d7561704e88e
ETH,0.95,KXETH15M-26SEP271545-45,1790538125.0304556,0.951,yes,174.96954441070557,0.8,official_reference_rolling,20260926T200636Z-d04d607b9fe046cfb3b2d7561704e88e
ETH,0.95,KXETH15M-26SEP271615-15,1790539500.467366,0.903,yes,599.5326340198517,0.8,official_reference_rolling,20260926T200636Z-d04d607b9fe046cfb3b2d7561704e88e
ETH,0.95,KXETH15M-26SEP271630-30,1790540483.478935,0.938,no,516.5210649967194,0.8,official_reference_rolling,20260926T200636Z-d04d607b9fe046cfb3b2d7561704e88e
ETH,0.95,KXETH15M-26SEP271645-45,1790541721.1098056,0.948,yes,178.89019441604614,0.8,official_reference_rolling,20260926T200636Z-d04d607b9fe046cfb3b2d7561704e88e
ETH,0.95,KXETH15M-26SEP271700-00,1790542200.4718988,0.905,no,599.5281012058258,0.8,official_reference_rolling,20260926T200636Z-d04d607b9fe046cfb3b2d7561704e88e
ETH,0.95,KXETH15M-26SEP271715-15,1790543376.8809633,0.944,yes,323.1190366744995,0.8,official_reference_rolling,20260926T200636Z-d04d607b9fe046cfb3b2d7561704e88e
ETH,0.95,KXETH15M-26SEP271745-45,1790544964.1021643,0.85,no,535.8978357315063,0.8,official_reference_rolling,20260926T200636Z-d04d607b9fe046cfb3b2d7561704e88e
ETH,0.95,KXETH15M-26SEP271845-45,1790548587.370845,0.96,no,512.629154920578,0.8,official_reference_rolling,20260926T200636Z-d04d607b9fe046cfb3b2d7561704e88e
ETH,0.95,KXETH15M-26SEP271900-00,1790549640.1700788,0.908,yes,359.82992124557495,0.8,official_reference_rolling,20260926T200636Z-d04d607b9fe046cfb3b2d7561704e88e
ETH,0.95,KXETH15M-26SEP272000-00,1790553084.7863767,0.908,yes,515.2136232852936,0.8,official_reference_rolling,20260926T200636Z-d04d607b9fe046cfb3b2d7561704e88e
ETH,0.95,KXETH15M-26SEP272015-15,1790553918.0799456,0.81,yes,581.92005443573,0.8,reference_price_floor,20260928T000014Z-ad8c558f0e9c4ea3a763986fea0c3916
ETH,0.95,KXETH15M-26SEP272030-30,1790554800.6004183,0.934,yes,599.3995816707611,0.8,official_reference_rolling,20260928T000014Z-ad8c558f0e9c4ea3a763986fea0c3916
ETH,0.95,KXETH15M-26SEP272100-00,1790556621.043826,0.959,yes,578.9561738967896,0.8,official_reference_rolling,20260928T000014Z-ad8c558f0e9c4ea3a763986fea0c3916
ETH,0.95,KXETH15M-26SEP272145-45,1790559541.0468786,0.953,no,358.9531214237213,0.8,official_reference_rolling,20260928T000014Z-ad8c558f0e9c4ea3a763986fea0c3916
ETH,0.95,KXETH15M-26SEP272200-00,1790560201.066725,0.89,no,598.9332749843597,0.8,official_reference_rolling,20260928T000014Z-ad8c558f0e9c4ea3a763986fea0c3916
ETH,0.95,KXETH15M-26SEP272230-30,1790562128.060625,0.93,no,471.93937492370605,0.8,official_reference_rolling,20260928T000014Z-ad8c558f0e9c4ea3a763986fea0c3916
ETH,0.95,KXETH15M-26SEP272245-45,1790563181.161761,0.953,no,318.83823895454407,0.8,official_reference_rolling,20260928T000014Z-ad8c558f0e9c4ea3a763986fea0c3916
ETH,0.95,KXETH15M-26SEP272315-15,1790564863.0996392,0.9,yes,436.9003608226776,0.8,official_reference_rolling,20260928T000014Z-ad8c558f0e9c4ea3a763986fea0c3916
ETH,0.95,KXETH15M-26SEP280030-30,1790569441.1039383,0.925,yes,358.89606165885925,0.8,official_reference_rolling,20260928T000014Z-ad8c558f0e9c4ea3a763986fea0c3916
ETH,0.95,KXETH15M-26SEP280045-45,1790570592.0849597,0.911,yes,107.9150402545929,0.8,official_reference_rolling,20260928T000014Z-ad8c558f0e9c4ea3a763986fea0c3916
ETH,0.95,KXETH15M-26SEP280115-15,1790572099.7030249,0.949,no,400.2969751358032,0.8,official_reference_rolling,20260928T000014Z-ad8c558f0e9c4ea3a763986fea0c3916
ETH,0.95,KXETH15M-26SEP280145-45,1790573700.1579874,0.921,no,599.8420126438141,0.8,official_reference_rolling,20260928T000014Z-ad8c558f0e9c4ea3a763986fea0c3916
ETH,0.95,KXETH15M-26SEP280215-15,1790575835.7009528,0.947,yes,264.2990472316742,0.8,official_reference_rolling,20260928T000014Z-ad8c558f0e9c4ea3a763986fea0c3916
ETH,0.95,KXETH15M-26SEP280230-30,1790576460.0876515,0.89,no,539.9123485088348,0.8,official_reference_rolling,20260928T000014Z-ad8c558f0e9c4ea3a763986fea0c3916
ETH,0.95,KXETH15M-26SEP280245-45,1790577670.8216958,0.958,yes,229.17830419540405,0.8,official_reference_rolling,20260928T000014Z-ad8c558f0e9c4ea3a763986fea0c3916
ETH,0.95,KXETH15M-26SEP280300-00,1790578517.1190531,0.927,no,282.88094687461853,0.8,official_reference_rolling,20260928T000014Z-ad8c558f0e9c4ea3a763986fea0c3916
ETH,0.95,KXETH15M-26SEP280400-00,1790582108.51292,0.915,yes,291.4870800971985,0.8,official_reference_rolling,20260928T000014Z-ad8c558f0e9c4ea3a763986fea0c3916
ETH,0.95,KXETH15M-26SEP280430-30,1790583875.0878413,0.95,no,324.9121587276459,0.8,official_reference_rolling,20260928T000014Z-ad8c558f0e9c4ea3a763986fea0c3916
ETH,0.95,KXETH15M-26SEP280445-45,1790584694.8437366,0.934,no,405.15626335144043,0.8,official_reference_rolling,20260928T000014Z-ad8c558f0e9c4ea3a763986fea0c3916
ETH,0.95,KXETH15M-26SEP280500-00,1790585485.4553497,0.925,yes,514.5446503162384,0.8,official_reference_rolling,20260928T000014Z-ad8c558f0e9c4ea3a763986fea0c3916
ETH,0.95,KXETH15M-26SEP280515-15,1790586365.1700823,0.942,no,534.8299176692963,0.8,official_reference_rolling,20260928T000014Z-ad8c558f0e9c4ea3a763986fea0c3916
ETH,0.95,KXETH15M-26SEP280545-45,1790588201.3974924,0.945,no,498.60250759124756,0.8,official_reference_rolling,20260928T000014Z-ad8c558f0e9c4ea3a763986fea0c3916
ETH,0.95,KXETH15M-26SEP280615-15,1790589905.501768,0.959,yes,594.4982318878174,0.8,official_reference_rolling,20260928T000014Z-ad8c558f0e9c4ea3a763986fea0c3916
ETH,0.95,KXETH15M-26SEP280630-30,1790591160.0792902,0.957,yes,239.92070984840393,0.8,official_reference_rolling,20260928T000014Z-ad8c558f0e9c4ea3a763986fea0c3916
ETH,0.95,KXETH15M-26SEP280645-45,1790591827.0450644,0.93,yes,472.9549355506897,0.8,official_reference_rolling,20260928T000014Z-ad8c558f0e9c4ea3a763986fea0c3916
ETH,0.95,KXETH15M-26SEP280715-15,1790593633.1088586,0.939,yes,466.89114141464233,0.8,official_reference_rolling,20260928T000014Z-ad8c558f0e9c4ea3a763986fea0c3916
ETH,0.95,KXETH15M-26SEP280745-45,1790595568.0465043,0.9,yes,331.9534957408905,0.8,official_reference_rolling,20260928T000014Z-ad8c558f0e9c4ea3a763986fea0c3916
ETH,0.95,KXETH15M-26SEP280800-00,1790596440.0693436,0.937,no,359.93065643310547,0.8,official_reference_rolling,20260928T000014Z-ad8c558f0e9c4ea3a763986fea0c3916
ETH,0.95,KXETH15M-26SEP280815-15,1790597233.127796,0.959,yes,466.8722040653229,0.8,official_reference_rolling,20260928T000014Z-ad8c558f0e9c4ea3a763986fea0c3916
ETH,0.95,KXETH15M-26SEP280845-45,1790599237.0829186,0.956,no,262.9170813560486,0.8,official_reference_rolling,20260928T000014Z-ad8c558f0e9c4ea3a763986fea0c3916
ETH,0.95,KXETH15M-26SEP280900-00,1790599800.1111622,0.91,yes,599.888837814331,0.8,official_reference_rolling,20260928T000014Z-ad8c558f0e9c4ea3a763986fea0c3916
ETH,0.95,KXETH15M-26SEP280930-30,1790601963.1941385,0.91,yes,236.8058614730835,0.8,official_reference_rolling,20260928T000014Z-ad8c558f0e9c4ea3a763986fea0c3916
ETH,0.95,KXETH15M-26SEP281230-30,1790612556.577021,0.959,yes,443.4229791164398,0.8,official_reference_rolling,20260928T000014Z-ad8c558f0e9c4ea3a763986fea0c3916
ETH,0.95,KXETH15M-26SEP281300-00,1790614576.1290495,0.947,yes,223.87095046043396,0.8,official_reference_rolling,20260928T000014Z-ad8c558f0e9c4ea3a763986fea0c3916
ETH,0.95,KXETH15M-26SEP282100-00,1790643019.0547123,0.946,no,580.9452877044678,0.8,official_reference_rolling,20260928T200258Z-f3abf44539bb4cd9bd822273edfdb45b
ETH,0.9,KXETH15M-26SEP262315-15,1790478334.619282,0.9,yes,565.3807179927826,0.8,official_reference_rolling,20260926T200636Z-d04d607b9fe046cfb3b2d7561704e88e
ETH,0.9,KXETH15M-26SEP262330-30,1790479246.0879164,0.9,no,553.9120836257935,0.8,official_reference_rolling,20260926T200636Z-d04d607b9fe046cfb3b2d7561704e88e
ETH,0.9,KXETH15M-26SEP262345-45,1790480100.0704243,0.89,yes,599.9295756816864,0.8,official_reference_rolling,20260926T200636Z-d04d607b9fe046cfb3b2d7561704e88e
ETH,0.9,KXETH15M-26SEP270015-15,1790482293.0959885,0.933,yes,206.90401148796082,0.8,official_reference_rolling,20260926T200636Z-d04d607b9fe046cfb3b2d7561704e88e
ETH,0.9,KXETH15M-26SEP270030-30,1790483103.098094,0.931,no,296.90190601348877,0.8,official_reference_rolling,20260926T200636Z-d04d607b9fe046cfb3b2d7561704e88e
ETH,0.9,KXETH15M-26SEP270045-45,1790483701.0587435,0.909,no,598.9412565231323,0.8,official_reference_rolling,20260926T200636Z-d04d607b9fe046cfb3b2d7561704e88e
ETH,0.9,KXETH15M-26SEP270115-15,1790485505.0659273,0.85,yes,594.9340727329254,0.8,official_reference_rolling,20260926T200636Z-d04d607b9fe046cfb3b2d7561704e88e
ETH,0.9,KXETH15M-26SEP270130-30,1790486663.0657077,0.907,yes,336.93429231643677,0.8,official_reference_rolling,20260926T200636Z-d04d607b9fe046cfb3b2d7561704e88e
ETH,0.9,KXETH15M-26SEP270145-45,1790487300.0463622,0.937,yes,599.9536378383636,0.8,official_reference_rolling,20260926T200636Z-d04d607b9fe046cfb3b2d7561704e88e
ETH,0.9,KXETH15M-26SEP270215-15,1790489110.094755,0.8,yes,589.9052450656891,0.8,official_reference_rolling,20260926T200636Z-d04d607b9fe046cfb3b2d7561704e88e
ETH,0.9,KXETH15M-26SEP270245-45,1790491142.3503861,0.913,no,357.6496138572693,0.8,official_reference_rolling,20260926T200636Z-d04d607b9fe046cfb3b2d7561704e88e
ETH,0.9,KXETH15M-26SEP270300-00,1790492221.118224,0.909,no,178.88177609443665,0.8,official_reference_rolling,20260926T200636Z-d04d607b9fe046cfb3b2d7561704e88e
ETH,0.9,KXETH15M-26SEP270315-15,1790493137.0478613,0.925,no,162.95213866233826,0.8,official_reference_rolling,20260926T200636Z-d04d607b9fe046cfb3b2d7561704e88e
ETH,0.9,KXETH15M-26SEP270330-30,1790493964.103193,0.9,yes,235.89680695533752,0.8,official_reference_rolling,20260926T200636Z-d04d607b9fe046cfb3b2d7561704e88e
ETH,0.9,KXETH15M-26SEP270345-45,1790494500.0873065,0.89,yes,599.9126935005188,0.8,official_reference_rolling,20260926T200636Z-d04d607b9fe046cfb3b2d7561704e88e
ETH,0.9,KXETH15M-26SEP270400-00,1790495409.0755415,0.89,yes,590.9244585037231,0.8,official_reference_rolling,20260926T200636Z-d04d607b9fe046cfb3b2d7561704e88e
ETH,0.9,KXETH15M-26SEP270500-00,1790499417.0612273,0.83,no,182.93877267837524,0.8,official_reference_rolling,20260926T200636Z-d04d607b9fe046cfb3b2d7561704e88e
ETH,0.9,KXETH15M-26SEP270515-15,1790499964.2492456,0.921,no,535.7507543563843,0.8,official_reference_rolling,20260926T200636Z-d04d607b9fe046cfb3b2d7561704e88e
ETH,0.9,KXETH15M-26SEP270600-00,1790502600.460446,0.901,yes,599.5395541191101,0.8,official_reference_rolling,20260926T200636Z-d04d607b9fe046cfb3b2d7561704e88e
ETH,0.9,KXETH15M-26SEP270615-15,1790503911.0669007,0.933,yes,188.93309926986694,0.8,official_reference_rolling,20260926T200636Z-d04d607b9fe046cfb3b2d7561704e88e
ETH,0.9,KXETH15M-26SEP270630-30,1790504473.1026824,0.926,no,526.897317647934,0.8,official_reference_rolling,20260926T200636Z-d04d607b9fe046cfb3b2d7561704e88e
ETH,0.9,KXETH15M-26SEP270645-45,1790505399.0873373,0.87,no,500.9126627445221,0.8,official_reference_rolling,20260926T200636Z-d04d607b9fe046cfb3b2d7561704e88e
ETH,0.9,KXETH15M-26SEP270715-15,1790507427.0829806,0.916,yes,272.917019367218,0.8,official_reference_rolling,20260926T200636Z-d04d607b9fe046cfb3b2d7561704e88e
ETH,0.9,KXETH15M-26SEP270730-30,1790508063.815414,0.907,no,536.1845860481262,0.8,official_reference_rolling,20260926T200636Z-d04d607b9fe046cfb3b2d7561704e88e
ETH,0.9,KXETH15M-26SEP270800-00,1790510119.0723753,0.918,yes,280.9276247024536,0.8,official_reference_rolling,20260926T200636Z-d04d607b9fe046cfb3b2d7561704e88e
ETH,0.9,KXETH15M-26SEP270815-15,1790510700.089909,0.934,yes,599.9100909233093,0.8,official_reference_rolling,20260926T200636Z-d04d607b9fe046cfb3b2d7561704e88e
ETH,0.9,KXETH15M-26SEP270830-30,1790511917.4171708,0.953,no,282.58282923698425,0.8,official_reference_rolling,20260926T200636Z-d04d607b9fe046cfb3b2d7561704e88e
ETH,0.9,KXETH15M-26SEP270845-45,1790512766.2656617,0.918,yes,333.7343382835388,0.8,official_reference_rolling,20260926T200636Z-d04d607b9fe046cfb3b2d7561704e88e
ETH,0.9,KXETH15M-26SEP270900-00,1790513592.8129034,0.915,no,407.18709659576416,0.8,official_reference_rolling,20260926T200636Z-d04d607b9fe046cfb3b2d7561704e88e
ETH,0.9,KXETH15M-26SEP270915-15,1790514371.0567374,0.952,no,528.9432625770569,0.8,official_reference_rolling,20260926T200636Z-d04d607b9fe046cfb3b2d7561704e88e
ETH,0.9,KXETH15M-26SEP270930-30,1790515330.6271415,0.958,yes,469.3728585243225,0.8,official_reference_rolling,20260926T200636Z-d04d607b9fe046cfb3b2d7561704e88e
ETH,0.9,KXETH15M-26SEP271000-00,1790517255.0861707,0.92,yes,344.91382932662964,0.8,official_reference_rolling,20260926T200636Z-d04d607b9fe046cfb3b2d7561704e88e
ETH,0.9,KXETH15M-26SEP271015-15,1790517902.0756874,0.91,no,597.9243125915527,0.8,official_reference_rolling,20260926T200636Z-d04d607b9fe046cfb3b2d7561704e88e
ETH,0.9,KXETH15M-26SEP271030-30,1790518810.04814,0.91,no,589.9518599510193,0.8,official_reference_rolling,20260926T200636Z-d04d607b9fe046cfb3b2d7561704e88e
ETH,0.9,KXETH15M-26SEP271100-00,1790521105.4130743,0.96,no,94.58692574501038,0.8,official_reference_rolling,20260926T200636Z-d04d607b9fe046cfb3b2d7561704e88e
ETH,0.9,KXETH15M-26SEP271130-30,1790522620.0457642,0.917,yes,379.95423579216003,0.8,official_reference_rolling,20260926T200636Z-d04d607b9fe046cfb3b2d7561704e88e
ETH,0.9,KXETH15M-26SEP271200-00,1790524283.0542567,0.87,yes,516.9457433223724,0.8,official_reference_rolling,20260926T200636Z-d04d607b9fe046cfb3b2d7561704e88e
ETH,0.9,KXETH15M-26SEP271245-45,1790526968.0577378,0.918,no,531.942262172699,0.8,official_reference_rolling,20260926T200636Z-d04d607b9fe046cfb3b2d7561704e88e
ETH,0.9,KXETH15M-26SEP271315-15,1790528811.1030488,0.901,yes,488.8969511985779,0.8,official_reference_rolling,20260926T200636Z-d04d607b9fe046cfb3b2d7561704e88e
ETH,0.9,KXETH15M-26SEP271345-45,1790530583.5291638,0.918,yes,516.4708361625671,0.8,official_reference_rolling,20260926T200636Z-d04d607b9fe046cfb3b2d7561704e88e
ETH,0.9,KXETH15M-26SEP271400-00,1790531400.0643303,0.918,yes,599.9356696605682,0.8,official_reference_rolling,20260926T200636Z-d04d607b9fe046cfb3b2d7561704e88e
ETH,0.9,KXETH15M-26SEP271415-15,1790532543.1101892,0.9,no,356.88981080055237,0.8,official_reference_rolling,20260926T200636Z-d04d607b9fe046cfb3b2d7561704e88e
ETH,0.9,KXETH15M-26SEP271430-30,1790533292.8150413,0.928,yes,507.18495869636536,0.8,official_reference_rolling,20260926T200636Z-d04d607b9fe046cfb3b2d7561704e88e
ETH,0.9,KXETH15M-26SEP271515-15,1790535900.0982053,0.937,no,599.9017946720123,0.8,official_reference_rolling,20260926T200636Z-d04d607b9fe046cfb3b2d7561704e88e
ETH,0.9,KXETH15M-26SEP271530-30,1790536803.646106,0.82,yes,596.353893995285,0.8,official_reference_rolling,20260926T200636Z-d04d607b9fe046cfb3b2d7561704e88e
ETH,0.9,KXETH15M-26SEP271545-45,1790538125.0304556,0.951,yes,174.96954441070557,0.8,official_reference_rolling,20260926T200636Z-d04d607b9fe046cfb3b2d7561704e88e
ETH,0.9,KXETH15M-26SEP271615-15,1790539500.467366,0.903,yes,599.5326340198517,0.8,official_reference_rolling,20260926T200636Z-d04d607b9fe046cfb3b2d7561704e88e
ETH,0.9,KXETH15M-26SEP271630-30,1790540483.478935,0.938,no,516.5210649967194,0.8,official_reference_rolling,20260926T200636Z-d04d607b9fe046cfb3b2d7561704e88e
ETH,0.9,KXETH15M-26SEP271645-45,1790541681.099027,0.936,yes,218.90097308158875,0.8,official_reference_rolling,20260926T200636Z-d04d607b9fe046cfb3b2d7561704e88e
ETH,0.9,KXETH15M-26SEP271700-00,1790542200.4718988,0.905,no,599.5281012058258,0.8,official_reference_rolling,20260926T200636Z-d04d607b9fe046cfb3b2d7561704e88e
ETH,0.9,KXETH15M-26SEP271715-15,1790543376.8809633,0.944,yes,323.1190366744995,0.8,official_reference_rolling,20260926T200636Z-d04d607b9fe046cfb3b2d7561704e88e
ETH,0.9,KXETH15M-26SEP271745-45,1790544959.071871,0.82,no,540.9281289577484,0.8,official_reference_rolling,20260926T200636Z-d04d607b9fe046cfb3b2d7561704e88e
ETH,0.9,KXETH15M-26SEP271815-15,1790546705.1122823,0.911,no,594.8877177238464,0.8,official_reference_rolling,20260926T200636Z-d04d607b9fe046cfb3b2d7561704e88e
ETH,0.9,KXETH15M-26SEP271830-30,1790547779.0609925,0.957,yes,420.93900752067566,0.8,official_reference_rolling,20260926T200636Z-d04d607b9fe046cfb3b2d7561704e88e
ETH,0.9,KXETH15M-26SEP271845-45,1790548587.370845,0.96,no,512.629154920578,0.8,official_reference_rolling,20260926T200636Z-d04d607b9fe046cfb3b2d7561704e88e
ETH,0.9,KXETH15M-26SEP271900-00,1790549635.61935,0.9,yes,364.38065004348755,0.8,official_reference_rolling,20260926T200636Z-d04d607b9fe046cfb3b2d7561704e88e
ETH,0.9,KXETH15M-26SEP271930-30,1790551384.4877987,0.956,yes,415.5122013092041,0.8,official_reference_rolling,20260926T200636Z-d04d607b9fe046cfb3b2d7561704e88e
ETH,0.9,KXETH15M-26SEP272000-00,1790553084.7863767,0.908,yes,515.2136232852936,0.8,official_reference_rolling,20260926T200636Z-d04d607b9fe046cfb3b2d7561704e88e
ETH,0.9,KXETH15M-26SEP272015-15,1790553918.0799456,0.81,yes,581.92005443573,0.8,reference_price_floor,20260928T000014Z-ad8c558f0e9c4ea3a763986fea0c3916
ETH,0.9,KXETH15M-26SEP272030-30,1790554800.6004183,0.934,yes,599.3995816707611,0.8,official_reference_rolling,20260928T000014Z-ad8c558f0e9c4ea3a763986fea0c3916
ETH,0.9,KXETH15M-26SEP272045-45,1790555700.3040528,0.958,no,599.6959471702576,0.8,official_reference_rolling,20260928T000014Z-ad8c558f0e9c4ea3a763986fea0c3916
ETH,0.9,KXETH15M-26SEP272100-00,1790556621.043826,0.959,yes,578.9561738967896,0.8,official_reference_rolling,20260928T000014Z-ad8c558f0e9c4ea3a763986fea0c3916
ETH,0.9,KXETH15M-26SEP272145-45,1790559541.0468786,0.953,no,358.9531214237213,0.8,official_reference_rolling,20260928T000014Z-ad8c558f0e9c4ea3a763986fea0c3916
ETH,0.9,KXETH15M-26SEP272200-00,1790560201.066725,0.89,no,598.9332749843597,0.8,official_reference_rolling,20260928T000014Z-ad8c558f0e9c4ea3a763986fea0c3916
ETH,0.9,KXETH15M-26SEP272230-30,1790562125.0939462,0.89,no,474.9060537815094,0.8,official_reference_rolling,20260928T000014Z-ad8c558f0e9c4ea3a763986fea0c3916
ETH,0.9,KXETH15M-26SEP272245-45,1790563148.6449726,0.931,no,351.3550274372101,0.8,official_reference_rolling,20260928T000014Z-ad8c558f0e9c4ea3a763986fea0c3916
ETH,0.9,KXETH15M-26SEP272315-15,1790564852.0656555,0.9,yes,447.9343445301056,0.8,official_reference_rolling,20260928T000014Z-ad8c558f0e9c4ea3a763986fea0c3916
ETH,0.9,KXETH15M-26SEP280030-30,1790569440.0881774,0.918,yes,359.91182255744934,0.8,official_reference_rolling,20260928T000014Z-ad8c558f0e9c4ea3a763986fea0c3916
ETH,0.9,KXETH15M-26SEP280045-45,1790570592.0849597,0.911,yes,107.9150402545929,0.8,official_reference_rolling,20260928T000014Z-ad8c558f0e9c4ea3a763986fea0c3916
ETH,0.9,KXETH15M-26SEP280115-15,1790572098.700015,0.939,no,401.2999849319458,0.8,official_reference_rolling,20260928T000014Z-ad8c558f0e9c4ea3a763986fea0c3916
ETH,0.9,KXETH15M-26SEP280145-45,1790573700.1579874,0.921,no,599.8420126438141,0.8,official_reference_rolling,20260928T000014Z-ad8c558f0e9c4ea3a763986fea0c3916
ETH,0.9,KXETH15M-26SEP280215-15,1790575833.5830202,0.946,yes,266.4169797897339,0.8,official_reference_rolling,20260928T000014Z-ad8c558f0e9c4ea3a763986fea0c3916
ETH,0.9,KXETH15M-26SEP280230-30,1790576453.0657928,0.89,no,546.934207201004,0.8,official_reference_rolling,20260928T000014Z-ad8c558f0e9c4ea3a763986fea0c3916
ETH,0.9,KXETH15M-26SEP280245-45,1790577670.8216958,0.958,yes,229.17830419540405,0.8,official_reference_rolling,20260928T000014Z-ad8c558f0e9c4ea3a763986fea0c3916
ETH,0.9,KXETH15M-26SEP280300-00,1790578503.4401853,0.903,no,296.5598146915436,0.8,official_reference_rolling,20260928T000014Z-ad8c558f0e9c4ea3a763986fea0c3916
ETH,0.9,KXETH15M-26SEP280315-15,1790579100.2212396,0.903,yes,599.778760433197,0.8,official_reference_rolling,20260928T000014Z-ad8c558f0e9c4ea3a763986fea0c3916
ETH,0.9,KXETH15M-26SEP280330-30,1790580309.0515354,0.91,no,290.9484646320343,0.8,official_reference_rolling,20260928T000014Z-ad8c558f0e9c4ea3a763986fea0c3916
ETH,0.9,KXETH15M-26SEP280400-00,1790582108.51292,0.915,yes,291.4870800971985,0.8,official_reference_rolling,20260928T000014Z-ad8c558f0e9c4ea3a763986fea0c3916
ETH,0.9,KXETH15M-26SEP280430-30,1790583875.0878413,0.95,no,324.9121587276459,0.8,official_reference_rolling,20260928T000014Z-ad8c558f0e9c4ea3a763986fea0c3916
ETH,0.9,KXETH15M-26SEP280445-45,1790584691.1030636,0.925,no,408.896936416626,0.8,official_reference_rolling,20260928T000014Z-ad8c558f0e9c4ea3a763986fea0c3916
ETH,0.9,KXETH15M-26SEP280500-00,1790585466.8340335,0.925,yes,533.1659665107727,0.8,official_reference_rolling,20260928T000014Z-ad8c558f0e9c4ea3a763986fea0c3916
ETH,0.9,KXETH15M-26SEP280515-15,1790586333.0555825,0.938,no,566.944417476654,0.8,official_reference_rolling,20260928T000014Z-ad8c558f0e9c4ea3a763986fea0c3916
ETH,0.9,KXETH15M-26SEP280545-45,1790588200.0923874,0.94,no,499.90761256217957,0.8,official_reference_rolling,20260928T000014Z-ad8c558f0e9c4ea3a763986fea0c3916
ETH,0.9,KXETH15M-26SEP280615-15,1790589905.501768,0.959,yes,594.4982318878174,0.8,official_reference_rolling,20260928T000014Z-ad8c558f0e9c4ea3a763986fea0c3916
ETH,0.9,KXETH15M-26SEP280630-30,1790591082.3178122,0.955,yes,317.68218779563904,0.8,official_reference_rolling,20260928T000014Z-ad8c558f0e9c4ea3a763986fea0c3916
ETH,0.9,KXETH15M-26SEP280645-45,1790591827.0450644,0.93,yes,472.9549355506897,0.8,official_reference_rolling,20260928T000014Z-ad8c558f0e9c4ea3a763986fea0c3916
ETH,0.9,KXETH15M-26SEP280715-15,1790593596.1184824,0.9,yes,503.8815176486969,0.8,official_reference_rolling,20260928T000014Z-ad8c558f0e9c4ea3a763986fea0c3916
ETH,0.9,KXETH15M-26SEP280745-45,1790595568.0465043,0.9,yes,331.9534957408905,0.8,official_reference_rolling,20260928T000014Z-ad8c558f0e9c4ea3a763986fea0c3916
ETH,0.9,KXETH15M-26SEP280800-00,1790596440.0693436,0.937,no,359.93065643310547,0.8,official_reference_rolling,20260928T000014Z-ad8c558f0e9c4ea3a763986fea0c3916
ETH,0.9,KXETH15M-26SEP280815-15,1790597233.127796,0.959,yes,466.8722040653229,0.8,official_reference_rolling,20260928T000014Z-ad8c558f0e9c4ea3a763986fea0c3916
ETH,0.9,KXETH15M-26SEP280845-45,1790599237.0829186,0.956,no,262.9170813560486,0.8,official_reference_rolling,20260928T000014Z-ad8c558f0e9c4ea3a763986fea0c3916
ETH,0.9,KXETH15M-26SEP280900-00,1790599800.1111622,0.91,yes,599.888837814331,0.8,official_reference_rolling,20260928T000014Z-ad8c558f0e9c4ea3a763986fea0c3916
ETH,0.9,KXETH15M-26SEP280930-30,1790601963.1941385,0.91,yes,236.8058614730835,0.8,official_reference_rolling,20260928T000014Z-ad8c558f0e9c4ea3a763986fea0c3916
ETH,0.9,KXETH15M-26SEP281230-30,1790612556.577021,0.959,yes,443.4229791164398,0.8,official_reference_rolling,20260928T000014Z-ad8c558f0e9c4ea3a763986fea0c3916
ETH,0.9,KXETH15M-26SEP281300-00,1790614576.1290495,0.947,yes,223.87095046043396,0.8,official_reference_rolling,20260928T000014Z-ad8c558f0e9c4ea3a763986fea0c3916
ETH,0.9,KXETH15M-26SEP282100-00,1790643019.0547123,0.946,no,580.9452877044678,0.8,official_reference_rolling,20260928T200258Z-f3abf44539bb4cd9bd822273edfdb45b
ETH,0.9,KXETH15M-26SEP290330-30,1790666711.8570852,0.956,yes,288.1429147720337,0.8,official_reference_rolling,20260928T200258Z-f3abf44539bb4cd9bd822273edfdb45b
ETH,0.85,KXETH15M-26SEP262315-15,1790478333.080509,0.89,yes,566.9194910526276,0.8,official_reference_rolling,20260926T200636Z-d04d607b9fe046cfb3b2d7561704e88e
ETH,0.85,KXETH15M-26SEP262330-30,1790479246.0879164,0.9,no,553.9120836257935,0.8,official_reference_rolling,20260926T200636Z-d04d607b9fe046cfb3b2d7561704e88e
ETH,0.85,KXETH15M-26SEP262345-45,1790480100.0704243,0.89,yes,599.9295756816864,0.8,official_reference_rolling,20260926T200636Z-d04d607b9fe046cfb3b2d7561704e88e
ETH,0.85,KXETH15M-26SEP270015-15,1790482293.0959885,0.933,yes,206.90401148796082,0.8,official_reference_rolling,20260926T200636Z-d04d607b9fe046cfb3b2d7561704e88e
ETH,0.85,KXETH15M-26SEP270030-30,1790483100.0522919,0.931,no,299.9477081298828,0.8,official_reference_rolling,20260926T200636Z-d04d607b9fe046cfb3b2d7561704e88e
ETH,0.85,KXETH15M-26SEP270045-45,1790483701.0587435,0.909,no,598.9412565231323,0.8,official_reference_rolling,20260926T200636Z-d04d607b9fe046cfb3b2d7561704e88e
ETH,0.85,KXETH15M-26SEP270100-00,1790485078.0059917,0.956,yes,121.9940083026886,0.8,official_reference_rolling,20260926T200636Z-d04d607b9fe046cfb3b2d7561704e88e
ETH,0.85,KXETH15M-26SEP270115-15,1790485501.051781,0.82,yes,598.9482190608978,0.8,official_reference_rolling,20260926T200636Z-d04d607b9fe046cfb3b2d7561704e88e
ETH,0.85,KXETH15M-26SEP270130-30,1790486663.0657077,0.907,yes,336.93429231643677,0.8,official_reference_rolling,20260926T200636Z-d04d607b9fe046cfb3b2d7561704e88e
ETH,0.85,KXETH15M-26SEP270145-45,1790487300.0463622,0.937,yes,599.9536378383636,0.8,official_reference_rolling,20260926T200636Z-d04d607b9fe046cfb3b2d7561704e88e
ETH,0.85,KXETH15M-26SEP270215-15,1790489110.094755,0.8,yes,589.9052450656891,0.8,official_reference_rolling,20260926T200636Z-d04d607b9fe046cfb3b2d7561704e88e
ETH,0.85,KXETH15M-26SEP270245-45,1790491142.3503861,0.913,no,357.6496138572693,0.8,official_reference_rolling,20260926T200636Z-d04d607b9fe046cfb3b2d7561704e88e
ETH,0.85,KXETH15M-26SEP270300-00,1790492221.118224,0.909,no,178.88177609443665,0.8,official_reference_rolling,20260926T200636Z-d04d607b9fe046cfb3b2d7561704e88e
ETH,0.85,KXETH15M-26SEP270315-15,1790493137.0478613,0.925,no,162.95213866233826,0.8,official_reference_rolling,20260926T200636Z-d04d607b9fe046cfb3b2d7561704e88e
ETH,0.85,KXETH15M-26SEP270330-30,1790493964.103193,0.9,yes,235.89680695533752,0.8,official_reference_rolling,20260926T200636Z-d04d607b9fe046cfb3b2d7561704e88e
ETH,0.85,KXETH15M-26SEP270345-45,1790494500.0873065,0.89,yes,599.9126935005188,0.8,official_reference_rolling,20260926T200636Z-d04d607b9fe046cfb3b2d7561704e88e
ETH,0.85,KXETH15M-26SEP270400-00,1790495409.0755415,0.89,yes,590.9244585037231,0.8,official_reference_rolling,20260926T200636Z-d04d607b9fe046cfb3b2d7561704e88e
ETH,0.85,KXETH15M-26SEP270500-00,1790499414.9343019,0.8,no,185.06569814682007,0.8,official_reference_rolling,20260926T200636Z-d04d607b9fe046cfb3b2d7561704e88e
ETH,0.85,KXETH15M-26SEP270515-15,1790499963.2354274,0.902,no,536.7645726203918,0.8,official_reference_rolling,20260926T200636Z-d04d607b9fe046cfb3b2d7561704e88e
ETH,0.85,KXETH15M-26SEP270530-30,1790501305.1029127,0.96,yes,94.89708733558655,0.8,official_reference_rolling,20260926T200636Z-d04d607b9fe046cfb3b2d7561704e88e
ETH,0.85,KXETH15M-26SEP270545-45,1790501986.0874326,0.96,yes,313.91256737709045,0.8,official_reference_rolling,20260926T200636Z-d04d607b9fe046cfb3b2d7561704e88e
ETH,0.85,KXETH15M-26SEP270600-00,1790502600.460446,0.901,yes,599.5395541191101,0.8,official_reference_rolling,20260926T200636Z-d04d607b9fe046cfb3b2d7561704e88e
ETH,0.85,KXETH15M-26SEP270615-15,1790503911.0669007,0.933,yes,188.93309926986694,0.8,official_reference_rolling,20260926T200636Z-d04d607b9fe046cfb3b2d7561704e88e
ETH,0.85,KXETH15M-26SEP270630-30,1790504461.0528004,0.916,no,538.9471995830536,0.8,official_reference_rolling,20260926T200636Z-d04d607b9fe046cfb3b2d7561704e88e
ETH,0.85,KXETH15M-26SEP270645-45,1790505380.0774071,0.86,no,519.9225928783417,0.8,official_reference_rolling,20260926T200636Z-d04d607b9fe046cfb3b2d7561704e88e
ETH,0.85,KXETH15M-26SEP270715-15,1790507427.0829806,0.916,yes,272.917019367218,0.8,official_reference_rolling,20260926T200636Z-d04d607b9fe046cfb3b2d7561704e88e
ETH,0.85,KXETH15M-26SEP270730-30,1790508060.0649738,0.901,no,539.9350261688232,0.8,official_reference_rolling,20260926T200636Z-d04d607b9fe046cfb3b2d7561704e88e
ETH,0.85,KXETH15M-26SEP270745-45,1790509192.0780535,0.932,no,307.92194652557373,0.8,official_reference_rolling,20260926T200636Z-d04d607b9fe046cfb3b2d7561704e88e
ETH,0.85,KXETH15M-26SEP270800-00,1790510115.448621,0.902,yes,284.5513789653778,0.8,official_reference_rolling,20260926T200636Z-d04d607b9fe046cfb3b2d7561704e88e
ETH,0.85,KXETH15M-26SEP270815-15,1790510700.089909,0.934,yes,599.9100909233093,0.8,official_reference_rolling,20260926T200636Z-d04d607b9fe046cfb3b2d7561704e88e
ETH,0.85,KXETH15M-26SEP270830-30,1790511917.4171708,0.953,no,282.58282923698425,0.8,official_reference_rolling,20260926T200636Z-d04d607b9fe046cfb3b2d7561704e88e
ETH,0.85,KXETH15M-26SEP270845-45,1790512601.1619925,0.928,yes,498.83800745010376,0.8,official_reference_rolling,20260926T200636Z-d04d607b9fe046cfb3b2d7561704e88e
ETH,0.85,KXETH15M-26SEP270900-00,1790513580.4337528,0.901,no,419.56624722480774,0.8,official_reference_rolling,20260926T200636Z-d04d607b9fe046cfb3b2d7561704e88e
ETH,0.85,KXETH15M-26SEP270915-15,1790514305.078374,0.93,no,594.9216260910034,0.8,official_reference_rolling,20260926T200636Z-d04d607b9fe046cfb3b2d7561704e88e
ETH,0.85,KXETH15M-26SEP270930-30,1790515312.0416687,0.956,yes,487.95833134651184,0.8,official_reference_rolling,20260926T200636Z-d04d607b9fe046cfb3b2d7561704e88e
ETH,0.85,KXETH15M-26SEP271000-00,1790517244.0566819,0.906,yes,355.9433181285858,0.8,official_reference_rolling,20260926T200636Z-d04d607b9fe046cfb3b2d7561704e88e
ETH,0.85,KXETH15M-26SEP271015-15,1790517900.0630696,0.911,no,599.9369304180145,0.8,official_reference_rolling,20260926T200636Z-d04d607b9fe046cfb3b2d7561704e88e
ETH,0.85,KXETH15M-26SEP271030-30,1790518810.04814,0.91,no,589.9518599510193,0.8,official_reference_rolling,20260926T200636Z-d04d607b9fe046cfb3b2d7561704e88e
ETH,0.85,KXETH15M-26SEP271100-00,1790521105.4130743,0.96,no,94.58692574501038,0.8,official_reference_rolling,20260926T200636Z-d04d607b9fe046cfb3b2d7561704e88e
ETH,0.85,KXETH15M-26SEP271130-30,1790522616.0901878,0.9,yes,383.90981221199036,0.8,official_reference_rolling,20260926T200636Z-d04d607b9fe046cfb3b2d7561704e88e
ETH,0.85,KXETH15M-26SEP271200-00,1790524283.0542567,0.87,yes,516.9457433223724,0.8,official_reference_rolling,20260926T200636Z-d04d607b9fe046cfb3b2d7561704e88e
ETH,0.85,KXETH15M-26SEP271245-45,1790526957.0661032,0.89,no,542.933896780014,0.8,official_reference_rolling,20260926T200636Z-d04d607b9fe046cfb3b2d7561704e88e
ETH,0.85,KXETH15M-26SEP271315-15,1790528786.0989769,0.87,yes,513.9010231494904,0.8,official_reference_rolling,20260926T200636Z-d04d607b9fe046cfb3b2d7561704e88e
ETH,0.85,KXETH15M-26SEP271345-45,1790530568.070651,0.88,yes,531.9293489456177,0.8,official_reference_rolling,20260926T200636Z-d04d607b9fe046cfb3b2d7561704e88e
ETH,0.85,KXETH15M-26SEP271400-00,1790531400.0643303,0.918,yes,599.9356696605682,0.8,official_reference_rolling,20260926T200636Z-d04d607b9fe046cfb3b2d7561704e88e
ETH,0.85,KXETH15M-26SEP271415-15,1790532543.1101892,0.9,no,356.88981080055237,0.8,official_reference_rolling,20260926T200636Z-d04d607b9fe046cfb3b2d7561704e88e
ETH,0.85,KXETH15M-26SEP271430-30,1790533285.9625072,0.909,yes,514.0374927520752,0.8,official_reference_rolling,20260926T200636Z-d04d607b9fe046cfb3b2d7561704e88e
ETH,0.85,KXETH15M-26SEP271515-15,1790535900.0982053,0.937,no,599.9017946720123,0.8,official_reference_rolling,20260926T200636Z-d04d607b9fe046cfb3b2d7561704e88e
ETH,0.85,KXETH15M-26SEP271530-30,1790536803.646106,0.82,yes,596.353893995285,0.8,official_reference_rolling,20260926T200636Z-d04d607b9fe046cfb3b2d7561704e88e
ETH,0.85,KXETH15M-26SEP271545-45,1790538125.0304556,0.951,yes,174.96954441070557,0.8,official_reference_rolling,20260926T200636Z-d04d607b9fe046cfb3b2d7561704e88e
ETH,0.85,KXETH15M-26SEP271600-00,1790539074.1197352,0.934,no,125.88026475906372,0.8,official_reference_rolling,20260926T200636Z-d04d607b9fe046cfb3b2d7561704e88e
ETH,0.85,KXETH15M-26SEP271615-15,1790539500.467366,0.903,yes,599.5326340198517,0.8,official_reference_rolling,20260926T200636Z-d04d607b9fe046cfb3b2d7561704e88e
ETH,0.85,KXETH15M-26SEP271630-30,1790540455.0644732,0.89,no,544.9355268478394,0.8,official_reference_rolling,20260926T200636Z-d04d607b9fe046cfb3b2d7561704e88e
ETH,0.85,KXETH15M-26SEP271645-45,1790541663.5695193,0.939,yes,236.43048071861267,0.8,official_reference_rolling,20260926T200636Z-d04d607b9fe046cfb3b2d7561704e88e
ETH,0.85,KXETH15M-26SEP271700-00,1790542200.4718988,0.905,no,599.5281012058258,0.8,official_reference_rolling,20260926T200636Z-d04d607b9fe046cfb3b2d7561704e88e
ETH,0.85,KXETH15M-26SEP271715-15,1790543289.058621,0.9,yes,410.941379070282,0.8,official_reference_rolling,20260926T200636Z-d04d607b9fe046cfb3b2d7561704e88e
ETH,0.85,KXETH15M-26SEP271730-30,1790544387.099347,0.951,no,212.900652885437,0.8,official_reference_rolling,20260926T200636Z-d04d607b9fe046cfb3b2d7561704e88e
ETH,0.85,KXETH15M-26SEP271745-45,1790544959.071871,0.82,no,540.9281289577484,0.8,official_reference_rolling,20260926T200636Z-d04d607b9fe046cfb3b2d7561704e88e
ETH,0.85,KXETH15M-26SEP271800-00,1790546009.0892274,0.93,yes,390.910772562027,0.8,official_reference_rolling,20260926T200636Z-d04d607b9fe046cfb3b2d7561704e88e
ETH,0.85,KXETH15M-26SEP271815-15,1790546700.5188642,0.88,no,599.4811358451843,0.8,official_reference_rolling,20260926T200636Z-d04d607b9fe046cfb3b2d7561704e88e
ETH,0.85,KXETH15M-26SEP271830-30,1790547750.278733,0.946,yes,449.7212669849396,0.8,official_reference_rolling,20260926T200636Z-d04d607b9fe046cfb3b2d7561704e88e
ETH,0.85,KXETH15M-26SEP271845-45,1790548587.370845,0.96,no,512.629154920578,0.8,official_reference_rolling,20260926T200636Z-d04d607b9fe046cfb3b2d7561704e88e
ETH,0.85,KXETH15M-26SEP271900-00,1790549611.0871685,0.88,yes,388.9128315448761,0.8,official_reference_rolling,20260926T200636Z-d04d607b9fe046cfb3b2d7561704e88e
ETH,0.85,KXETH15M-26SEP271930-30,1790551327.0887969,0.924,yes,472.91120314598083,0.8,official_reference_rolling,20260926T200636Z-d04d607b9fe046cfb3b2d7561704e88e
ETH,0.85,KXETH15M-26SEP272000-00,1790553055.1238372,0.89,yes,544.8761627674103,0.8,official_reference_rolling,20260926T200636Z-d04d607b9fe046cfb3b2d7561704e88e
ETH,0.85,KXETH15M-26SEP272015-15,1790553918.0799456,0.81,yes,581.92005443573,0.8,reference_price_floor,20260928T000014Z-ad8c558f0e9c4ea3a763986fea0c3916
ETH,0.85,KXETH15M-26SEP272030-30,1790554800.6004183,0.934,yes,599.3995816707611,0.8,official_reference_rolling,20260928T000014Z-ad8c558f0e9c4ea3a763986fea0c3916
ETH,0.85,KXETH15M-26SEP272045-45,1790555700.3040528,0.958,no,599.6959471702576,0.8,official_reference_rolling,20260928T000014Z-ad8c558f0e9c4ea3a763986fea0c3916
ETH,0.85,KXETH15M-26SEP272100-00,1790556621.043826,0.959,yes,578.9561738967896,0.8,official_reference_rolling,20260928T000014Z-ad8c558f0e9c4ea3a763986fea0c3916
ETH,0.85,KXETH15M-26SEP272145-45,1790559541.0468786,0.953,no,358.9531214237213,0.8,official_reference_rolling,20260928T000014Z-ad8c558f0e9c4ea3a763986fea0c3916
ETH,0.85,KXETH15M-26SEP272200-00,1790560201.066725,0.89,no,598.9332749843597,0.8,official_reference_rolling,20260928T000014Z-ad8c558f0e9c4ea3a763986fea0c3916
ETH,0.85,KXETH15M-26SEP272230-30,1790562125.0939462,0.89,no,474.9060537815094,0.8,official_reference_rolling,20260928T000014Z-ad8c558f0e9c4ea3a763986fea0c3916
ETH,0.85,KXETH15M-26SEP272245-45,1790563148.6449726,0.931,no,351.3550274372101,0.8,official_reference_rolling,20260928T000014Z-ad8c558f0e9c4ea3a763986fea0c3916
ETH,0.85,KXETH15M-26SEP272315-15,1790564715.061802,0.85,yes,584.9381980895996,0.8,official_reference_rolling,20260928T000014Z-ad8c558f0e9c4ea3a763986fea0c3916
ETH,0.85,KXETH15M-26SEP272330-30,1790565920.0753667,0.959,no,279.9246332645416,0.8,official_reference_rolling,20260928T000014Z-ad8c558f0e9c4ea3a763986fea0c3916
ETH,0.85,KXETH15M-26SEP280015-15,1790568302.0623941,0.87,no,597.9376058578491,0.8,official_reference_rolling,20260928T000014Z-ad8c558f0e9c4ea3a763986fea0c3916
ETH,0.85,KXETH15M-26SEP280030-30,1790569440.0881774,0.918,yes,359.91182255744934,0.8,official_reference_rolling,20260928T000014Z-ad8c558f0e9c4ea3a763986fea0c3916
ETH,0.85,KXETH15M-26SEP280045-45,1790570477.115269,0.89,no,222.88473105430603,0.8,official_reference_rolling,20260928T000014Z-ad8c558f0e9c4ea3a763986fea0c3916
ETH,0.85,KXETH15M-26SEP280115-15,1790572045.2189736,0.916,no,454.7810263633728,0.8,official_reference_rolling,20260928T000014Z-ad8c558f0e9c4ea3a763986fea0c3916
ETH,0.85,KXETH15M-26SEP280145-45,1790573700.1579874,0.921,no,599.8420126438141,0.8,official_reference_rolling,20260928T000014Z-ad8c558f0e9c4ea3a763986fea0c3916
ETH,0.85,KXETH15M-26SEP280215-15,1790575801.1196733,0.917,yes,298.8803267478943,0.8,official_reference_rolling,20260928T000014Z-ad8c558f0e9c4ea3a763986fea0c3916
ETH,0.85,KXETH15M-26SEP280230-30,1790576431.1227272,0.903,no,568.8772728443146,0.8,official_reference_rolling,20260928T000014Z-ad8c558f0e9c4ea3a763986fea0c3916
ETH,0.85,KXETH15M-26SEP280245-45,1790577665.9719627,0.925,yes,234.0280373096466,0.8,official_reference_rolling,20260928T000014Z-ad8c558f0e9c4ea3a763986fea0c3916
ETH,0.85,KXETH15M-26SEP280300-00,1790578497.0644917,0.938,no,302.9355082511902,0.8,official_reference_rolling,20260928T000014Z-ad8c558f0e9c4ea3a763986fea0c3916
ETH,0.85,KXETH15M-26SEP280315-15,1790579100.2212396,0.903,yes,599.778760433197,0.8,official_reference_rolling,20260928T000014Z-ad8c558f0e9c4ea3a763986fea0c3916
ETH,0.85,KXETH15M-26SEP280330-30,1790580307.1059227,0.908,no,292.8940773010254,0.8,official_reference_rolling,20260928T000014Z-ad8c558f0e9c4ea3a763986fea0c3916
ETH,0.85,KXETH15M-26SEP280400-00,1790582107.1088603,0.91,yes,292.8911397457123,0.8,official_reference_rolling,20260928T000014Z-ad8c558f0e9c4ea3a763986fea0c3916
ETH,0.85,KXETH15M-26SEP280430-30,1790583874.0732195,0.94,no,325.926780462265,0.8,official_reference_rolling,20260928T000014Z-ad8c558f0e9c4ea3a763986fea0c3916
ETH,0.85,KXETH15M-26SEP280445-45,1790584688.091805,0.908,no,411.9081950187683,0.8,official_reference_rolling,20260928T000014Z-ad8c558f0e9c4ea3a763986fea0c3916
ETH,0.85,KXETH15M-26SEP280500-00,1790585465.097449,0.911,yes,534.9025509357452,0.8,official_reference_rolling,20260928T000014Z-ad8c558f0e9c4ea3a763986fea0c3916
ETH,0.85,KXETH15M-26SEP280515-15,1790586316.28328,0.929,no,583.7167201042175,0.8,official_reference_rolling,20260928T000014Z-ad8c558f0e9c4ea3a763986fea0c3916
ETH,0.85,KXETH15M-26SEP280545-45,1790588196.7685742,0.929,no,503.2314257621765,0.8,official_reference_rolling,20260928T000014Z-ad8c558f0e9c4ea3a763986fea0c3916
ETH,0.85,KXETH15M-26SEP280615-15,1790589905.501768,0.959,yes,594.4982318878174,0.8,official_reference_rolling,20260928T000014Z-ad8c558f0e9c4ea3a763986fea0c3916
ETH,0.85,KXETH15M-26SEP280630-30,1790591082.3178122,0.955,yes,317.68218779563904,0.8,official_reference_rolling,20260928T000014Z-ad8c558f0e9c4ea3a763986fea0c3916
ETH,0.85,KXETH15M-26SEP280645-45,1790591827.0450644,0.93,yes,472.9549355506897,0.8,official_reference_rolling,20260928T000014Z-ad8c558f0e9c4ea3a763986fea0c3916
ETH,0.85,KXETH15M-26SEP280715-15,1790593596.1184824,0.9,yes,503.8815176486969,0.8,official_reference_rolling,20260928T000014Z-ad8c558f0e9c4ea3a763986fea0c3916
ETH,0.85,KXETH15M-26SEP280730-30,1790594626.1003113,0.918,yes,373.8996887207031,0.8,official_reference_rolling,20260928T000014Z-ad8c558f0e9c4ea3a763986fea0c3916
ETH,0.85,KXETH15M-26SEP280745-45,1790595568.0465043,0.9,yes,331.9534957408905,0.8,official_reference_rolling,20260928T000014Z-ad8c558f0e9c4ea3a763986fea0c3916
ETH,0.85,KXETH15M-26SEP280800-00,1790596440.0693436,0.937,no,359.93065643310547,0.8,official_reference_rolling,20260928T000014Z-ad8c558f0e9c4ea3a763986fea0c3916
ETH,0.85,KXETH15M-26SEP280815-15,1790597233.127796,0.959,yes,466.8722040653229,0.8,official_reference_rolling,20260928T000014Z-ad8c558f0e9c4ea3a763986fea0c3916
ETH,0.85,KXETH15M-26SEP280845-45,1790599237.0829186,0.956,no,262.9170813560486,0.8,official_reference_rolling,20260928T000014Z-ad8c558f0e9c4ea3a763986fea0c3916
ETH,0.85,KXETH15M-26SEP280900-00,1790599800.1111622,0.91,yes,599.888837814331,0.8,official_reference_rolling,20260928T000014Z-ad8c558f0e9c4ea3a763986fea0c3916
ETH,0.85,KXETH15M-26SEP280930-30,1790601963.1941385,0.91,yes,236.8058614730835,0.8,official_reference_rolling,20260928T000014Z-ad8c558f0e9c4ea3a763986fea0c3916
ETH,0.85,KXETH15M-26SEP281230-30,1790612556.577021,0.959,yes,443.4229791164398,0.8,official_reference_rolling,20260928T000014Z-ad8c558f0e9c4ea3a763986fea0c3916
ETH,0.85,KXETH15M-26SEP281300-00,1790614575.1118796,0.93,yes,224.88812041282654,0.8,official_reference_rolling,20260928T000014Z-ad8c558f0e9c4ea3a763986fea0c3916
ETH,0.85,KXETH15M-26SEP282030-30,1790641252.0637972,0.925,no,547.9362027645111,0.8,official_reference_rolling,20260928T200258Z-f3abf44539bb4cd9bd822273edfdb45b
ETH,0.85,KXETH15M-26SEP282100-00,1790643019.0547123,0.946,no,580.9452877044678,0.8,official_reference_rolling,20260928T200258Z-f3abf44539bb4cd9bd822273edfdb45b
ETH,0.85,KXETH15M-26SEP290330-30,1790666710.0928268,0.958,yes,289.9071731567383,0.8,official_reference_rolling,20260928T200258Z-f3abf44539bb4cd9bd822273edfdb45b
ETH,0.85,KXETH15M-26SEP290630-30,1790677421.068972,0.933,no,378.9310278892517,0.8,official_reference_rolling,20260928T200258Z-f3abf44539bb4cd9bd822273edfdb45b
ETH,0.85,KXETH15M-26SEP290715-15,1790680280.1043856,0.952,yes,219.89561438560486,0.8,official_reference_rolling,20260928T200258Z-f3abf44539bb4cd9bd822273edfdb45b
ETH,0.85,KXETH15M-26SEP291445-45,1790707065.081401,0.949,yes,434.91859889030457,0.8,official_reference_rolling,20260928T200258Z-f3abf44539bb4cd9bd822273edfdb45b
ETH,0.8,KXETH15M-26SEP262315-15,1790478333.080509,0.89,yes,566.9194910526276,0.8,official_reference_rolling,20260926T200636Z-d04d607b9fe046cfb3b2d7561704e88e
ETH,0.8,KXETH15M-26SEP262330-30,1790479201.05631,0.81,no,598.9436900615692,0.8,official_reference_rolling,20260926T200636Z-d04d607b9fe046cfb3b2d7561704e88e
ETH,0.8,KXETH15M-26SEP262345-45,1790480100.0704243,0.89,yes,599.9295756816864,0.8,official_reference_rolling,20260926T200636Z-d04d607b9fe046cfb3b2d7561704e88e
ETH,0.8,KXETH15M-26SEP270015-15,1790482293.0959885,0.933,yes,206.90401148796082,0.8,official_reference_rolling,20260926T200636Z-d04d607b9fe046cfb3b2d7561704e88e
ETH,0.8,KXETH15M-26SEP270030-30,1790483100.0522919,0.931,no,299.9477081298828,0.8,official_reference_rolling,20260926T200636Z-d04d607b9fe046cfb3b2d7561704e88e
ETH,0.8,KXETH15M-26SEP270045-45,1790483701.0587435,0.909,no,598.9412565231323,0.8,official_reference_rolling,20260926T200636Z-d04d607b9fe046cfb3b2d7561704e88e
ETH,0.8,KXETH15M-26SEP270100-00,1790485073.0544715,0.954,yes,126.94552850723267,0.8,official_reference_rolling,20260926T200636Z-d04d607b9fe046cfb3b2d7561704e88e
ETH,0.8,KXETH15M-26SEP270115-15,1790485501.051781,0.82,yes,598.9482190608978,0.8,official_reference_rolling,20260926T200636Z-d04d607b9fe046cfb3b2d7561704e88e
ETH,0.8,KXETH15M-26SEP270130-30,1790486607.075662,0.87,yes,392.9243381023407,0.8,official_reference_rolling,20260926T200636Z-d04d607b9fe046cfb3b2d7561704e88e
ETH,0.8,KXETH15M-26SEP270145-45,1790487300.0463622,0.937,yes,599.9536378383636,0.8,official_reference_rolling,20260926T200636Z-d04d607b9fe046cfb3b2d7561704e88e
ETH,0.8,KXETH15M-26SEP270215-15,1790489110.094755,0.8,yes,589.9052450656891,0.8,official_reference_rolling,20260926T200636Z-d04d607b9fe046cfb3b2d7561704e88e
ETH,0.8,KXETH15M-26SEP270245-45,1790491141.100262,0.9,no,358.899738073349,0.8,official_reference_rolling,20260926T200636Z-d04d607b9fe046cfb3b2d7561704e88e
ETH,0.8,KXETH15M-26SEP270300-00,1790492220.0919368,0.88,no,179.90806317329407,0.8,official_reference_rolling,20260926T200636Z-d04d607b9fe046cfb3b2d7561704e88e
ETH,0.8,KXETH15M-26SEP270315-15,1790493137.0478613,0.925,no,162.95213866233826,0.8,official_reference_rolling,20260926T200636Z-d04d607b9fe046cfb3b2d7561704e88e
ETH,0.8,KXETH15M-26SEP270330-30,1790493964.103193,0.9,yes,235.89680695533752,0.8,official_reference_rolling,20260926T200636Z-d04d607b9fe046cfb3b2d7561704e88e
ETH,0.8,KXETH15M-26SEP270345-45,1790494500.0873065,0.89,yes,599.9126935005188,0.8,official_reference_rolling,20260926T200636Z-d04d607b9fe046cfb3b2d7561704e88e
ETH,0.8,KXETH15M-26SEP270400-00,1790495409.0755415,0.89,yes,590.9244585037231,0.8,official_reference_rolling,20260926T200636Z-d04d607b9fe046cfb3b2d7561704e88e
ETH,0.8,KXETH15M-26SEP270500-00,1790499414.9343019,0.8,no,185.06569814682007,0.8,official_reference_rolling,20260926T200636Z-d04d607b9fe046cfb3b2d7561704e88e
ETH,0.8,KXETH15M-26SEP270515-15,1790499961.0666206,0.87,no,538.9333794116974,0.8,official_reference_rolling,20260926T200636Z-d04d607b9fe046cfb3b2d7561704e88e
ETH,0.8,KXETH15M-26SEP270530-30,1790501183.077122,0.934,yes,216.92287802696228,0.8,official_reference_rolling,20260926T200636Z-d04d607b9fe046cfb3b2d7561704e88e
ETH,0.8,KXETH15M-26SEP270545-45,1790501986.0874326,0.96,yes,313.91256737709045,0.8,official_reference_rolling,20260926T200636Z-d04d607b9fe046cfb3b2d7561704e88e
ETH,0.8,KXETH15M-26SEP270600-00,1790502600.460446,0.901,yes,599.5395541191101,0.8,official_reference_rolling,20260926T200636Z-d04d607b9fe046cfb3b2d7561704e88e
ETH,0.8,KXETH15M-26SEP270615-15,1790503901.0448735,0.937,yes,198.95512652397156,0.8,official_reference_rolling,20260926T200636Z-d04d607b9fe046cfb3b2d7561704e88e
ETH,0.8,KXETH15M-26SEP270630-30,1790504460.0460236,0.9,no,539.953976392746,0.8,official_reference_rolling,20260926T200636Z-d04d607b9fe046cfb3b2d7561704e88e
ETH,0.8,KXETH15M-26SEP270645-45,1790505371.0685225,0.86,no,528.9314775466919,0.8,official_reference_rolling,20260926T200636Z-d04d607b9fe046cfb3b2d7561704e88e
ETH,0.8,KXETH15M-26SEP270715-15,1790507425.0745137,0.9,yes,274.92548632621765,0.8,official_reference_rolling,20260926T200636Z-d04d607b9fe046cfb3b2d7561704e88e
ETH,0.8,KXETH15M-26SEP270730-30,1790508060.0649738,0.901,no,539.9350261688232,0.8,official_reference_rolling,20260926T200636Z-d04d607b9fe046cfb3b2d7561704e88e
ETH,0.8,KXETH15M-26SEP270745-45,1790509141.1003554,0.908,no,358.899644613266,0.8,official_reference_rolling,20260926T200636Z-d04d607b9fe046cfb3b2d7561704e88e
ETH,0.8,KXETH15M-26SEP270800-00,1790510114.0769749,0.901,yes,285.9230251312256,0.8,official_reference_rolling,20260926T200636Z-d04d607b9fe046cfb3b2d7561704e88e
ETH,0.8,KXETH15M-26SEP270815-15,1790510700.089909,0.934,yes,599.9100909233093,0.8,official_reference_rolling,20260926T200636Z-d04d607b9fe046cfb3b2d7561704e88e
ETH,0.8,KXETH15M-26SEP270830-30,1790511910.0671954,0.921,no,289.9328045845032,0.8,official_reference_rolling,20260926T200636Z-d04d607b9fe046cfb3b2d7561704e88e
ETH,0.8,KXETH15M-26SEP270845-45,1790512600.0721717,0.915,yes,499.92782831192017,0.8,official_reference_rolling,20260926T200636Z-d04d607b9fe046cfb3b2d7561704e88e
ETH,0.8,KXETH15M-26SEP270900-00,1790513579.0708938,0.89,no,420.92910623550415,0.8,official_reference_rolling,20260926T200636Z-d04d607b9fe046cfb3b2d7561704e88e
ETH,0.8,KXETH15M-26SEP270915-15,1790514305.078374,0.93,no,594.9216260910034,0.8,official_reference_rolling,20260926T200636Z-d04d607b9fe046cfb3b2d7561704e88e
ETH,0.8,KXETH15M-26SEP270930-30,1790515312.0416687,0.956,yes,487.95833134651184,0.8,official_reference_rolling,20260926T200636Z-d04d607b9fe046cfb3b2d7561704e88e
ETH,0.8,KXETH15M-26SEP271000-00,1790517193.2007425,0.89,yes,406.79925751686096,0.8,official_reference_rolling,20260926T200636Z-d04d607b9fe046cfb3b2d7561704e88e
ETH,0.8,KXETH15M-26SEP271015-15,1790517900.0630696,0.911,no,599.9369304180145,0.8,official_reference_rolling,20260926T200636Z-d04d607b9fe046cfb3b2d7561704e88e
ETH,0.8,KXETH15M-26SEP271030-30,1790518810.04814,0.91,no,589.9518599510193,0.8,official_reference_rolling,20260926T200636Z-d04d607b9fe046cfb3b2d7561704e88e
ETH,0.8,KXETH15M-26SEP271100-00,1790521105.4130743,0.96,no,94.58692574501038,0.8,official_reference_rolling,20260926T200636Z-d04d607b9fe046cfb3b2d7561704e88e
ETH,0.8,KXETH15M-26SEP271130-30,1790522570.0480366,0.89,yes,429.9519634246826,0.8,official_reference_rolling,20260926T200636Z-d04d607b9fe046cfb3b2d7561704e88e
ETH,0.8,KXETH15M-26SEP271200-00,1790524283.0542567,0.87,yes,516.9457433223724,0.8,official_reference_rolling,20260926T200636Z-d04d607b9fe046cfb3b2d7561704e88e
ETH,0.8,KXETH15M-26SEP271230-30,1790526072.1130602,0.86,yes,527.8869397640228,0.8,official_reference_rolling,20260926T200636Z-d04d607b9fe046cfb3b2d7561704e88e
ETH,0.8,KXETH15M-26SEP271245-45,1790526952.5381823,0.88,no,547.461817741394,0.8,official_reference_rolling,20260926T200636Z-d04d607b9fe046cfb3b2d7561704e88e
ETH,0.8,KXETH15M-26SEP271315-15,1790528786.0989769,0.87,yes,513.9010231494904,0.8,official_reference_rolling,20260926T200636Z-d04d607b9fe046cfb3b2d7561704e88e
ETH,0.8,KXETH15M-26SEP271345-45,1790530563.110905,0.88,yes,536.8890950679779,0.8,official_reference_rolling,20260926T200636Z-d04d607b9fe046cfb3b2d7561704e88e
ETH,0.8,KXETH15M-26SEP271400-00,1790531400.0643303,0.918,yes,599.9356696605682,0.8,official_reference_rolling,20260926T200636Z-d04d607b9fe046cfb3b2d7561704e88e
ETH,0.8,KXETH15M-26SEP271415-15,1790532543.1101892,0.9,no,356.88981080055237,0.8,official_reference_rolling,20260926T200636Z-d04d607b9fe046cfb3b2d7561704e88e
ETH,0.8,KXETH15M-26SEP271430-30,1790533262.0969083,0.88,yes,537.9030916690826,0.8,official_reference_rolling,20260926T200636Z-d04d607b9fe046cfb3b2d7561704e88e
ETH,0.8,KXETH15M-26SEP271515-15,1790535900.0982053,0.937,no,599.9017946720123,0.8,official_reference_rolling,20260926T200636Z-d04d607b9fe046cfb3b2d7561704e88e
ETH,0.8,KXETH15M-26SEP271530-30,1790536803.646106,0.82,yes,596.353893995285,0.8,official_reference_rolling,20260926T200636Z-d04d607b9fe046cfb3b2d7561704e88e
ETH,0.8,KXETH15M-26SEP271545-45,1790538101.117075,0.954,yes,198.88292503356934,0.8,official_reference_rolling,20260926T200636Z-d04d607b9fe046cfb3b2d7561704e88e
ETH,0.8,KXETH15M-26SEP271600-00,1790539074.1197352,0.934,no,125.88026475906372,0.8,official_reference_rolling,20260926T200636Z-d04d607b9fe046cfb3b2d7561704e88e
ETH,0.8,KXETH15M-26SEP271615-15,1790539500.467366,0.903,yes,599.5326340198517,0.8,official_reference_rolling,20260926T200636Z-d04d607b9fe046cfb3b2d7561704e88e
ETH,0.8,KXETH15M-26SEP271630-30,1790540455.0644732,0.89,no,544.9355268478394,0.8,official_reference_rolling,20260926T200636Z-d04d607b9fe046cfb3b2d7561704e88e
ETH,0.8,KXETH15M-26SEP271645-45,1790541641.0970953,0.903,yes,258.9029047489166,0.8,official_reference_rolling,20260926T200636Z-d04d607b9fe046cfb3b2d7561704e88e
ETH,0.8,KXETH15M-26SEP271700-00,1790542200.4718988,0.905,no,599.5281012058258,0.8,official_reference_rolling,20260926T200636Z-d04d607b9fe046cfb3b2d7561704e88e
ETH,0.8,KXETH15M-26SEP271715-15,1790543287.080715,0.9,yes,412.9192850589752,0.8,official_reference_rolling,20260926T200636Z-d04d607b9fe046cfb3b2d7561704e88e
ETH,0.8,KXETH15M-26SEP271730-30,1790544387.099347,0.951,no,212.900652885437,0.8,official_reference_rolling,20260926T200636Z-d04d607b9fe046cfb3b2d7561704e88e
ETH,0.8,KXETH15M-26SEP271745-45,1790544959.071871,0.82,no,540.9281289577484,0.8,official_reference_rolling,20260926T200636Z-d04d607b9fe046cfb3b2d7561704e88e
ETH,0.8,KXETH15M-26SEP271800-00,1790545981.3585079,0.933,yes,418.6414921283722,0.8,official_reference_rolling,20260926T200636Z-d04d607b9fe046cfb3b2d7561704e88e
ETH,0.8,KXETH15M-26SEP271815-15,1790546700.5188642,0.88,no,599.4811358451843,0.8,official_reference_rolling,20260926T200636Z-d04d607b9fe046cfb3b2d7561704e88e
ETH,0.8,KXETH15M-26SEP271830-30,1790547750.278733,0.946,yes,449.7212669849396,0.8,official_reference_rolling,20260926T200636Z-d04d607b9fe046cfb3b2d7561704e88e
ETH,0.8,KXETH15M-26SEP271845-45,1790548587.370845,0.96,no,512.629154920578,0.8,official_reference_rolling,20260926T200636Z-d04d607b9fe046cfb3b2d7561704e88e
ETH,0.8,KXETH15M-26SEP271900-00,1790549607.0951972,0.86,yes,392.90480279922485,0.8,official_reference_rolling,20260926T200636Z-d04d607b9fe046cfb3b2d7561704e88e
ETH,0.8,KXETH15M-26SEP271930-30,1790551242.0799186,0.9,yes,557.9200813770294,0.8,official_reference_rolling,20260926T200636Z-d04d607b9fe046cfb3b2d7561704e88e
ETH,0.8,KXETH15M-26SEP271945-45,1790552591.6867435,0.952,no,108.31325650215149,0.8,official_reference_rolling,20260926T200636Z-d04d607b9fe046cfb3b2d7561704e88e
ETH,0.8,KXETH15M-26SEP272000-00,1790553047.0995002,0.87,yes,552.9004998207092,0.8,official_reference_rolling,20260926T200636Z-d04d607b9fe046cfb3b2d7561704e88e
ETH,0.8,KXETH15M-26SEP272015-15,1790553918.0799456,0.81,yes,581.92005443573,0.8,reference_price_floor,20260928T000014Z-ad8c558f0e9c4ea3a763986fea0c3916
ETH,0.8,KXETH15M-26SEP272030-30,1790554800.6004183,0.934,yes,599.3995816707611,0.8,official_reference_rolling,20260928T000014Z-ad8c558f0e9c4ea3a763986fea0c3916
ETH,0.8,KXETH15M-26SEP272045-45,1790555700.3040528,0.958,no,599.6959471702576,0.8,official_reference_rolling,20260928T000014Z-ad8c558f0e9c4ea3a763986fea0c3916
ETH,0.8,KXETH15M-26SEP272100-00,1790556621.043826,0.959,yes,578.9561738967896,0.8,official_reference_rolling,20260928T000014Z-ad8c558f0e9c4ea3a763986fea0c3916
ETH,0.8,KXETH15M-26SEP272145-45,1790559511.0533872,0.937,no,388.9466128349304,0.8,official_reference_rolling,20260928T000014Z-ad8c558f0e9c4ea3a763986fea0c3916
ETH,0.8,KXETH15M-26SEP272200-00,1790560201.066725,0.89,no,598.9332749843597,0.8,official_reference_rolling,20260928T000014Z-ad8c558f0e9c4ea3a763986fea0c3916
ETH,0.8,KXETH15M-26SEP272230-30,1790562121.0772836,0.88,no,478.92271637916565,0.8,official_reference_rolling,20260928T000014Z-ad8c558f0e9c4ea3a763986fea0c3916
ETH,0.8,KXETH15M-26SEP272245-45,1790563144.0765135,0.912,no,355.92348647117615,0.8,official_reference_rolling,20260928T000014Z-ad8c558f0e9c4ea3a763986fea0c3916
ETH,0.8,KXETH15M-26SEP272315-15,1790564715.061802,0.85,yes,584.9381980895996,0.8,official_reference_rolling,20260928T000014Z-ad8c558f0e9c4ea3a763986fea0c3916
ETH,0.8,KXETH15M-26SEP272330-30,1790565919.0674713,0.959,no,280.93252873420715,0.8,official_reference_rolling,20260928T000014Z-ad8c558f0e9c4ea3a763986fea0c3916
ETH,0.8,KXETH15M-26SEP280015-15,1790568301.0574841,0.85,no,598.9425158500671,0.8,official_reference_rolling,20260928T000014Z-ad8c558f0e9c4ea3a763986fea0c3916
ETH,0.8,KXETH15M-26SEP280030-30,1790569425.08373,0.92,yes,374.9162700176239,0.8,official_reference_rolling,20260928T000014Z-ad8c558f0e9c4ea3a763986fea0c3916
ETH,0.8,KXETH15M-26SEP280045-45,1790570461.0507975,0.88,no,238.94920253753662,0.8,official_reference_rolling,20260928T000014Z-ad8c558f0e9c4ea3a763986fea0c3916
ETH,0.8,KXETH15M-26SEP280115-15,1790572026.0582302,0.917,no,473.94176983833313,0.8,official_reference_rolling,20260928T000014Z-ad8c558f0e9c4ea3a763986fea0c3916
ETH,0.8,KXETH15M-26SEP280130-30,1790573096.05643,0.917,no,303.94356989860535,0.8,official_reference_rolling,20260928T000014Z-ad8c558f0e9c4ea3a763986fea0c3916
ETH,0.8,KXETH15M-26SEP280145-45,1790573700.1579874,0.921,no,599.8420126438141,0.8,official_reference_rolling,20260928T000014Z-ad8c558f0e9c4ea3a763986fea0c3916
ETH,0.8,KXETH15M-26SEP280215-15,1790575659.0761483,0.88,yes,440.92385172843933,0.8,official_reference_rolling,20260928T000014Z-ad8c558f0e9c4ea3a763986fea0c3916
ETH,0.8,KXETH15M-26SEP280230-30,1790576431.1227272,0.903,no,568.8772728443146,0.8,official_reference_rolling,20260928T000014Z-ad8c558f0e9c4ea3a763986fea0c3916
ETH,0.8,KXETH15M-26SEP280245-45,1790577369.0698483,0.89,yes,530.9301517009735,0.8,official_reference_rolling,20260928T000014Z-ad8c558f0e9c4ea3a763986fea0c3916
ETH,0.8,KXETH15M-26SEP280300-00,1790578497.0644917,0.938,no,302.9355082511902,0.8,official_reference_rolling,20260928T000014Z-ad8c558f0e9c4ea3a763986fea0c3916
ETH,0.8,KXETH15M-26SEP280315-15,1790579100.2212396,0.903,yes,599.778760433197,0.8,official_reference_rolling,20260928T000014Z-ad8c558f0e9c4ea3a763986fea0c3916
ETH,0.8,KXETH15M-26SEP280330-30,1790580062.0568876,0.87,yes,537.943112373352,0.8,official_reference_rolling,20260928T000014Z-ad8c558f0e9c4ea3a763986fea0c3916
ETH,0.8,KXETH15M-26SEP280400-00,1790582107.1088603,0.91,yes,292.8911397457123,0.8,official_reference_rolling,20260928T000014Z-ad8c558f0e9c4ea3a763986fea0c3916
ETH,0.8,KXETH15M-26SEP280415-15,1790583142.1018221,0.96,yes,157.89817786216736,0.8,official_reference_rolling,20260928T000014Z-ad8c558f0e9c4ea3a763986fea0c3916
ETH,0.8,KXETH15M-26SEP280430-30,1790583859.0468254,0.92,no,340.95317459106445,0.8,official_reference_rolling,20260928T000014Z-ad8c558f0e9c4ea3a763986fea0c3916
ETH,0.8,KXETH15M-26SEP280445-45,1790584688.091805,0.908,no,411.9081950187683,0.8,official_reference_rolling,20260928T000014Z-ad8c558f0e9c4ea3a763986fea0c3916
ETH,0.8,KXETH15M-26SEP280500-00,1790585465.097449,0.911,yes,534.9025509357452,0.8,official_reference_rolling,20260928T000014Z-ad8c558f0e9c4ea3a763986fea0c3916
ETH,0.8,KXETH15M-26SEP280515-15,1790586309.100947,0.906,no,590.8990530967712,0.8,official_reference_rolling,20260928T000014Z-ad8c558f0e9c4ea3a763986fea0c3916
ETH,0.8,KXETH15M-26SEP280545-45,1790588106.0947108,0.88,no,593.9052891731262,0.8,official_reference_rolling,20260928T000014Z-ad8c558f0e9c4ea3a763986fea0c3916
ETH,0.8,KXETH15M-26SEP280600-00,1790589040.0752468,0.87,yes,559.9247531890869,0.8,official_reference_rolling,20260928T000014Z-ad8c558f0e9c4ea3a763986fea0c3916
ETH,0.8,KXETH15M-26SEP280615-15,1790589905.501768,0.959,yes,594.4982318878174,0.8,official_reference_rolling,20260928T000014Z-ad8c558f0e9c4ea3a763986fea0c3916
ETH,0.8,KXETH15M-26SEP280630-30,1790591052.1028438,0.933,yes,347.8971562385559,0.8,official_reference_rolling,20260928T000014Z-ad8c558f0e9c4ea3a763986fea0c3916
ETH,0.8,KXETH15M-26SEP280645-45,1790591784.0572553,0.9,yes,515.9427447319031,0.8,official_reference_rolling,20260928T000014Z-ad8c558f0e9c4ea3a763986fea0c3916
ETH,0.8,KXETH15M-26SEP280715-15,1790593594.0889738,0.89,yes,505.91102623939514,0.8,official_reference_rolling,20260928T000014Z-ad8c558f0e9c4ea3a763986fea0c3916
ETH,0.8,KXETH15M-26SEP280730-30,1790594622.6358368,0.919,yes,377.3641631603241,0.8,official_reference_rolling,20260928T000014Z-ad8c558f0e9c4ea3a763986fea0c3916
ETH,0.8,KXETH15M-26SEP280745-45,1790595525.0849247,0.85,yes,374.915075302124,0.8,official_reference_rolling,20260928T000014Z-ad8c558f0e9c4ea3a763986fea0c3916
ETH,0.8,KXETH15M-26SEP280800-00,1790596440.0693436,0.937,no,359.93065643310547,0.8,official_reference_rolling,20260928T000014Z-ad8c558f0e9c4ea3a763986fea0c3916
ETH,0.8,KXETH15M-26SEP280815-15,1790597233.127796,0.959,yes,466.8722040653229,0.8,official_reference_rolling,20260928T000014Z-ad8c558f0e9c4ea3a763986fea0c3916
ETH,0.8,KXETH15M-26SEP280845-45,1790599237.0829186,0.956,no,262.9170813560486,0.8,official_reference_rolling,20260928T000014Z-ad8c558f0e9c4ea3a763986fea0c3916
ETH,0.8,KXETH15M-26SEP280900-00,1790599800.1111622,0.91,yes,599.888837814331,0.8,official_reference_rolling,20260928T000014Z-ad8c558f0e9c4ea3a763986fea0c3916
ETH,0.8,KXETH15M-26SEP280930-30,1790601963.1941385,0.91,yes,236.8058614730835,0.8,official_reference_rolling,20260928T000014Z-ad8c558f0e9c4ea3a763986fea0c3916
ETH,0.8,KXETH15M-26SEP281230-30,1790612556.577021,0.959,yes,443.4229791164398,0.8,official_reference_rolling,20260928T000014Z-ad8c558f0e9c4ea3a763986fea0c3916
ETH,0.8,KXETH15M-26SEP281300-00,1790614560.102935,0.918,yes,239.8970649242401,0.8,official_reference_rolling,20260928T000014Z-ad8c558f0e9c4ea3a763986fea0c3916
ETH,0.8,KXETH15M-26SEP282030-30,1790641252.0637972,0.925,no,547.9362027645111,0.8,official_reference_rolling,20260928T200258Z-f3abf44539bb4cd9bd822273edfdb45b
ETH,0.8,KXETH15M-26SEP282100-00,1790643019.0547123,0.946,no,580.9452877044678,0.8,official_reference_rolling,20260928T200258Z-f3abf44539bb4cd9bd822273edfdb45b
ETH,0.8,KXETH15M-26SEP290330-30,1790666695.0820103,0.93,yes,304.91798973083496,0.8,official_reference_rolling,20260928T200258Z-f3abf44539bb4cd9bd822273edfdb45b
ETH,0.8,KXETH15M-26SEP290630-30,1790677421.068972,0.933,no,378.9310278892517,0.8,official_reference_rolling,20260928T200258Z-f3abf44539bb4cd9bd822273edfdb45b
ETH,0.8,KXETH15M-26SEP290715-15,1790680280.1043856,0.952,yes,219.89561438560486,0.8,official_reference_rolling,20260928T200258Z-f3abf44539bb4cd9bd822273edfdb45b
ETH,0.8,KXETH15M-26SEP291445-45,1790707063.046383,0.939,yes,436.95361709594727,0.8,official_reference_rolling,20260928T200258Z-f3abf44539bb4cd9bd822273edfdb45b
ETH,0.75,KXETH15M-26SEP262315-15,1790478332.6409457,0.87,yes,567.3590543270111,0.8,official_reference_rolling,20260926T200636Z-d04d607b9fe046cfb3b2d7561704e88e
ETH,0.75,KXETH15M-26SEP262330-30,1790479201.05631,0.81,no,598.9436900615692,0.8,official_reference_rolling,20260926T200636Z-d04d607b9fe046cfb3b2d7561704e88e
ETH,0.75,KXETH15M-26SEP262345-45,1790480100.0704243,0.89,yes,599.9295756816864,0.8,official_reference_rolling,20260926T200636Z-d04d607b9fe046cfb3b2d7561704e88e
ETH,0.75,KXETH15M-26SEP270015-15,1790481929.0896573,0.87,no,570.9103426933289,0.8,official_reference_rolling,20260926T200636Z-d04d607b9fe046cfb3b2d7561704e88e
ETH,0.75,KXETH15M-26SEP270030-30,1790483053.3432317,0.916,no,346.65676832199097,0.8,official_reference_rolling,20260926T200636Z-d04d607b9fe046cfb3b2d7561704e88e
ETH,0.75,KXETH15M-26SEP270045-45,1790483701.0587435,0.909,no,598.9412565231323,0.8,official_reference_rolling,20260926T200636Z-d04d607b9fe046cfb3b2d7561704e88e
ETH,0.75,KXETH15M-26SEP270100-00,1790485064.0607073,0.944,yes,135.93929266929626,0.8,official_reference_rolling,20260926T200636Z-d04d607b9fe046cfb3b2d7561704e88e
ETH,0.75,KXETH15M-26SEP270115-15,1790485501.051781,0.82,yes,598.9482190608978,0.8,official_reference_rolling,20260926T200636Z-d04d607b9fe046cfb3b2d7561704e88e
ETH,0.75,KXETH15M-26SEP270130-30,1790486607.075662,0.87,yes,392.9243381023407,0.8,official_reference_rolling,20260926T200636Z-d04d607b9fe046cfb3b2d7561704e88e
ETH,0.75,KXETH15M-26SEP270145-45,1790487300.0463622,0.937,yes,599.9536378383636,0.8,official_reference_rolling,20260926T200636Z-d04d607b9fe046cfb3b2d7561704e88e
ETH,0.75,KXETH15M-26SEP270215-15,1790489110.094755,0.8,yes,589.9052450656891,0.8,official_reference_rolling,20260926T200636Z-d04d607b9fe046cfb3b2d7561704e88e
ETH,0.75,KXETH15M-26SEP270245-45,1790491141.100262,0.9,no,358.899738073349,0.8,official_reference_rolling,20260926T200636Z-d04d607b9fe046cfb3b2d7561704e88e
ETH,0.75,KXETH15M-26SEP270300-00,1790492220.0919368,0.88,no,179.90806317329407,0.8,official_reference_rolling,20260926T200636Z-d04d607b9fe046cfb3b2d7561704e88e
ETH,0.75,KXETH15M-26SEP270315-15,1790493137.0478613,0.925,no,162.95213866233826,0.8,official_reference_rolling,20260926T200636Z-d04d607b9fe046cfb3b2d7561704e88e
ETH,0.75,KXETH15M-26SEP270330-30,1790493964.103193,0.9,yes,235.89680695533752,0.8,official_reference_rolling,20260926T200636Z-d04d607b9fe046cfb3b2d7561704e88e
ETH,0.75,KXETH15M-26SEP270345-45,1790494500.0873065,0.89,yes,599.9126935005188,0.8,official_reference_rolling,20260926T200636Z-d04d607b9fe046cfb3b2d7561704e88e
ETH,0.75,KXETH15M-26SEP270400-00,1790495407.0683608,0.88,yes,592.9316391944885,0.8,official_reference_rolling,20260926T200636Z-d04d607b9fe046cfb3b2d7561704e88e
ETH,0.75,KXETH15M-26SEP270430-30,1790497700.0777948,0.959,no,99.92220520973206,0.8,official_reference_rolling,20260926T200636Z-d04d607b9fe046cfb3b2d7561704e88e
ETH,0.75,KXETH15M-26SEP270500-00,1790499414.9343019,0.8,no,185.06569814682007,0.8,official_reference_rolling,20260926T200636Z-d04d607b9fe046cfb3b2d7561704e88e
ETH,0.75,KXETH15M-26SEP270515-15,1790499939.0964572,0.86,no,560.9035427570343,0.8,official_reference_rolling,20260926T200636Z-d04d607b9fe046cfb3b2d7561704e88e
ETH,0.75,KXETH15M-26SEP270530-30,1790501120.17388,0.915,yes,279.82611989974976,0.8,official_reference_rolling,20260926T200636Z-d04d607b9fe046cfb3b2d7561704e88e
ETH,0.75,KXETH15M-26SEP270545-45,1790501940.617532,0.905,yes,359.3824679851532,0.8,official_reference_rolling,20260926T200636Z-d04d607b9fe046cfb3b2d7561704e88e
ETH,0.75,KXETH15M-26SEP270600-00,1790502600.460446,0.901,yes,599.5395541191101,0.8,official_reference_rolling,20260926T200636Z-d04d607b9fe046cfb3b2d7561704e88e
ETH,0.75,KXETH15M-26SEP270615-15,1790503901.0448735,0.937,yes,198.95512652397156,0.8,official_reference_rolling,20260926T200636Z-d04d607b9fe046cfb3b2d7561704e88e
ETH,0.75,KXETH15M-26SEP270630-30,1790504437.0856352,0.9,no,562.9143648147583,0.8,official_reference_rolling,20260926T200636Z-d04d607b9fe046cfb3b2d7561704e88e
ETH,0.75,KXETH15M-26SEP270645-45,1790505371.0685225,0.86,no,528.9314775466919,0.8,official_reference_rolling,20260926T200636Z-d04d607b9fe046cfb3b2d7561704e88e
ETH,0.75,KXETH15M-26SEP270715-15,1790507425.0745137,0.9,yes,274.92548632621765,0.8,official_reference_rolling,20260926T200636Z-d04d607b9fe046cfb3b2d7561704e88e
ETH,0.75,KXETH15M-26SEP270730-30,1790508037.0705044,0.9,no,562.9294955730438,0.8,official_reference_rolling,20260926T200636Z-d04d607b9fe046cfb3b2d7561704e88e
ETH,0.75,KXETH15M-26SEP270745-45,1790509140.4519534,0.907,no,359.5480465888977,0.8,official_reference_rolling,20260926T200636Z-d04d607b9fe046cfb3b2d7561704e88e
ETH,0.75,KXETH15M-26SEP270800-00,1790510113.0704482,0.9,yes,286.9295518398285,0.8,official_reference_rolling,20260926T200636Z-d04d607b9fe046cfb3b2d7561704e88e
ETH,0.75,KXETH15M-26SEP270815-15,1790510700.089909,0.934,yes,599.9100909233093,0.8,official_reference_rolling,20260926T200636Z-d04d607b9fe046cfb3b2d7561704e88e
ETH,0.75,KXETH15M-26SEP270830-30,1790511862.0777183,0.9,no,337.92228174209595,0.8,official_reference_rolling,20260926T200636Z-d04d607b9fe046cfb3b2d7561704e88e
ETH,0.75,KXETH15M-26SEP270845-45,1790512578.0887918,0.89,yes,521.911208152771,0.8,official_reference_rolling,20260926T200636Z-d04d607b9fe046cfb3b2d7561704e88e
ETH,0.75,KXETH15M-26SEP270900-00,1790513576.0711105,0.89,no,423.92888951301575,0.8,official_reference_rolling,20260926T200636Z-d04d607b9fe046cfb3b2d7561704e88e
ETH,0.75,KXETH15M-26SEP270915-15,1790514305.078374,0.93,no,594.9216260910034,0.8,official_reference_rolling,20260926T200636Z-d04d607b9fe046cfb3b2d7561704e88e
ETH,0.75,KXETH15M-26SEP270930-30,1790515301.0807846,0.943,yes,498.9192154407501,0.8,official_reference_rolling,20260926T200636Z-d04d607b9fe046cfb3b2d7561704e88e
ETH,0.75,KXETH15M-26SEP270945-45,1790516333.7482378,0.912,no,366.25176215171814,0.8,official_reference_rolling,20260926T200636Z-d04d607b9fe046cfb3b2d7561704e88e
ETH,0.75,KXETH15M-26SEP271000-00,1790517193.2007425,0.89,yes,406.79925751686096,0.8,official_reference_rolling,20260926T200636Z-d04d607b9fe046cfb3b2d7561704e88e
ETH,0.75,KXETH15M-26SEP271015-15,1790517900.0630696,0.911,no,599.9369304180145,0.8,official_reference_rolling,20260926T200636Z-d04d607b9fe046cfb3b2d7561704e88e
ETH,0.75,KXETH15M-26SEP271030-30,1790518805.1162844,0.89,no,594.8837156295776,0.8,official_reference_rolling,20260926T200636Z-d04d607b9fe046cfb3b2d7561704e88e
ETH,0.75,KXETH15M-26SEP271045-45,1790520076.7190056,0.89,no,223.2809944152832,0.8,official_reference_rolling,20260926T200636Z-d04d607b9fe046cfb3b2d7561704e88e
ETH,0.75,KXETH15M-26SEP271100-00,1790521088.1208038,0.96,no,111.87919616699219,0.8,official_reference_rolling,20260926T200636Z-d04d607b9fe046cfb3b2d7561704e88e
ETH,0.75,KXETH15M-26SEP271115-15,1790521548.9882326,0.86,no,551.0117673873901,0.8,official_reference_rolling,20260926T200636Z-d04d607b9fe046cfb3b2d7561704e88e
ETH,0.75,KXETH15M-26SEP271130-30,1790522524.6780734,0.83,yes,475.3219265937805,0.8,official_reference_rolling,20260926T200636Z-d04d607b9fe046cfb3b2d7561704e88e
ETH,0.75,KXETH15M-26SEP271200-00,1790524283.0542567,0.87,yes,516.9457433223724,0.8,official_reference_rolling,20260926T200636Z-d04d607b9fe046cfb3b2d7561704e88e
ETH,0.75,KXETH15M-26SEP271230-30,1790526072.1130602,0.86,yes,527.8869397640228,0.8,official_reference_rolling,20260926T200636Z-d04d607b9fe046cfb3b2d7561704e88e
ETH,0.75,KXETH15M-26SEP271245-45,1790526937.7442389,0.85,no,562.2557611465454,0.8,official_reference_rolling,20260926T200636Z-d04d607b9fe046cfb3b2d7561704e88e
ETH,0.75,KXETH15M-26SEP271315-15,1790528786.0989769,0.87,yes,513.9010231494904,0.8,official_reference_rolling,20260926T200636Z-d04d607b9fe046cfb3b2d7561704e88e
ETH,0.75,KXETH15M-26SEP271345-45,1790530500.0986388,0.86,yes,599.9013612270355,0.8,official_reference_rolling,20260926T200636Z-d04d607b9fe046cfb3b2d7561704e88e
ETH,0.75,KXETH15M-26SEP271400-00,1790531400.0643303,0.918,yes,599.9356696605682,0.8,official_reference_rolling,20260926T200636Z-d04d607b9fe046cfb3b2d7561704e88e
ETH,0.75,KXETH15M-26SEP271415-15,1790532540.092234,0.85,no,359.9077661037445,0.8,official_reference_rolling,20260926T200636Z-d04d607b9fe046cfb3b2d7561704e88e
ETH,0.75,KXETH15M-26SEP271430-30,1790533262.0969083,0.88,yes,537.9030916690826,0.8,official_reference_rolling,20260926T200636Z-d04d607b9fe046cfb3b2d7561704e88e
ETH,0.75,KXETH15M-26SEP271515-15,1790535900.0982053,0.937,no,599.9017946720123,0.8,official_reference_rolling,20260926T200636Z-d04d607b9fe046cfb3b2d7561704e88e
ETH,0.75,KXETH15M-26SEP271530-30,1790536803.646106,0.82,yes,596.353893995285,0.8,official_reference_rolling,20260926T200636Z-d04d607b9fe046cfb3b2d7561704e88e
ETH,0.75,KXETH15M-26SEP271545-45,1790537934.1016412,0.89,yes,365.8983588218689,0.8,official_reference_rolling,20260926T200636Z-d04d607b9fe046cfb3b2d7561704e88e
ETH,0.75,KXETH15M-26SEP271600-00,1790539074.1197352,0.934,no,125.88026475906372,0.8,official_reference_rolling,20260926T200636Z-d04d607b9fe046cfb3b2d7561704e88e
ETH,0.75,KXETH15M-26SEP271615-15,1790539500.467366,0.903,yes,599.5326340198517,0.8,official_reference_rolling,20260926T200636Z-d04d607b9fe046cfb3b2d7561704e88e
ETH,0.75,KXETH15M-26SEP271630-30,1790540455.0644732,0.89,no,544.9355268478394,0.8,official_reference_rolling,20260926T200636Z-d04d607b9fe046cfb3b2d7561704e88e
ETH,0.75,KXETH15M-26SEP271645-45,1790541419.1113744,0.89,yes,480.88862562179565,0.8,official_reference_rolling,20260926T200636Z-d04d607b9fe046cfb3b2d7561704e88e
ETH,0.75,KXETH15M-26SEP271700-00,1790542200.4718988,0.905,no,599.5281012058258,0.8,official_reference_rolling,20260926T200636Z-d04d607b9fe046cfb3b2d7561704e88e
ETH,0.75,KXETH15M-26SEP271715-15,1790543287.080715,0.9,yes,412.9192850589752,0.8,official_reference_rolling,20260926T200636Z-d04d607b9fe046cfb3b2d7561704e88e
ETH,0.75,KXETH15M-26SEP271730-30,1790544384.3677123,0.949,no,215.6322877407074,0.8,official_reference_rolling,20260926T200636Z-d04d607b9fe046cfb3b2d7561704e88e
ETH,0.75,KXETH15M-26SEP271745-45,1790544959.071871,0.82,no,540.9281289577484,0.8,official_reference_rolling,20260926T200636Z-d04d607b9fe046cfb3b2d7561704e88e
ETH,0.75,KXETH15M-26SEP271800-00,1790545981.3585079,0.933,yes,418.6414921283722,0.8,official_reference_rolling,20260926T200636Z-d04d607b9fe046cfb3b2d7561704e88e
ETH,0.75,KXETH15M-26SEP271815-15,1790546700.5188642,0.88,no,599.4811358451843,0.8,official_reference_rolling,20260926T200636Z-d04d607b9fe046cfb3b2d7561704e88e
ETH,0.75,KXETH15M-26SEP271830-30,1790547722.0829928,0.9,yes,477.9170072078705,0.8,official_reference_rolling,20260926T200636Z-d04d607b9fe046cfb3b2d7561704e88e
ETH,0.75,KXETH15M-26SEP271845-45,1790548587.370845,0.96,no,512.629154920578,0.8,official_reference_rolling,20260926T200636Z-d04d607b9fe046cfb3b2d7561704e88e
ETH,0.75,KXETH15M-26SEP271900-00,1790549607.0951972,0.86,yes,392.90480279922485,0.8,official_reference_rolling,20260926T200636Z-d04d607b9fe046cfb3b2d7561704e88e
ETH,0.75,KXETH15M-26SEP271930-30,1790551242.0799186,0.9,yes,557.9200813770294,0.8,official_reference_rolling,20260926T200636Z-d04d607b9fe046cfb3b2d7561704e88e
ETH,0.75,KXETH15M-26SEP271945-45,1790552591.6867435,0.952,no,108.31325650215149,0.8,official_reference_rolling,20260926T200636Z-d04d607b9fe046cfb3b2d7561704e88e
ETH,0.75,KXETH15M-26SEP272000-00,1790553047.0995002,0.87,yes,552.9004998207092,0.8,official_reference_rolling,20260926T200636Z-d04d607b9fe046cfb3b2d7561704e88e
ETH,0.75,KXETH15M-26SEP272015-15,1790553918.0799456,0.81,yes,581.92005443573,0.8,reference_price_floor,20260928T000014Z-ad8c558f0e9c4ea3a763986fea0c3916
ETH,0.75,KXETH15M-26SEP272030-30,1790554800.6004183,0.934,yes,599.3995816707611,0.8,official_reference_rolling,20260928T000014Z-ad8c558f0e9c4ea3a763986fea0c3916
ETH,0.75,KXETH15M-26SEP272045-45,1790555700.3040528,0.958,no,599.6959471702576,0.8,official_reference_rolling,20260928T000014Z-ad8c558f0e9c4ea3a763986fea0c3916
ETH,0.75,KXETH15M-26SEP272100-00,1790556621.043826,0.959,yes,578.9561738967896,0.8,official_reference_rolling,20260928T000014Z-ad8c558f0e9c4ea3a763986fea0c3916
ETH,0.75,KXETH15M-26SEP272145-45,1790559498.1623251,0.925,no,401.8376748561859,0.8,official_reference_rolling,20260928T000014Z-ad8c558f0e9c4ea3a763986fea0c3916
ETH,0.75,KXETH15M-26SEP272200-00,1790560201.066725,0.89,no,598.9332749843597,0.8,official_reference_rolling,20260928T000014Z-ad8c558f0e9c4ea3a763986fea0c3916
ETH,0.75,KXETH15M-26SEP272230-30,1790562121.0772836,0.88,no,478.92271637916565,0.8,official_reference_rolling,20260928T000014Z-ad8c558f0e9c4ea3a763986fea0c3916
ETH,0.75,KXETH15M-26SEP272245-45,1790563142.4959648,0.906,no,357.5040352344513,0.8,official_reference_rolling,20260928T000014Z-ad8c558f0e9c4ea3a763986fea0c3916
ETH,0.75,KXETH15M-26SEP272315-15,1790564715.061802,0.85,yes,584.9381980895996,0.8,official_reference_rolling,20260928T000014Z-ad8c558f0e9c4ea3a763986fea0c3916
ETH,0.75,KXETH15M-26SEP272330-30,1790565919.0674713,0.959,no,280.93252873420715,0.8,official_reference_rolling,20260928T000014Z-ad8c558f0e9c4ea3a763986fea0c3916
ETH,0.75,KXETH15M-26SEP272345-45,1790566742.6472735,0.941,yes,357.3527264595032,0.8,official_reference_rolling,20260928T000014Z-ad8c558f0e9c4ea3a763986fea0c3916
ETH,0.75,KXETH15M-26SEP280015-15,1790568300.0761726,0.85,no,599.9238274097443,0.8,official_reference_rolling,20260928T000014Z-ad8c558f0e9c4ea3a763986fea0c3916
ETH,0.75,KXETH15M-26SEP280030-30,1790569425.08373,0.92,yes,374.9162700176239,0.8,official_reference_rolling,20260928T000014Z-ad8c558f0e9c4ea3a763986fea0c3916
ETH,0.75,KXETH15M-26SEP280045-45,1790570266.086293,0.84,no,433.91370701789856,0.8,official_reference_rolling,20260928T000014Z-ad8c558f0e9c4ea3a763986fea0c3916
ETH,0.75,KXETH15M-26SEP280100-00,1790571001.088797,0.83,no,598.9112029075623,0.8,official_reference_rolling,20260928T000014Z-ad8c558f0e9c4ea3a763986fea0c3916
ETH,0.75,KXETH15M-26SEP280115-15,1790571906.0758808,0.89,no,593.9241192340851,0.8,official_reference_rolling,20260928T000014Z-ad8c558f0e9c4ea3a763986fea0c3916
ETH,0.75,KXETH15M-26SEP280130-30,1790573078.0777361,0.9,no,321.9222638607025,0.8,official_reference_rolling,20260928T000014Z-ad8c558f0e9c4ea3a763986fea0c3916
ETH,0.75,KXETH15M-26SEP280145-45,1790573700.1579874,0.921,no,599.8420126438141,0.8,official_reference_rolling,20260928T000014Z-ad8c558f0e9c4ea3a763986fea0c3916
ETH,0.75,KXETH15M-26SEP280215-15,1790575623.0658872,0.85,yes,476.9341127872467,0.8,official_reference_rolling,20260928T000014Z-ad8c558f0e9c4ea3a763986fea0c3916
ETH,0.75,KXETH15M-26SEP280230-30,1790576431.1227272,0.903,no,568.8772728443146,0.8,official_reference_rolling,20260928T000014Z-ad8c558f0e9c4ea3a763986fea0c3916
ETH,0.75,KXETH15M-26SEP280245-45,1790577363.0724938,0.86,yes,536.9275062084198,0.8,official_reference_rolling,20260928T000014Z-ad8c558f0e9c4ea3a763986fea0c3916
ETH,0.75,KXETH15M-26SEP280300-00,1790578496.068117,0.91,no,303.93188309669495,0.8,official_reference_rolling,20260928T000014Z-ad8c558f0e9c4ea3a763986fea0c3916
ETH,0.75,KXETH15M-26SEP280315-15,1790579100.2212396,0.903,yes,599.778760433197,0.8,official_reference_rolling,20260928T000014Z-ad8c558f0e9c4ea3a763986fea0c3916
ETH,0.75,KXETH15M-26SEP280330-30,1790580060.0841556,0.88,yes,539.9158444404602,0.8,official_reference_rolling,20260928T000014Z-ad8c558f0e9c4ea3a763986fea0c3916
ETH,0.75,KXETH15M-26SEP280400-00,1790582100.1338823,0.88,yes,299.86611771583557,0.8,official_reference_rolling,20260928T000014Z-ad8c558f0e9c4ea3a763986fea0c3916
ETH,0.75,KXETH15M-26SEP280415-15,1790583112.078025,0.93,yes,187.92197489738464,0.8,official_reference_rolling,20260928T000014Z-ad8c558f0e9c4ea3a763986fea0c3916
ETH,0.75,KXETH15M-26SEP280430-30,1790583855.177279,0.909,no,344.8227210044861,0.8,official_reference_rolling,20260928T000014Z-ad8c558f0e9c4ea3a763986fea0c3916
ETH,0.75,KXETH15M-26SEP280445-45,1790584684.0527449,0.88,no,415.9472551345825,0.8,official_reference_rolling,20260928T000014Z-ad8c558f0e9c4ea3a763986fea0c3916
ETH,0.75,KXETH15M-26SEP280500-00,1790585465.097449,0.911,yes,534.9025509357452,0.8,official_reference_rolling,20260928T000014Z-ad8c558f0e9c4ea3a763986fea0c3916
ETH,0.75,KXETH15M-26SEP280515-15,1790586300.0908723,0.9,no,599.9091277122498,0.8,official_reference_rolling,20260928T000014Z-ad8c558f0e9c4ea3a763986fea0c3916
ETH,0.75,KXETH15M-26SEP280530-30,1790587332.0879455,0.927,yes,467.9120545387268,0.8,official_reference_rolling,20260928T000014Z-ad8c558f0e9c4ea3a763986fea0c3916
ETH,0.75,KXETH15M-26SEP280545-45,1790588106.0947108,0.88,no,593.9052891731262,0.8,official_reference_rolling,20260928T000014Z-ad8c558f0e9c4ea3a763986fea0c3916
ETH,0.75,KXETH15M-26SEP280600-00,1790589039.1046991,0.85,yes,560.8953008651733,0.8,official_reference_rolling,20260928T000014Z-ad8c558f0e9c4ea3a763986fea0c3916
ETH,0.75,KXETH15M-26SEP280615-15,1790589905.501768,0.959,yes,594.4982318878174,0.8,official_reference_rolling,20260928T000014Z-ad8c558f0e9c4ea3a763986fea0c3916
ETH,0.75,KXETH15M-26SEP280630-30,1790591052.1028438,0.933,yes,347.8971562385559,0.8,official_reference_rolling,20260928T000014Z-ad8c558f0e9c4ea3a763986fea0c3916
ETH,0.75,KXETH15M-26SEP280645-45,1790591763.0990295,0.89,yes,536.9009704589844,0.8,official_reference_rolling,20260928T000014Z-ad8c558f0e9c4ea3a763986fea0c3916
ETH,0.75,KXETH15M-26SEP280715-15,1790593592.0782084,0.89,yes,507.9217915534973,0.8,official_reference_rolling,20260928T000014Z-ad8c558f0e9c4ea3a763986fea0c3916
ETH,0.75,KXETH15M-26SEP280730-30,1790594622.6358368,0.919,yes,377.3641631603241,0.8,official_reference_rolling,20260928T000014Z-ad8c558f0e9c4ea3a763986fea0c3916
ETH,0.75,KXETH15M-26SEP280745-45,1790595523.6546526,0.84,yes,376.34534740448,0.8,official_reference_rolling,20260928T000014Z-ad8c558f0e9c4ea3a763986fea0c3916
ETH,0.75,KXETH15M-26SEP280800-00,1790596434.1156204,0.945,no,365.88437962532043,0.8,official_reference_rolling,20260928T000014Z-ad8c558f0e9c4ea3a763986fea0c3916
ETH,0.75,KXETH15M-26SEP280815-15,1790597233.127796,0.959,yes,466.8722040653229,0.8,official_reference_rolling,20260928T000014Z-ad8c558f0e9c4ea3a763986fea0c3916
ETH,0.75,KXETH15M-26SEP280845-45,1790599237.0829186,0.956,no,262.9170813560486,0.8,official_reference_rolling,20260928T000014Z-ad8c558f0e9c4ea3a763986fea0c3916
ETH,0.75,KXETH15M-26SEP280900-00,1790599800.1111622,0.91,yes,599.888837814331,0.8,official_reference_rolling,20260928T000014Z-ad8c558f0e9c4ea3a763986fea0c3916
ETH,0.75,KXETH15M-26SEP280915-15,1790600755.0816457,0.926,no,544.9183542728424,0.8,official_reference_rolling,20260928T000014Z-ad8c558f0e9c4ea3a763986fea0c3916
ETH,0.75,KXETH15M-26SEP280930-30,1790601963.1941385,0.91,yes,236.8058614730835,0.8,official_reference_rolling,20260928T000014Z-ad8c558f0e9c4ea3a763986fea0c3916
ETH,0.75,KXETH15M-26SEP281230-30,1790612556.577021,0.959,yes,443.4229791164398,0.8,official_reference_rolling,20260928T000014Z-ad8c558f0e9c4ea3a763986fea0c3916
ETH,0.75,KXETH15M-26SEP281300-00,1790614560.102935,0.918,yes,239.8970649242401,0.8,official_reference_rolling,20260928T000014Z-ad8c558f0e9c4ea3a763986fea0c3916
ETH,0.75,KXETH15M-26SEP282030-30,1790641252.0637972,0.925,no,547.9362027645111,0.8,official_reference_rolling,20260928T200258Z-f3abf44539bb4cd9bd822273edfdb45b
ETH,0.75,KXETH15M-26SEP282100-00,1790643019.0547123,0.946,no,580.9452877044678,0.8,official_reference_rolling,20260928T200258Z-f3abf44539bb4cd9bd822273edfdb45b
ETH,0.75,KXETH15M-26SEP290330-30,1790666695.0820103,0.93,yes,304.91798973083496,0.8,official_reference_rolling,20260928T200258Z-f3abf44539bb4cd9bd822273edfdb45b
ETH,0.75,KXETH15M-26SEP290630-30,1790677421.068972,0.933,no,378.9310278892517,0.8,official_reference_rolling,20260928T200258Z-f3abf44539bb4cd9bd822273edfdb45b
ETH,0.75,KXETH15M-26SEP290715-15,1790680280.1043856,0.952,yes,219.89561438560486,0.8,official_reference_rolling,20260928T200258Z-f3abf44539bb4cd9bd822273edfdb45b
ETH,0.75,KXETH15M-26SEP291445-45,1790707063.046383,0.939,yes,436.95361709594727,0.8,official_reference_rolling,20260928T200258Z-f3abf44539bb4cd9bd822273edfdb45b
XRP,1.25,KXXRP15M-26SEP270000-00,1790481387.1001441,0.95,no,212.89985585212708,1.25,official_reference_rolling,20260926T200636Z-ece005a7010e4d948f67240af338ed22
XRP,1.25,KXXRP15M-26SEP270030-30,1790483031.1024635,0.951,no,368.8975365161896,1.25,official_reference_rolling,20260926T200636Z-ece005a7010e4d948f67240af338ed22
XRP,1.25,KXXRP15M-26SEP270045-45,1790483840.8032951,0.96,no,459.19670486450195,1.25,official_reference_rolling,20260926T200636Z-ece005a7010e4d948f67240af338ed22
XRP,1.25,KXXRP15M-26SEP270115-15,1790485564.061778,0.96,yes,535.9382219314575,1.25,official_reference_rolling,20260926T200636Z-ece005a7010e4d948f67240af338ed22
XRP,1.25,KXXRP15M-26SEP270145-45,1790487378.0787973,0.95,yes,521.9212026596069,1.25,official_reference_rolling,20260926T200636Z-ece005a7010e4d948f67240af338ed22
XRP,1.25,KXXRP15M-26SEP270315-15,1790493195.110919,0.96,yes,104.88908100128174,1.25,official_reference_rolling,20260926T200636Z-ece005a7010e4d948f67240af338ed22
XRP,1.25,KXXRP15M-26SEP270330-30,1790493903.0563266,0.954,yes,296.9436733722687,1.25,official_reference_rolling,20260926T200636Z-ece005a7010e4d948f67240af338ed22
XRP,1.25,KXXRP15M-26SEP270500-00,1790499444.0579524,0.95,no,155.94204759597778,1.25,official_reference_rolling,20260926T200636Z-ece005a7010e4d948f67240af338ed22
XRP,1.25,KXXRP15M-26SEP270600-00,1790502994.0548127,0.952,yes,205.94518733024597,1.25,official_reference_rolling,20260926T200636Z-ece005a7010e4d948f67240af338ed22
XRP,1.25,KXXRP15M-26SEP270615-15,1790503991.0907004,0.955,yes,108.90929961204529,1.25,official_reference_rolling,20260926T200636Z-ece005a7010e4d948f67240af338ed22
XRP,1.25,KXXRP15M-26SEP270800-00,1790510079.0787466,0.954,yes,320.9212534427643,1.25,official_reference_rolling,20260926T200636Z-ece005a7010e4d948f67240af338ed22
XRP,1.25,KXXRP15M-26SEP270845-45,1790512634.0558174,0.96,yes,465.94418263435364,1.25,official_reference_rolling,20260926T200636Z-ece005a7010e4d948f67240af338ed22
XRP,1.25,KXXRP15M-26SEP271345-45,1790530577.098899,0.925,yes,522.9011011123657,1.25,official_reference_rolling,20260926T200636Z-ece005a7010e4d948f67240af338ed22
XRP,1.25,KXXRP15M-26SEP271415-15,1790532606.076185,0.922,yes,293.92381501197815,1.25,official_reference_rolling,20260926T200636Z-ece005a7010e4d948f67240af338ed22
XRP,1.25,KXXRP15M-26SEP271615-15,1790539771.0510736,0.928,yes,328.948926448822,1.25,official_reference_rolling,20260926T200636Z-ece005a7010e4d948f67240af338ed22
XRP,1.25,KXXRP15M-26SEP271630-30,1790540474.0659044,0.909,no,525.934095621109,1.25,official_reference_rolling,20260926T200636Z-ece005a7010e4d948f67240af338ed22
XRP,1.25,KXXRP15M-26SEP271700-00,1790542200.2798355,0.926,no,599.7201645374298,1.25,official_reference_rolling,20260926T200636Z-ece005a7010e4d948f67240af338ed22
XRP,1.25,KXXRP15M-26SEP271745-45,1790545030.1120877,0.947,no,469.887912273407,1.25,official_reference_rolling,20260926T200636Z-ece005a7010e4d948f67240af338ed22
XRP,1.25,KXXRP15M-26SEP271800-00,1790545981.0231135,0.953,yes,418.976886510849,1.25,official_reference_rolling,20260926T200636Z-ece005a7010e4d948f67240af338ed22
XRP,1.25,KXXRP15M-26SEP272015-15,1790554126.139846,0.84,no,373.8601539134979,1.25,reference_price_floor,20260928T000015Z-133541b52f0e418485e8d57857da2a6a
XRP,1.25,KXXRP15M-26SEP280100-00,1790571424.1560042,0.95,no,175.84399580955505,1.25,official_reference_rolling,20260928T000015Z-133541b52f0e418485e8d57857da2a6a
XRP,1.25,KXXRP15M-26SEP280145-45,1790573880.0927396,0.953,no,419.90726041793823,1.25,official_reference_rolling,20260928T000015Z-133541b52f0e418485e8d57857da2a6a
XRP,1.25,KXXRP15M-26SEP280230-30,1790576580.5646732,0.957,no,419.4353268146515,1.25,official_reference_rolling,20260928T000015Z-133541b52f0e418485e8d57857da2a6a
XRP,1.25,KXXRP15M-26SEP280330-30,1790580294.0604198,0.947,no,305.93958020210266,1.25,official_reference_rolling,20260928T000015Z-133541b52f0e418485e8d57857da2a6a
XRP,1.25,KXXRP15M-26SEP280445-45,1790584957.078886,0.959,no,142.9211139678955,1.25,official_reference_rolling,20260928T000015Z-133541b52f0e418485e8d57857da2a6a
XRP,1.25,KXXRP15M-26SEP280800-00,1790596447.0664675,0.948,no,352.93353247642517,1.25,official_reference_rolling,20260928T000015Z-133541b52f0e418485e8d57857da2a6a
XRP,1.25,KXXRP15M-26SEP290145-45,1790660121.1316671,0.959,no,578.868332862854,1.1,official_reference_rolling,20260928T200258Z-0e5ddc03ab0944a2a3d402e6e0992ad5
XRP,1.15,KXXRP15M-26SEP262330-30,1790479280.0718188,0.94,no,519.9281811714172,1.25,official_reference_rolling,20260926T200636Z-ece005a7010e4d948f67240af338ed22
XRP,1.15,KXXRP15M-26SEP270000-00,1790481372.2443395,0.935,no,227.75566053390503,1.25,official_reference_rolling,20260926T200636Z-ece005a7010e4d948f67240af338ed22
XRP,1.15,KXXRP15M-26SEP270030-30,1790483001.076707,0.95,no,398.9232931137085,1.25,official_reference_rolling,20260926T200636Z-ece005a7010e4d948f67240af338ed22
XRP,1.15,KXXRP15M-26SEP270045-45,1790483840.8032951,0.96,no,459.19670486450195,1.25,official_reference_rolling,20260926T200636Z-ece005a7010e4d948f67240af338ed22
XRP,1.15,KXXRP15M-26SEP270115-15,1790485552.1221836,0.959,yes,547.8778164386749,1.25,official_reference_rolling,20260926T200636Z-ece005a7010e4d948f67240af338ed22
XRP,1.15,KXXRP15M-26SEP270130-30,1790486762.9085317,0.958,yes,237.091468334198,1.25,official_reference_rolling,20260926T200636Z-ece005a7010e4d948f67240af338ed22
XRP,1.15,KXXRP15M-26SEP270145-45,1790487361.4501262,0.931,yes,538.5498738288879,1.25,official_reference_rolling,20260926T200636Z-ece005a7010e4d948f67240af338ed22
XRP,1.15,KXXRP15M-26SEP270215-15,1790489430.2714326,0.96,yes,269.72856736183167,1.25,official_reference_rolling,20260926T200636Z-ece005a7010e4d948f67240af338ed22
XRP,1.15,KXXRP15M-26SEP270315-15,1790493184.6579902,0.939,yes,115.34200978279114,1.25,official_reference_rolling,20260926T200636Z-ece005a7010e4d948f67240af338ed22
XRP,1.15,KXXRP15M-26SEP270330-30,1790493903.0563266,0.954,yes,296.9436733722687,1.25,official_reference_rolling,20260926T200636Z-ece005a7010e4d948f67240af338ed22
XRP,1.15,KXXRP15M-26SEP270345-45,1790494727.648105,0.96,yes,372.35189509391785,1.25,official_reference_rolling,20260926T200636Z-ece005a7010e4d948f67240af338ed22
XRP,1.15,KXXRP15M-26SEP270400-00,1790495794.2489283,0.96,yes,205.75107169151306,1.25,official_reference_rolling,20260926T200636Z-ece005a7010e4d948f67240af338ed22
XRP,1.15,KXXRP15M-26SEP270500-00,1790499432.897515,0.914,no,167.10248494148254,1.25,official_reference_rolling,20260926T200636Z-ece005a7010e4d948f67240af338ed22
XRP,1.15,KXXRP15M-26SEP270515-15,1790499973.060656,0.959,no,526.9393439292908,1.25,official_reference_rolling,20260926T200636Z-ece005a7010e4d948f67240af338ed22
XRP,1.15,KXXRP15M-26SEP270600-00,1790502994.0548127,0.952,yes,205.94518733024597,1.25,official_reference_rolling,20260926T200636Z-ece005a7010e4d948f67240af338ed22
XRP,1.15,KXXRP15M-26SEP270615-15,1790503934.2226436,0.958,yes,165.7773563861847,1.25,official_reference_rolling,20260926T200636Z-ece005a7010e4d948f67240af338ed22
XRP,1.15,KXXRP15M-26SEP270630-30,1790504781.96483,0.958,no,218.0351700782776,1.25,official_reference_rolling,20260926T200636Z-ece005a7010e4d948f67240af338ed22
XRP,1.15,KXXRP15M-26SEP270745-45,1790509243.082643,0.96,no,256.917356967926,1.25,official_reference_rolling,20260926T200636Z-ece005a7010e4d948f67240af338ed22
XRP,1.15,KXXRP15M-26SEP270800-00,1790510074.7339213,0.95,yes,325.26607871055603,1.25,official_reference_rolling,20260926T200636Z-ece005a7010e4d948f67240af338ed22
XRP,1.15,KXXRP15M-26SEP270845-45,1790512631.088845,0.939,yes,468.91115498542786,1.25,official_reference_rolling,20260926T200636Z-ece005a7010e4d948f67240af338ed22
XRP,1.15,KXXRP15M-26SEP271345-45,1790530506.0437045,0.89,yes,593.9562954902649,1.25,official_reference_rolling,20260926T200636Z-ece005a7010e4d948f67240af338ed22
XRP,1.15,KXXRP15M-26SEP271415-15,1790532600.3695457,0.912,yes,299.6304543018341,1.25,official_reference_rolling,20260926T200636Z-ece005a7010e4d948f67240af338ed22
XRP,1.15,KXXRP15M-26SEP271515-15,1790536024.09692,0.946,no,475.90307998657227,1.25,official_reference_rolling,20260926T200636Z-ece005a7010e4d948f67240af338ed22
XRP,1.15,KXXRP15M-26SEP271615-15,1790539769.1126366,0.915,yes,330.8873634338379,1.25,official_reference_rolling,20260926T200636Z-ece005a7010e4d948f67240af338ed22
XRP,1.15,KXXRP15M-26SEP271630-30,1790540474.0659044,0.909,no,525.934095621109,1.25,official_reference_rolling,20260926T200636Z-ece005a7010e4d948f67240af338ed22
XRP,1.15,KXXRP15M-26SEP271700-00,1790542200.2798355,0.926,no,599.7201645374298,1.25,official_reference_rolling,20260926T200636Z-ece005a7010e4d948f67240af338ed22
XRP,1.15,KXXRP15M-26SEP271745-45,1790545028.057132,0.949,no,471.9428679943085,1.25,official_reference_rolling,20260926T200636Z-ece005a7010e4d948f67240af338ed22
XRP,1.15,KXXRP15M-26SEP271800-00,1790545950.0398629,0.936,yes,449.96013712882996,1.25,official_reference_rolling,20260926T200636Z-ece005a7010e4d948f67240af338ed22
XRP,1.15,KXXRP15M-26SEP272000-00,1790553093.0600812,0.959,yes,506.939918756485,1.25,official_reference_rolling,20260926T200636Z-ece005a7010e4d948f67240af338ed22
XRP,1.15,KXXRP15M-26SEP272015-15,1790554126.139846,0.84,no,373.8601539134979,1.25,reference_price_floor,20260928T000015Z-133541b52f0e418485e8d57857da2a6a
XRP,1.15,KXXRP15M-26SEP280100-00,1790571415.2664003,0.934,no,184.73359966278076,1.25,official_reference_rolling,20260928T000015Z-133541b52f0e418485e8d57857da2a6a
XRP,1.15,KXXRP15M-26SEP280145-45,1790573880.0927396,0.953,no,419.90726041793823,1.25,official_reference_rolling,20260928T000015Z-133541b52f0e418485e8d57857da2a6a
XRP,1.15,KXXRP15M-26SEP280230-30,1790576460.091703,0.941,no,539.9082970619202,1.25,official_reference_rolling,20260928T000015Z-133541b52f0e418485e8d57857da2a6a
XRP,1.15,KXXRP15M-26SEP280330-30,1790580282.704259,0.939,no,317.2957410812378,1.25,official_reference_rolling,20260928T000015Z-133541b52f0e418485e8d57857da2a6a
XRP,1.15,KXXRP15M-26SEP280445-45,1790584957.078886,0.959,no,142.9211139678955,1.25,official_reference_rolling,20260928T000015Z-133541b52f0e418485e8d57857da2a6a
XRP,1.15,KXXRP15M-26SEP280800-00,1790596447.0664675,0.948,no,352.93353247642517,1.25,official_reference_rolling,20260928T000015Z-133541b52f0e418485e8d57857da2a6a
XRP,1.15,KXXRP15M-26SEP290145-45,1790660121.1316671,0.959,no,578.868332862854,1.1,official_reference_rolling,20260928T200258Z-0e5ddc03ab0944a2a3d402e6e0992ad5
XRP,1.1,KXXRP15M-26SEP262330-30,1790479278.100617,0.927,no,521.8993830680847,1.25,official_reference_rolling,20260926T200636Z-ece005a7010e4d948f67240af338ed22
XRP,1.1,KXXRP15M-26SEP262345-45,1790480620.117774,0.951,yes,79.88222599029541,1.25,official_reference_rolling,20260926T200636Z-ece005a7010e4d948f67240af338ed22
XRP,1.1,KXXRP15M-26SEP270000-00,1790481372.2443395,0.935,no,227.75566053390503,1.25,official_reference_rolling,20260926T200636Z-ece005a7010e4d948f67240af338ed22
XRP,1.1,KXXRP15M-26SEP270030-30,1790482999.5850933,0.949,no,400.4149067401886,1.25,official_reference_rolling,20260926T200636Z-ece005a7010e4d948f67240af338ed22
XRP,1.1,KXXRP15M-26SEP270045-45,1790483828.485963,0.933,no,471.5140368938446,1.25,official_reference_rolling,20260926T200636Z-ece005a7010e4d948f67240af338ed22
XRP,1.1,KXXRP15M-26SEP270115-15,1790485550.6129098,0.947,yes,549.3870902061462,1.25,official_reference_rolling,20260926T200636Z-ece005a7010e4d948f67240af338ed22
XRP,1.1,KXXRP15M-26SEP270130-30,1790486760.0964713,0.952,yes,239.90352869033813,1.25,official_reference_rolling,20260926T200636Z-ece005a7010e4d948f67240af338ed22
XRP,1.1,KXXRP15M-26SEP270145-45,1790487360.1090593,0.932,yes,539.8909406661987,1.25,official_reference_rolling,20260926T200636Z-ece005a7010e4d948f67240af338ed22
XRP,1.1,KXXRP15M-26SEP270215-15,1790489430.2714326,0.96,yes,269.72856736183167,1.25,official_reference_rolling,20260926T200636Z-ece005a7010e4d948f67240af338ed22
XRP,1.1,KXXRP15M-26SEP270315-15,1790493178.0093179,0.915,yes,121.99068212509155,1.25,official_reference_rolling,20260926T200636Z-ece005a7010e4d948f67240af338ed22
XRP,1.1,KXXRP15M-26SEP270330-30,1790493903.0563266,0.954,yes,296.9436733722687,1.25,official_reference_rolling,20260926T200636Z-ece005a7010e4d948f67240af338ed22
XRP,1.1,KXXRP15M-26SEP270345-45,1790494727.648105,0.96,yes,372.35189509391785,1.25,official_reference_rolling,20260926T200636Z-ece005a7010e4d948f67240af338ed22
XRP,1.1,KXXRP15M-26SEP270400-00,1790495781.173043,0.942,yes,218.82695698738098,1.25,official_reference_rolling,20260926T200636Z-ece005a7010e4d948f67240af338ed22
XRP,1.1,KXXRP15M-26SEP270500-00,1790499432.897515,0.914,no,167.10248494148254,1.25,official_reference_rolling,20260926T200636Z-ece005a7010e4d948f67240af338ed22
XRP,1.1,KXXRP15M-26SEP270515-15,1790499973.060656,0.959,no,526.9393439292908,1.25,official_reference_rolling,20260926T200636Z-ece005a7010e4d948f67240af338ed22
XRP,1.1,KXXRP15M-26SEP270600-00,1790502994.0548127,0.952,yes,205.94518733024597,1.25,official_reference_rolling,20260926T200636Z-ece005a7010e4d948f67240af338ed22
XRP,1.1,KXXRP15M-26SEP270615-15,1790503932.090998,0.956,yes,167.90900206565857,1.25,official_reference_rolling,20260926T200636Z-ece005a7010e4d948f67240af338ed22
XRP,1.1,KXXRP15M-26SEP270630-30,1790504781.96483,0.958,no,218.0351700782776,1.25,official_reference_rolling,20260926T200636Z-ece005a7010e4d948f67240af338ed22
XRP,1.1,KXXRP15M-26SEP270700-00,1790506604.260659,0.908,yes,195.7393410205841,1.25,official_reference_rolling,20260926T200636Z-ece005a7010e4d948f67240af338ed22
XRP,1.1,KXXRP15M-26SEP270745-45,1790509241.285777,0.959,no,258.71422290802,1.25,official_reference_rolling,20260926T200636Z-ece005a7010e4d948f67240af338ed22
XRP,1.1,KXXRP15M-26SEP270800-00,1790510069.0802636,0.938,yes,330.91973638534546,1.25,official_reference_rolling,20260926T200636Z-ece005a7010e4d948f67240af338ed22
XRP,1.1,KXXRP15M-26SEP270845-45,1790512622.0661347,0.937,yes,477.9338653087616,1.25,official_reference_rolling,20260926T200636Z-ece005a7010e4d948f67240af338ed22
XRP,1.1,KXXRP15M-26SEP271215-15,1790525185.303452,0.943,yes,514.6965479850769,1.25,official_reference_rolling,20260926T200636Z-ece005a7010e4d948f67240af338ed22
XRP,1.1,KXXRP15M-26SEP271345-45,1790530506.0437045,0.89,yes,593.9562954902649,1.25,official_reference_rolling,20260926T200636Z-ece005a7010e4d948f67240af338ed22
XRP,1.1,KXXRP15M-26SEP271415-15,1790532600.3695457,0.912,yes,299.6304543018341,1.25,official_reference_rolling,20260926T200636Z-ece005a7010e4d948f67240af338ed22
XRP,1.1,KXXRP15M-26SEP271500-00,1790535054.0688884,0.929,yes,545.931111574173,1.25,official_reference_rolling,20260926T200636Z-ece005a7010e4d948f67240af338ed22
XRP,1.1,KXXRP15M-26SEP271515-15,1790536024.09692,0.946,no,475.90307998657227,1.25,official_reference_rolling,20260926T200636Z-ece005a7010e4d948f67240af338ed22
XRP,1.1,KXXRP15M-26SEP271615-15,1790539748.106374,0.911,yes,351.89362597465515,1.25,official_reference_rolling,20260926T200636Z-ece005a7010e4d948f67240af338ed22
XRP,1.1,KXXRP15M-26SEP271630-30,1790540473.5757713,0.908,no,526.4242286682129,1.25,official_reference_rolling,20260926T200636Z-ece005a7010e4d948f67240af338ed22
XRP,1.1,KXXRP15M-26SEP271700-00,1790542200.2798355,0.926,no,599.7201645374298,1.25,official_reference_rolling,20260926T200636Z-ece005a7010e4d948f67240af338ed22
XRP,1.1,KXXRP15M-26SEP271745-45,1790545028.057132,0.949,no,471.9428679943085,1.25,official_reference_rolling,20260926T200636Z-ece005a7010e4d948f67240af338ed22
XRP,1.1,KXXRP15M-26SEP271800-00,1790545948.2763274,0.933,yes,451.7236726284027,1.25,official_reference_rolling,20260926T200636Z-ece005a7010e4d948f67240af338ed22
XRP,1.1,KXXRP15M-26SEP271845-45,1790548587.263412,0.96,no,512.7365880012512,1.25,official_reference_rolling,20260926T200636Z-ece005a7010e4d948f67240af338ed22
XRP,1.1,KXXRP15M-26SEP272000-00,1790553093.0600812,0.959,yes,506.939918756485,1.25,official_reference_rolling,20260926T200636Z-ece005a7010e4d948f67240af338ed22
XRP,1.1,KXXRP15M-26SEP272015-15,1790554126.139846,0.84,no,373.8601539134979,1.25,reference_price_floor,20260928T000015Z-133541b52f0e418485e8d57857da2a6a
XRP,1.1,KXXRP15M-26SEP280100-00,1790571364.0349176,0.94,no,235.96508240699768,1.25,official_reference_rolling,20260928T000015Z-133541b52f0e418485e8d57857da2a6a
XRP,1.1,KXXRP15M-26SEP280145-45,1790573823.1672401,0.946,no,476.83275985717773,1.25,official_reference_rolling,20260928T000015Z-133541b52f0e418485e8d57857da2a6a
XRP,1.1,KXXRP15M-26SEP280230-30,1790576460.091703,0.941,no,539.9082970619202,1.25,official_reference_rolling,20260928T000015Z-133541b52f0e418485e8d57857da2a6a
XRP,1.1,KXXRP15M-26SEP280300-00,1790578595.74162,0.948,no,204.25837993621826,1.25,official_reference_rolling,20260928T000015Z-133541b52f0e418485e8d57857da2a6a
XRP,1.1,KXXRP15M-26SEP280330-30,1790580270.7907183,0.923,no,329.20928168296814,1.25,official_reference_rolling,20260928T000015Z-133541b52f0e418485e8d57857da2a6a
XRP,1.1,KXXRP15M-26SEP280445-45,1790584956.439746,0.959,no,143.56025409698486,1.25,official_reference_rolling,20260928T000015Z-133541b52f0e418485e8d57857da2a6a
XRP,1.1,KXXRP15M-26SEP280500-00,1790585535.7008352,0.959,yes,464.2991647720337,1.25,official_reference_rolling,20260928T000015Z-133541b52f0e418485e8d57857da2a6a
XRP,1.1,KXXRP15M-26SEP280645-45,1790591758.69123,0.957,yes,541.30876994133,1.25,official_reference_rolling,20260928T000015Z-133541b52f0e418485e8d57857da2a6a
XRP,1.1,KXXRP15M-26SEP280800-00,1790596447.0664675,0.948,no,352.93353247642517,1.25,official_reference_rolling,20260928T000015Z-133541b52f0e418485e8d57857da2a6a
XRP,1.1,KXXRP15M-26SEP290145-45,1790660121.1316671,0.959,no,578.868332862854,1.1,official_reference_rolling,20260928T200258Z-0e5ddc03ab0944a2a3d402e6e0992ad5
XRP,1,KXXRP15M-26SEP262330-30,1790479256.081791,0.921,no,543.9182090759277,1.25,official_reference_rolling,20260926T200636Z-ece005a7010e4d948f67240af338ed22
XRP,1,KXXRP15M-26SEP262345-45,1790480430.0522485,0.95,yes,269.9477515220642,1.25,official_reference_rolling,20260926T200636Z-ece005a7010e4d948f67240af338ed22
XRP,1,KXXRP15M-26SEP270000-00,1790481360.0603268,0.903,no,239.9396731853485,1.25,official_reference_rolling,20260926T200636Z-ece005a7010e4d948f67240af338ed22
XRP,1,KXXRP15M-26SEP270030-30,1790482990.0817242,0.949,no,409.9182758331299,1.25,official_reference_rolling,20260926T200636Z-ece005a7010e4d948f67240af338ed22
XRP,1,KXXRP15M-26SEP270045-45,1790483820.3275952,0.928,no,479.67240476608276,1.25,official_reference_rolling,20260926T200636Z-ece005a7010e4d948f67240af338ed22
XRP,1,KXXRP15M-26SEP270115-15,1790485519.1005821,0.931,yes,580.8994178771973,1.25,official_reference_rolling,20260926T200636Z-ece005a7010e4d948f67240af338ed22
XRP,1,KXXRP15M-26SEP270130-30,1790486594.0928788,0.936,yes,405.90712118148804,1.25,official_reference_rolling,20260926T200636Z-ece005a7010e4d948f67240af338ed22
XRP,1,KXXRP15M-26SEP270145-45,1790487350.588597,0.908,yes,549.4114029407501,1.25,official_reference_rolling,20260926T200636Z-ece005a7010e4d948f67240af338ed22
XRP,1,KXXRP15M-26SEP270215-15,1790489305.0717795,0.89,yes,394.9282205104828,1.25,official_reference_rolling,20260926T200636Z-ece005a7010e4d948f67240af338ed22
XRP,1,KXXRP15M-26SEP270245-45,1790491306.8600357,0.954,no,193.1399643421173,1.25,official_reference_rolling,20260926T200636Z-ece005a7010e4d948f67240af338ed22
XRP,1,KXXRP15M-26SEP270315-15,1790493178.0093179,0.915,yes,121.99068212509155,1.25,official_reference_rolling,20260926T200636Z-ece005a7010e4d948f67240af338ed22
XRP,1,KXXRP15M-26SEP270330-30,1790493895.0564125,0.928,yes,304.9435875415802,1.25,official_reference_rolling,20260926T200636Z-ece005a7010e4d948f67240af338ed22
XRP,1,KXXRP15M-26SEP270345-45,1790494712.0486999,0.918,yes,387.95130014419556,1.25,official_reference_rolling,20260926T200636Z-ece005a7010e4d948f67240af338ed22
XRP,1,KXXRP15M-26SEP270400-00,1790495781.173043,0.942,yes,218.82695698738098,1.25,official_reference_rolling,20260926T200636Z-ece005a7010e4d948f67240af338ed22
XRP,1,KXXRP15M-26SEP270415-15,1790496490.0667224,0.95,yes,409.9332776069641,1.25,official_reference_rolling,20260926T200636Z-ece005a7010e4d948f67240af338ed22
XRP,1,KXXRP15M-26SEP270500-00,1790499429.2921956,0.91,no,170.70780444145203,1.25,official_reference_rolling,20260926T200636Z-ece005a7010e4d948f67240af338ed22
XRP,1,KXXRP15M-26SEP270515-15,1790499973.060656,0.959,no,526.9393439292908,1.25,official_reference_rolling,20260926T200636Z-ece005a7010e4d948f67240af338ed22
XRP,1,KXXRP15M-26SEP270600-00,1790502978.8597379,0.935,yes,221.1402621269226,1.25,official_reference_rolling,20260926T200636Z-ece005a7010e4d948f67240af338ed22
XRP,1,KXXRP15M-26SEP270615-15,1790503920.6913745,0.95,yes,179.30862545967102,1.25,official_reference_rolling,20260926T200636Z-ece005a7010e4d948f67240af338ed22
XRP,1,KXXRP15M-26SEP270630-30,1790504773.081082,0.942,no,226.9189178943634,1.25,official_reference_rolling,20260926T200636Z-ece005a7010e4d948f67240af338ed22
XRP,1,KXXRP15M-26SEP270700-00,1790506603.258946,0.92,yes,196.74105405807495,1.25,official_reference_rolling,20260926T200636Z-ece005a7010e4d948f67240af338ed22
XRP,1,KXXRP15M-26SEP270745-45,1790509237.0947545,0.95,no,262.90524554252625,1.25,official_reference_rolling,20260926T200636Z-ece005a7010e4d948f67240af338ed22
XRP,1,KXXRP15M-26SEP270800-00,1790510028.08402,0.944,yes,371.9159801006317,1.25,official_reference_rolling,20260926T200636Z-ece005a7010e4d948f67240af338ed22
XRP,1,KXXRP15M-26SEP270830-30,1790512102.1883893,0.96,no,97.81161069869995,1.25,official_reference_rolling,20260926T200636Z-ece005a7010e4d948f67240af338ed22
XRP,1,KXXRP15M-26SEP270845-45,1790512621.0528247,0.936,yes,478.9471752643585,1.25,official_reference_rolling,20260926T200636Z-ece005a7010e4d948f67240af338ed22
XRP,1,KXXRP15M-26SEP270900-00,1790513610.040078,0.952,no,389.9599220752716,1.25,official_reference_rolling,20260926T200636Z-ece005a7010e4d948f67240af338ed22
XRP,1,KXXRP15M-26SEP271030-30,1790519031.0717971,0.96,no,368.92820286750793,1.25,official_reference_rolling,20260926T200636Z-ece005a7010e4d948f67240af338ed22
XRP,1,KXXRP15M-26SEP271215-15,1790525124.076165,0.901,yes,575.9238350391388,1.25,official_reference_rolling,20260926T200636Z-ece005a7010e4d948f67240af338ed22
XRP,1,KXXRP15M-26SEP271345-45,1790530506.0437045,0.89,yes,593.9562954902649,1.25,official_reference_rolling,20260926T200636Z-ece005a7010e4d948f67240af338ed22
XRP,1,KXXRP15M-26SEP271400-00,1790531415.2641377,0.913,yes,584.7358622550964,1.25,official_reference_rolling,20260926T200636Z-ece005a7010e4d948f67240af338ed22
XRP,1,KXXRP15M-26SEP271415-15,1790532559.0996866,0.89,yes,340.90031337738037,1.25,official_reference_rolling,20260926T200636Z-ece005a7010e4d948f67240af338ed22
XRP,1,KXXRP15M-26SEP271430-30,1790533494.7430327,0.96,yes,305.2569673061371,1.25,official_reference_rolling,20260926T200636Z-ece005a7010e4d948f67240af338ed22
XRP,1,KXXRP15M-26SEP271500-00,1790535040.505024,0.916,yes,559.4949760437012,1.25,official_reference_rolling,20260926T200636Z-ece005a7010e4d948f67240af338ed22
XRP,1,KXXRP15M-26SEP271515-15,1790535960.1228895,0.937,no,539.8771104812622,1.25,official_reference_rolling,20260926T200636Z-ece005a7010e4d948f67240af338ed22
XRP,1,KXXRP15M-26SEP271600-00,1790539020.938079,0.954,no,179.06192088127136,1.25,official_reference_rolling,20260926T200636Z-ece005a7010e4d948f67240af338ed22
XRP,1,KXXRP15M-26SEP271615-15,1790539508.1068547,0.905,yes,591.8931453227997,1.25,official_reference_rolling,20260926T200636Z-ece005a7010e4d948f67240af338ed22
XRP,1,KXXRP15M-26SEP271630-30,1790540473.5757713,0.908,no,526.4242286682129,1.25,official_reference_rolling,20260926T200636Z-ece005a7010e4d948f67240af338ed22
XRP,1,KXXRP15M-26SEP271700-00,1790542200.2798355,0.926,no,599.7201645374298,1.25,official_reference_rolling,20260926T200636Z-ece005a7010e4d948f67240af338ed22
XRP,1,KXXRP15M-26SEP271745-45,1790545028.057132,0.949,no,471.9428679943085,1.25,official_reference_rolling,20260926T200636Z-ece005a7010e4d948f67240af338ed22
XRP,1,KXXRP15M-26SEP271800-00,1790545934.084385,0.919,yes,465.9156150817871,1.25,official_reference_rolling,20260926T200636Z-ece005a7010e4d948f67240af338ed22
XRP,1,KXXRP15M-26SEP271815-15,1790546734.0957592,0.915,no,565.9042408466339,1.25,official_reference_rolling,20260926T200636Z-ece005a7010e4d948f67240af338ed22
XRP,1,KXXRP15M-26SEP271830-30,1790547784.1830163,0.96,yes,415.8169836997986,1.25,official_reference_rolling,20260926T200636Z-ece005a7010e4d948f67240af338ed22
XRP,1,KXXRP15M-26SEP271845-45,1790548587.263412,0.96,no,512.7365880012512,1.25,official_reference_rolling,20260926T200636Z-ece005a7010e4d948f67240af338ed22
XRP,1,KXXRP15M-26SEP272000-00,1790553048.6528962,0.958,yes,551.3471038341522,1.25,official_reference_rolling,20260926T200636Z-ece005a7010e4d948f67240af338ed22
XRP,1,KXXRP15M-26SEP272015-15,1790554126.139846,0.84,no,373.8601539134979,1.25,reference_price_floor,20260928T000015Z-133541b52f0e418485e8d57857da2a6a
XRP,1,KXXRP15M-26SEP272200-00,1790560209.0969267,0.91,no,590.903073310852,1.25,official_reference_rolling,20260928T000015Z-133541b52f0e418485e8d57857da2a6a
XRP,1,KXXRP15M-26SEP272230-30,1790562180.8194375,0.947,no,419.1805624961853,1.25,official_reference_rolling,20260928T000015Z-133541b52f0e418485e8d57857da2a6a
XRP,1,KXXRP15M-26SEP272245-45,1790563081.4567566,0.958,no,418.5432434082031,1.25,official_reference_rolling,20260928T000015Z-133541b52f0e418485e8d57857da2a6a
XRP,1,KXXRP15M-26SEP280015-15,1790568308.0592592,0.901,no,591.9407408237457,1.25,official_reference_rolling,20260928T000015Z-133541b52f0e418485e8d57857da2a6a
XRP,1,KXXRP15M-26SEP280045-45,1790570585.0954278,0.959,yes,114.90457224845886,1.25,official_reference_rolling,20260928T000015Z-133541b52f0e418485e8d57857da2a6a
XRP,1,KXXRP15M-26SEP280100-00,1790571336.3181512,0.927,no,263.68184876441956,1.25,official_reference_rolling,20260928T000015Z-133541b52f0e418485e8d57857da2a6a
XRP,1,KXXRP15M-26SEP280130-30,1790573036.5032358,0.902,no,363.49676418304443,1.25,official_reference_rolling,20260928T000015Z-133541b52f0e418485e8d57857da2a6a
XRP,1,KXXRP15M-26SEP280145-45,1790573821.073143,0.931,no,478.9268569946289,1.25,official_reference_rolling,20260928T000015Z-133541b52f0e418485e8d57857da2a6a
XRP,1,KXXRP15M-26SEP280215-15,1790575850.2871952,0.932,yes,249.71280479431152,1.25,official_reference_rolling,20260928T000015Z-133541b52f0e418485e8d57857da2a6a
XRP,1,KXXRP15M-26SEP280230-30,1790576443.0849714,0.93,no,556.9150285720825,1.25,official_reference_rolling,20260928T000015Z-133541b52f0e418485e8d57857da2a6a
XRP,1,KXXRP15M-26SEP280300-00,1790578560.2010725,0.942,no,239.79892754554749,1.25,official_reference_rolling,20260928T000015Z-133541b52f0e418485e8d57857da2a6a
XRP,1,KXXRP15M-26SEP280330-30,1790580264.042652,0.9,no,335.9573481082916,1.25,official_reference_rolling,20260928T000015Z-133541b52f0e418485e8d57857da2a6a
XRP,1,KXXRP15M-26SEP280400-00,1790582178.5997596,0.955,yes,221.40024042129517,1.25,official_reference_rolling,20260928T000015Z-133541b52f0e418485e8d57857da2a6a
XRP,1,KXXRP15M-26SEP280430-30,1790583887.0825794,0.936,no,312.91742062568665,1.25,official_reference_rolling,20260928T000015Z-133541b52f0e418485e8d57857da2a6a
XRP,1,KXXRP15M-26SEP280445-45,1790584956.439746,0.959,no,143.56025409698486,1.25,official_reference_rolling,20260928T000015Z-133541b52f0e418485e8d57857da2a6a
XRP,1,KXXRP15M-26SEP280500-00,1790585521.0668519,0.948,yes,478.93314814567566,1.25,official_reference_rolling,20260928T000015Z-133541b52f0e418485e8d57857da2a6a
XRP,1,KXXRP15M-26SEP280615-15,1790589907.1796463,0.96,yes,592.8203537464142,1.25,official_reference_rolling,20260928T000015Z-133541b52f0e418485e8d57857da2a6a
XRP,1,KXXRP15M-26SEP280645-45,1790591747.6678698,0.953,yes,552.3321301937103,1.25,official_reference_rolling,20260928T000015Z-133541b52f0e418485e8d57857da2a6a
XRP,1,KXXRP15M-26SEP280745-45,1790595490.0458226,0.949,yes,409.95417737960815,1.25,official_reference_rolling,20260928T000015Z-133541b52f0e418485e8d57857da2a6a
XRP,1,KXXRP15M-26SEP280800-00,1790596431.5756981,0.936,no,368.4243018627167,1.25,official_reference_rolling,20260928T000015Z-133541b52f0e418485e8d57857da2a6a
XRP,1,KXXRP15M-26SEP280830-30,1790598060.0880852,0.957,yes,539.9119148254395,1.25,official_reference_rolling,20260928T000015Z-133541b52f0e418485e8d57857da2a6a
XRP,1,KXXRP15M-26SEP280900-00,1790599938.2714279,0.96,yes,461.72857213020325,1.25,official_reference_rolling,20260928T000015Z-133541b52f0e418485e8d57857da2a6a
XRP,1,KXXRP15M-26SEP280930-30,1790601948.712786,0.942,yes,251.28721404075623,1.25,official_reference_rolling,20260928T000015Z-133541b52f0e418485e8d57857da2a6a
XRP,1,KXXRP15M-26SEP281015-15,1790604308.0770338,0.927,no,591.9229662418365,1.25,official_reference_rolling,20260928T000015Z-133541b52f0e418485e8d57857da2a6a
XRP,1,KXXRP15M-26SEP290145-45,1790660121.1316671,0.959,no,578.868332862854,1.1,official_reference_rolling,20260928T200258Z-0e5ddc03ab0944a2a3d402e6e0992ad5
XRP,1,KXXRP15M-26SEP290430-30,1790670345.0754437,0.959,yes,254.92455625534058,1.1,official_reference_rolling,20260928T200258Z-0e5ddc03ab0944a2a3d402e6e0992ad5
XRP,0.9,KXXRP15M-26SEP262330-30,1790479247.0793033,0.9,no,552.9206967353821,1.25,official_reference_rolling,20260926T200636Z-ece005a7010e4d948f67240af338ed22
XRP,0.9,KXXRP15M-26SEP262345-45,1790480280.770085,0.908,yes,419.22991490364075,1.25,official_reference_rolling,20260926T200636Z-ece005a7010e4d948f67240af338ed22
XRP,0.9,KXXRP15M-26SEP270000-00,1790481360.0603268,0.903,no,239.9396731853485,1.25,official_reference_rolling,20260926T200636Z-ece005a7010e4d948f67240af338ed22
XRP,0.9,KXXRP15M-26SEP270030-30,1790482860.0778294,0.938,no,539.9221706390381,1.25,official_reference_rolling,20260926T200636Z-ece005a7010e4d948f67240af338ed22
XRP,0.9,KXXRP15M-26SEP270045-45,1790483799.0608776,0.9,no,500.9391224384308,1.25,official_reference_rolling,20260926T200636Z-ece005a7010e4d948f67240af338ed22
XRP,0.9,KXXRP15M-26SEP270100-00,1790485022.0908918,0.931,yes,177.90910816192627,1.25,official_reference_rolling,20260926T200636Z-ece005a7010e4d948f67240af338ed22
XRP,0.9,KXXRP15M-26SEP270115-15,1790485513.0478804,0.913,yes,586.9521195888519,1.25,official_reference_rolling,20260926T200636Z-ece005a7010e4d948f67240af338ed22
XRP,0.9,KXXRP15M-26SEP270130-30,1790486582.06539,0.914,yes,417.93460988998413,1.25,official_reference_rolling,20260926T200636Z-ece005a7010e4d948f67240af338ed22
XRP,0.9,KXXRP15M-26SEP270145-45,1790487347.0655305,0.906,yes,552.934469461441,1.25,official_reference_rolling,20260926T200636Z-ece005a7010e4d948f67240af338ed22
XRP,0.9,KXXRP15M-26SEP270215-15,1790489287.0846112,0.88,yes,412.91538882255554,1.25,official_reference_rolling,20260926T200636Z-ece005a7010e4d948f67240af338ed22
XRP,0.9,KXXRP15M-26SEP270245-45,1790491209.9329076,0.922,no,290.06709241867065,1.25,official_reference_rolling,20260926T200636Z-ece005a7010e4d948f67240af338ed22
XRP,0.9,KXXRP15M-26SEP270315-15,1790493106.0973406,0.925,yes,193.90265941619873,1.25,official_reference_rolling,20260926T200636Z-ece005a7010e4d948f67240af338ed22
XRP,0.9,KXXRP15M-26SEP270330-30,1790493894.0477085,0.916,yes,305.95229148864746,1.25,official_reference_rolling,20260926T200636Z-ece005a7010e4d948f67240af338ed22
XRP,0.9,KXXRP15M-26SEP270345-45,1790494712.0486999,0.918,yes,387.95130014419556,1.25,official_reference_rolling,20260926T200636Z-ece005a7010e4d948f67240af338ed22
XRP,0.9,KXXRP15M-26SEP270400-00,1790495587.7714667,0.909,yes,412.22853326797485,1.25,official_reference_rolling,20260926T200636Z-ece005a7010e4d948f67240af338ed22
XRP,0.9,KXXRP15M-26SEP270415-15,1790496488.0870383,0.927,yes,411.9129617214203,1.25,official_reference_rolling,20260926T200636Z-ece005a7010e4d948f67240af338ed22
XRP,0.9,KXXRP15M-26SEP270500-00,1790499429.2921956,0.91,no,170.70780444145203,1.25,official_reference_rolling,20260926T200636Z-ece005a7010e4d948f67240af338ed22
XRP,0.9,KXXRP15M-26SEP270515-15,1790499963.4981055,0.93,no,536.5018944740295,1.25,official_reference_rolling,20260926T200636Z-ece005a7010e4d948f67240af338ed22
XRP,0.9,KXXRP15M-26SEP270545-45,1790501899.9344172,0.955,yes,400.0655827522278,1.25,official_reference_rolling,20260926T200636Z-ece005a7010e4d948f67240af338ed22
XRP,0.9,KXXRP15M-26SEP270600-00,1790502967.049316,0.9,yes,232.95068407058716,1.25,official_reference_rolling,20260926T200636Z-ece005a7010e4d948f67240af338ed22
XRP,0.9,KXXRP15M-26SEP270615-15,1790503909.0690312,0.929,yes,190.9309687614441,1.25,official_reference_rolling,20260926T200636Z-ece005a7010e4d948f67240af338ed22
XRP,0.9,KXXRP15M-26SEP270630-30,1790504764.2859514,0.933,no,235.7140486240387,1.25,official_reference_rolling,20260926T200636Z-ece005a7010e4d948f67240af338ed22
XRP,0.9,KXXRP15M-26SEP270700-00,1790506603.258946,0.92,yes,196.74105405807495,1.25,official_reference_rolling,20260926T200636Z-ece005a7010e4d948f67240af338ed22
XRP,0.9,KXXRP15M-26SEP270715-15,1790507595.0563142,0.959,no,104.94368577003479,1.25,official_reference_rolling,20260926T200636Z-ece005a7010e4d948f67240af338ed22
XRP,0.9,KXXRP15M-26SEP270730-30,1790508413.1241899,0.956,yes,186.8758101463318,1.25,official_reference_rolling,20260926T200636Z-ece005a7010e4d948f67240af338ed22
XRP,0.9,KXXRP15M-26SEP270745-45,1790509191.0576477,0.947,no,308.9423522949219,1.25,official_reference_rolling,20260926T200636Z-ece005a7010e4d948f67240af338ed22
XRP,0.9,KXXRP15M-26SEP270800-00,1790509981.6246946,0.91,yes,418.37530541419983,1.25,official_reference_rolling,20260926T200636Z-ece005a7010e4d948f67240af338ed22
XRP,0.9,KXXRP15M-26SEP270815-15,1790511000.9499047,0.952,yes,299.0500953197479,1.25,official_reference_rolling,20260926T200636Z-ece005a7010e4d948f67240af338ed22
XRP,0.9,KXXRP15M-26SEP270830-30,1790512102.1883893,0.96,no,97.81161069869995,1.25,official_reference_rolling,20260926T200636Z-ece005a7010e4d948f67240af338ed22
XRP,0.9,KXXRP15M-26SEP270845-45,1790512621.0528247,0.936,yes,478.9471752643585,1.25,official_reference_rolling,20260926T200636Z-ece005a7010e4d948f67240af338ed22
XRP,0.9,KXXRP15M-26SEP270900-00,1790513606.0762072,0.939,no,393.9237928390503,1.25,official_reference_rolling,20260926T200636Z-ece005a7010e4d948f67240af338ed22
XRP,0.9,KXXRP15M-26SEP270915-15,1790514360.0914772,0.954,no,539.9085228443146,1.25,official_reference_rolling,20260926T200636Z-ece005a7010e4d948f67240af338ed22
XRP,0.9,KXXRP15M-26SEP271000-00,1790517231.0653315,0.96,yes,368.9346685409546,1.25,official_reference_rolling,20260926T200636Z-ece005a7010e4d948f67240af338ed22
XRP,0.9,KXXRP15M-26SEP271015-15,1790517909.0609949,0.916,no,590.9390051364899,1.25,official_reference_rolling,20260926T200636Z-ece005a7010e4d948f67240af338ed22
XRP,0.9,KXXRP15M-26SEP271030-30,1790519005.9812558,0.949,no,394.0187442302704,1.25,official_reference_rolling,20260926T200636Z-ece005a7010e4d948f67240af338ed22
XRP,0.9,KXXRP15M-26SEP271130-30,1790522830.086073,0.929,no,169.91392707824707,1.25,official_reference_rolling,20260926T200636Z-ece005a7010e4d948f67240af338ed22
XRP,0.9,KXXRP15M-26SEP271200-00,1790524620.451081,0.952,yes,179.54891896247864,1.25,official_reference_rolling,20260926T200636Z-ece005a7010e4d948f67240af338ed22
XRP,0.9,KXXRP15M-26SEP271215-15,1790525115.0762205,0.88,yes,584.9237794876099,1.25,official_reference_rolling,20260926T200636Z-ece005a7010e4d948f67240af338ed22
XRP,0.9,KXXRP15M-26SEP271230-30,1790526465.0548322,0.95,no,134.94516777992249,1.25,official_reference_rolling,20260926T200636Z-ece005a7010e4d948f67240af338ed22
XRP,0.9,KXXRP15M-26SEP271300-00,1790527990.0526154,0.88,yes,409.947384595871,1.25,official_reference_rolling,20260926T200636Z-ece005a7010e4d948f67240af338ed22
XRP,0.9,KXXRP15M-26SEP271315-15,1790529175.6385434,0.959,yes,124.36145663261414,1.25,official_reference_rolling,20260926T200636Z-ece005a7010e4d948f67240af338ed22
XRP,0.9,KXXRP15M-26SEP271345-45,1790530501.0810883,0.9,yes,598.9189116954803,1.25,official_reference_rolling,20260926T200636Z-ece005a7010e4d948f67240af338ed22
XRP,0.9,KXXRP15M-26SEP271400-00,1790531400.607906,0.915,yes,599.3920938968658,1.25,official_reference_rolling,20260926T200636Z-ece005a7010e4d948f67240af338ed22
XRP,0.9,KXXRP15M-26SEP271415-15,1790532553.0848553,0.87,yes,346.91514468193054,1.25,official_reference_rolling,20260926T200636Z-ece005a7010e4d948f67240af338ed22
XRP,0.9,KXXRP15M-26SEP271430-30,1790533207.932757,0.914,yes,592.0672430992126,1.25,official_reference_rolling,20260926T200636Z-ece005a7010e4d948f67240af338ed22
XRP,0.9,KXXRP15M-26SEP271500-00,1790535032.0799942,0.9,yes,567.9200057983398,1.25,official_reference_rolling,20260926T200636Z-ece005a7010e4d948f67240af338ed22
XRP,0.9,KXXRP15M-26SEP271515-15,1790535911.1114876,0.918,no,588.8885123729706,1.25,official_reference_rolling,20260926T200636Z-ece005a7010e4d948f67240af338ed22
XRP,0.9,KXXRP15M-26SEP271545-45,1790538001.031641,0.94,yes,298.9683589935303,1.25,official_reference_rolling,20260926T200636Z-ece005a7010e4d948f67240af338ed22
XRP,0.9,KXXRP15M-26SEP271600-00,1790538984.4876614,0.953,no,215.51233863830566,1.25,official_reference_rolling,20260926T200636Z-ece005a7010e4d948f67240af338ed22
XRP,0.9,KXXRP15M-26SEP271615-15,1790539508.1068547,0.905,yes,591.8931453227997,1.25,official_reference_rolling,20260926T200636Z-ece005a7010e4d948f67240af338ed22
XRP,0.9,KXXRP15M-26SEP271630-30,1790540473.5757713,0.908,no,526.4242286682129,1.25,official_reference_rolling,20260926T200636Z-ece005a7010e4d948f67240af338ed22
XRP,0.9,KXXRP15M-26SEP271700-00,1790542200.2798355,0.926,no,599.7201645374298,1.25,official_reference_rolling,20260926T200636Z-ece005a7010e4d948f67240af338ed22
XRP,0.9,KXXRP15M-26SEP271745-45,1790545000.0486207,0.912,no,499.9513792991638,1.25,official_reference_rolling,20260926T200636Z-ece005a7010e4d948f67240af338ed22
XRP,0.9,KXXRP15M-26SEP271800-00,1790545934.084385,0.919,yes,465.9156150817871,1.25,official_reference_rolling,20260926T200636Z-ece005a7010e4d948f67240af338ed22
XRP,0.9,KXXRP15M-26SEP271815-15,1790546703.101498,0.9,no,596.8985021114349,1.25,official_reference_rolling,20260926T200636Z-ece005a7010e4d948f67240af338ed22
XRP,0.9,KXXRP15M-26SEP271830-30,1790547781.094194,0.95,yes,418.9058060646057,1.25,official_reference_rolling,20260926T200636Z-ece005a7010e4d948f67240af338ed22
XRP,0.9,KXXRP15M-26SEP271845-45,1790548587.263412,0.96,no,512.7365880012512,1.25,official_reference_rolling,20260926T200636Z-ece005a7010e4d948f67240af338ed22
XRP,0.9,KXXRP15M-26SEP272000-00,1790553008.062178,0.924,yes,591.9378221035004,1.25,official_reference_rolling,20260926T200636Z-ece005a7010e4d948f67240af338ed22
XRP,0.9,KXXRP15M-26SEP272015-15,1790554126.139846,0.84,no,373.8601539134979,1.25,reference_price_floor,20260928T000015Z-133541b52f0e418485e8d57857da2a6a
XRP,0.9,KXXRP15M-26SEP272045-45,1790555732.0629828,0.959,no,567.9370172023773,1.25,official_reference_rolling,20260928T000015Z-133541b52f0e418485e8d57857da2a6a
XRP,0.9,KXXRP15M-26SEP272100-00,1790556895.1835177,0.957,yes,304.81648230552673,1.25,official_reference_rolling,20260928T000015Z-133541b52f0e418485e8d57857da2a6a
XRP,0.9,KXXRP15M-26SEP272200-00,1790560200.6961808,0.9,no,599.3038191795349,1.25,official_reference_rolling,20260928T000015Z-133541b52f0e418485e8d57857da2a6a
XRP,0.9,KXXRP15M-26SEP272230-30,1790562180.8194375,0.947,no,419.1805624961853,1.25,official_reference_rolling,20260928T000015Z-133541b52f0e418485e8d57857da2a6a
XRP,0.9,KXXRP15M-26SEP272245-45,1790563081.4567566,0.958,no,418.5432434082031,1.25,official_reference_rolling,20260928T000015Z-133541b52f0e418485e8d57857da2a6a
XRP,0.9,KXXRP15M-26SEP272300-00,1790564176.0819979,0.938,no,223.91800212860107,1.25,official_reference_rolling,20260928T000015Z-133541b52f0e418485e8d57857da2a6a
XRP,0.9,KXXRP15M-26SEP272315-15,1790565000.0759466,0.955,yes,299.92405343055725,1.25,official_reference_rolling,20260928T000015Z-133541b52f0e418485e8d57857da2a6a
XRP,0.9,KXXRP15M-26SEP272330-30,1790565937.604131,0.949,no,262.39586901664734,1.25,official_reference_rolling,20260928T000015Z-133541b52f0e418485e8d57857da2a6a
XRP,0.9,KXXRP15M-26SEP280015-15,1790568301.9717343,0.905,no,598.0282657146454,1.25,official_reference_rolling,20260928T000015Z-133541b52f0e418485e8d57857da2a6a
XRP,0.9,KXXRP15M-26SEP280030-30,1790569441.1358576,0.95,yes,358.8641424179077,1.25,official_reference_rolling,20260928T000015Z-133541b52f0e418485e8d57857da2a6a
XRP,0.9,KXXRP15M-26SEP280045-45,1790570580.09402,0.918,yes,119.90598011016846,1.25,official_reference_rolling,20260928T000015Z-133541b52f0e418485e8d57857da2a6a
XRP,0.9,KXXRP15M-26SEP280100-00,1790571001.0999746,0.89,no,598.9000253677368,1.25,official_reference_rolling,20260928T000015Z-133541b52f0e418485e8d57857da2a6a
XRP,0.9,KXXRP15M-26SEP280115-15,1790572126.055846,0.943,no,373.94415402412415,1.25,official_reference_rolling,20260928T000015Z-133541b52f0e418485e8d57857da2a6a
XRP,0.9,KXXRP15M-26SEP280130-30,1790573031.036736,0.89,no,368.9632639884949,1.25,official_reference_rolling,20260928T000015Z-133541b52f0e418485e8d57857da2a6a
XRP,0.9,KXXRP15M-26SEP280145-45,1790573700.2540228,0.908,no,599.7459771633148,1.25,official_reference_rolling,20260928T000015Z-133541b52f0e418485e8d57857da2a6a
XRP,0.9,KXXRP15M-26SEP280215-15,1790575829.112122,0.913,yes,270.8878779411316,1.25,official_reference_rolling,20260928T000015Z-133541b52f0e418485e8d57857da2a6a
XRP,0.9,KXXRP15M-26SEP280230-30,1790576431.0969424,0.926,no,568.9030575752258,1.25,official_reference_rolling,20260928T000015Z-133541b52f0e418485e8d57857da2a6a
XRP,0.9,KXXRP15M-26SEP280245-45,1790577784.0898588,0.96,yes,115.91014122962952,1.25,official_reference_rolling,20260928T000015Z-133541b52f0e418485e8d57857da2a6a
XRP,0.9,KXXRP15M-26SEP280300-00,1790578559.1390657,0.936,no,240.86093425750732,1.25,official_reference_rolling,20260928T000015Z-133541b52f0e418485e8d57857da2a6a
XRP,0.9,KXXRP15M-26SEP280315-15,1790579100.1833467,0.931,yes,599.816653251648,1.25,official_reference_rolling,20260928T000015Z-133541b52f0e418485e8d57857da2a6a
XRP,0.9,KXXRP15M-26SEP280330-30,1790580245.098789,0.9,no,354.9012110233307,1.25,official_reference_rolling,20260928T000015Z-133541b52f0e418485e8d57857da2a6a
XRP,0.9,KXXRP15M-26SEP280345-45,1790581286.4354386,0.946,yes,213.5645613670349,1.25,official_reference_rolling,20260928T000015Z-133541b52f0e418485e8d57857da2a6a
XRP,0.9,KXXRP15M-26SEP280400-00,1790582160.0949059,0.947,yes,239.90509414672852,1.25,official_reference_rolling,20260928T000015Z-133541b52f0e418485e8d57857da2a6a
XRP,0.9,KXXRP15M-26SEP280430-30,1790583876.0413914,0.936,no,323.95860862731934,1.25,official_reference_rolling,20260928T000015Z-133541b52f0e418485e8d57857da2a6a
XRP,0.9,KXXRP15M-26SEP280445-45,1790584956.439746,0.959,no,143.56025409698486,1.25,official_reference_rolling,20260928T000015Z-133541b52f0e418485e8d57857da2a6a
XRP,0.9,KXXRP15M-26SEP280500-00,1790585503.641292,0.944,yes,496.3587079048157,1.25,official_reference_rolling,20260928T000015Z-133541b52f0e418485e8d57857da2a6a
XRP,0.9,KXXRP15M-26SEP280515-15,1790586426.5477252,0.96,no,473.4522747993469,1.25,official_reference_rolling,20260928T000015Z-133541b52f0e418485e8d57857da2a6a
XRP,0.9,KXXRP15M-26SEP280545-45,1790588580.6528773,0.959,no,119.34712266921997,1.25,official_reference_rolling,20260928T000015Z-133541b52f0e418485e8d57857da2a6a
XRP,0.9,KXXRP15M-26SEP280615-15,1790589907.1796463,0.96,yes,592.8203537464142,1.25,official_reference_rolling,20260928T000015Z-133541b52f0e418485e8d57857da2a6a
XRP,0.9,KXXRP15M-26SEP280630-30,1790591132.178068,0.959,yes,267.82193207740784,1.25,official_reference_rolling,20260928T000015Z-133541b52f0e418485e8d57857da2a6a
XRP,0.9,KXXRP15M-26SEP280645-45,1790591719.0618954,0.926,yes,580.9381046295166,1.25,official_reference_rolling,20260928T000015Z-133541b52f0e418485e8d57857da2a6a
XRP,0.9,KXXRP15M-26SEP280745-45,1790595480.4842591,0.925,yes,419.51574087142944,1.25,official_reference_rolling,20260928T000015Z-133541b52f0e418485e8d57857da2a6a
XRP,0.9,KXXRP15M-26SEP280800-00,1790596428.1549299,0.916,no,371.8450701236725,1.25,official_reference_rolling,20260928T000015Z-133541b52f0e418485e8d57857da2a6a
XRP,0.9,KXXRP15M-26SEP280830-30,1790598006.0777833,0.934,yes,593.9222166538239,1.25,official_reference_rolling,20260928T000015Z-133541b52f0e418485e8d57857da2a6a
XRP,0.9,KXXRP15M-26SEP280845-45,1790599226.6167538,0.945,no,273.3832461833954,1.25,official_reference_rolling,20260928T000015Z-133541b52f0e418485e8d57857da2a6a
XRP,0.9,KXXRP15M-26SEP280900-00,1790599922.171419,0.942,yes,477.8285810947418,1.25,official_reference_rolling,20260928T000015Z-133541b52f0e418485e8d57857da2a6a
XRP,0.9,KXXRP15M-26SEP280930-30,1790601936.1051285,0.909,yes,263.8948714733124,1.25,official_reference_rolling,20260928T000015Z-133541b52f0e418485e8d57857da2a6a
XRP,0.9,KXXRP15M-26SEP281015-15,1790604308.0770338,0.927,no,591.9229662418365,1.25,official_reference_rolling,20260928T000015Z-133541b52f0e418485e8d57857da2a6a
XRP,0.9,KXXRP15M-26SEP290145-45,1790660121.1316671,0.959,no,578.868332862854,1.1,official_reference_rolling,20260928T200258Z-0e5ddc03ab0944a2a3d402e6e0992ad5
XRP,0.9,KXXRP15M-26SEP290430-30,1790670337.4820771,0.954,yes,262.5179228782654,1.1,official_reference_rolling,20260928T200258Z-0e5ddc03ab0944a2a3d402e6e0992ad5
DOGE,1.1,KXDOGE15M-26SEP262315-15,1790478434.058251,0.923,yes,465.94174909591675,1.1,official_reference_rolling,20260926T195518Z-ac68a57f5d3645ecaf60f62fce9a0b68
DOGE,1.1,KXDOGE15M-26SEP262330-30,1790479269.12037,0.914,no,530.8796300888062,1.1,official_reference_rolling,20260926T195518Z-ac68a57f5d3645ecaf60f62fce9a0b68
DOGE,1.1,KXDOGE15M-26SEP262345-45,1790480568.068018,0.88,yes,131.93198204040527,1.1,official_reference_rolling,20260926T195518Z-ac68a57f5d3645ecaf60f62fce9a0b68
DOGE,1.1,KXDOGE15M-26SEP270015-15,1790481900.1104155,0.89,no,599.8895845413208,1.1,official_reference_rolling,20260926T195518Z-ac68a57f5d3645ecaf60f62fce9a0b68
DOGE,1.1,KXDOGE15M-26SEP270030-30,1790483075.077667,0.943,no,324.92233300209045,1.1,official_reference_rolling,20260926T195518Z-ac68a57f5d3645ecaf60f62fce9a0b68
DOGE,1.1,KXDOGE15M-26SEP270045-45,1790483843.0829372,0.915,no,456.9170627593994,1.1,official_reference_rolling,20260926T195518Z-ac68a57f5d3645ecaf60f62fce9a0b68
DOGE,1.1,KXDOGE15M-26SEP270115-15,1790485511.0655248,0.9,yes,588.9344751834869,1.1,official_reference_rolling,20260926T195518Z-ac68a57f5d3645ecaf60f62fce9a0b68
DOGE,1.1,KXDOGE15M-26SEP270130-30,1790486583.076493,0.939,yes,416.92350697517395,1.1,official_reference_rolling,20260926T195518Z-ac68a57f5d3645ecaf60f62fce9a0b68
DOGE,1.1,KXDOGE15M-26SEP270145-45,1790487360.1141293,0.953,yes,539.8858706951141,1.1,official_reference_rolling,20260926T195518Z-ac68a57f5d3645ecaf60f62fce9a0b68
DOGE,1.1,KXDOGE15M-26SEP270215-15,1790489249.5109391,0.8,yes,450.48906087875366,1.1,reference_price_floor,20260926T195518Z-ac68a57f5d3645ecaf60f62fce9a0b68
DOGE,1.1,KXDOGE15M-26SEP270230-30,1790490587.0872827,0.83,no,12.912717342376709,1.1,official_reference_rolling,20260926T195518Z-ac68a57f5d3645ecaf60f62fce9a0b68
DOGE,1.1,KXDOGE15M-26SEP270300-00,1790492100.0512528,0.917,yes,299.94874715805054,1.1,official_reference_rolling,20260926T195518Z-ac68a57f5d3645ecaf60f62fce9a0b68
DOGE,1.1,KXDOGE15M-26SEP270330-30,1790493840.1076887,0.944,yes,359.89231133461,1.1,official_reference_rolling,20260926T195518Z-ac68a57f5d3645ecaf60f62fce9a0b68
DOGE,1.1,KXDOGE15M-26SEP270400-00,1790495530.1127121,0.94,yes,469.8872878551483,1.1,official_reference_rolling,20260926T195518Z-ac68a57f5d3645ecaf60f62fce9a0b68
DOGE,1.1,KXDOGE15M-26SEP270415-15,1790496787.046715,0.932,no,112.95328497886658,1.1,official_reference_rolling,20260926T195518Z-ac68a57f5d3645ecaf60f62fce9a0b68
DOGE,1.1,KXDOGE15M-26SEP270445-45,1790498100.1153572,0.938,yes,599.8846428394318,1.1,official_reference_rolling,20260926T195518Z-ac68a57f5d3645ecaf60f62fce9a0b68
DOGE,1.1,KXDOGE15M-26SEP270500-00,1790499432.0611827,0.914,no,167.93881726264954,1.1,official_reference_rolling,20260926T195518Z-ac68a57f5d3645ecaf60f62fce9a0b68
DOGE,1.1,KXDOGE15M-26SEP270515-15,1790499965.0861588,0.934,no,534.9138412475586,1.1,official_reference_rolling,20260926T195518Z-ac68a57f5d3645ecaf60f62fce9a0b68
DOGE,1.1,KXDOGE15M-26SEP270600-00,1790502697.0809634,0.96,yes,502.9190366268158,1.1,official_reference_rolling,20260926T195518Z-ac68a57f5d3645ecaf60f62fce9a0b68
DOGE,1.1,KXDOGE15M-26SEP270645-45,1790505512.0956502,0.941,no,387.90434980392456,1.1,official_reference_rolling,20260926T195518Z-ac68a57f5d3645ecaf60f62fce9a0b68
DOGE,1.1,KXDOGE15M-26SEP270730-30,1790508411.0817008,0.9,yes,188.91829919815063,1.1,official_reference_rolling,20260926T195518Z-ac68a57f5d3645ecaf60f62fce9a0b68
DOGE,1.1,KXDOGE15M-26SEP270745-45,1790509200.0947833,0.959,no,299.9052166938782,1.1,official_reference_rolling,20260926T195518Z-ac68a57f5d3645ecaf60f62fce9a0b68
DOGE,1.1,KXDOGE15M-26SEP270800-00,1790509945.0978017,0.914,yes,454.90219831466675,1.1,official_reference_rolling,20260926T195518Z-ac68a57f5d3645ecaf60f62fce9a0b68
DOGE,1.1,KXDOGE15M-26SEP270815-15,1790510724.0660655,0.931,yes,575.9339344501495,1.1,official_reference_rolling,20260926T195518Z-ac68a57f5d3645ecaf60f62fce9a0b68
DOGE,1.1,KXDOGE15M-26SEP270830-30,1790511960.0869703,0.932,no,239.91302967071533,1.1,official_reference_rolling,20260926T195518Z-ac68a57f5d3645ecaf60f62fce9a0b68
DOGE,1.1,KXDOGE15M-26SEP270845-45,1790512560.082652,0.942,yes,539.91734790802,1.1,official_reference_rolling,20260926T195518Z-ac68a57f5d3645ecaf60f62fce9a0b68
DOGE,1.1,KXDOGE15M-26SEP271015-15,1790517905.0907686,0.88,no,594.9092314243317,1.1,reference_price_floor,20260926T195518Z-ac68a57f5d3645ecaf60f62fce9a0b68
DOGE,1.1,KXDOGE15M-26SEP271200-00,1790524587.5189698,0.953,yes,212.48103022575378,1.1,official_reference_rolling,20260926T195518Z-ac68a57f5d3645ecaf60f62fce9a0b68
DOGE,1.1,KXDOGE15M-26SEP271330-30,1790530040.1252272,0.938,no,159.87477278709412,1.1,official_reference_rolling,20260926T195518Z-ac68a57f5d3645ecaf60f62fce9a0b68
DOGE,1.1,KXDOGE15M-26SEP271400-00,1790531581.10972,0.927,yes,418.89028000831604,1.1,official_reference_rolling,20260926T195518Z-ac68a57f5d3645ecaf60f62fce9a0b68
DOGE,1.1,KXDOGE15M-26SEP271415-15,1790532702.067533,0.914,yes,197.93246698379517,1.1,official_reference_rolling,20260926T195518Z-ac68a57f5d3645ecaf60f62fce9a0b68
DOGE,1.1,KXDOGE15M-26SEP271430-30,1790533302.0594268,0.948,yes,497.9405732154846,1.1,official_reference_rolling,20260926T195518Z-ac68a57f5d3645ecaf60f62fce9a0b68
DOGE,1.1,KXDOGE15M-26SEP271515-15,1790536034.0865395,0.959,no,465.91346049308777,1.1,official_reference_rolling,20260926T195518Z-ac68a57f5d3645ecaf60f62fce9a0b68
DOGE,1.1,KXDOGE15M-26SEP271600-00,1790539025.082344,0.91,no,174.91765594482422,1.1,official_reference_rolling,20260926T195518Z-ac68a57f5d3645ecaf60f62fce9a0b68
DOGE,1.1,KXDOGE15M-26SEP271615-15,1790539500.8850007,0.929,yes,599.114999294281,1.1,official_reference_rolling,20260926T195518Z-ac68a57f5d3645ecaf60f62fce9a0b68
DOGE,1.1,KXDOGE15M-26SEP271630-30,1790540494.048084,0.96,no,505.9519159793854,1.1,official_reference_rolling,20260926T195518Z-ac68a57f5d3645ecaf60f62fce9a0b68
DOGE,1.1,KXDOGE15M-26SEP271645-45,1790541663.0722957,0.956,yes,236.92770433425903,1.1,official_reference_rolling,20260926T195518Z-ac68a57f5d3645ecaf60f62fce9a0b68
DOGE,1.1,KXDOGE15M-26SEP271745-45,1790545000.1060474,0.959,no,499.8939526081085,1.1,official_reference_rolling,20260926T195518Z-ac68a57f5d3645ecaf60f62fce9a0b68
DOGE,1.1,KXDOGE15M-26SEP271800-00,1790545920.0518117,0.948,yes,479.9481883049011,1.1,official_reference_rolling,20260926T195518Z-ac68a57f5d3645ecaf60f62fce9a0b68
DOGE,1.1,KXDOGE15M-26SEP271815-15,1790546726.043401,0.929,no,573.9565989971161,1.1,official_reference_rolling,20260926T195518Z-ac68a57f5d3645ecaf60f62fce9a0b68
DOGE,1.1,KXDOGE15M-26SEP272000-00,1790553000.5657341,0.923,yes,599.4342658519745,1.1,official_reference_rolling,20260926T195518Z-ac68a57f5d3645ecaf60f62fce9a0b68
DOGE,1.1,KXDOGE15M-26SEP272015-15,1790554097.3124387,0.8,no,402.68756127357483,1.1,reference_price_floor,20260928T000015Z-8509a8debc754db79ccb98e865e2ff46
DOGE,1.1,KXDOGE15M-26SEP280015-15,1790568301.0960455,0.917,no,598.9039545059204,1.1,official_reference_rolling,20260928T000015Z-8509a8debc754db79ccb98e865e2ff46
DOGE,1.1,KXDOGE15M-26SEP280145-45,1790573700.0730364,0.938,no,599.9269635677338,1.1,official_reference_rolling,20260928T000015Z-8509a8debc754db79ccb98e865e2ff46
DOGE,1.1,KXDOGE15M-26SEP280215-15,1790575837.372913,0.96,yes,262.62708711624146,1.1,official_reference_rolling,20260928T000015Z-8509a8debc754db79ccb98e865e2ff46
DOGE,1.1,KXDOGE15M-26SEP280230-30,1790576430.0908256,0.948,no,569.9091744422913,1.1,official_reference_rolling,20260928T000015Z-8509a8debc754db79ccb98e865e2ff46
DOGE,1.1,KXDOGE15M-26SEP280615-15,1790589907.2072122,0.96,yes,592.7927877902985,1.1,official_reference_rolling,20260928T000015Z-8509a8debc754db79ccb98e865e2ff46
DOGE,1.1,KXDOGE15M-26SEP280645-45,1790591818.0508149,0.955,yes,481.94918513298035,1.1,official_reference_rolling,20260928T000015Z-8509a8debc754db79ccb98e865e2ff46
DOGE,1.1,KXDOGE15M-26SEP280700-00,1790592933.101891,0.942,no,266.898108959198,1.1,official_reference_rolling,20260928T000015Z-8509a8debc754db79ccb98e865e2ff46
DOGE,1.1,KXDOGE15M-26SEP280745-45,1790595730.0808787,0.959,yes,169.91912126541138,1.1,official_reference_rolling,20260928T000015Z-8509a8debc754db79ccb98e865e2ff46
DOGE,1.1,KXDOGE15M-26SEP280800-00,1790596421.091501,0.958,no,378.90849900245667,1.1,official_reference_rolling,20260928T000015Z-8509a8debc754db79ccb98e865e2ff46
DOGE,1.1,KXDOGE15M-26SEP280900-00,1790600043.0951495,0.946,yes,356.9048504829407,1.1,official_reference_rolling,20260928T000015Z-8509a8debc754db79ccb98e865e2ff46
DOGE,1.1,KXDOGE15M-26SEP282100-00,1790643020.0468493,0.959,no,579.9531507492065,1.1,official_reference_rolling,20260928T200258Z-d94b5b1783274fc8be894271acfdc1ce
DOGE,1.1,KXDOGE15M-26SEP290145-45,1790660140.0843549,0.959,no,559.9156451225281,1.1,official_reference_rolling,20260928T200258Z-d94b5b1783274fc8be894271acfdc1ce
DOGE,1.1,KXDOGE15M-26SEP291415-15,1790705143.101175,0.95,yes,556.898824930191,1.1,official_reference_rolling,20260928T200258Z-d94b5b1783274fc8be894271acfdc1ce
DOGE,1.1,KXDOGE15M-26SEP291945-45,1790725228.0680087,0.948,no,271.93199133872986,1.1,official_reference_rolling,20260928T200258Z-d94b5b1783274fc8be894271acfdc1ce
DOGE,1.05,KXDOGE15M-26SEP262315-15,1790478395.0943253,0.9,yes,504.9056746959686,1.1,official_reference_rolling,20260926T195518Z-ac68a57f5d3645ecaf60f62fce9a0b68
DOGE,1.05,KXDOGE15M-26SEP262330-30,1790479251.0585313,0.906,no,548.9414687156677,1.1,official_reference_rolling,20260926T195518Z-ac68a57f5d3645ecaf60f62fce9a0b68
DOGE,1.05,KXDOGE15M-26SEP262345-45,1790480467.484841,0.952,yes,232.51515889167786,1.1,official_reference_rolling,20260926T195518Z-ac68a57f5d3645ecaf60f62fce9a0b68
DOGE,1.05,KXDOGE15M-26SEP270015-15,1790481900.1104155,0.89,no,599.8895845413208,1.1,official_reference_rolling,20260926T195518Z-ac68a57f5d3645ecaf60f62fce9a0b68
DOGE,1.05,KXDOGE15M-26SEP270030-30,1790483025.0874186,0.937,no,374.9125814437866,1.1,official_reference_rolling,20260926T195518Z-ac68a57f5d3645ecaf60f62fce9a0b68
DOGE,1.05,KXDOGE15M-26SEP270045-45,1790483839.7111034,0.926,no,460.28889656066895,1.1,official_reference_rolling,20260926T195518Z-ac68a57f5d3645ecaf60f62fce9a0b68
DOGE,1.05,KXDOGE15M-26SEP270115-15,1790485503.5203774,0.9,yes,596.4796226024628,1.1,official_reference_rolling,20260926T195518Z-ac68a57f5d3645ecaf60f62fce9a0b68
DOGE,1.05,KXDOGE15M-26SEP270130-30,1790486583.076493,0.939,yes,416.92350697517395,1.1,official_reference_rolling,20260926T195518Z-ac68a57f5d3645ecaf60f62fce9a0b68
DOGE,1.05,KXDOGE15M-26SEP270145-45,1790487350.519041,0.929,yes,549.4809589385986,1.1,official_reference_rolling,20260926T195518Z-ac68a57f5d3645ecaf60f62fce9a0b68
DOGE,1.05,KXDOGE15M-26SEP270215-15,1790489249.5109391,0.8,yes,450.48906087875366,1.1,reference_price_floor,20260926T195518Z-ac68a57f5d3645ecaf60f62fce9a0b68
DOGE,1.05,KXDOGE15M-26SEP270230-30,1790490587.0872827,0.83,no,12.912717342376709,1.1,official_reference_rolling,20260926T195518Z-ac68a57f5d3645ecaf60f62fce9a0b68
DOGE,1.05,KXDOGE15M-26SEP270300-00,1790492100.0512528,0.917,yes,299.94874715805054,1.1,official_reference_rolling,20260926T195518Z-ac68a57f5d3645ecaf60f62fce9a0b68
DOGE,1.05,KXDOGE15M-26SEP270330-30,1790493840.1076887,0.944,yes,359.89231133461,1.1,official_reference_rolling,20260926T195518Z-ac68a57f5d3645ecaf60f62fce9a0b68
DOGE,1.05,KXDOGE15M-26SEP270345-45,1790494518.431122,0.957,yes,581.5688779354095,1.1,official_reference_rolling,20260926T195518Z-ac68a57f5d3645ecaf60f62fce9a0b68
DOGE,1.05,KXDOGE15M-26SEP270400-00,1790495530.1127121,0.94,yes,469.8872878551483,1.1,official_reference_rolling,20260926T195518Z-ac68a57f5d3645ecaf60f62fce9a0b68
DOGE,1.05,KXDOGE15M-26SEP270415-15,1790496787.046715,0.932,no,112.95328497886658,1.1,official_reference_rolling,20260926T195518Z-ac68a57f5d3645ecaf60f62fce9a0b68
DOGE,1.05,KXDOGE15M-26SEP270445-45,1790498100.1153572,0.938,yes,599.8846428394318,1.1,official_reference_rolling,20260926T195518Z-ac68a57f5d3645ecaf60f62fce9a0b68
DOGE,1.05,KXDOGE15M-26SEP270500-00,1790499430.0807278,0.906,no,169.91927218437195,1.1,official_reference_rolling,20260926T195518Z-ac68a57f5d3645ecaf60f62fce9a0b68
DOGE,1.05,KXDOGE15M-26SEP270515-15,1790499965.0861588,0.934,no,534.9138412475586,1.1,official_reference_rolling,20260926T195518Z-ac68a57f5d3645ecaf60f62fce9a0b68
DOGE,1.05,KXDOGE15M-26SEP270600-00,1790502691.1003807,0.956,yes,508.8996193408966,1.1,official_reference_rolling,20260926T195518Z-ac68a57f5d3645ecaf60f62fce9a0b68
DOGE,1.05,KXDOGE15M-26SEP270645-45,1790505512.0956502,0.941,no,387.90434980392456,1.1,official_reference_rolling,20260926T195518Z-ac68a57f5d3645ecaf60f62fce9a0b68
DOGE,1.05,KXDOGE15M-26SEP270730-30,1790508410.0440133,0.88,yes,189.95598673820496,1.1,official_reference_rolling,20260926T195518Z-ac68a57f5d3645ecaf60f62fce9a0b68
DOGE,1.05,KXDOGE15M-26SEP270745-45,1790509200.0947833,0.959,no,299.9052166938782,1.1,official_reference_rolling,20260926T195518Z-ac68a57f5d3645ecaf60f62fce9a0b68
DOGE,1.05,KXDOGE15M-26SEP270800-00,1790509927.0798542,0.9,yes,472.9201457500458,1.1,official_reference_rolling,20260926T195518Z-ac68a57f5d3645ecaf60f62fce9a0b68
DOGE,1.05,KXDOGE15M-26SEP270815-15,1790510700.606014,0.915,yes,599.3939859867096,1.1,official_reference_rolling,20260926T195518Z-ac68a57f5d3645ecaf60f62fce9a0b68
DOGE,1.05,KXDOGE15M-26SEP270830-30,1790511946.1023045,0.932,no,253.89769554138184,1.1,official_reference_rolling,20260926T195518Z-ac68a57f5d3645ecaf60f62fce9a0b68
DOGE,1.05,KXDOGE15M-26SEP270845-45,1790512552.081056,0.938,yes,547.9189438819885,1.1,official_reference_rolling,20260926T195518Z-ac68a57f5d3645ecaf60f62fce9a0b68
DOGE,1.05,KXDOGE15M-26SEP270900-00,1790513904.060381,0.959,no,95.93961906433105,1.1,official_reference_rolling,20260926T195518Z-ac68a57f5d3645ecaf60f62fce9a0b68
DOGE,1.05,KXDOGE15M-26SEP271015-15,1790517905.0907686,0.88,no,594.9092314243317,1.1,reference_price_floor,20260926T195518Z-ac68a57f5d3645ecaf60f62fce9a0b68
DOGE,1.05,KXDOGE15M-26SEP271200-00,1790524567.6465092,0.954,yes,232.35349082946777,1.1,official_reference_rolling,20260926T195518Z-ac68a57f5d3645ecaf60f62fce9a0b68
DOGE,1.05,KXDOGE15M-26SEP271330-30,1790530040.1252272,0.938,no,159.87477278709412,1.1,official_reference_rolling,20260926T195518Z-ac68a57f5d3645ecaf60f62fce9a0b68
DOGE,1.05,KXDOGE15M-26SEP271345-45,1790530605.8135915,0.921,yes,494.1864085197449,1.1,official_reference_rolling,20260926T195518Z-ac68a57f5d3645ecaf60f62fce9a0b68
DOGE,1.05,KXDOGE15M-26SEP271400-00,1790531527.1155384,0.931,yes,472.88446164131165,1.1,official_reference_rolling,20260926T195518Z-ac68a57f5d3645ecaf60f62fce9a0b68
DOGE,1.05,KXDOGE15M-26SEP271415-15,1790532675.0474768,0.924,yes,224.95252323150635,1.1,official_reference_rolling,20260926T195518Z-ac68a57f5d3645ecaf60f62fce9a0b68
DOGE,1.05,KXDOGE15M-26SEP271430-30,1790533278.2862191,0.944,yes,521.7137808799744,1.1,official_reference_rolling,20260926T195518Z-ac68a57f5d3645ecaf60f62fce9a0b68
DOGE,1.05,KXDOGE15M-26SEP271515-15,1790536034.0865395,0.959,no,465.91346049308777,1.1,official_reference_rolling,20260926T195518Z-ac68a57f5d3645ecaf60f62fce9a0b68
DOGE,1.05,KXDOGE15M-26SEP271600-00,1790539021.5990987,0.89,no,178.40090131759644,1.1,official_reference_rolling,20260926T195518Z-ac68a57f5d3645ecaf60f62fce9a0b68
DOGE,1.05,KXDOGE15M-26SEP271615-15,1790539500.8850007,0.929,yes,599.114999294281,1.1,official_reference_rolling,20260926T195518Z-ac68a57f5d3645ecaf60f62fce9a0b68
DOGE,1.05,KXDOGE15M-26SEP271630-30,1790540494.048084,0.96,no,505.9519159793854,1.1,official_reference_rolling,20260926T195518Z-ac68a57f5d3645ecaf60f62fce9a0b68
DOGE,1.05,KXDOGE15M-26SEP271645-45,1790541662.1389284,0.945,yes,237.8610715866089,1.1,official_reference_rolling,20260926T195518Z-ac68a57f5d3645ecaf60f62fce9a0b68
DOGE,1.05,KXDOGE15M-26SEP271745-45,1790544998.2647853,0.93,no,501.7352147102356,1.1,official_reference_rolling,20260926T195518Z-ac68a57f5d3645ecaf60f62fce9a0b68
DOGE,1.05,KXDOGE15M-26SEP271800-00,1790545920.0518117,0.948,yes,479.9481883049011,1.1,official_reference_rolling,20260926T195518Z-ac68a57f5d3645ecaf60f62fce9a0b68
DOGE,1.05,KXDOGE15M-26SEP271815-15,1790546702.0650918,0.92,no,597.9349081516266,1.1,official_reference_rolling,20260926T195518Z-ac68a57f5d3645ecaf60f62fce9a0b68
DOGE,1.05,KXDOGE15M-26SEP272000-00,1790553000.5657341,0.923,yes,599.4342658519745,1.1,official_reference_rolling,20260926T195518Z-ac68a57f5d3645ecaf60f62fce9a0b68
DOGE,1.05,KXDOGE15M-26SEP272015-15,1790554097.3124387,0.8,no,402.68756127357483,1.1,reference_price_floor,20260928T000015Z-8509a8debc754db79ccb98e865e2ff46
DOGE,1.05,KXDOGE15M-26SEP272200-00,1790560217.0608928,0.933,no,582.9391071796417,1.1,official_reference_rolling,20260928T000015Z-8509a8debc754db79ccb98e865e2ff46
DOGE,1.05,KXDOGE15M-26SEP272330-30,1790565977.6300194,0.941,no,222.36998057365417,1.1,official_reference_rolling,20260928T000015Z-8509a8debc754db79ccb98e865e2ff46
DOGE,1.05,KXDOGE15M-26SEP280015-15,1790568300.0807426,0.906,no,599.91925740242,1.1,official_reference_rolling,20260928T000015Z-8509a8debc754db79ccb98e865e2ff46
DOGE,1.05,KXDOGE15M-26SEP280145-45,1790573700.0730364,0.938,no,599.9269635677338,1.1,official_reference_rolling,20260928T000015Z-8509a8debc754db79ccb98e865e2ff46
DOGE,1.05,KXDOGE15M-26SEP280215-15,1790575837.372913,0.96,yes,262.62708711624146,1.1,official_reference_rolling,20260928T000015Z-8509a8debc754db79ccb98e865e2ff46
DOGE,1.05,KXDOGE15M-26SEP280230-30,1790576400.060047,0.9,no,599.9399530887604,1.1,official_reference_rolling,20260928T000015Z-8509a8debc754db79ccb98e865e2ff46
DOGE,1.05,KXDOGE15M-26SEP280615-15,1790589907.2072122,0.96,yes,592.7927877902985,1.1,official_reference_rolling,20260928T000015Z-8509a8debc754db79ccb98e865e2ff46
DOGE,1.05,KXDOGE15M-26SEP280645-45,1790591768.6214192,0.953,yes,531.3785808086395,1.1,official_reference_rolling,20260928T000015Z-8509a8debc754db79ccb98e865e2ff46
DOGE,1.05,KXDOGE15M-26SEP280700-00,1790592933.101891,0.942,no,266.898108959198,1.1,official_reference_rolling,20260928T000015Z-8509a8debc754db79ccb98e865e2ff46
DOGE,1.05,KXDOGE15M-26SEP280745-45,1790595730.0808787,0.959,yes,169.91912126541138,1.1,official_reference_rolling,20260928T000015Z-8509a8debc754db79ccb98e865e2ff46
DOGE,1.05,KXDOGE15M-26SEP280800-00,1790596420.4906926,0.956,no,379.50930738449097,1.1,official_reference_rolling,20260928T000015Z-8509a8debc754db79ccb98e865e2ff46
DOGE,1.05,KXDOGE15M-26SEP280845-45,1790599251.1072927,0.96,no,248.89270734786987,1.1,official_reference_rolling,20260928T000015Z-8509a8debc754db79ccb98e865e2ff46
DOGE,1.05,KXDOGE15M-26SEP280900-00,1790600033.0700698,0.906,yes,366.9299302101135,1.1,official_reference_rolling,20260928T000015Z-8509a8debc754db79ccb98e865e2ff46
DOGE,1.05,KXDOGE15M-26SEP280915-15,1790600766.0707815,0.953,no,533.9292185306549,1.1,official_reference_rolling,20260928T000015Z-8509a8debc754db79ccb98e865e2ff46
DOGE,1.05,KXDOGE15M-26SEP282030-30,1790641335.0570924,0.948,no,464.9429075717926,1.1,official_reference_rolling,20260928T200258Z-d94b5b1783274fc8be894271acfdc1ce
DOGE,1.05,KXDOGE15M-26SEP282100-00,1790643020.0468493,0.959,no,579.9531507492065,1.1,official_reference_rolling,20260928T200258Z-d94b5b1783274fc8be894271acfdc1ce
DOGE,1.05,KXDOGE15M-26SEP290145-45,1790660140.0843549,0.959,no,559.9156451225281,1.1,official_reference_rolling,20260928T200258Z-d94b5b1783274fc8be894271acfdc1ce
DOGE,1.05,KXDOGE15M-26SEP291415-15,1790705136.069279,0.95,yes,563.9307210445404,1.1,official_reference_rolling,20260928T200258Z-d94b5b1783274fc8be894271acfdc1ce
DOGE,1.05,KXDOGE15M-26SEP291945-45,1790725219.1170864,0.949,no,280.88291358947754,1.1,official_reference_rolling,20260928T200258Z-d94b5b1783274fc8be894271acfdc1ce
DOGE,1,KXDOGE15M-26SEP262315-15,1790478389.0714607,0.9,yes,510.92853927612305,1.1,official_reference_rolling,20260926T195518Z-ac68a57f5d3645ecaf60f62fce9a0b68
DOGE,1,KXDOGE15M-26SEP262330-30,1790479248.0742226,0.9,no,551.9257774353027,1.1,official_reference_rolling,20260926T195518Z-ac68a57f5d3645ecaf60f62fce9a0b68
DOGE,1,KXDOGE15M-26SEP262345-45,1790480421.104027,0.933,yes,278.8959729671478,1.1,official_reference_rolling,20260926T195518Z-ac68a57f5d3645ecaf60f62fce9a0b68
DOGE,1,KXDOGE15M-26SEP270015-15,1790481900.1104155,0.89,no,599.8895845413208,1.1,official_reference_rolling,20260926T195518Z-ac68a57f5d3645ecaf60f62fce9a0b68
DOGE,1,KXDOGE15M-26SEP270030-30,1790483025.0874186,0.937,no,374.9125814437866,1.1,official_reference_rolling,20260926T195518Z-ac68a57f5d3645ecaf60f62fce9a0b68
DOGE,1,KXDOGE15M-26SEP270045-45,1790483838.4656901,0.917,no,461.5343098640442,1.1,official_reference_rolling,20260926T195518Z-ac68a57f5d3645ecaf60f62fce9a0b68
DOGE,1,KXDOGE15M-26SEP270115-15,1790485500.0774202,0.88,yes,599.9225797653198,1.1,official_reference_rolling,20260926T195518Z-ac68a57f5d3645ecaf60f62fce9a0b68
DOGE,1,KXDOGE15M-26SEP270130-30,1790486583.076493,0.939,yes,416.92350697517395,1.1,official_reference_rolling,20260926T195518Z-ac68a57f5d3645ecaf60f62fce9a0b68
DOGE,1,KXDOGE15M-26SEP270145-45,1790487348.0632987,0.928,yes,551.93670129776,1.1,official_reference_rolling,20260926T195518Z-ac68a57f5d3645ecaf60f62fce9a0b68
DOGE,1,KXDOGE15M-26SEP270215-15,1790489249.5109391,0.8,yes,450.48906087875366,1.1,reference_price_floor,20260926T195518Z-ac68a57f5d3645ecaf60f62fce9a0b68
DOGE,1,KXDOGE15M-26SEP270230-30,1790490587.0872827,0.83,no,12.912717342376709,1.1,official_reference_rolling,20260926T195518Z-ac68a57f5d3645ecaf60f62fce9a0b68
DOGE,1,KXDOGE15M-26SEP270300-00,1790492051.0865195,0.921,yes,348.9134805202484,1.1,official_reference_rolling,20260926T195518Z-ac68a57f5d3645ecaf60f62fce9a0b68
DOGE,1,KXDOGE15M-26SEP270330-30,1790493839.0720956,0.944,yes,360.9279043674469,1.1,official_reference_rolling,20260926T195518Z-ac68a57f5d3645ecaf60f62fce9a0b68
DOGE,1,KXDOGE15M-26SEP270345-45,1790494502.1016917,0.927,yes,597.8983082771301,1.1,official_reference_rolling,20260926T195518Z-ac68a57f5d3645ecaf60f62fce9a0b68
DOGE,1,KXDOGE15M-26SEP270400-00,1790495530.1127121,0.94,yes,469.8872878551483,1.1,official_reference_rolling,20260926T195518Z-ac68a57f5d3645ecaf60f62fce9a0b68
DOGE,1,KXDOGE15M-26SEP270415-15,1790496782.0887244,0.932,no,117.91127562522888,1.1,official_reference_rolling,20260926T195518Z-ac68a57f5d3645ecaf60f62fce9a0b68
DOGE,1,KXDOGE15M-26SEP270445-45,1790498100.1153572,0.938,yes,599.8846428394318,1.1,official_reference_rolling,20260926T195518Z-ac68a57f5d3645ecaf60f62fce9a0b68
DOGE,1,KXDOGE15M-26SEP270500-00,1790499429.0713305,0.9,no,170.92866945266724,1.1,official_reference_rolling,20260926T195518Z-ac68a57f5d3645ecaf60f62fce9a0b68
DOGE,1,KXDOGE15M-26SEP270515-15,1790499965.0861588,0.934,no,534.9138412475586,1.1,official_reference_rolling,20260926T195518Z-ac68a57f5d3645ecaf60f62fce9a0b68
DOGE,1,KXDOGE15M-26SEP270600-00,1790502689.362152,0.954,yes,510.6378479003906,1.1,official_reference_rolling,20260926T195518Z-ac68a57f5d3645ecaf60f62fce9a0b68
DOGE,1,KXDOGE15M-26SEP270645-45,1790505449.0596802,0.909,no,450.94031977653503,1.1,official_reference_rolling,20260926T195518Z-ac68a57f5d3645ecaf60f62fce9a0b68
DOGE,1,KXDOGE15M-26SEP270700-00,1790506200.923689,0.87,yes,599.0763111114502,1.1,official_reference_rolling,20260926T195518Z-ac68a57f5d3645ecaf60f62fce9a0b68
DOGE,1,KXDOGE15M-26SEP270730-30,1790508410.0440133,0.88,yes,189.95598673820496,1.1,official_reference_rolling,20260926T195518Z-ac68a57f5d3645ecaf60f62fce9a0b68
DOGE,1,KXDOGE15M-26SEP270745-45,1790509134.6578548,0.952,no,365.34214520454407,1.1,official_reference_rolling,20260926T195518Z-ac68a57f5d3645ecaf60f62fce9a0b68
DOGE,1,KXDOGE15M-26SEP270800-00,1790509927.0798542,0.9,yes,472.9201457500458,1.1,official_reference_rolling,20260926T195518Z-ac68a57f5d3645ecaf60f62fce9a0b68
DOGE,1,KXDOGE15M-26SEP270815-15,1790510700.606014,0.915,yes,599.3939859867096,1.1,official_reference_rolling,20260926T195518Z-ac68a57f5d3645ecaf60f62fce9a0b68
DOGE,1,KXDOGE15M-26SEP270830-30,1790511927.374476,0.93,no,272.62552404403687,1.1,official_reference_rolling,20260926T195518Z-ac68a57f5d3645ecaf60f62fce9a0b68
DOGE,1,KXDOGE15M-26SEP270845-45,1790512552.081056,0.938,yes,547.9189438819885,1.1,official_reference_rolling,20260926T195518Z-ac68a57f5d3645ecaf60f62fce9a0b68
DOGE,1,KXDOGE15M-26SEP270900-00,1790513903.051741,0.959,no,96.94825911521912,1.1,official_reference_rolling,20260926T195518Z-ac68a57f5d3645ecaf60f62fce9a0b68
DOGE,1,KXDOGE15M-26SEP270915-15,1790514305.0415323,0.948,no,594.9584677219391,1.1,official_reference_rolling,20260926T195518Z-ac68a57f5d3645ecaf60f62fce9a0b68
DOGE,1,KXDOGE15M-26SEP271015-15,1790517905.0907686,0.88,no,594.9092314243317,1.1,reference_price_floor,20260926T195518Z-ac68a57f5d3645ecaf60f62fce9a0b68
DOGE,1,KXDOGE15M-26SEP271200-00,1790524531.155449,0.93,yes,268.8445510864258,1.1,official_reference_rolling,20260926T195518Z-ac68a57f5d3645ecaf60f62fce9a0b68
DOGE,1,KXDOGE15M-26SEP271330-30,1790530040.1252272,0.938,no,159.87477278709412,1.1,official_reference_rolling,20260926T195518Z-ac68a57f5d3645ecaf60f62fce9a0b68
DOGE,1,KXDOGE15M-26SEP271345-45,1790530584.070689,0.91,yes,515.9293110370636,1.1,official_reference_rolling,20260926T195518Z-ac68a57f5d3645ecaf60f62fce9a0b68
DOGE,1,KXDOGE15M-26SEP271400-00,1790531521.459392,0.918,yes,478.54060792922974,1.1,official_reference_rolling,20260926T195518Z-ac68a57f5d3645ecaf60f62fce9a0b68
DOGE,1,KXDOGE15M-26SEP271415-15,1790532673.1142764,0.924,yes,226.88572359085083,1.1,official_reference_rolling,20260926T195518Z-ac68a57f5d3645ecaf60f62fce9a0b68
DOGE,1,KXDOGE15M-26SEP271430-30,1790533248.0630178,0.935,yes,551.9369821548462,1.1,official_reference_rolling,20260926T195518Z-ac68a57f5d3645ecaf60f62fce9a0b68
DOGE,1,KXDOGE15M-26SEP271515-15,1790536018.0960684,0.96,no,481.9039316177368,1.1,official_reference_rolling,20260926T195518Z-ac68a57f5d3645ecaf60f62fce9a0b68
DOGE,1,KXDOGE15M-26SEP271600-00,1790539020.2060513,0.9,no,179.7939486503601,1.1,official_reference_rolling,20260926T195518Z-ac68a57f5d3645ecaf60f62fce9a0b68
DOGE,1,KXDOGE15M-26SEP271615-15,1790539500.8850007,0.929,yes,599.114999294281,1.1,official_reference_rolling,20260926T195518Z-ac68a57f5d3645ecaf60f62fce9a0b68
DOGE,1,KXDOGE15M-26SEP271630-30,1790540494.048084,0.96,no,505.9519159793854,1.1,official_reference_rolling,20260926T195518Z-ac68a57f5d3645ecaf60f62fce9a0b68
DOGE,1,KXDOGE15M-26SEP271645-45,1790541644.4855402,0.928,yes,255.51445984840393,1.1,official_reference_rolling,20260926T195518Z-ac68a57f5d3645ecaf60f62fce9a0b68
DOGE,1,KXDOGE15M-26SEP271745-45,1790544998.2647853,0.93,no,501.7352147102356,1.1,official_reference_rolling,20260926T195518Z-ac68a57f5d3645ecaf60f62fce9a0b68
DOGE,1,KXDOGE15M-26SEP271800-00,1790545920.0518117,0.948,yes,479.9481883049011,1.1,official_reference_rolling,20260926T195518Z-ac68a57f5d3645ecaf60f62fce9a0b68
DOGE,1,KXDOGE15M-26SEP271815-15,1790546700.7176433,0.912,no,599.2823567390442,1.1,official_reference_rolling,20260926T195518Z-ac68a57f5d3645ecaf60f62fce9a0b68
DOGE,1,KXDOGE15M-26SEP272000-00,1790553000.5657341,0.923,yes,599.4342658519745,1.1,official_reference_rolling,20260926T195518Z-ac68a57f5d3645ecaf60f62fce9a0b68
DOGE,1,KXDOGE15M-26SEP272015-15,1790554097.3124387,0.8,no,402.68756127357483,1.1,reference_price_floor,20260928T000015Z-8509a8debc754db79ccb98e865e2ff46
DOGE,1,KXDOGE15M-26SEP272200-00,1790560211.0857384,0.931,no,588.9142615795135,1.1,official_reference_rolling,20260928T000015Z-8509a8debc754db79ccb98e865e2ff46
DOGE,1,KXDOGE15M-26SEP272230-30,1790562243.8781145,0.959,no,356.1218855381012,1.1,official_reference_rolling,20260928T000015Z-8509a8debc754db79ccb98e865e2ff46
DOGE,1,KXDOGE15M-26SEP272245-45,1790563141.0638754,0.958,no,358.93612456321716,1.1,official_reference_rolling,20260928T000015Z-8509a8debc754db79ccb98e865e2ff46
DOGE,1,KXDOGE15M-26SEP272330-30,1790565977.6300194,0.941,no,222.36998057365417,1.1,official_reference_rolling,20260928T000015Z-8509a8debc754db79ccb98e865e2ff46
DOGE,1,KXDOGE15M-26SEP280015-15,1790568300.0807426,0.906,no,599.91925740242,1.1,official_reference_rolling,20260928T000015Z-8509a8debc754db79ccb98e865e2ff46
DOGE,1,KXDOGE15M-26SEP280145-45,1790573700.0730364,0.938,no,599.9269635677338,1.1,official_reference_rolling,20260928T000015Z-8509a8debc754db79ccb98e865e2ff46
DOGE,1,KXDOGE15M-26SEP280215-15,1790575837.372913,0.96,yes,262.62708711624146,1.1,official_reference_rolling,20260928T000015Z-8509a8debc754db79ccb98e865e2ff46
DOGE,1,KXDOGE15M-26SEP280230-30,1790576400.060047,0.9,no,599.9399530887604,1.1,official_reference_rolling,20260928T000015Z-8509a8debc754db79ccb98e865e2ff46
DOGE,1,KXDOGE15M-26SEP280300-00,1790578501.6051064,0.958,no,298.39489364624023,1.1,official_reference_rolling,20260928T000015Z-8509a8debc754db79ccb98e865e2ff46
DOGE,1,KXDOGE15M-26SEP280430-30,1790583896.4544976,0.958,no,303.5455024242401,1.1,official_reference_rolling,20260928T000015Z-8509a8debc754db79ccb98e865e2ff46
DOGE,1,KXDOGE15M-26SEP280545-45,1790588304.103829,0.948,no,395.89617109298706,1.1,official_reference_rolling,20260928T000015Z-8509a8debc754db79ccb98e865e2ff46
DOGE,1,KXDOGE15M-26SEP280615-15,1790589907.2072122,0.96,yes,592.7927877902985,1.1,official_reference_rolling,20260928T000015Z-8509a8debc754db79ccb98e865e2ff46
DOGE,1,KXDOGE15M-26SEP280645-45,1790591764.085301,0.932,yes,535.9146990776062,1.1,official_reference_rolling,20260928T000015Z-8509a8debc754db79ccb98e865e2ff46
DOGE,1,KXDOGE15M-26SEP280700-00,1790592933.101891,0.942,no,266.898108959198,1.1,official_reference_rolling,20260928T000015Z-8509a8debc754db79ccb98e865e2ff46
DOGE,1,KXDOGE15M-26SEP280745-45,1790595730.0808787,0.959,yes,169.91912126541138,1.1,official_reference_rolling,20260928T000015Z-8509a8debc754db79ccb98e865e2ff46
DOGE,1,KXDOGE15M-26SEP280800-00,1790596383.3072584,0.939,no,416.69274163246155,1.1,official_reference_rolling,20260928T000015Z-8509a8debc754db79ccb98e865e2ff46
DOGE,1,KXDOGE15M-26SEP280845-45,1790599239.0913012,0.96,no,260.90869879722595,1.1,official_reference_rolling,20260928T000015Z-8509a8debc754db79ccb98e865e2ff46
DOGE,1,KXDOGE15M-26SEP280900-00,1790599952.0965397,0.906,yes,447.90346026420593,1.1,official_reference_rolling,20260928T000015Z-8509a8debc754db79ccb98e865e2ff46
DOGE,1,KXDOGE15M-26SEP280915-15,1790600760.0793138,0.948,no,539.9206862449646,1.1,official_reference_rolling,20260928T000015Z-8509a8debc754db79ccb98e865e2ff46
DOGE,1,KXDOGE15M-26SEP282030-30,1790641324.3675063,0.93,no,475.63249373435974,1.1,official_reference_rolling,20260928T200258Z-d94b5b1783274fc8be894271acfdc1ce
DOGE,1,KXDOGE15M-26SEP282100-00,1790643020.0468493,0.959,no,579.9531507492065,1.1,official_reference_rolling,20260928T200258Z-d94b5b1783274fc8be894271acfdc1ce
DOGE,1,KXDOGE15M-26SEP290145-45,1790660140.0843549,0.959,no,559.9156451225281,1.1,official_reference_rolling,20260928T200258Z-d94b5b1783274fc8be894271acfdc1ce
DOGE,1,KXDOGE15M-26SEP291415-15,1790705136.069279,0.95,yes,563.9307210445404,1.1,official_reference_rolling,20260928T200258Z-d94b5b1783274fc8be894271acfdc1ce
DOGE,1,KXDOGE15M-26SEP291945-45,1790725210.3624153,0.945,no,289.6375846862793,1.1,official_reference_rolling,20260928T200258Z-d94b5b1783274fc8be894271acfdc1ce
DOGE,0.95,KXDOGE15M-26SEP262315-15,1790478389.0714607,0.9,yes,510.92853927612305,1.1,official_reference_rolling,20260926T195518Z-ac68a57f5d3645ecaf60f62fce9a0b68
DOGE,0.95,KXDOGE15M-26SEP262330-30,1790479248.0742226,0.9,no,551.9257774353027,1.1,official_reference_rolling,20260926T195518Z-ac68a57f5d3645ecaf60f62fce9a0b68
DOGE,0.95,KXDOGE15M-26SEP262345-45,1790480412.2908442,0.91,yes,287.7091557979584,1.1,official_reference_rolling,20260926T195518Z-ac68a57f5d3645ecaf60f62fce9a0b68
DOGE,0.95,KXDOGE15M-26SEP270015-15,1790481900.1104155,0.89,no,599.8895845413208,1.1,official_reference_rolling,20260926T195518Z-ac68a57f5d3645ecaf60f62fce9a0b68
DOGE,0.95,KXDOGE15M-26SEP270030-30,1790483018.0929172,0.939,no,381.9070827960968,1.1,official_reference_rolling,20260926T195518Z-ac68a57f5d3645ecaf60f62fce9a0b68
DOGE,0.95,KXDOGE15M-26SEP270045-45,1790483820.0656781,0.89,no,479.9343218803406,1.1,official_reference_rolling,20260926T195518Z-ac68a57f5d3645ecaf60f62fce9a0b68
DOGE,0.95,KXDOGE15M-26SEP270115-15,1790485500.0774202,0.88,yes,599.9225797653198,1.1,official_reference_rolling,20260926T195518Z-ac68a57f5d3645ecaf60f62fce9a0b68
DOGE,0.95,KXDOGE15M-26SEP270130-30,1790486583.076493,0.939,yes,416.92350697517395,1.1,official_reference_rolling,20260926T195518Z-ac68a57f5d3645ecaf60f62fce9a0b68
DOGE,0.95,KXDOGE15M-26SEP270145-45,1790487341.046792,0.913,yes,558.9532079696655,1.1,official_reference_rolling,20260926T195518Z-ac68a57f5d3645ecaf60f62fce9a0b68
DOGE,0.95,KXDOGE15M-26SEP270215-15,1790489249.5109391,0.8,yes,450.48906087875366,1.1,reference_price_floor,20260926T195518Z-ac68a57f5d3645ecaf60f62fce9a0b68
DOGE,0.95,KXDOGE15M-26SEP270230-30,1790490587.0872827,0.83,no,12.912717342376709,1.1,official_reference_rolling,20260926T195518Z-ac68a57f5d3645ecaf60f62fce9a0b68
DOGE,0.95,KXDOGE15M-26SEP270300-00,1790492043.6189644,0.911,yes,356.38103556632996,1.1,official_reference_rolling,20260926T195518Z-ac68a57f5d3645ecaf60f62fce9a0b68
DOGE,0.95,KXDOGE15M-26SEP270330-30,1790493801.1034784,0.927,yes,398.89652156829834,1.1,official_reference_rolling,20260926T195518Z-ac68a57f5d3645ecaf60f62fce9a0b68
DOGE,0.95,KXDOGE15M-26SEP270345-45,1790494502.1016917,0.927,yes,597.8983082771301,1.1,official_reference_rolling,20260926T195518Z-ac68a57f5d3645ecaf60f62fce9a0b68
DOGE,0.95,KXDOGE15M-26SEP270400-00,1790495530.1127121,0.94,yes,469.8872878551483,1.1,official_reference_rolling,20260926T195518Z-ac68a57f5d3645ecaf60f62fce9a0b68
DOGE,0.95,KXDOGE15M-26SEP270415-15,1790496660.4225998,0.944,no,239.57740020751953,1.1,official_reference_rolling,20260926T195518Z-ac68a57f5d3645ecaf60f62fce9a0b68
DOGE,0.95,KXDOGE15M-26SEP270430-30,1790497648.935433,0.958,no,151.0645670890808,1.1,official_reference_rolling,20260926T195518Z-ac68a57f5d3645ecaf60f62fce9a0b68
DOGE,0.95,KXDOGE15M-26SEP270445-45,1790498100.1153572,0.938,yes,599.8846428394318,1.1,official_reference_rolling,20260926T195518Z-ac68a57f5d3645ecaf60f62fce9a0b68
DOGE,0.95,KXDOGE15M-26SEP270500-00,1790499429.0713305,0.9,no,170.92866945266724,1.1,official_reference_rolling,20260926T195518Z-ac68a57f5d3645ecaf60f62fce9a0b68
DOGE,0.95,KXDOGE15M-26SEP270515-15,1790499963.8751383,0.929,no,536.1248617172241,1.1,official_reference_rolling,20260926T195518Z-ac68a57f5d3645ecaf60f62fce9a0b68
DOGE,0.95,KXDOGE15M-26SEP270600-00,1790502658.1150203,0.926,yes,541.884979724884,1.1,official_reference_rolling,20260926T195518Z-ac68a57f5d3645ecaf60f62fce9a0b68
DOGE,0.95,KXDOGE15M-26SEP270645-45,1790505441.0859175,0.9,no,458.91408252716064,1.1,official_reference_rolling,20260926T195518Z-ac68a57f5d3645ecaf60f62fce9a0b68
DOGE,0.95,KXDOGE15M-26SEP270700-00,1790506200.923689,0.87,yes,599.0763111114502,1.1,official_reference_rolling,20260926T195518Z-ac68a57f5d3645ecaf60f62fce9a0b68
DOGE,0.95,KXDOGE15M-26SEP270715-15,1790507548.0875728,0.959,yes,151.91242718696594,1.1,official_reference_rolling,20260926T195518Z-ac68a57f5d3645ecaf60f62fce9a0b68
DOGE,0.95,KXDOGE15M-26SEP270730-30,1790508410.0440133,0.88,yes,189.95598673820496,1.1,official_reference_rolling,20260926T195518Z-ac68a57f5d3645ecaf60f62fce9a0b68
DOGE,0.95,KXDOGE15M-26SEP270745-45,1790509119.5308263,0.941,no,380.46917366981506,1.1,official_reference_rolling,20260926T195518Z-ac68a57f5d3645ecaf60f62fce9a0b68
DOGE,0.95,KXDOGE15M-26SEP270800-00,1790509927.0798542,0.9,yes,472.9201457500458,1.1,official_reference_rolling,20260926T195518Z-ac68a57f5d3645ecaf60f62fce9a0b68
DOGE,0.95,KXDOGE15M-26SEP270815-15,1790510700.606014,0.915,yes,599.3939859867096,1.1,official_reference_rolling,20260926T195518Z-ac68a57f5d3645ecaf60f62fce9a0b68
DOGE,0.95,KXDOGE15M-26SEP270830-30,1790511920.0876856,0.903,no,279.912314414978,1.1,official_reference_rolling,20260926T195518Z-ac68a57f5d3645ecaf60f62fce9a0b68
DOGE,0.95,KXDOGE15M-26SEP270845-45,1790512552.081056,0.938,yes,547.9189438819885,1.1,official_reference_rolling,20260926T195518Z-ac68a57f5d3645ecaf60f62fce9a0b68
DOGE,0.95,KXDOGE15M-26SEP270900-00,1790513903.051741,0.959,no,96.94825911521912,1.1,official_reference_rolling,20260926T195518Z-ac68a57f5d3645ecaf60f62fce9a0b68
DOGE,0.95,KXDOGE15M-26SEP270915-15,1790514305.0415323,0.948,no,594.9584677219391,1.1,official_reference_rolling,20260926T195518Z-ac68a57f5d3645ecaf60f62fce9a0b68
DOGE,0.95,KXDOGE15M-26SEP271000-00,1790517252.2658591,0.956,yes,347.7341408729553,1.1,official_reference_rolling,20260926T195518Z-ac68a57f5d3645ecaf60f62fce9a0b68
DOGE,0.95,KXDOGE15M-26SEP271015-15,1790517905.0907686,0.88,no,594.9092314243317,1.1,reference_price_floor,20260926T195518Z-ac68a57f5d3645ecaf60f62fce9a0b68
DOGE,0.95,KXDOGE15M-26SEP271030-30,1790518990.1043823,0.948,no,409.89561772346497,1.1,official_reference_rolling,20260926T195518Z-ac68a57f5d3645ecaf60f62fce9a0b68
DOGE,0.95,KXDOGE15M-26SEP271200-00,1790524507.3876696,0.925,yes,292.61233043670654,1.1,official_reference_rolling,20260926T195518Z-ac68a57f5d3645ecaf60f62fce9a0b68
DOGE,0.95,KXDOGE15M-26SEP271215-15,1790525229.0669565,0.928,yes,470.93304347991943,1.1,official_reference_rolling,20260926T195518Z-ac68a57f5d3645ecaf60f62fce9a0b68
DOGE,0.95,KXDOGE15M-26SEP271330-30,1790530039.0607603,0.937,no,160.9392397403717,1.1,official_reference_rolling,20260926T195518Z-ac68a57f5d3645ecaf60f62fce9a0b68
DOGE,0.95,KXDOGE15M-26SEP271345-45,1790530582.0451608,0.91,yes,517.9548392295837,1.1,official_reference_rolling,20260926T195518Z-ac68a57f5d3645ecaf60f62fce9a0b68
DOGE,0.95,KXDOGE15M-26SEP271400-00,1790531401.085977,0.917,yes,598.9140229225159,1.1,official_reference_rolling,20260926T195518Z-ac68a57f5d3645ecaf60f62fce9a0b68
DOGE,0.95,KXDOGE15M-26SEP271415-15,1790532669.0865881,0.901,yes,230.91341185569763,1.1,official_reference_rolling,20260926T195518Z-ac68a57f5d3645ecaf60f62fce9a0b68
DOGE,0.95,KXDOGE15M-26SEP271430-30,1790533243.03895,0.93,yes,556.9610500335693,1.1,official_reference_rolling,20260926T195518Z-ac68a57f5d3645ecaf60f62fce9a0b68
DOGE,0.95,KXDOGE15M-26SEP271515-15,1790535958.0805848,0.945,no,541.9194152355194,1.1,official_reference_rolling,20260926T195518Z-ac68a57f5d3645ecaf60f62fce9a0b68
DOGE,0.95,KXDOGE15M-26SEP271600-00,1790538976.0484228,0.903,no,223.95157718658447,1.1,official_reference_rolling,20260926T195518Z-ac68a57f5d3645ecaf60f62fce9a0b68
DOGE,0.95,KXDOGE15M-26SEP271615-15,1790539500.8850007,0.929,yes,599.114999294281,1.1,official_reference_rolling,20260926T195518Z-ac68a57f5d3645ecaf60f62fce9a0b68
DOGE,0.95,KXDOGE15M-26SEP271630-30,1790540494.048084,0.96,no,505.9519159793854,1.1,official_reference_rolling,20260926T195518Z-ac68a57f5d3645ecaf60f62fce9a0b68
DOGE,0.95,KXDOGE15M-26SEP271645-45,1790541639.3408282,0.92,yes,260.6591718196869,1.1,official_reference_rolling,20260926T195518Z-ac68a57f5d3645ecaf60f62fce9a0b68
DOGE,0.95,KXDOGE15M-26SEP271745-45,1790544997.1007764,0.917,no,502.8992235660553,1.1,official_reference_rolling,20260926T195518Z-ac68a57f5d3645ecaf60f62fce9a0b68
DOGE,0.95,KXDOGE15M-26SEP271800-00,1790545916.0891194,0.939,yes,483.9108805656433,1.1,official_reference_rolling,20260926T195518Z-ac68a57f5d3645ecaf60f62fce9a0b68
DOGE,0.95,KXDOGE15M-26SEP271815-15,1790546700.7176433,0.912,no,599.2823567390442,1.1,official_reference_rolling,20260926T195518Z-ac68a57f5d3645ecaf60f62fce9a0b68
DOGE,0.95,KXDOGE15M-26SEP272000-00,1790553000.5657341,0.923,yes,599.4342658519745,1.1,official_reference_rolling,20260926T195518Z-ac68a57f5d3645ecaf60f62fce9a0b68
DOGE,0.95,KXDOGE15M-26SEP272015-15,1790554097.3124387,0.8,no,402.68756127357483,1.1,reference_price_floor,20260928T000015Z-8509a8debc754db79ccb98e865e2ff46
DOGE,0.95,KXDOGE15M-26SEP272200-00,1790560207.4701998,0.922,no,592.5298001766205,1.1,official_reference_rolling,20260928T000015Z-8509a8debc754db79ccb98e865e2ff46
DOGE,0.95,KXDOGE15M-26SEP272230-30,1790562193.097252,0.939,no,406.90274810791016,1.1,official_reference_rolling,20260928T000015Z-8509a8debc754db79ccb98e865e2ff46
DOGE,0.95,KXDOGE15M-26SEP272245-45,1790563141.0638754,0.958,no,358.93612456321716,1.1,official_reference_rolling,20260928T000015Z-8509a8debc754db79ccb98e865e2ff46
DOGE,0.95,KXDOGE15M-26SEP272330-30,1790565966.0600903,0.957,no,233.93990969657898,1.1,official_reference_rolling,20260928T000015Z-8509a8debc754db79ccb98e865e2ff46
DOGE,0.95,KXDOGE15M-26SEP280000-00,1790567760.499265,0.952,no,239.50073504447937,1.1,official_reference_rolling,20260928T000015Z-8509a8debc754db79ccb98e865e2ff46
DOGE,0.95,KXDOGE15M-26SEP280015-15,1790568300.0807426,0.906,no,599.91925740242,1.1,official_reference_rolling,20260928T000015Z-8509a8debc754db79ccb98e865e2ff46
DOGE,0.95,KXDOGE15M-26SEP280145-45,1790573700.0730364,0.938,no,599.9269635677338,1.1,official_reference_rolling,20260928T000015Z-8509a8debc754db79ccb98e865e2ff46
DOGE,0.95,KXDOGE15M-26SEP280215-15,1790575827.9610317,0.94,yes,272.03896832466125,1.1,official_reference_rolling,20260928T000015Z-8509a8debc754db79ccb98e865e2ff46
DOGE,0.95,KXDOGE15M-26SEP280230-30,1790576400.060047,0.9,no,599.9399530887604,1.1,official_reference_rolling,20260928T000015Z-8509a8debc754db79ccb98e865e2ff46
DOGE,0.95,KXDOGE15M-26SEP280300-00,1790578382.114223,0.948,no,417.88577699661255,1.1,official_reference_rolling,20260928T000015Z-8509a8debc754db79ccb98e865e2ff46
DOGE,0.95,KXDOGE15M-26SEP280430-30,1790583889.3362277,0.947,no,310.66377234458923,1.1,official_reference_rolling,20260928T000015Z-8509a8debc754db79ccb98e865e2ff46
DOGE,0.95,KXDOGE15M-26SEP280500-00,1790585520.7812307,0.954,yes,479.2187693119049,1.1,official_reference_rolling,20260928T000015Z-8509a8debc754db79ccb98e865e2ff46
DOGE,0.95,KXDOGE15M-26SEP280545-45,1790588295.869131,0.946,no,404.13086891174316,1.1,official_reference_rolling,20260928T000015Z-8509a8debc754db79ccb98e865e2ff46
DOGE,0.95,KXDOGE15M-26SEP280615-15,1790589907.2072122,0.96,yes,592.7927877902985,1.1,official_reference_rolling,20260928T000015Z-8509a8debc754db79ccb98e865e2ff46
DOGE,0.95,KXDOGE15M-26SEP280630-30,1790591082.431721,0.95,yes,317.56827902793884,1.1,official_reference_rolling,20260928T000015Z-8509a8debc754db79ccb98e865e2ff46
DOGE,0.95,KXDOGE15M-26SEP280645-45,1790591760.0847857,0.931,yes,539.9152143001556,1.1,official_reference_rolling,20260928T000015Z-8509a8debc754db79ccb98e865e2ff46
DOGE,0.95,KXDOGE15M-26SEP280700-00,1790592930.0469542,0.945,no,269.95304584503174,1.1,official_reference_rolling,20260928T000015Z-8509a8debc754db79ccb98e865e2ff46
DOGE,0.95,KXDOGE15M-26SEP280745-45,1790595723.0930886,0.926,yes,176.90691137313843,1.1,official_reference_rolling,20260928T000015Z-8509a8debc754db79ccb98e865e2ff46
DOGE,0.95,KXDOGE15M-26SEP280800-00,1790596380.081036,0.925,no,419.91896390914917,1.1,official_reference_rolling,20260928T000015Z-8509a8debc754db79ccb98e865e2ff46
DOGE,0.95,KXDOGE15M-26SEP280845-45,1790599238.0827208,0.958,no,261.91727924346924,1.1,official_reference_rolling,20260928T000015Z-8509a8debc754db79ccb98e865e2ff46
DOGE,0.95,KXDOGE15M-26SEP280900-00,1790599952.0965397,0.906,yes,447.90346026420593,1.1,official_reference_rolling,20260928T000015Z-8509a8debc754db79ccb98e865e2ff46
DOGE,0.95,KXDOGE15M-26SEP280915-15,1790600760.0793138,0.948,no,539.9206862449646,1.1,official_reference_rolling,20260928T000015Z-8509a8debc754db79ccb98e865e2ff46
DOGE,0.95,KXDOGE15M-26SEP281015-15,1790604371.0903428,0.954,no,528.9096572399139,1.1,official_reference_rolling,20260928T000015Z-8509a8debc754db79ccb98e865e2ff46
DOGE,0.95,KXDOGE15M-26SEP281500-00,1790621548.3668752,0.918,yes,451.6331248283386,1.1,official_reference_rolling,20260928T000015Z-8509a8debc754db79ccb98e865e2ff46
DOGE,0.95,KXDOGE15M-26SEP282030-30,1790641320.0877483,0.912,no,479.9122517108917,1.1,official_reference_rolling,20260928T200258Z-d94b5b1783274fc8be894271acfdc1ce
DOGE,0.95,KXDOGE15M-26SEP282100-00,1790643020.0468493,0.959,no,579.9531507492065,1.1,official_reference_rolling,20260928T200258Z-d94b5b1783274fc8be894271acfdc1ce
DOGE,0.95,KXDOGE15M-26SEP290145-45,1790660140.0843549,0.959,no,559.9156451225281,1.1,official_reference_rolling,20260928T200258Z-d94b5b1783274fc8be894271acfdc1ce
DOGE,0.95,KXDOGE15M-26SEP291415-15,1790705136.069279,0.95,yes,563.9307210445404,1.1,official_reference_rolling,20260928T200258Z-d94b5b1783274fc8be894271acfdc1ce
DOGE,0.95,KXDOGE15M-26SEP291945-45,1790725192.7344015,0.924,no,307.2655985355377,1.1,official_reference_rolling,20260928T200258Z-d94b5b1783274fc8be894271acfdc1ce
DOGE,0.9,KXDOGE15M-26SEP262315-15,1790478368.6128964,0.88,yes,531.3871035575867,1.1,official_reference_rolling,20260926T195518Z-ac68a57f5d3645ecaf60f62fce9a0b68
DOGE,0.9,KXDOGE15M-26SEP262330-30,1790479246.5870333,0.9,no,553.4129667282104,1.1,official_reference_rolling,20260926T195518Z-ac68a57f5d3645ecaf60f62fce9a0b68
DOGE,0.9,KXDOGE15M-26SEP262345-45,1790480412.2908442,0.91,yes,287.7091557979584,1.1,official_reference_rolling,20260926T195518Z-ac68a57f5d3645ecaf60f62fce9a0b68
DOGE,0.9,KXDOGE15M-26SEP270000-00,1790481289.040766,0.89,no,310.9592339992523,1.1,official_reference_rolling,20260926T195518Z-ac68a57f5d3645ecaf60f62fce9a0b68
DOGE,0.9,KXDOGE15M-26SEP270015-15,1790481900.1104155,0.89,no,599.8895845413208,1.1,official_reference_rolling,20260926T195518Z-ac68a57f5d3645ecaf60f62fce9a0b68
DOGE,0.9,KXDOGE15M-26SEP270030-30,1790483011.0454593,0.93,no,388.9545407295227,1.1,official_reference_rolling,20260926T195518Z-ac68a57f5d3645ecaf60f62fce9a0b68
DOGE,0.9,KXDOGE15M-26SEP270045-45,1790483820.0656781,0.89,no,479.9343218803406,1.1,official_reference_rolling,20260926T195518Z-ac68a57f5d3645ecaf60f62fce9a0b68
DOGE,0.9,KXDOGE15M-26SEP270115-15,1790485500.0774202,0.88,yes,599.9225797653198,1.1,official_reference_rolling,20260926T195518Z-ac68a57f5d3645ecaf60f62fce9a0b68
DOGE,0.9,KXDOGE15M-26SEP270130-30,1790486581.0594137,0.928,yes,418.94058632850647,1.1,official_reference_rolling,20260926T195518Z-ac68a57f5d3645ecaf60f62fce9a0b68
DOGE,0.9,KXDOGE15M-26SEP270145-45,1790487341.046792,0.913,yes,558.9532079696655,1.1,official_reference_rolling,20260926T195518Z-ac68a57f5d3645ecaf60f62fce9a0b68
DOGE,0.9,KXDOGE15M-26SEP270200-00,1790488700.0871062,0.958,yes,99.91289377212524,1.1,official_reference_rolling,20260926T195518Z-ac68a57f5d3645ecaf60f62fce9a0b68
DOGE,0.9,KXDOGE15M-26SEP270215-15,1790489249.5109391,0.8,yes,450.48906087875366,1.1,reference_price_floor,20260926T195518Z-ac68a57f5d3645ecaf60f62fce9a0b68
DOGE,0.9,KXDOGE15M-26SEP270230-30,1790490587.0872827,0.83,no,12.912717342376709,1.1,official_reference_rolling,20260926T195518Z-ac68a57f5d3645ecaf60f62fce9a0b68
DOGE,0.9,KXDOGE15M-26SEP270245-45,1790490901.484159,0.923,no,598.5158410072327,1.1,official_reference_rolling,20260926T195518Z-ac68a57f5d3645ecaf60f62fce9a0b68
DOGE,0.9,KXDOGE15M-26SEP270300-00,1790492037.1722255,0.91,yes,362.8277745246887,1.1,official_reference_rolling,20260926T195518Z-ac68a57f5d3645ecaf60f62fce9a0b68
DOGE,0.9,KXDOGE15M-26SEP270330-30,1790493801.1034784,0.927,yes,398.89652156829834,1.1,official_reference_rolling,20260926T195518Z-ac68a57f5d3645ecaf60f62fce9a0b68
DOGE,0.9,KXDOGE15M-26SEP270345-45,1790494500.5551054,0.921,yes,599.4448945522308,1.1,official_reference_rolling,20260926T195518Z-ac68a57f5d3645ecaf60f62fce9a0b68
DOGE,0.9,KXDOGE15M-26SEP270400-00,1790495517.1816294,0.921,yes,482.8183705806732,1.1,official_reference_rolling,20260926T195518Z-ac68a57f5d3645ecaf60f62fce9a0b68
DOGE,0.9,KXDOGE15M-26SEP270415-15,1790496660.4225998,0.944,no,239.57740020751953,1.1,official_reference_rolling,20260926T195518Z-ac68a57f5d3645ecaf60f62fce9a0b68
DOGE,0.9,KXDOGE15M-26SEP270430-30,1790497507.106891,0.958,no,292.89310908317566,1.1,official_reference_rolling,20260926T195518Z-ac68a57f5d3645ecaf60f62fce9a0b68
DOGE,0.9,KXDOGE15M-26SEP270445-45,1790498100.1153572,0.938,yes,599.8846428394318,1.1,official_reference_rolling,20260926T195518Z-ac68a57f5d3645ecaf60f62fce9a0b68
DOGE,0.9,KXDOGE15M-26SEP270500-00,1790499429.0713305,0.9,no,170.92866945266724,1.1,official_reference_rolling,20260926T195518Z-ac68a57f5d3645ecaf60f62fce9a0b68
DOGE,0.9,KXDOGE15M-26SEP270515-15,1790499961.07769,0.92,no,538.9223101139069,1.1,official_reference_rolling,20260926T195518Z-ac68a57f5d3645ecaf60f62fce9a0b68
DOGE,0.9,KXDOGE15M-26SEP270600-00,1790502658.1150203,0.926,yes,541.884979724884,1.1,official_reference_rolling,20260926T195518Z-ac68a57f5d3645ecaf60f62fce9a0b68
DOGE,0.9,KXDOGE15M-26SEP270615-15,1790504028.0776734,0.957,yes,71.92232656478882,1.1,official_reference_rolling,20260926T195518Z-ac68a57f5d3645ecaf60f62fce9a0b68
DOGE,0.9,KXDOGE15M-26SEP270645-45,1790505437.0697346,0.89,no,462.93026542663574,1.1,official_reference_rolling,20260926T195518Z-ac68a57f5d3645ecaf60f62fce9a0b68
DOGE,0.9,KXDOGE15M-26SEP270700-00,1790506200.923689,0.87,yes,599.0763111114502,1.1,official_reference_rolling,20260926T195518Z-ac68a57f5d3645ecaf60f62fce9a0b68
DOGE,0.9,KXDOGE15M-26SEP270715-15,1790507101.2576914,0.85,no,598.7423086166382,1.1,official_reference_rolling,20260926T195518Z-ac68a57f5d3645ecaf60f62fce9a0b68
DOGE,0.9,KXDOGE15M-26SEP270730-30,1790508410.0440133,0.88,yes,189.95598673820496,1.1,official_reference_rolling,20260926T195518Z-ac68a57f5d3645ecaf60f62fce9a0b68
DOGE,0.9,KXDOGE15M-26SEP270745-45,1790509112.9059098,0.9,no,387.0940902233124,1.1,official_reference_rolling,20260926T195518Z-ac68a57f5d3645ecaf60f62fce9a0b68
DOGE,0.9,KXDOGE15M-26SEP270800-00,1790509886.060676,0.89,yes,513.9393239021301,1.1,official_reference_rolling,20260926T195518Z-ac68a57f5d3645ecaf60f62fce9a0b68
DOGE,0.9,KXDOGE15M-26SEP270815-15,1790510700.606014,0.915,yes,599.3939859867096,1.1,official_reference_rolling,20260926T195518Z-ac68a57f5d3645ecaf60f62fce9a0b68
DOGE,0.9,KXDOGE15M-26SEP270830-30,1790511919.043797,0.902,no,280.9562029838562,1.1,official_reference_rolling,20260926T195518Z-ac68a57f5d3645ecaf60f62fce9a0b68
DOGE,0.9,KXDOGE15M-26SEP270845-45,1790512517.0949113,0.923,yes,582.9050886631012,1.1,official_reference_rolling,20260926T195518Z-ac68a57f5d3645ecaf60f62fce9a0b68
DOGE,0.9,KXDOGE15M-26SEP270900-00,1790513903.051741,0.959,no,96.94825911521912,1.1,official_reference_rolling,20260926T195518Z-ac68a57f5d3645ecaf60f62fce9a0b68
DOGE,0.9,KXDOGE15M-26SEP270915-15,1790514300.4031153,0.947,no,599.596884727478,1.1,official_reference_rolling,20260926T195518Z-ac68a57f5d3645ecaf60f62fce9a0b68
DOGE,0.9,KXDOGE15M-26SEP271000-00,1790517229.0499825,0.946,yes,370.95001745224,1.1,official_reference_rolling,20260926T195518Z-ac68a57f5d3645ecaf60f62fce9a0b68
DOGE,0.9,KXDOGE15M-26SEP271015-15,1790517905.0907686,0.88,no,594.9092314243317,1.1,reference_price_floor,20260926T195518Z-ac68a57f5d3645ecaf60f62fce9a0b68
DOGE,0.9,KXDOGE15M-26SEP271030-30,1790518822.1049469,0.907,no,577.8950531482697,1.1,official_reference_rolling,20260926T195518Z-ac68a57f5d3645ecaf60f62fce9a0b68
DOGE,0.9,KXDOGE15M-26SEP271200-00,1790524501.0925775,0.9,yes,298.907422542572,1.1,official_reference_rolling,20260926T195518Z-ac68a57f5d3645ecaf60f62fce9a0b68
DOGE,0.9,KXDOGE15M-26SEP271215-15,1790525222.0776982,0.918,yes,477.9223017692566,1.1,official_reference_rolling,20260926T195518Z-ac68a57f5d3645ecaf60f62fce9a0b68
DOGE,0.9,KXDOGE15M-26SEP271300-00,1790528264.0620136,0.86,no,135.93798637390137,1.1,official_reference_rolling,20260926T195518Z-ac68a57f5d3645ecaf60f62fce9a0b68
DOGE,0.9,KXDOGE15M-26SEP271330-30,1790530035.595114,0.912,no,164.40488600730896,1.1,official_reference_rolling,20260926T195518Z-ac68a57f5d3645ecaf60f62fce9a0b68
DOGE,0.9,KXDOGE15M-26SEP271345-45,1790530580.050242,0.91,yes,519.9497580528259,1.1,official_reference_rolling,20260926T195518Z-ac68a57f5d3645ecaf60f62fce9a0b68
DOGE,0.9,KXDOGE15M-26SEP271400-00,1790531401.085977,0.917,yes,598.9140229225159,1.1,official_reference_rolling,20260926T195518Z-ac68a57f5d3645ecaf60f62fce9a0b68
DOGE,0.9,KXDOGE15M-26SEP271415-15,1790532669.0865881,0.901,yes,230.91341185569763,1.1,official_reference_rolling,20260926T195518Z-ac68a57f5d3645ecaf60f62fce9a0b68
DOGE,0.9,KXDOGE15M-26SEP271430-30,1790533214.1094215,0.919,yes,585.8905785083771,1.1,official_reference_rolling,20260926T195518Z-ac68a57f5d3645ecaf60f62fce9a0b68
DOGE,0.9,KXDOGE15M-26SEP271445-45,1790534465.0727835,0.96,no,234.9272165298462,1.1,official_reference_rolling,20260926T195518Z-ac68a57f5d3645ecaf60f62fce9a0b68
DOGE,0.9,KXDOGE15M-26SEP271500-00,1790535057.3658764,0.911,yes,542.6341235637665,1.1,official_reference_rolling,20260926T195518Z-ac68a57f5d3645ecaf60f62fce9a0b68
DOGE,0.9,KXDOGE15M-26SEP271515-15,1790535925.0638814,0.921,no,574.9361186027527,1.1,official_reference_rolling,20260926T195518Z-ac68a57f5d3645ecaf60f62fce9a0b68
DOGE,0.9,KXDOGE15M-26SEP271600-00,1790538974.6483736,0.88,no,225.3516263961792,1.1,official_reference_rolling,20260926T195518Z-ac68a57f5d3645ecaf60f62fce9a0b68
DOGE,0.9,KXDOGE15M-26SEP271615-15,1790539500.8850007,0.929,yes,599.114999294281,1.1,official_reference_rolling,20260926T195518Z-ac68a57f5d3645ecaf60f62fce9a0b68
DOGE,0.9,KXDOGE15M-26SEP271630-30,1790540494.048084,0.96,no,505.9519159793854,1.1,official_reference_rolling,20260926T195518Z-ac68a57f5d3645ecaf60f62fce9a0b68
DOGE,0.9,KXDOGE15M-26SEP271645-45,1790541609.916656,0.909,yes,290.08334398269653,1.1,official_reference_rolling,20260926T195518Z-ac68a57f5d3645ecaf60f62fce9a0b68
DOGE,0.9,KXDOGE15M-26SEP271715-15,1790543423.4149437,0.955,yes,276.58505630493164,1.1,official_reference_rolling,20260926T195518Z-ac68a57f5d3645ecaf60f62fce9a0b68
DOGE,0.9,KXDOGE15M-26SEP271745-45,1790544995.076151,0.922,no,504.92384910583496,1.1,official_reference_rolling,20260926T195518Z-ac68a57f5d3645ecaf60f62fce9a0b68
DOGE,0.9,KXDOGE15M-26SEP271800-00,1790545883.5269096,0.904,yes,516.4730904102325,1.1,official_reference_rolling,20260926T195518Z-ac68a57f5d3645ecaf60f62fce9a0b68
DOGE,0.9,KXDOGE15M-26SEP271815-15,1790546700.7176433,0.912,no,599.2823567390442,1.1,official_reference_rolling,20260926T195518Z-ac68a57f5d3645ecaf60f62fce9a0b68
DOGE,0.9,KXDOGE15M-26SEP271915-15,1790550801.2680357,0.955,yes,98.7319643497467,1.1,official_reference_rolling,20260926T195518Z-ac68a57f5d3645ecaf60f62fce9a0b68
DOGE,0.9,KXDOGE15M-26SEP272000-00,1790553000.5657341,0.923,yes,599.4342658519745,1.1,official_reference_rolling,20260926T195518Z-ac68a57f5d3645ecaf60f62fce9a0b68
DOGE,0.9,KXDOGE15M-26SEP272015-15,1790554097.3124387,0.8,no,402.68756127357483,1.1,reference_price_floor,20260928T000015Z-8509a8debc754db79ccb98e865e2ff46
DOGE,0.9,KXDOGE15M-26SEP272145-45,1790559612.123363,0.955,no,287.8766369819641,1.1,official_reference_rolling,20260928T000015Z-8509a8debc754db79ccb98e865e2ff46
DOGE,0.9,KXDOGE15M-26SEP272200-00,1790560201.1094224,0.915,no,598.8905775547028,1.1,official_reference_rolling,20260928T000015Z-8509a8debc754db79ccb98e865e2ff46
DOGE,0.9,KXDOGE15M-26SEP272230-30,1790562182.0905232,0.932,no,417.90947675704956,1.1,official_reference_rolling,20260928T000015Z-8509a8debc754db79ccb98e865e2ff46
DOGE,0.9,KXDOGE15M-26SEP272245-45,1790563129.6013186,0.942,no,370.3986814022064,1.1,official_reference_rolling,20260928T000015Z-8509a8debc754db79ccb98e865e2ff46
DOGE,0.9,KXDOGE15M-26SEP272330-30,1790565966.0600903,0.957,no,233.93990969657898,1.1,official_reference_rolling,20260928T000015Z-8509a8debc754db79ccb98e865e2ff46
DOGE,0.9,KXDOGE15M-26SEP280000-00,1790567760.499265,0.952,no,239.50073504447937,1.1,official_reference_rolling,20260928T000015Z-8509a8debc754db79ccb98e865e2ff46
DOGE,0.9,KXDOGE15M-26SEP280015-15,1790568300.0807426,0.906,no,599.91925740242,1.1,official_reference_rolling,20260928T000015Z-8509a8debc754db79ccb98e865e2ff46
DOGE,0.9,KXDOGE15M-26SEP280145-45,1790573700.0730364,0.938,no,599.9269635677338,1.1,official_reference_rolling,20260928T000015Z-8509a8debc754db79ccb98e865e2ff46
DOGE,0.9,KXDOGE15M-26SEP280215-15,1790575801.6035228,0.927,yes,298.3964772224426,1.1,official_reference_rolling,20260928T000015Z-8509a8debc754db79ccb98e865e2ff46
DOGE,0.9,KXDOGE15M-26SEP280230-30,1790576400.060047,0.9,no,599.9399530887604,1.1,official_reference_rolling,20260928T000015Z-8509a8debc754db79ccb98e865e2ff46
DOGE,0.9,KXDOGE15M-26SEP280245-45,1790577377.6744509,0.929,yes,522.3255491256714,1.1,official_reference_rolling,20260928T000015Z-8509a8debc754db79ccb98e865e2ff46
DOGE,0.9,KXDOGE15M-26SEP280300-00,1790578382.114223,0.948,no,417.88577699661255,1.1,official_reference_rolling,20260928T000015Z-8509a8debc754db79ccb98e865e2ff46
DOGE,0.9,KXDOGE15M-26SEP280345-45,1790581265.0307827,0.96,yes,234.96921730041504,1.1,official_reference_rolling,20260928T000015Z-8509a8debc754db79ccb98e865e2ff46
DOGE,0.9,KXDOGE15M-26SEP280430-30,1790583861.0540311,0.94,no,338.94596886634827,1.1,official_reference_rolling,20260928T000015Z-8509a8debc754db79ccb98e865e2ff46
DOGE,0.9,KXDOGE15M-26SEP280500-00,1790585503.3315234,0.945,yes,496.6684765815735,1.1,official_reference_rolling,20260928T000015Z-8509a8debc754db79ccb98e865e2ff46
DOGE,0.9,KXDOGE15M-26SEP280515-15,1790586301.0876725,0.954,no,598.9123275279999,1.1,official_reference_rolling,20260928T000015Z-8509a8debc754db79ccb98e865e2ff46
DOGE,0.9,KXDOGE15M-26SEP280545-45,1790588277.121764,0.939,no,422.87823605537415,1.1,official_reference_rolling,20260928T000015Z-8509a8debc754db79ccb98e865e2ff46
DOGE,0.9,KXDOGE15M-26SEP280615-15,1790589907.2072122,0.96,yes,592.7927877902985,1.1,official_reference_rolling,20260928T000015Z-8509a8debc754db79ccb98e865e2ff46
DOGE,0.9,KXDOGE15M-26SEP280630-30,1790591054.087503,0.944,yes,345.9124970436096,1.1,official_reference_rolling,20260928T000015Z-8509a8debc754db79ccb98e865e2ff46
DOGE,0.9,KXDOGE15M-26SEP280645-45,1790591749.103028,0.933,yes,550.8969719409943,1.1,official_reference_rolling,20260928T000015Z-8509a8debc754db79ccb98e865e2ff46
DOGE,0.9,KXDOGE15M-26SEP280700-00,1790592926.6747718,0.929,no,273.3252282142639,1.1,official_reference_rolling,20260928T000015Z-8509a8debc754db79ccb98e865e2ff46
DOGE,0.9,KXDOGE15M-26SEP280745-45,1790595722.0927813,0.925,yes,177.9072186946869,1.1,official_reference_rolling,20260928T000015Z-8509a8debc754db79ccb98e865e2ff46
DOGE,0.9,KXDOGE15M-26SEP280800-00,1790596225.0554063,0.89,no,574.944593667984,1.1,official_reference_rolling,20260928T000015Z-8509a8debc754db79ccb98e865e2ff46
DOGE,0.9,KXDOGE15M-26SEP280845-45,1790599238.0827208,0.958,no,261.91727924346924,1.1,official_reference_rolling,20260928T000015Z-8509a8debc754db79ccb98e865e2ff46
DOGE,0.9,KXDOGE15M-26SEP280900-00,1790599943.0607476,0.906,yes,456.9392523765564,1.1,official_reference_rolling,20260928T000015Z-8509a8debc754db79ccb98e865e2ff46
DOGE,0.9,KXDOGE15M-26SEP280915-15,1790600760.0793138,0.948,no,539.9206862449646,1.1,official_reference_rolling,20260928T000015Z-8509a8debc754db79ccb98e865e2ff46
DOGE,0.9,KXDOGE15M-26SEP281015-15,1790604363.6073022,0.947,no,536.3926978111267,1.1,official_reference_rolling,20260928T000015Z-8509a8debc754db79ccb98e865e2ff46
DOGE,0.9,KXDOGE15M-26SEP281500-00,1790621548.3668752,0.918,yes,451.6331248283386,1.1,official_reference_rolling,20260928T000015Z-8509a8debc754db79ccb98e865e2ff46
DOGE,0.9,KXDOGE15M-26SEP282030-30,1790641320.0877483,0.912,no,479.9122517108917,1.1,official_reference_rolling,20260928T200258Z-d94b5b1783274fc8be894271acfdc1ce
DOGE,0.9,KXDOGE15M-26SEP282100-00,1790643020.0468493,0.959,no,579.9531507492065,1.1,official_reference_rolling,20260928T200258Z-d94b5b1783274fc8be894271acfdc1ce
DOGE,0.9,KXDOGE15M-26SEP290145-45,1790660140.0843549,0.959,no,559.9156451225281,1.1,official_reference_rolling,20260928T200258Z-d94b5b1783274fc8be894271acfdc1ce
DOGE,0.9,KXDOGE15M-26SEP291415-15,1790705130.010072,0.938,yes,569.9899280071259,1.1,official_reference_rolling,20260928T200258Z-d94b5b1783274fc8be894271acfdc1ce
DOGE,0.9,KXDOGE15M-26SEP291945-45,1790725184.0907965,0.923,no,315.9092035293579,1.1,official_reference_rolling,20260928T200258Z-d94b5b1783274fc8be894271acfdc1ce
DOGE,0.9,KXDOGE15M-26SEP300115-15,1790744843.3663306,0.928,yes,456.6336693763733,1.1,official_reference_rolling,20260928T200258Z-d94b5b1783274fc8be894271acfdc1ce
BNB,1.25,KXBNB15M-26SEP262315-15,1790478484.1020675,0.928,yes,415.89793252944946,1.15,official_reference_rolling,20260926T200635Z-ffc57af6d57a432f8a0b7add9fad8a16
BNB,1.25,KXBNB15M-26SEP262330-30,1790479380.557083,0.921,no,419.44291710853577,1.15,official_reference_rolling,20260926T200635Z-ffc57af6d57a432f8a0b7add9fad8a16
BNB,1.25,KXBNB15M-26SEP262345-45,1790480469.0682113,0.96,yes,230.93178868293762,1.0,reference_price_floor,20260927T033014Z-8ac3f774098e46698599f9775d9655a5
BNB,1.25,KXBNB15M-26SEP270030-30,1790483217.9861612,0.908,no,182.01383876800537,1.0,official_reference_rolling,20260927T033014Z-8ac3f774098e46698599f9775d9655a5
BNB,1.25,KXBNB15M-26SEP270045-45,1790484178.5475821,0.916,no,121.45241785049438,1.0,official_reference_rolling,20260927T033014Z-8ac3f774098e46698599f9775d9655a5
BNB,1.25,KXBNB15M-26SEP270130-30,1790486859.0691655,0.89,yes,140.93083453178406,1.0,official_reference_rolling,20260927T033014Z-8ac3f774098e46698599f9775d9655a5
BNB,1.25,KXBNB15M-26SEP270215-15,1790489280.0136983,0.934,yes,419.9863016605377,1.0,official_reference_rolling,20260927T033014Z-8ac3f774098e46698599f9775d9655a5
BNB,1.25,KXBNB15M-26SEP270230-30,1790490587.3787067,0.8,no,12.621293306350708,1.0,official_reference_rolling,20260927T033014Z-8ac3f774098e46698599f9775d9655a5
BNB,1.25,KXBNB15M-26SEP270300-00,1790491981.0808272,0.905,yes,418.91917276382446,1.0,official_reference_rolling,20260927T033014Z-8ac3f774098e46698599f9775d9655a5
BNB,1.25,KXBNB15M-26SEP270315-15,1790492929.6913037,0.953,yes,370.308696269989,1.0,official_reference_rolling,20260927T033014Z-8ac3f774098e46698599f9775d9655a5
BNB,1.25,KXBNB15M-26SEP270330-30,1790494017.0899682,0.96,yes,182.9100317955017,1.0,official_reference_rolling,20260927T033014Z-8ac3f774098e46698599f9775d9655a5
BNB,1.25,KXBNB15M-26SEP270345-45,1790494725.0928717,0.957,yes,374.9071283340454,1.0,official_reference_rolling,20260927T033014Z-8ac3f774098e46698599f9775d9655a5
BNB,1.25,KXBNB15M-26SEP270400-00,1790495760.4803958,0.953,yes,239.5196042060852,1.0,official_reference_rolling,20260927T033014Z-8ac3f774098e46698599f9775d9655a5
BNB,1.25,KXBNB15M-26SEP270545-45,1790501895.0650218,0.915,yes,404.93497824668884,1.0,official_reference_rolling,20260927T033014Z-8ac3f774098e46698599f9775d9655a5
BNB,1.25,KXBNB15M-26SEP270700-00,1790506380.0897946,0.89,no,419.9102053642273,1.0,official_reference_rolling,20260927T033014Z-8ac3f774098e46698599f9775d9655a5
BNB,1.25,KXBNB15M-26SEP270715-15,1790507350.072031,0.959,yes,349.92796897888184,1.0,official_reference_rolling,20260927T033014Z-8ac3f774098e46698599f9775d9655a5
BNB,1.25,KXBNB15M-26SEP270730-30,1790508341.7909737,0.953,no,258.2090263366699,1.0,official_reference_rolling,20260927T033014Z-8ac3f774098e46698599f9775d9655a5
BNB,1.25,KXBNB15M-26SEP270745-45,1790509296.100623,0.96,yes,203.89937710762024,1.0,official_reference_rolling,20260927T033014Z-8ac3f774098e46698599f9775d9655a5
BNB,1.25,KXBNB15M-26SEP270800-00,1790510301.8200052,0.82,yes,98.17999482154846,1.0,official_reference_rolling,20260927T033014Z-8ac3f774098e46698599f9775d9655a5
BNB,1.25,KXBNB15M-26SEP270815-15,1790510880.4313424,0.959,yes,419.56865763664246,1.0,official_reference_rolling,20260927T033014Z-8ac3f774098e46698599f9775d9655a5
BNB,1.25,KXBNB15M-26SEP270845-45,1790512773.05848,0.96,yes,326.94151997566223,1.0,official_reference_rolling,20260927T033014Z-8ac3f774098e46698599f9775d9655a5
BNB,1.25,KXBNB15M-26SEP271000-00,1790517189.0865262,0.952,yes,410.9134738445282,1.0,official_reference_rolling,20260927T033014Z-8ac3f774098e46698599f9775d9655a5
BNB,1.25,KXBNB15M-26SEP271130-30,1790522996.050017,0.88,yes,3.9499828815460205,1.0,official_reference_rolling,20260927T033014Z-8ac3f774098e46698599f9775d9655a5
BNB,1.25,KXBNB15M-26SEP271330-30,1790530168.0471818,0.87,no,31.952818155288696,1.0,official_reference_rolling,20260927T033014Z-8ac3f774098e46698599f9775d9655a5
BNB,1.25,KXBNB15M-26SEP271515-15,1790536448.101285,0.89,yes,51.898715019226074,1.0,official_reference_rolling,20260927T033014Z-8ac3f774098e46698599f9775d9655a5
BNB,1.25,KXBNB15M-26SEP271600-00,1790539082.1157877,0.905,no,117.8842122554779,1.0,official_reference_rolling,20260927T033014Z-8ac3f774098e46698599f9775d9655a5
BNB,1.25,KXBNB15M-26SEP271615-15,1790539923.944415,0.938,yes,176.05558490753174,1.0,official_reference_rolling,20260927T033014Z-8ac3f774098e46698599f9775d9655a5
BNB,1.25,KXBNB15M-26SEP271745-45,1790545080.1074,0.938,no,419.8926000595093,1.0,official_reference_rolling,20260927T033014Z-8ac3f774098e46698599f9775d9655a5
BNB,1.25,KXBNB15M-26SEP272015-15,1790554233.0833547,0.84,no,266.9166452884674,1.0,reference_price_floor,20260928T000015Z-36431321d6234227a4c399a71ebf1e51
BNB,1.25,KXBNB15M-26SEP280045-45,1790570528.364462,0.95,no,171.6355381011963,1.0,official_reference_rolling,20260928T000015Z-36431321d6234227a4c399a71ebf1e51
BNB,1.25,KXBNB15M-26SEP280330-30,1790580277.108312,0.942,no,322.8916881084442,1.0,official_reference_rolling,20260928T000015Z-36431321d6234227a4c399a71ebf1e51
BNB,1.25,KXBNB15M-26SEP280745-45,1790595608.0456533,0.938,yes,291.9543466567993,1.0,official_reference_rolling,20260928T000015Z-36431321d6234227a4c399a71ebf1e51
BNB,1.25,KXBNB15M-26SEP280845-45,1790599243.0436363,0.943,no,256.9563636779785,1.0,official_reference_rolling,20260928T000015Z-36431321d6234227a4c399a71ebf1e51
BNB,1.25,KXBNB15M-26SEP282100-00,1790643093.0412962,0.959,no,506.9587037563324,1.0,official_reference_rolling,20260928T200258Z-d4a93c85a07c4184819870087080ca86
BNB,1.15,KXBNB15M-26SEP262315-15,1790478480.430029,0.939,yes,419.5699710845947,1.15,official_reference_rolling,20260926T200635Z-ffc57af6d57a432f8a0b7add9fad8a16
BNB,1.15,KXBNB15M-26SEP262330-30,1790479380.557083,0.921,no,419.44291710853577,1.15,official_reference_rolling,20260926T200635Z-ffc57af6d57a432f8a0b7add9fad8a16
BNB,1.15,KXBNB15M-26SEP262345-45,1790480430.0818193,0.946,yes,269.9181807041168,1.0,reference_price_floor,20260927T033014Z-8ac3f774098e46698599f9775d9655a5
BNB,1.15,KXBNB15M-26SEP270030-30,1790483217.9861612,0.908,no,182.01383876800537,1.0,official_reference_rolling,20260927T033014Z-8ac3f774098e46698599f9775d9655a5
BNB,1.15,KXBNB15M-26SEP270045-45,1790484178.5475821,0.916,no,121.45241785049438,1.0,official_reference_rolling,20260927T033014Z-8ac3f774098e46698599f9775d9655a5
BNB,1.15,KXBNB15M-26SEP270130-30,1790486857.0701504,0.86,yes,142.9298496246338,1.0,official_reference_rolling,20260927T033014Z-8ac3f774098e46698599f9775d9655a5
BNB,1.15,KXBNB15M-26SEP270215-15,1790489280.0136983,0.934,yes,419.9863016605377,1.0,official_reference_rolling,20260927T033014Z-8ac3f774098e46698599f9775d9655a5
BNB,1.15,KXBNB15M-26SEP270230-30,1790490587.3787067,0.8,no,12.621293306350708,1.0,official_reference_rolling,20260927T033014Z-8ac3f774098e46698599f9775d9655a5
BNB,1.15,KXBNB15M-26SEP270300-00,1790491980.047631,0.905,yes,419.95236897468567,1.0,official_reference_rolling,20260927T033014Z-8ac3f774098e46698599f9775d9655a5
BNB,1.15,KXBNB15M-26SEP270315-15,1790492925.0722349,0.958,yes,374.9277651309967,1.0,official_reference_rolling,20260927T033014Z-8ac3f774098e46698599f9775d9655a5
BNB,1.15,KXBNB15M-26SEP270330-30,1790493997.062654,0.95,yes,202.9373459815979,1.0,official_reference_rolling,20260927T033014Z-8ac3f774098e46698599f9775d9655a5
BNB,1.15,KXBNB15M-26SEP270345-45,1790494681.048787,0.94,yes,418.9512128829956,1.0,official_reference_rolling,20260927T033014Z-8ac3f774098e46698599f9775d9655a5
BNB,1.15,KXBNB15M-26SEP270400-00,1790495742.096613,0.932,yes,257.90338706970215,1.0,official_reference_rolling,20260927T033014Z-8ac3f774098e46698599f9775d9655a5
BNB,1.15,KXBNB15M-26SEP270545-45,1790501895.0650218,0.915,yes,404.93497824668884,1.0,official_reference_rolling,20260927T033014Z-8ac3f774098e46698599f9775d9655a5
BNB,1.15,KXBNB15M-26SEP270600-00,1790502960.097308,0.945,yes,239.90269207954407,1.0,official_reference_rolling,20260927T033014Z-8ac3f774098e46698599f9775d9655a5
BNB,1.15,KXBNB15M-26SEP270700-00,1790506380.0897946,0.89,no,419.9102053642273,1.0,official_reference_rolling,20260927T033014Z-8ac3f774098e46698599f9775d9655a5
BNB,1.15,KXBNB15M-26SEP270715-15,1790507340.1397376,0.947,yes,359.8602623939514,1.0,official_reference_rolling,20260927T033014Z-8ac3f774098e46698599f9775d9655a5
BNB,1.15,KXBNB15M-26SEP270730-30,1790508300.0888903,0.943,no,299.9111096858978,1.0,official_reference_rolling,20260927T033014Z-8ac3f774098e46698599f9775d9655a5
BNB,1.15,KXBNB15M-26SEP270745-45,1790509293.356813,0.938,yes,206.64318704605103,1.0,official_reference_rolling,20260927T033014Z-8ac3f774098e46698599f9775d9655a5
BNB,1.15,KXBNB15M-26SEP270800-00,1790510301.8200052,0.82,yes,98.17999482154846,1.0,official_reference_rolling,20260927T033014Z-8ac3f774098e46698599f9775d9655a5
BNB,1.15,KXBNB15M-26SEP270815-15,1790510880.4313424,0.959,yes,419.56865763664246,1.0,official_reference_rolling,20260927T033014Z-8ac3f774098e46698599f9775d9655a5
BNB,1.15,KXBNB15M-26SEP270845-45,1790512762.094692,0.96,yes,337.90530800819397,1.0,official_reference_rolling,20260927T033014Z-8ac3f774098e46698599f9775d9655a5
BNB,1.15,KXBNB15M-26SEP271000-00,1790517180.0748596,0.947,yes,419.9251403808594,1.0,official_reference_rolling,20260927T033014Z-8ac3f774098e46698599f9775d9655a5
BNB,1.15,KXBNB15M-26SEP271130-30,1790522996.050017,0.88,yes,3.9499828815460205,1.0,official_reference_rolling,20260927T033014Z-8ac3f774098e46698599f9775d9655a5
BNB,1.15,KXBNB15M-26SEP271330-30,1790530168.0471818,0.87,no,31.952818155288696,1.0,official_reference_rolling,20260927T033014Z-8ac3f774098e46698599f9775d9655a5
BNB,1.15,KXBNB15M-26SEP271400-00,1790531642.1209,0.959,yes,357.8791000843048,1.0,official_reference_rolling,20260927T033014Z-8ac3f774098e46698599f9775d9655a5
BNB,1.15,KXBNB15M-26SEP271515-15,1790536448.101285,0.89,yes,51.898715019226074,1.0,official_reference_rolling,20260927T033014Z-8ac3f774098e46698599f9775d9655a5
BNB,1.15,KXBNB15M-26SEP271545-45,1790538120.0922112,0.96,yes,179.90778875350952,1.0,official_reference_rolling,20260927T033014Z-8ac3f774098e46698599f9775d9655a5
BNB,1.15,KXBNB15M-26SEP271600-00,1790539082.1157877,0.905,no,117.8842122554779,1.0,official_reference_rolling,20260927T033014Z-8ac3f774098e46698599f9775d9655a5
BNB,1.15,KXBNB15M-26SEP271615-15,1790539920.102892,0.929,yes,179.89710807800293,1.0,official_reference_rolling,20260927T033014Z-8ac3f774098e46698599f9775d9655a5
BNB,1.15,KXBNB15M-26SEP271645-45,1790541601.0790026,0.952,yes,298.9209973812103,1.0,official_reference_rolling,20260927T033014Z-8ac3f774098e46698599f9775d9655a5
BNB,1.15,KXBNB15M-26SEP271715-15,1790543318.7437909,0.936,yes,381.25620913505554,1.0,official_reference_rolling,20260927T033014Z-8ac3f774098e46698599f9775d9655a5
BNB,1.15,KXBNB15M-26SEP271745-45,1790545033.0636463,0.959,no,466.9363536834717,1.0,official_reference_rolling,20260927T033014Z-8ac3f774098e46698599f9775d9655a5
BNB,1.15,KXBNB15M-26SEP272015-15,1790553936.0967958,0.88,yes,563.903204202652,1.0,reference_price_floor,20260928T000015Z-36431321d6234227a4c399a71ebf1e51
BNB,1.15,KXBNB15M-26SEP272230-30,1790562181.0766497,0.936,no,418.9233503341675,1.0,official_reference_rolling,20260928T000015Z-36431321d6234227a4c399a71ebf1e51
BNB,1.15,KXBNB15M-26SEP280045-45,1790570520.1048648,0.938,no,179.89513516426086,1.0,official_reference_rolling,20260928T000015Z-36431321d6234227a4c399a71ebf1e51
BNB,1.15,KXBNB15M-26SEP280100-00,1790571371.0125003,0.956,no,228.9874997138977,1.0,official_reference_rolling,20260928T000015Z-36431321d6234227a4c399a71ebf1e51
BNB,1.15,KXBNB15M-26SEP280130-30,1790573031.073221,0.944,no,368.92677903175354,1.0,official_reference_rolling,20260928T000015Z-36431321d6234227a4c399a71ebf1e51
BNB,1.15,KXBNB15M-26SEP280330-30,1790580248.074454,0.942,no,351.9255459308624,1.0,official_reference_rolling,20260928T000015Z-36431321d6234227a4c399a71ebf1e51
BNB,1.15,KXBNB15M-26SEP280745-45,1790595601.6974869,0.916,yes,298.3025131225586,1.0,official_reference_rolling,20260928T000015Z-36431321d6234227a4c399a71ebf1e51
BNB,1.15,KXBNB15M-26SEP280845-45,1790599238.7832525,0.942,no,261.2167475223541,1.0,official_reference_rolling,20260928T000015Z-36431321d6234227a4c399a71ebf1e51
BNB,1.15,KXBNB15M-26SEP282030-30,1790641391.0613923,0.955,no,408.9386076927185,1.0,official_reference_rolling,20260928T200258Z-d4a93c85a07c4184819870087080ca86
BNB,1.15,KXBNB15M-26SEP282100-00,1790643093.0412962,0.959,no,506.9587037563324,1.0,official_reference_rolling,20260928T200258Z-d4a93c85a07c4184819870087080ca86
BNB,1.1,KXBNB15M-26SEP262315-15,1790478480.430029,0.939,yes,419.5699710845947,1.15,official_reference_rolling,20260926T200635Z-ffc57af6d57a432f8a0b7add9fad8a16
BNB,1.1,KXBNB15M-26SEP262330-30,1790479380.557083,0.921,no,419.44291710853577,1.15,official_reference_rolling,20260926T200635Z-ffc57af6d57a432f8a0b7add9fad8a16
BNB,1.1,KXBNB15M-26SEP262345-45,1790480428.0909338,0.946,yes,271.90906620025635,1.0,reference_price_floor,20260927T033014Z-8ac3f774098e46698599f9775d9655a5
BNB,1.1,KXBNB15M-26SEP270030-30,1790483081.0608234,0.956,no,318.93917655944824,1.0,official_reference_rolling,20260927T033014Z-8ac3f774098e46698599f9775d9655a5
BNB,1.1,KXBNB15M-26SEP270045-45,1790484178.5475821,0.916,no,121.45241785049438,1.0,official_reference_rolling,20260927T033014Z-8ac3f774098e46698599f9775d9655a5
BNB,1.1,KXBNB15M-26SEP270130-30,1790486857.0701504,0.86,yes,142.9298496246338,1.0,official_reference_rolling,20260927T033014Z-8ac3f774098e46698599f9775d9655a5
BNB,1.1,KXBNB15M-26SEP270215-15,1790489280.0136983,0.934,yes,419.9863016605377,1.0,official_reference_rolling,20260927T033014Z-8ac3f774098e46698599f9775d9655a5
BNB,1.1,KXBNB15M-26SEP270230-30,1790490587.3787067,0.8,no,12.621293306350708,1.0,official_reference_rolling,20260927T033014Z-8ac3f774098e46698599f9775d9655a5
BNB,1.1,KXBNB15M-26SEP270300-00,1790491980.047631,0.905,yes,419.95236897468567,1.0,official_reference_rolling,20260927T033014Z-8ac3f774098e46698599f9775d9655a5
BNB,1.1,KXBNB15M-26SEP270315-15,1790492921.0763655,0.924,yes,378.92363452911377,1.0,official_reference_rolling,20260927T033014Z-8ac3f774098e46698599f9775d9655a5
BNB,1.1,KXBNB15M-26SEP270330-30,1790493964.0634158,0.918,yes,235.93658423423767,1.0,official_reference_rolling,20260927T033014Z-8ac3f774098e46698599f9775d9655a5
BNB,1.1,KXBNB15M-26SEP270345-45,1790494680.0195427,0.94,yes,419.9804573059082,1.0,official_reference_rolling,20260927T033014Z-8ac3f774098e46698599f9775d9655a5
BNB,1.1,KXBNB15M-26SEP270400-00,1790495585.103734,0.95,yes,414.89626598358154,1.0,official_reference_rolling,20260927T033014Z-8ac3f774098e46698599f9775d9655a5
BNB,1.1,KXBNB15M-26SEP270530-30,1790501284.093602,0.954,yes,115.90639805793762,1.0,official_reference_rolling,20260927T033014Z-8ac3f774098e46698599f9775d9655a5
BNB,1.1,KXBNB15M-26SEP270545-45,1790501895.0650218,0.915,yes,404.93497824668884,1.0,official_reference_rolling,20260927T033014Z-8ac3f774098e46698599f9775d9655a5
BNB,1.1,KXBNB15M-26SEP270600-00,1790502960.097308,0.945,yes,239.90269207954407,1.0,official_reference_rolling,20260927T033014Z-8ac3f774098e46698599f9775d9655a5
BNB,1.1,KXBNB15M-26SEP270630-30,1790504862.6078765,0.958,no,137.39212346076965,1.0,official_reference_rolling,20260927T033014Z-8ac3f774098e46698599f9775d9655a5
BNB,1.1,KXBNB15M-26SEP270700-00,1790506380.0897946,0.89,no,419.9102053642273,1.0,official_reference_rolling,20260927T033014Z-8ac3f774098e46698599f9775d9655a5
BNB,1.1,KXBNB15M-26SEP270715-15,1790507340.1397376,0.947,yes,359.8602623939514,1.0,official_reference_rolling,20260927T033014Z-8ac3f774098e46698599f9775d9655a5
BNB,1.1,KXBNB15M-26SEP270730-30,1790508273.156883,0.943,no,326.8431169986725,1.0,official_reference_rolling,20260927T033014Z-8ac3f774098e46698599f9775d9655a5
BNB,1.1,KXBNB15M-26SEP270745-45,1790509281.064088,0.933,yes,218.9359118938446,1.0,official_reference_rolling,20260927T033014Z-8ac3f774098e46698599f9775d9655a5
BNB,1.1,KXBNB15M-26SEP270800-00,1790510301.8200052,0.82,yes,98.17999482154846,1.0,official_reference_rolling,20260927T033014Z-8ac3f774098e46698599f9775d9655a5
BNB,1.1,KXBNB15M-26SEP270815-15,1790510880.4313424,0.959,yes,419.56865763664246,1.0,official_reference_rolling,20260927T033014Z-8ac3f774098e46698599f9775d9655a5
BNB,1.1,KXBNB15M-26SEP270845-45,1790512707.0489044,0.95,yes,392.9510955810547,1.0,official_reference_rolling,20260927T033014Z-8ac3f774098e46698599f9775d9655a5
BNB,1.1,KXBNB15M-26SEP271000-00,1790517180.0748596,0.947,yes,419.9251403808594,1.0,official_reference_rolling,20260927T033014Z-8ac3f774098e46698599f9775d9655a5
BNB,1.1,KXBNB15M-26SEP271130-30,1790522996.050017,0.88,yes,3.9499828815460205,1.0,official_reference_rolling,20260927T033014Z-8ac3f774098e46698599f9775d9655a5
BNB,1.1,KXBNB15M-26SEP271330-30,1790530168.0471818,0.87,no,31.952818155288696,1.0,official_reference_rolling,20260927T033014Z-8ac3f774098e46698599f9775d9655a5
BNB,1.1,KXBNB15M-26SEP271400-00,1790531633.0428996,0.954,yes,366.95710039138794,1.0,official_reference_rolling,20260927T033014Z-8ac3f774098e46698599f9775d9655a5
BNB,1.1,KXBNB15M-26SEP271430-30,1790533394.105929,0.942,yes,405.89407110214233,1.0,official_reference_rolling,20260927T033014Z-8ac3f774098e46698599f9775d9655a5
BNB,1.1,KXBNB15M-26SEP271515-15,1790536448.101285,0.89,yes,51.898715019226074,1.0,official_reference_rolling,20260927T033014Z-8ac3f774098e46698599f9775d9655a5
BNB,1.1,KXBNB15M-26SEP271545-45,1790538110.0799434,0.94,yes,189.9200565814972,1.0,official_reference_rolling,20260927T033014Z-8ac3f774098e46698599f9775d9655a5
BNB,1.1,KXBNB15M-26SEP271600-00,1790539082.1157877,0.905,no,117.8842122554779,1.0,official_reference_rolling,20260927T033014Z-8ac3f774098e46698599f9775d9655a5
BNB,1.1,KXBNB15M-26SEP271615-15,1790539883.1558697,0.901,yes,216.84413027763367,1.0,official_reference_rolling,20260927T033014Z-8ac3f774098e46698599f9775d9655a5
BNB,1.1,KXBNB15M-26SEP271645-45,1790541601.0790026,0.952,yes,298.9209973812103,1.0,official_reference_rolling,20260927T033014Z-8ac3f774098e46698599f9775d9655a5
BNB,1.1,KXBNB15M-26SEP271715-15,1790543282.0602589,0.907,yes,417.93974113464355,1.0,official_reference_rolling,20260927T033014Z-8ac3f774098e46698599f9775d9655a5
BNB,1.1,KXBNB15M-26SEP271745-45,1790545006.097479,0.942,no,493.9025208950043,1.0,official_reference_rolling,20260927T033014Z-8ac3f774098e46698599f9775d9655a5
BNB,1.1,KXBNB15M-26SEP272015-15,1790553933.7259393,0.88,yes,566.2740607261658,1.0,reference_price_floor,20260928T000015Z-36431321d6234227a4c399a71ebf1e51
BNB,1.1,KXBNB15M-26SEP272230-30,1790562181.0766497,0.936,no,418.9233503341675,1.0,official_reference_rolling,20260928T000015Z-36431321d6234227a4c399a71ebf1e51
BNB,1.1,KXBNB15M-26SEP272300-00,1790564100.0988746,0.932,no,299.9011254310608,1.0,official_reference_rolling,20260928T000015Z-36431321d6234227a4c399a71ebf1e51
BNB,1.1,KXBNB15M-26SEP272330-30,1790565986.901242,0.96,no,213.09875798225403,1.0,official_reference_rolling,20260928T000015Z-36431321d6234227a4c399a71ebf1e51
BNB,1.1,KXBNB15M-26SEP280045-45,1790570520.1048648,0.938,no,179.89513516426086,1.0,official_reference_rolling,20260928T000015Z-36431321d6234227a4c399a71ebf1e51
BNB,1.1,KXBNB15M-26SEP280100-00,1790571371.0125003,0.956,no,228.9874997138977,1.0,official_reference_rolling,20260928T000015Z-36431321d6234227a4c399a71ebf1e51
BNB,1.1,KXBNB15M-26SEP280130-30,1790573008.095022,0.923,no,391.9049780368805,1.0,official_reference_rolling,20260928T000015Z-36431321d6234227a4c399a71ebf1e51
BNB,1.1,KXBNB15M-26SEP280300-00,1790578515.0811338,0.943,no,284.91886615753174,1.0,official_reference_rolling,20260928T000015Z-36431321d6234227a4c399a71ebf1e51
BNB,1.1,KXBNB15M-26SEP280330-30,1790580240.0701106,0.942,no,359.9298894405365,1.0,official_reference_rolling,20260928T000015Z-36431321d6234227a4c399a71ebf1e51
BNB,1.1,KXBNB15M-26SEP280745-45,1790595599.069398,0.901,yes,300.93060207366943,1.0,official_reference_rolling,20260928T000015Z-36431321d6234227a4c399a71ebf1e51
BNB,1.1,KXBNB15M-26SEP280800-00,1790596440.0821643,0.959,no,359.91783571243286,1.0,official_reference_rolling,20260928T000015Z-36431321d6234227a4c399a71ebf1e51
BNB,1.1,KXBNB15M-26SEP280845-45,1790599237.0955114,0.94,no,262.9044885635376,1.0,official_reference_rolling,20260928T000015Z-36431321d6234227a4c399a71ebf1e51
BNB,1.1,KXBNB15M-26SEP282030-30,1790641380.1048841,0.949,no,419.89511585235596,1.0,official_reference_rolling,20260928T200258Z-d4a93c85a07c4184819870087080ca86
BNB,1.1,KXBNB15M-26SEP282100-00,1790643093.0412962,0.959,no,506.9587037563324,1.0,official_reference_rolling,20260928T200258Z-d4a93c85a07c4184819870087080ca86
BNB,1,KXBNB15M-26SEP262315-15,1790478480.430029,0.939,yes,419.5699710845947,1.15,official_reference_rolling,20260926T200635Z-ffc57af6d57a432f8a0b7add9fad8a16
BNB,1,KXBNB15M-26SEP262330-30,1790479278.098272,0.938,no,521.9017279148102,1.15,official_reference_rolling,20260926T200635Z-ffc57af6d57a432f8a0b7add9fad8a16
BNB,1,KXBNB15M-26SEP262345-45,1790480421.0856621,0.946,yes,278.91433787345886,1.0,reference_price_floor,20260927T033014Z-8ac3f774098e46698599f9775d9655a5
BNB,1,KXBNB15M-26SEP270030-30,1790483018.066963,0.943,no,381.9330370426178,1.0,official_reference_rolling,20260927T033014Z-8ac3f774098e46698599f9775d9655a5
BNB,1,KXBNB15M-26SEP270045-45,1790484081.1078155,0.923,no,218.8921844959259,1.0,official_reference_rolling,20260927T033014Z-8ac3f774098e46698599f9775d9655a5
BNB,1,KXBNB15M-26SEP270100-00,1790485086.0783954,0.947,no,113.9216046333313,1.0,official_reference_rolling,20260927T033014Z-8ac3f774098e46698599f9775d9655a5
BNB,1,KXBNB15M-26SEP270130-30,1790486857.0701504,0.86,yes,142.9298496246338,1.0,official_reference_rolling,20260927T033014Z-8ac3f774098e46698599f9775d9655a5
BNB,1,KXBNB15M-26SEP270215-15,1790489280.0136983,0.934,yes,419.9863016605377,1.0,official_reference_rolling,20260927T033014Z-8ac3f774098e46698599f9775d9655a5
BNB,1,KXBNB15M-26SEP270230-30,1790490587.3787067,0.8,no,12.621293306350708,1.0,official_reference_rolling,20260927T033014Z-8ac3f774098e46698599f9775d9655a5
BNB,1,KXBNB15M-26SEP270300-00,1790491980.047631,0.905,yes,419.95236897468567,1.0,official_reference_rolling,20260927T033014Z-8ac3f774098e46698599f9775d9655a5
BNB,1,KXBNB15M-26SEP270315-15,1790492880.0132651,0.901,yes,419.98673486709595,1.0,official_reference_rolling,20260927T033014Z-8ac3f774098e46698599f9775d9655a5
BNB,1,KXBNB15M-26SEP270330-30,1790493964.0634158,0.918,yes,235.93658423423767,1.0,official_reference_rolling,20260927T033014Z-8ac3f774098e46698599f9775d9655a5
BNB,1,KXBNB15M-26SEP270345-45,1790494680.0195427,0.94,yes,419.9804573059082,1.0,official_reference_rolling,20260927T033014Z-8ac3f774098e46698599f9775d9655a5
BNB,1,KXBNB15M-26SEP270400-00,1790495581.0517561,0.9,yes,418.94824385643005,1.0,official_reference_rolling,20260927T033014Z-8ac3f774098e46698599f9775d9655a5
BNB,1,KXBNB15M-26SEP270430-30,1790497713.090465,0.959,yes,86.90953493118286,1.0,official_reference_rolling,20260927T033014Z-8ac3f774098e46698599f9775d9655a5
BNB,1,KXBNB15M-26SEP270500-00,1790499544.0593016,0.96,yes,55.94069838523865,1.0,official_reference_rolling,20260927T033014Z-8ac3f774098e46698599f9775d9655a5
BNB,1,KXBNB15M-26SEP270515-15,1790499981.0829911,0.952,no,518.9170088768005,1.0,official_reference_rolling,20260927T033014Z-8ac3f774098e46698599f9775d9655a5
BNB,1,KXBNB15M-26SEP270530-30,1790501280.0888906,0.935,yes,119.91110944747925,1.0,official_reference_rolling,20260927T033014Z-8ac3f774098e46698599f9775d9655a5
BNB,1,KXBNB15M-26SEP270545-45,1790501895.0650218,0.915,yes,404.93497824668884,1.0,official_reference_rolling,20260927T033014Z-8ac3f774098e46698599f9775d9655a5
BNB,1,KXBNB15M-26SEP270600-00,1790502908.0999362,0.918,yes,291.90006375312805,1.0,official_reference_rolling,20260927T033014Z-8ac3f774098e46698599f9775d9655a5
BNB,1,KXBNB15M-26SEP270630-30,1790504831.0453806,0.908,no,168.9546194076538,1.0,official_reference_rolling,20260927T033014Z-8ac3f774098e46698599f9775d9655a5
BNB,1,KXBNB15M-26SEP270700-00,1790506380.0897946,0.89,no,419.9102053642273,1.0,official_reference_rolling,20260927T033014Z-8ac3f774098e46698599f9775d9655a5
BNB,1,KXBNB15M-26SEP270715-15,1790507331.0916703,0.944,yes,368.9083297252655,1.0,official_reference_rolling,20260927T033014Z-8ac3f774098e46698599f9775d9655a5
BNB,1,KXBNB15M-26SEP270730-30,1790508240.0980878,0.924,no,359.9019122123718,1.0,official_reference_rolling,20260927T033014Z-8ac3f774098e46698599f9775d9655a5
BNB,1,KXBNB15M-26SEP270745-45,1790509279.0504358,0.934,yes,220.94956421852112,1.0,official_reference_rolling,20260927T033014Z-8ac3f774098e46698599f9775d9655a5
BNB,1,KXBNB15M-26SEP270800-00,1790510301.8200052,0.82,yes,98.17999482154846,1.0,official_reference_rolling,20260927T033014Z-8ac3f774098e46698599f9775d9655a5
BNB,1,KXBNB15M-26SEP270815-15,1790510880.4313424,0.959,yes,419.56865763664246,1.0,official_reference_rolling,20260927T033014Z-8ac3f774098e46698599f9775d9655a5
BNB,1,KXBNB15M-26SEP270845-45,1790512680.0754664,0.936,yes,419.92453360557556,1.0,official_reference_rolling,20260927T033014Z-8ac3f774098e46698599f9775d9655a5
BNB,1,KXBNB15M-26SEP270900-00,1790513701.0415208,0.956,no,298.9584791660309,1.0,official_reference_rolling,20260927T033014Z-8ac3f774098e46698599f9775d9655a5
BNB,1,KXBNB15M-26SEP271000-00,1790517180.0748596,0.947,yes,419.9251403808594,1.0,official_reference_rolling,20260927T033014Z-8ac3f774098e46698599f9775d9655a5
BNB,1,KXBNB15M-26SEP271030-30,1790519004.107217,0.951,no,395.89278292655945,1.0,official_reference_rolling,20260927T033014Z-8ac3f774098e46698599f9775d9655a5
BNB,1,KXBNB15M-26SEP271130-30,1790522996.050017,0.88,yes,3.9499828815460205,1.0,official_reference_rolling,20260927T033014Z-8ac3f774098e46698599f9775d9655a5
BNB,1,KXBNB15M-26SEP271230-30,1790526398.063438,0.943,no,201.93656206130981,1.0,official_reference_rolling,20260927T033014Z-8ac3f774098e46698599f9775d9655a5
BNB,1,KXBNB15M-26SEP271300-00,1790528202.040726,0.958,yes,197.9592740535736,1.0,official_reference_rolling,20260927T033014Z-8ac3f774098e46698599f9775d9655a5
BNB,1,KXBNB15M-26SEP271330-30,1790529961.0765245,0.88,yes,238.9234755039215,1.0,official_reference_rolling,20260927T033014Z-8ac3f774098e46698599f9775d9655a5
BNB,1,KXBNB15M-26SEP271345-45,1790530740.0745065,0.956,yes,359.925493478775,1.0,official_reference_rolling,20260927T033014Z-8ac3f774098e46698599f9775d9655a5
BNB,1,KXBNB15M-26SEP271400-00,1790531580.0673206,0.927,yes,419.93267941474915,1.0,official_reference_rolling,20260927T033014Z-8ac3f774098e46698599f9775d9655a5
BNB,1,KXBNB15M-26SEP271415-15,1790532721.278673,0.88,yes,178.7213270664215,1.0,official_reference_rolling,20260927T033014Z-8ac3f774098e46698599f9775d9655a5
BNB,1,KXBNB15M-26SEP271430-30,1790533390.087576,0.935,yes,409.9124240875244,1.0,official_reference_rolling,20260927T033014Z-8ac3f774098e46698599f9775d9655a5
BNB,1,KXBNB15M-26SEP271445-45,1790534631.067934,0.948,yes,68.93206596374512,1.0,official_reference_rolling,20260927T033014Z-8ac3f774098e46698599f9775d9655a5
BNB,1,KXBNB15M-26SEP271500-00,1790535503.079904,0.947,no,96.92009592056274,1.0,official_reference_rolling,20260927T033014Z-8ac3f774098e46698599f9775d9655a5
BNB,1,KXBNB15M-26SEP271515-15,1790536448.101285,0.89,yes,51.898715019226074,1.0,official_reference_rolling,20260927T033014Z-8ac3f774098e46698599f9775d9655a5
BNB,1,KXBNB15M-26SEP271545-45,1790538091.0503259,0.937,yes,208.94967412948608,1.0,official_reference_rolling,20260927T033014Z-8ac3f774098e46698599f9775d9655a5
BNB,1,KXBNB15M-26SEP271600-00,1790538923.1040497,0.92,no,276.8959503173828,1.0,official_reference_rolling,20260927T033014Z-8ac3f774098e46698599f9775d9655a5
BNB,1,KXBNB15M-26SEP271615-15,1790539772.0783746,0.81,yes,327.9216253757477,1.0,official_reference_rolling,20260927T033014Z-8ac3f774098e46698599f9775d9655a5
BNB,1,KXBNB15M-26SEP271645-45,1790541540.0468512,0.942,yes,359.9531488418579,1.0,official_reference_rolling,20260927T033014Z-8ac3f774098e46698599f9775d9655a5
BNB,1,KXBNB15M-26SEP271715-15,1790543282.0602589,0.907,yes,417.93974113464355,1.0,official_reference_rolling,20260927T033014Z-8ac3f774098e46698599f9775d9655a5
BNB,1,KXBNB15M-26SEP271745-45,1790545000.1120336,0.911,no,499.88796639442444,1.0,official_reference_rolling,20260927T033014Z-8ac3f774098e46698599f9775d9655a5
BNB,1,KXBNB15M-26SEP272015-15,1790553933.7259393,0.88,yes,566.2740607261658,1.0,reference_price_floor,20260928T000015Z-36431321d6234227a4c399a71ebf1e51
BNB,1,KXBNB15M-26SEP272100-00,1790556962.0650427,0.958,yes,237.93495726585388,1.0,official_reference_rolling,20260928T000015Z-36431321d6234227a4c399a71ebf1e51
BNB,1,KXBNB15M-26SEP272145-45,1790559546.090504,0.96,no,353.90949606895447,1.0,official_reference_rolling,20260928T000015Z-36431321d6234227a4c399a71ebf1e51
BNB,1,KXBNB15M-26SEP272230-30,1790562181.0766497,0.936,no,418.9233503341675,1.0,official_reference_rolling,20260928T000015Z-36431321d6234227a4c399a71ebf1e51
BNB,1,KXBNB15M-26SEP272300-00,1790564062.1120424,0.919,no,337.887957572937,1.0,official_reference_rolling,20260928T000015Z-36431321d6234227a4c399a71ebf1e51
BNB,1,KXBNB15M-26SEP272330-30,1790565975.0637646,0.88,no,224.93623542785645,1.0,official_reference_rolling,20260928T000015Z-36431321d6234227a4c399a71ebf1e51
BNB,1,KXBNB15M-26SEP280045-45,1790570478.0451744,0.928,no,221.95482563972473,1.0,official_reference_rolling,20260928T000015Z-36431321d6234227a4c399a71ebf1e51
BNB,1,KXBNB15M-26SEP280100-00,1790571297.04266,0.959,no,302.95734000205994,1.0,official_reference_rolling,20260928T000015Z-36431321d6234227a4c399a71ebf1e51
BNB,1,KXBNB15M-26SEP280130-30,1790573008.095022,0.923,no,391.9049780368805,1.0,official_reference_rolling,20260928T000015Z-36431321d6234227a4c399a71ebf1e51
BNB,1,KXBNB15M-26SEP280245-45,1790577664.042494,0.946,yes,235.957505941391,1.0,official_reference_rolling,20260928T000015Z-36431321d6234227a4c399a71ebf1e51
BNB,1,KXBNB15M-26SEP280300-00,1790578511.0416965,0.943,no,288.9583034515381,1.0,official_reference_rolling,20260928T000015Z-36431321d6234227a4c399a71ebf1e51
BNB,1,KXBNB15M-26SEP280330-30,1790580235.069116,0.943,no,364.93088388442993,1.0,official_reference_rolling,20260928T000015Z-36431321d6234227a4c399a71ebf1e51
BNB,1,KXBNB15M-26SEP280400-00,1790582172.0611775,0.944,yes,227.93882250785828,1.0,official_reference_rolling,20260928T000015Z-36431321d6234227a4c399a71ebf1e51
BNB,1,KXBNB15M-26SEP280430-30,1790583880.0848558,0.941,no,319.9151442050934,1.0,official_reference_rolling,20260928T000015Z-36431321d6234227a4c399a71ebf1e51
BNB,1,KXBNB15M-26SEP280500-00,1790585585.057931,0.96,yes,414.9420690536499,1.0,official_reference_rolling,20260928T000015Z-36431321d6234227a4c399a71ebf1e51
BNB,1,KXBNB15M-26SEP280545-45,1790588304.0486429,0.94,no,395.95135712623596,1.0,official_reference_rolling,20260928T000015Z-36431321d6234227a4c399a71ebf1e51
BNB,1,KXBNB15M-26SEP280700-00,1790592954.0835207,0.951,no,245.91647934913635,1.0,official_reference_rolling,20260928T000015Z-36431321d6234227a4c399a71ebf1e51
BNB,1,KXBNB15M-26SEP280745-45,1790595579.0809903,0.88,yes,320.91900968551636,1.0,official_reference_rolling,20260928T000015Z-36431321d6234227a4c399a71ebf1e51
BNB,1,KXBNB15M-26SEP280800-00,1790596440.0821643,0.959,no,359.91783571243286,1.0,official_reference_rolling,20260928T000015Z-36431321d6234227a4c399a71ebf1e51
BNB,1,KXBNB15M-26SEP280845-45,1790599237.0955114,0.94,no,262.9044885635376,1.0,official_reference_rolling,20260928T000015Z-36431321d6234227a4c399a71ebf1e51
BNB,1,KXBNB15M-26SEP282030-30,1790641380.1048841,0.949,no,419.89511585235596,1.0,official_reference_rolling,20260928T200258Z-d4a93c85a07c4184819870087080ca86
BNB,1,KXBNB15M-26SEP282100-00,1790643018.6626897,0.952,no,581.3373103141785,1.0,official_reference_rolling,20260928T200258Z-d4a93c85a07c4184819870087080ca86
BNB,0.9,KXBNB15M-26SEP262315-15,1790478480.430029,0.939,yes,419.5699710845947,1.15,official_reference_rolling,20260926T200635Z-ffc57af6d57a432f8a0b7add9fad8a16
BNB,0.9,KXBNB15M-26SEP262330-30,1790479260.0502691,0.903,no,539.9497308731079,1.15,official_reference_rolling,20260926T200635Z-ffc57af6d57a432f8a0b7add9fad8a16
BNB,0.9,KXBNB15M-26SEP262345-45,1790480352.045443,0.88,yes,347.9545569419861,1.0,reference_price_floor,20260927T033014Z-8ac3f774098e46698599f9775d9655a5
BNB,0.9,KXBNB15M-26SEP270000-00,1790481411.9785132,0.914,no,188.0214867591858,1.0,official_reference_rolling,20260927T033014Z-8ac3f774098e46698599f9775d9655a5
BNB,0.9,KXBNB15M-26SEP270015-15,1790482278.077925,0.943,yes,221.92207503318787,1.0,official_reference_rolling,20260927T033014Z-8ac3f774098e46698599f9775d9655a5
BNB,0.9,KXBNB15M-26SEP270030-30,1790483010.1312559,0.938,no,389.86874413490295,1.0,official_reference_rolling,20260927T033014Z-8ac3f774098e46698599f9775d9655a5
BNB,0.9,KXBNB15M-26SEP270045-45,1790483994.1057749,0.917,no,305.89422512054443,1.0,official_reference_rolling,20260927T033014Z-8ac3f774098e46698599f9775d9655a5
BNB,0.9,KXBNB15M-26SEP270100-00,1790485080.0970337,0.933,no,119.90296626091003,1.0,official_reference_rolling,20260927T033014Z-8ac3f774098e46698599f9775d9655a5
BNB,0.9,KXBNB15M-26SEP270130-30,1790486857.0701504,0.86,yes,142.9298496246338,1.0,official_reference_rolling,20260927T033014Z-8ac3f774098e46698599f9775d9655a5
BNB,0.9,KXBNB15M-26SEP270215-15,1790489280.0136983,0.934,yes,419.9863016605377,1.0,official_reference_rolling,20260927T033014Z-8ac3f774098e46698599f9775d9655a5
BNB,0.9,KXBNB15M-26SEP270230-30,1790490587.3787067,0.8,no,12.621293306350708,1.0,official_reference_rolling,20260927T033014Z-8ac3f774098e46698599f9775d9655a5
BNB,0.9,KXBNB15M-26SEP270300-00,1790491980.047631,0.905,yes,419.95236897468567,1.0,official_reference_rolling,20260927T033014Z-8ac3f774098e46698599f9775d9655a5
BNB,0.9,KXBNB15M-26SEP270315-15,1790492880.0132651,0.901,yes,419.98673486709595,1.0,official_reference_rolling,20260927T033014Z-8ac3f774098e46698599f9775d9655a5
BNB,0.9,KXBNB15M-26SEP270330-30,1790493960.0530097,0.902,yes,239.94699025154114,1.0,official_reference_rolling,20260927T033014Z-8ac3f774098e46698599f9775d9655a5
BNB,0.9,KXBNB15M-26SEP270345-45,1790494680.0195427,0.94,yes,419.9804573059082,1.0,official_reference_rolling,20260927T033014Z-8ac3f774098e46698599f9775d9655a5
BNB,0.9,KXBNB15M-26SEP270400-00,1790495581.0517561,0.9,yes,418.94824385643005,1.0,official_reference_rolling,20260927T033014Z-8ac3f774098e46698599f9775d9655a5
BNB,0.9,KXBNB15M-26SEP270415-15,1790496755.0937865,0.87,no,144.9062135219574,1.0,official_reference_rolling,20260927T033014Z-8ac3f774098e46698599f9775d9655a5
BNB,0.9,KXBNB15M-26SEP270430-30,1790497713.090465,0.959,yes,86.90953493118286,1.0,official_reference_rolling,20260927T033014Z-8ac3f774098e46698599f9775d9655a5
BNB,0.9,KXBNB15M-26SEP270500-00,1790499361.0837677,0.87,yes,238.9162323474884,1.0,official_reference_rolling,20260927T033014Z-8ac3f774098e46698599f9775d9655a5
BNB,0.9,KXBNB15M-26SEP270515-15,1790499966.1029308,0.942,no,533.8970692157745,1.0,official_reference_rolling,20260927T033014Z-8ac3f774098e46698599f9775d9655a5
BNB,0.9,KXBNB15M-26SEP270530-30,1790500980.1797888,0.946,yes,419.8202111721039,1.0,official_reference_rolling,20260927T033014Z-8ac3f774098e46698599f9775d9655a5
BNB,0.9,KXBNB15M-26SEP270545-45,1790501895.0650218,0.915,yes,404.93497824668884,1.0,official_reference_rolling,20260927T033014Z-8ac3f774098e46698599f9775d9655a5
BNB,0.9,KXBNB15M-26SEP270600-00,1790502783.0708117,0.9,yes,416.92918825149536,1.0,official_reference_rolling,20260927T033014Z-8ac3f774098e46698599f9775d9655a5
BNB,0.9,KXBNB15M-26SEP270630-30,1790504821.0966873,0.909,no,178.90331268310547,1.0,official_reference_rolling,20260927T033014Z-8ac3f774098e46698599f9775d9655a5
BNB,0.9,KXBNB15M-26SEP270645-45,1790505744.548966,0.83,no,155.45103406906128,1.0,official_reference_rolling,20260927T033014Z-8ac3f774098e46698599f9775d9655a5
BNB,0.9,KXBNB15M-26SEP270700-00,1790506380.0897946,0.89,no,419.9102053642273,1.0,official_reference_rolling,20260927T033014Z-8ac3f774098e46698599f9775d9655a5
BNB,0.9,KXBNB15M-26SEP270715-15,1790507325.4082518,0.923,yes,374.59174823760986,1.0,official_reference_rolling,20260927T033014Z-8ac3f774098e46698599f9775d9655a5
BNB,0.9,KXBNB15M-26SEP270730-30,1790508234.1532073,0.922,no,365.8467926979065,1.0,official_reference_rolling,20260927T033014Z-8ac3f774098e46698599f9775d9655a5
BNB,0.9,KXBNB15M-26SEP270745-45,1790509278.1046207,0.9,yes,221.89537930488586,1.0,official_reference_rolling,20260927T033014Z-8ac3f774098e46698599f9775d9655a5
BNB,0.9,KXBNB15M-26SEP270800-00,1790509981.0411775,0.937,yes,418.9588224887848,1.0,official_reference_rolling,20260927T033014Z-8ac3f774098e46698599f9775d9655a5
BNB,0.9,KXBNB15M-26SEP270815-15,1790510880.4313424,0.959,yes,419.56865763664246,1.0,official_reference_rolling,20260927T033014Z-8ac3f774098e46698599f9775d9655a5
BNB,0.9,KXBNB15M-26SEP270845-45,1790512680.0754664,0.936,yes,419.92453360557556,1.0,official_reference_rolling,20260927T033014Z-8ac3f774098e46698599f9775d9655a5
BNB,0.9,KXBNB15M-26SEP270900-00,1790513701.0415208,0.956,no,298.9584791660309,1.0,official_reference_rolling,20260927T033014Z-8ac3f774098e46698599f9775d9655a5
BNB,0.9,KXBNB15M-26SEP271000-00,1790517180.0748596,0.947,yes,419.9251403808594,1.0,official_reference_rolling,20260927T033014Z-8ac3f774098e46698599f9775d9655a5
BNB,0.9,KXBNB15M-26SEP271015-15,1790518369.092906,0.959,no,130.90709400177002,1.0,official_reference_rolling,20260927T033014Z-8ac3f774098e46698599f9775d9655a5
BNB,0.9,KXBNB15M-26SEP271030-30,1790518988.648888,0.942,no,411.3511118888855,1.0,official_reference_rolling,20260927T033014Z-8ac3f774098e46698599f9775d9655a5
BNB,0.9,KXBNB15M-26SEP271100-00,1790520851.1017294,0.948,no,348.89827060699463,1.0,official_reference_rolling,20260927T033014Z-8ac3f774098e46698599f9775d9655a5
BNB,0.9,KXBNB15M-26SEP271115-15,1790521741.05832,0.943,no,358.9416799545288,1.0,official_reference_rolling,20260927T033014Z-8ac3f774098e46698599f9775d9655a5
BNB,0.9,KXBNB15M-26SEP271130-30,1790522865.0642502,0.95,no,134.93574976921082,1.0,official_reference_rolling,20260927T033014Z-8ac3f774098e46698599f9775d9655a5
BNB,0.9,KXBNB15M-26SEP271215-15,1790525295.0623903,0.948,yes,404.9376096725464,1.0,official_reference_rolling,20260927T033014Z-8ac3f774098e46698599f9775d9655a5
BNB,0.9,KXBNB15M-26SEP271230-30,1790526374.067625,0.943,no,225.93237495422363,1.0,official_reference_rolling,20260927T033014Z-8ac3f774098e46698599f9775d9655a5
BNB,0.9,KXBNB15M-26SEP271300-00,1790527980.0620294,0.9,yes,419.93797063827515,1.0,official_reference_rolling,20260927T033014Z-8ac3f774098e46698599f9775d9655a5
BNB,0.9,KXBNB15M-26SEP271330-30,1790529960.0860026,0.89,yes,239.9139974117279,1.0,official_reference_rolling,20260927T033014Z-8ac3f774098e46698599f9775d9655a5
BNB,0.9,KXBNB15M-26SEP271345-45,1790530685.091263,0.931,yes,414.9087369441986,1.0,official_reference_rolling,20260927T033014Z-8ac3f774098e46698599f9775d9655a5
BNB,0.9,KXBNB15M-26SEP271400-00,1790531580.0673206,0.927,yes,419.93267941474915,1.0,official_reference_rolling,20260927T033014Z-8ac3f774098e46698599f9775d9655a5
BNB,0.9,KXBNB15M-26SEP271415-15,1790532709.0410383,0.85,yes,190.95896172523499,1.0,official_reference_rolling,20260927T033014Z-8ac3f774098e46698599f9775d9655a5
BNB,0.9,KXBNB15M-26SEP271430-30,1790533384.0871737,0.9,yes,415.91282629966736,1.0,official_reference_rolling,20260927T033014Z-8ac3f774098e46698599f9775d9655a5
BNB,0.9,KXBNB15M-26SEP271445-45,1790534631.067934,0.948,yes,68.93206596374512,1.0,official_reference_rolling,20260927T033014Z-8ac3f774098e46698599f9775d9655a5
BNB,0.9,KXBNB15M-26SEP271500-00,1790535489.0552554,0.959,no,110.94474458694458,1.0,official_reference_rolling,20260927T033014Z-8ac3f774098e46698599f9775d9655a5
BNB,0.9,KXBNB15M-26SEP271515-15,1790536325.0505228,0.88,no,174.94947719573975,1.0,official_reference_rolling,20260927T033014Z-8ac3f774098e46698599f9775d9655a5
BNB,0.9,KXBNB15M-26SEP271545-45,1790538091.0503259,0.937,yes,208.94967412948608,1.0,official_reference_rolling,20260927T033014Z-8ac3f774098e46698599f9775d9655a5
BNB,0.9,KXBNB15M-26SEP271600-00,1790538911.052845,0.89,no,288.9471549987793,1.0,official_reference_rolling,20260927T033014Z-8ac3f774098e46698599f9775d9655a5
BNB,0.9,KXBNB15M-26SEP271615-15,1790539758.0587993,0.81,yes,341.9412007331848,1.0,official_reference_rolling,20260927T033014Z-8ac3f774098e46698599f9775d9655a5
BNB,0.9,KXBNB15M-26SEP271645-45,1790541525.0299573,0.946,yes,374.9700427055359,1.0,official_reference_rolling,20260927T033014Z-8ac3f774098e46698599f9775d9655a5
BNB,0.9,KXBNB15M-26SEP271715-15,1790543282.0602589,0.907,yes,417.93974113464355,1.0,official_reference_rolling,20260927T033014Z-8ac3f774098e46698599f9775d9655a5
BNB,0.9,KXBNB15M-26SEP271745-45,1790545000.1120336,0.911,no,499.88796639442444,1.0,official_reference_rolling,20260927T033014Z-8ac3f774098e46698599f9775d9655a5
BNB,0.9,KXBNB15M-26SEP272015-15,1790553933.7259393,0.88,yes,566.2740607261658,1.0,reference_price_floor,20260928T000015Z-36431321d6234227a4c399a71ebf1e51
BNB,0.9,KXBNB15M-26SEP272100-00,1790556960.1028771,0.955,yes,239.89712285995483,1.0,official_reference_rolling,20260928T000015Z-36431321d6234227a4c399a71ebf1e51
BNB,0.9,KXBNB15M-26SEP272145-45,1790559544.2422318,0.946,no,355.7577681541443,1.0,official_reference_rolling,20260928T000015Z-36431321d6234227a4c399a71ebf1e51
BNB,0.9,KXBNB15M-26SEP272230-30,1790562181.0766497,0.936,no,418.9233503341675,1.0,official_reference_rolling,20260928T000015Z-36431321d6234227a4c399a71ebf1e51
BNB,0.9,KXBNB15M-26SEP272245-45,1790563140.9276018,0.942,no,359.07239818573,1.0,official_reference_rolling,20260928T000015Z-36431321d6234227a4c399a71ebf1e51
BNB,0.9,KXBNB15M-26SEP272300-00,1790564041.0792665,0.902,no,358.92073345184326,1.0,official_reference_rolling,20260928T000015Z-36431321d6234227a4c399a71ebf1e51
BNB,0.9,KXBNB15M-26SEP272330-30,1790565975.0637646,0.88,no,224.93623542785645,1.0,official_reference_rolling,20260928T000015Z-36431321d6234227a4c399a71ebf1e51
BNB,0.9,KXBNB15M-26SEP280000-00,1790567740.068415,0.96,no,259.93158507347107,1.0,official_reference_rolling,20260928T000015Z-36431321d6234227a4c399a71ebf1e51
BNB,0.9,KXBNB15M-26SEP280045-45,1790570462.1039193,0.901,no,237.89608073234558,1.0,official_reference_rolling,20260928T000015Z-36431321d6234227a4c399a71ebf1e51
BNB,0.9,KXBNB15M-26SEP280100-00,1790571293.068722,0.932,no,306.9312779903412,1.0,official_reference_rolling,20260928T000015Z-36431321d6234227a4c399a71ebf1e51
BNB,0.9,KXBNB15M-26SEP280130-30,1790573008.095022,0.923,no,391.9049780368805,1.0,official_reference_rolling,20260928T000015Z-36431321d6234227a4c399a71ebf1e51
BNB,0.9,KXBNB15M-26SEP280245-45,1790577614.0809357,0.95,yes,285.919064283371,1.0,official_reference_rolling,20260928T000015Z-36431321d6234227a4c399a71ebf1e51
BNB,0.9,KXBNB15M-26SEP280300-00,1790578500.0960875,0.942,no,299.9039125442505,1.0,official_reference_rolling,20260928T000015Z-36431321d6234227a4c399a71ebf1e51
BNB,0.9,KXBNB15M-26SEP280330-30,1790580233.0464926,0.941,no,366.9535074234009,1.0,official_reference_rolling,20260928T000015Z-36431321d6234227a4c399a71ebf1e51
BNB,0.9,KXBNB15M-26SEP280400-00,1790582160.1789756,0.932,yes,239.8210244178772,1.0,official_reference_rolling,20260928T000015Z-36431321d6234227a4c399a71ebf1e51
BNB,0.9,KXBNB15M-26SEP280415-15,1790582925.8469408,0.955,yes,374.1530592441559,1.0,official_reference_rolling,20260928T000015Z-36431321d6234227a4c399a71ebf1e51
BNB,0.9,KXBNB15M-26SEP280430-30,1790583854.4461203,0.913,no,345.553879737854,1.0,official_reference_rolling,20260928T000015Z-36431321d6234227a4c399a71ebf1e51
BNB,0.9,KXBNB15M-26SEP280445-45,1790584689.0933247,0.9,no,410.9066753387451,1.0,official_reference_rolling,20260928T000015Z-36431321d6234227a4c399a71ebf1e51
BNB,0.9,KXBNB15M-26SEP280500-00,1790585580.2746665,0.937,yes,419.72533345222473,1.0,official_reference_rolling,20260928T000015Z-36431321d6234227a4c399a71ebf1e51
BNB,0.9,KXBNB15M-26SEP280545-45,1790588281.0902326,0.91,no,418.9097673892975,1.0,official_reference_rolling,20260928T000015Z-36431321d6234227a4c399a71ebf1e51
BNB,0.9,KXBNB15M-26SEP280630-30,1790591288.0560539,0.958,yes,111.94394612312317,1.0,official_reference_rolling,20260928T000015Z-36431321d6234227a4c399a71ebf1e51
BNB,0.9,KXBNB15M-26SEP280700-00,1790592903.1152067,0.907,no,296.8847932815552,1.0,official_reference_rolling,20260928T000015Z-36431321d6234227a4c399a71ebf1e51
BNB,0.9,KXBNB15M-26SEP280745-45,1790595568.088029,0.87,yes,331.9119710922241,1.0,official_reference_rolling,20260928T000015Z-36431321d6234227a4c399a71ebf1e51
BNB,0.9,KXBNB15M-26SEP280800-00,1790596434.009154,0.932,no,365.9908459186554,1.0,official_reference_rolling,20260928T000015Z-36431321d6234227a4c399a71ebf1e51
BNB,0.9,KXBNB15M-26SEP280845-45,1790599237.0955114,0.94,no,262.9044885635376,1.0,official_reference_rolling,20260928T000015Z-36431321d6234227a4c399a71ebf1e51
BNB,0.9,KXBNB15M-26SEP282030-30,1790641380.1048841,0.949,no,419.89511585235596,1.0,official_reference_rolling,20260928T200258Z-d4a93c85a07c4184819870087080ca86
BNB,0.9,KXBNB15M-26SEP282100-00,1790643018.6626897,0.952,no,581.3373103141785,1.0,official_reference_rolling,20260928T200258Z-d4a93c85a07c4184819870087080ca86
HYPE,1.15,KXHYPE15M-26SEP262315-15,1790478427.6970909,0.919,yes,472.3029091358185,0.85,official_reference_rolling,20260926T200635Z-b2708e8ce55b4ecdadfd2c9dc543c93d
HYPE,1.15,KXHYPE15M-26SEP262345-45,1790480553.042815,0.908,yes,146.95718502998352,1.0,reference_price_floor,20260927T033014Z-6e11de51eee44c029f3040c8379b79f4
HYPE,1.15,KXHYPE15M-26SEP270015-15,1790482290.083379,0.93,yes,209.91662096977234,1.0,official_reference_rolling,20260927T033014Z-6e11de51eee44c029f3040c8379b79f4
HYPE,1.15,KXHYPE15M-26SEP270045-45,1790483905.8103836,0.953,no,394.1896164417267,1.0,official_reference_rolling,20260927T033014Z-6e11de51eee44c029f3040c8379b79f4
HYPE,1.15,KXHYPE15M-26SEP270100-00,1790484719.062658,0.932,no,480.93734192848206,1.0,official_reference_rolling,20260927T033014Z-6e11de51eee44c029f3040c8379b79f4
HYPE,1.15,KXHYPE15M-26SEP270145-45,1790487362.8144822,0.953,yes,537.1855177879333,1.0,official_reference_rolling,20260927T033014Z-6e11de51eee44c029f3040c8379b79f4
HYPE,1.15,KXHYPE15M-26SEP270215-15,1790489268.111929,0.949,yes,431.88807106018066,1.0,official_reference_rolling,20260927T033014Z-6e11de51eee44c029f3040c8379b79f4
HYPE,1.15,KXHYPE15M-26SEP270245-45,1790490901.4259481,0.959,no,598.5740518569946,1.0,official_reference_rolling,20260927T033014Z-6e11de51eee44c029f3040c8379b79f4
HYPE,1.15,KXHYPE15M-26SEP270345-45,1790494882.0406692,0.95,yes,217.95933079719543,1.0,official_reference_rolling,20260927T033014Z-6e11de51eee44c029f3040c8379b79f4
HYPE,1.15,KXHYPE15M-26SEP270545-45,1790501963.9175255,0.959,yes,336.08247447013855,1.0,official_reference_rolling,20260927T033014Z-6e11de51eee44c029f3040c8379b79f4
HYPE,1.15,KXHYPE15M-26SEP270645-45,1790505499.0884004,0.948,no,400.9115996360779,1.0,official_reference_rolling,20260927T033014Z-6e11de51eee44c029f3040c8379b79f4
HYPE,1.15,KXHYPE15M-26SEP270715-15,1790507496.7329254,0.95,yes,203.26707458496094,1.0,official_reference_rolling,20260927T033014Z-6e11de51eee44c029f3040c8379b79f4
HYPE,1.15,KXHYPE15M-26SEP270730-30,1790508314.0876026,0.96,no,285.91239738464355,1.0,official_reference_rolling,20260927T033014Z-6e11de51eee44c029f3040c8379b79f4
HYPE,1.15,KXHYPE15M-26SEP270745-45,1790509141.0794046,0.96,no,358.92059540748596,1.0,official_reference_rolling,20260927T033014Z-6e11de51eee44c029f3040c8379b79f4
HYPE,1.15,KXHYPE15M-26SEP270845-45,1790512524.078961,0.936,yes,575.9210391044617,1.0,official_reference_rolling,20260927T033014Z-6e11de51eee44c029f3040c8379b79f4
HYPE,1.15,KXHYPE15M-26SEP270900-00,1790513618.820982,0.939,no,381.1790180206299,1.0,official_reference_rolling,20260927T033014Z-6e11de51eee44c029f3040c8379b79f4
HYPE,1.15,KXHYPE15M-26SEP270945-45,1790516461.1148055,0.956,no,238.8851945400238,1.0,official_reference_rolling,20260927T033014Z-6e11de51eee44c029f3040c8379b79f4
HYPE,1.15,KXHYPE15M-26SEP271100-00,1790520982.1113942,0.945,no,217.8886058330536,1.0,official_reference_rolling,20260927T033014Z-6e11de51eee44c029f3040c8379b79f4
HYPE,1.15,KXHYPE15M-26SEP271130-30,1790522794.5031028,0.956,no,205.49689722061157,1.0,official_reference_rolling,20260927T033014Z-6e11de51eee44c029f3040c8379b79f4
HYPE,1.15,KXHYPE15M-26SEP271315-15,1790528942.0931277,0.933,yes,357.90687227249146,1.0,official_reference_rolling,20260927T033014Z-6e11de51eee44c029f3040c8379b79f4
HYPE,1.15,KXHYPE15M-26SEP271330-30,1790529901.0802746,0.96,yes,298.9197254180908,1.0,official_reference_rolling,20260927T033014Z-6e11de51eee44c029f3040c8379b79f4
HYPE,1.15,KXHYPE15M-26SEP271430-30,1790533402.1066883,0.92,yes,397.8933117389679,1.0,official_reference_rolling,20260927T033014Z-6e11de51eee44c029f3040c8379b79f4
HYPE,1.15,KXHYPE15M-26SEP271615-15,1790539830.1258032,0.917,yes,269.874196767807,1.0,official_reference_rolling,20260927T033014Z-6e11de51eee44c029f3040c8379b79f4
HYPE,1.15,KXHYPE15M-26SEP271645-45,1790541680.0866783,0.953,yes,219.91332173347473,1.0,official_reference_rolling,20260927T033014Z-6e11de51eee44c029f3040c8379b79f4
HYPE,1.15,KXHYPE15M-26SEP271700-00,1790542262.0968747,0.95,no,537.9031252861023,1.0,official_reference_rolling,20260927T033014Z-6e11de51eee44c029f3040c8379b79f4
HYPE,1.15,KXHYPE15M-26SEP271800-00,1790546312.0697865,0.949,yes,87.9302134513855,1.0,official_reference_rolling,20260927T033014Z-6e11de51eee44c029f3040c8379b79f4
HYPE,1.15,KXHYPE15M-26SEP271915-15,1790550693.1088445,0.944,no,206.8911554813385,1.0,official_reference_rolling,20260927T033014Z-6e11de51eee44c029f3040c8379b79f4
HYPE,1.15,KXHYPE15M-26SEP272015-15,1790553941.0893314,0.82,no,558.9106686115265,1.0,reference_price_floor,20260928T000015Z-993453d7c1554a6a9e1c6fa8235394b4
HYPE,1.15,KXHYPE15M-26SEP280130-30,1790573003.9917502,0.948,no,396.0082497596741,1.0,official_reference_rolling,20260928T000015Z-993453d7c1554a6a9e1c6fa8235394b4
HYPE,1.15,KXHYPE15M-26SEP280145-45,1790573700.1102679,0.95,no,599.8897321224213,1.0,official_reference_rolling,20260928T000015Z-993453d7c1554a6a9e1c6fa8235394b4
HYPE,1.15,KXHYPE15M-26SEP280300-00,1790578380.1909096,0.957,no,419.80909037590027,1.0,official_reference_rolling,20260928T000015Z-993453d7c1554a6a9e1c6fa8235394b4
HYPE,1.15,KXHYPE15M-26SEP280330-30,1790580338.110726,0.959,yes,261.88927388191223,1.0,official_reference_rolling,20260928T000015Z-993453d7c1554a6a9e1c6fa8235394b4
HYPE,1.15,KXHYPE15M-26SEP280615-15,1790589903.5301547,0.957,yes,596.4698452949524,1.0,reference_price_floor,20260928T000015Z-993453d7c1554a6a9e1c6fa8235394b4
HYPE,1.15,KXHYPE15M-26SEP280630-30,1790591081.3847826,0.95,yes,318.6152174472809,1.0,official_reference_rolling,20260928T000015Z-993453d7c1554a6a9e1c6fa8235394b4
HYPE,1.15,KXHYPE15M-26SEP281400-00,1790617981.116933,0.955,no,418.8830668926239,1.0,official_reference_rolling,20260928T000015Z-993453d7c1554a6a9e1c6fa8235394b4
HYPE,1.15,KXHYPE15M-26SEP281500-00,1790621580.1120522,0.96,yes,419.88794779777527,1.0,official_reference_rolling,20260928T000015Z-993453d7c1554a6a9e1c6fa8235394b4
HYPE,1.15,KXHYPE15M-26SEP281515-15,1790622310.901127,0.96,no,589.0988729000092,1.0,official_reference_rolling,20260928T000015Z-993453d7c1554a6a9e1c6fa8235394b4
HYPE,1.15,KXHYPE15M-26SEP281600-00,1790625240.1681552,0.956,yes,359.83184480667114,1.0,official_reference_rolling,20260928T000015Z-993453d7c1554a6a9e1c6fa8235394b4
HYPE,1.1,KXHYPE15M-26SEP262315-15,1790478421.0450962,0.911,yes,478.9549038410187,0.85,official_reference_rolling,20260926T200635Z-b2708e8ce55b4ecdadfd2c9dc543c93d
HYPE,1.1,KXHYPE15M-26SEP262330-30,1790479627.4278126,0.959,no,172.57218742370605,0.85,official_reference_rolling,20260926T200635Z-b2708e8ce55b4ecdadfd2c9dc543c93d
HYPE,1.1,KXHYPE15M-26SEP262345-45,1790480553.042815,0.908,yes,146.95718502998352,1.0,reference_price_floor,20260927T033014Z-6e11de51eee44c029f3040c8379b79f4
HYPE,1.1,KXHYPE15M-26SEP270015-15,1790482290.083379,0.93,yes,209.91662096977234,1.0,official_reference_rolling,20260927T033014Z-6e11de51eee44c029f3040c8379b79f4
HYPE,1.1,KXHYPE15M-26SEP270045-45,1790483898.7913263,0.96,no,401.20867371559143,1.0,official_reference_rolling,20260927T033014Z-6e11de51eee44c029f3040c8379b79f4
HYPE,1.1,KXHYPE15M-26SEP270100-00,1790484719.062658,0.932,no,480.93734192848206,1.0,official_reference_rolling,20260927T033014Z-6e11de51eee44c029f3040c8379b79f4
HYPE,1.1,KXHYPE15M-26SEP270145-45,1790487361.081958,0.95,yes,538.9180419445038,1.0,official_reference_rolling,20260927T033014Z-6e11de51eee44c029f3040c8379b79f4
HYPE,1.1,KXHYPE15M-26SEP270215-15,1790489268.111929,0.949,yes,431.88807106018066,1.0,official_reference_rolling,20260927T033014Z-6e11de51eee44c029f3040c8379b79f4
HYPE,1.1,KXHYPE15M-26SEP270245-45,1790490901.4259481,0.959,no,598.5740518569946,1.0,official_reference_rolling,20260927T033014Z-6e11de51eee44c029f3040c8379b79f4
HYPE,1.1,KXHYPE15M-26SEP270345-45,1790494882.0406692,0.95,yes,217.95933079719543,1.0,official_reference_rolling,20260927T033014Z-6e11de51eee44c029f3040c8379b79f4
HYPE,1.1,KXHYPE15M-26SEP270545-45,1790501938.1098773,0.96,yes,361.89012265205383,1.0,official_reference_rolling,20260927T033014Z-6e11de51eee44c029f3040c8379b79f4
HYPE,1.1,KXHYPE15M-26SEP270645-45,1790505496.095123,0.938,no,403.90487694740295,1.0,official_reference_rolling,20260927T033014Z-6e11de51eee44c029f3040c8379b79f4
HYPE,1.1,KXHYPE15M-26SEP270715-15,1790507496.7329254,0.95,yes,203.26707458496094,1.0,official_reference_rolling,20260927T033014Z-6e11de51eee44c029f3040c8379b79f4
HYPE,1.1,KXHYPE15M-26SEP270730-30,1790508309.063161,0.959,no,290.93683910369873,1.0,official_reference_rolling,20260927T033014Z-6e11de51eee44c029f3040c8379b79f4
HYPE,1.1,KXHYPE15M-26SEP270745-45,1790509117.0886881,0.948,no,382.9113118648529,1.0,official_reference_rolling,20260927T033014Z-6e11de51eee44c029f3040c8379b79f4
HYPE,1.1,KXHYPE15M-26SEP270815-15,1790510817.0623522,0.96,yes,482.93764781951904,1.0,official_reference_rolling,20260927T033014Z-6e11de51eee44c029f3040c8379b79f4
HYPE,1.1,KXHYPE15M-26SEP270830-30,1790511746.0604568,0.947,no,453.9395432472229,1.0,official_reference_rolling,20260927T033014Z-6e11de51eee44c029f3040c8379b79f4
HYPE,1.1,KXHYPE15M-26SEP270845-45,1790512501.0422244,0.925,yes,598.957775592804,1.0,official_reference_rolling,20260927T033014Z-6e11de51eee44c029f3040c8379b79f4
HYPE,1.1,KXHYPE15M-26SEP270900-00,1790513616.0827699,0.926,no,383.91723012924194,1.0,official_reference_rolling,20260927T033014Z-6e11de51eee44c029f3040c8379b79f4
HYPE,1.1,KXHYPE15M-26SEP270945-45,1790516399.047519,0.929,no,300.95248103141785,1.0,official_reference_rolling,20260927T033014Z-6e11de51eee44c029f3040c8379b79f4
HYPE,1.1,KXHYPE15M-26SEP271100-00,1790520982.1113942,0.945,no,217.8886058330536,1.0,official_reference_rolling,20260927T033014Z-6e11de51eee44c029f3040c8379b79f4
HYPE,1.1,KXHYPE15M-26SEP271130-30,1790522794.5031028,0.956,no,205.49689722061157,1.0,official_reference_rolling,20260927T033014Z-6e11de51eee44c029f3040c8379b79f4
HYPE,1.1,KXHYPE15M-26SEP271315-15,1790528940.1461418,0.92,yes,359.85385823249817,1.0,official_reference_rolling,20260927T033014Z-6e11de51eee44c029f3040c8379b79f4
HYPE,1.1,KXHYPE15M-26SEP271330-30,1790529840.0877235,0.938,yes,359.91227650642395,1.0,official_reference_rolling,20260927T033014Z-6e11de51eee44c029f3040c8379b79f4
HYPE,1.1,KXHYPE15M-26SEP271345-45,1790530887.0903542,0.945,yes,212.90964579582214,1.0,official_reference_rolling,20260927T033014Z-6e11de51eee44c029f3040c8379b79f4
HYPE,1.1,KXHYPE15M-26SEP271400-00,1790531641.0919824,0.94,yes,358.90801763534546,1.0,official_reference_rolling,20260927T033014Z-6e11de51eee44c029f3040c8379b79f4
HYPE,1.1,KXHYPE15M-26SEP271430-30,1790533390.0883572,0.92,yes,409.9116427898407,1.0,official_reference_rolling,20260927T033014Z-6e11de51eee44c029f3040c8379b79f4
HYPE,1.1,KXHYPE15M-26SEP271545-45,1790538086.0987537,0.957,yes,213.9012463092804,1.0,official_reference_rolling,20260927T033014Z-6e11de51eee44c029f3040c8379b79f4
HYPE,1.1,KXHYPE15M-26SEP271615-15,1790539830.1258032,0.917,yes,269.874196767807,1.0,official_reference_rolling,20260927T033014Z-6e11de51eee44c029f3040c8379b79f4
HYPE,1.1,KXHYPE15M-26SEP271645-45,1790541665.1091099,0.953,yes,234.89089012145996,1.0,official_reference_rolling,20260927T033014Z-6e11de51eee44c029f3040c8379b79f4
HYPE,1.1,KXHYPE15M-26SEP271700-00,1790542208.043933,0.946,no,591.9560670852661,1.0,official_reference_rolling,20260927T033014Z-6e11de51eee44c029f3040c8379b79f4
HYPE,1.1,KXHYPE15M-26SEP271715-15,1790543135.038647,0.946,yes,564.9613530635834,1.0,official_reference_rolling,20260927T033014Z-6e11de51eee44c029f3040c8379b79f4
HYPE,1.1,KXHYPE15M-26SEP271800-00,1790546312.0697865,0.949,yes,87.9302134513855,1.0,official_reference_rolling,20260927T033014Z-6e11de51eee44c029f3040c8379b79f4
HYPE,1.1,KXHYPE15M-26SEP271915-15,1790550693.1088445,0.944,no,206.8911554813385,1.0,official_reference_rolling,20260927T033014Z-6e11de51eee44c029f3040c8379b79f4
HYPE,1.1,KXHYPE15M-26SEP272015-15,1790553941.0893314,0.82,no,558.9106686115265,1.0,reference_price_floor,20260928T000015Z-993453d7c1554a6a9e1c6fa8235394b4
HYPE,1.1,KXHYPE15M-26SEP272230-30,1790562410.068809,0.96,yes,189.93119096755981,1.0,official_reference_rolling,20260928T000015Z-993453d7c1554a6a9e1c6fa8235394b4
HYPE,1.1,KXHYPE15M-26SEP280045-45,1790570586.077931,0.94,yes,113.92206907272339,1.0,official_reference_rolling,20260928T000015Z-993453d7c1554a6a9e1c6fa8235394b4
HYPE,1.1,KXHYPE15M-26SEP280130-30,1790573003.9917502,0.948,no,396.0082497596741,1.0,official_reference_rolling,20260928T000015Z-993453d7c1554a6a9e1c6fa8235394b4
HYPE,1.1,KXHYPE15M-26SEP280145-45,1790573700.1102679,0.95,no,599.8897321224213,1.0,official_reference_rolling,20260928T000015Z-993453d7c1554a6a9e1c6fa8235394b4
HYPE,1.1,KXHYPE15M-26SEP280300-00,1790578380.1909096,0.957,no,419.80909037590027,1.0,official_reference_rolling,20260928T000015Z-993453d7c1554a6a9e1c6fa8235394b4
HYPE,1.1,KXHYPE15M-26SEP280330-30,1790580338.110726,0.959,yes,261.88927388191223,1.0,official_reference_rolling,20260928T000015Z-993453d7c1554a6a9e1c6fa8235394b4
HYPE,1.1,KXHYPE15M-26SEP280500-00,1790585583.1104908,0.952,yes,416.8895092010498,1.0,official_reference_rolling,20260928T000015Z-993453d7c1554a6a9e1c6fa8235394b4
HYPE,1.1,KXHYPE15M-26SEP280615-15,1790589903.5301547,0.957,yes,596.4698452949524,1.0,reference_price_floor,20260928T000015Z-993453d7c1554a6a9e1c6fa8235394b4
HYPE,1.1,KXHYPE15M-26SEP280630-30,1790591074.0975413,0.93,yes,325.9024586677551,1.0,official_reference_rolling,20260928T000015Z-993453d7c1554a6a9e1c6fa8235394b4
HYPE,1.1,KXHYPE15M-26SEP280700-00,1790592960.0627708,0.957,no,239.93722915649414,1.0,official_reference_rolling,20260928T000015Z-993453d7c1554a6a9e1c6fa8235394b4
HYPE,1.1,KXHYPE15M-26SEP281400-00,1790617981.116933,0.955,no,418.8830668926239,1.0,official_reference_rolling,20260928T000015Z-993453d7c1554a6a9e1c6fa8235394b4
HYPE,1.1,KXHYPE15M-26SEP281500-00,1790621580.1120522,0.96,yes,419.88794779777527,1.0,official_reference_rolling,20260928T000015Z-993453d7c1554a6a9e1c6fa8235394b4
HYPE,1.1,KXHYPE15M-26SEP281515-15,1790622310.901127,0.96,no,589.0988729000092,1.0,official_reference_rolling,20260928T000015Z-993453d7c1554a6a9e1c6fa8235394b4
HYPE,1.1,KXHYPE15M-26SEP281600-00,1790625200.246598,0.958,yes,399.7534019947052,1.0,official_reference_rolling,20260928T000015Z-993453d7c1554a6a9e1c6fa8235394b4
HYPE,1.1,KXHYPE15M-26SEP290930-30,1790688210.0698802,0.913,yes,389.9301197528839,1.05,official_reference_rolling,20260929T010115Z-4e2ce6e522294d4590fa1a8513ce173c
HYPE,1.05,KXHYPE15M-26SEP262315-15,1790478371.0911949,0.9,yes,528.9088051319122,0.85,official_reference_rolling,20260926T200635Z-b2708e8ce55b4ecdadfd2c9dc543c93d
HYPE,1.05,KXHYPE15M-26SEP262330-30,1790479618.1014345,0.944,no,181.89856553077698,0.85,official_reference_rolling,20260926T200635Z-b2708e8ce55b4ecdadfd2c9dc543c93d
HYPE,1.05,KXHYPE15M-26SEP262345-45,1790480551.093088,0.908,yes,148.90691208839417,1.0,reference_price_floor,20260927T033014Z-6e11de51eee44c029f3040c8379b79f4
HYPE,1.05,KXHYPE15M-26SEP270000-00,1790481490.073468,0.942,no,109.92653203010559,1.0,official_reference_rolling,20260927T033014Z-6e11de51eee44c029f3040c8379b79f4
HYPE,1.05,KXHYPE15M-26SEP270015-15,1790482200.3403192,0.923,no,299.65968084335327,1.0,official_reference_rolling,20260927T033014Z-6e11de51eee44c029f3040c8379b79f4
HYPE,1.05,KXHYPE15M-26SEP270045-45,1790483897.4223597,0.945,no,402.5776402950287,1.0,official_reference_rolling,20260927T033014Z-6e11de51eee44c029f3040c8379b79f4
HYPE,1.05,KXHYPE15M-26SEP270100-00,1790484719.062658,0.932,no,480.93734192848206,1.0,official_reference_rolling,20260927T033014Z-6e11de51eee44c029f3040c8379b79f4
HYPE,1.05,KXHYPE15M-26SEP270145-45,1790487361.081958,0.95,yes,538.9180419445038,1.0,official_reference_rolling,20260927T033014Z-6e11de51eee44c029f3040c8379b79f4
HYPE,1.05,KXHYPE15M-26SEP270215-15,1790489268.111929,0.949,yes,431.88807106018066,1.0,official_reference_rolling,20260927T033014Z-6e11de51eee44c029f3040c8379b79f4
HYPE,1.05,KXHYPE15M-26SEP270245-45,1790490901.4259481,0.959,no,598.5740518569946,1.0,official_reference_rolling,20260927T033014Z-6e11de51eee44c029f3040c8379b79f4
HYPE,1.05,KXHYPE15M-26SEP270345-45,1790494882.0406692,0.95,yes,217.95933079719543,1.0,official_reference_rolling,20260927T033014Z-6e11de51eee44c029f3040c8379b79f4
HYPE,1.05,KXHYPE15M-26SEP270430-30,1790497792.0590465,0.8,no,7.940953493118286,1.0,official_reference_rolling,20260927T033014Z-6e11de51eee44c029f3040c8379b79f4
HYPE,1.05,KXHYPE15M-26SEP270545-45,1790501938.1098773,0.96,yes,361.89012265205383,1.0,official_reference_rolling,20260927T033014Z-6e11de51eee44c029f3040c8379b79f4
HYPE,1.05,KXHYPE15M-26SEP270615-15,1790503811.0753763,0.959,yes,288.92462372779846,1.0,official_reference_rolling,20260927T033014Z-6e11de51eee44c029f3040c8379b79f4
HYPE,1.05,KXHYPE15M-26SEP270630-30,1790504700.0746126,0.959,no,299.9253873825073,1.0,official_reference_rolling,20260927T033014Z-6e11de51eee44c029f3040c8379b79f4
HYPE,1.05,KXHYPE15M-26SEP270645-45,1790505480.6975076,0.922,no,419.3024923801422,1.0,official_reference_rolling,20260927T033014Z-6e11de51eee44c029f3040c8379b79f4
HYPE,1.05,KXHYPE15M-26SEP270715-15,1790507496.7329254,0.95,yes,203.26707458496094,1.0,official_reference_rolling,20260927T033014Z-6e11de51eee44c029f3040c8379b79f4
HYPE,1.05,KXHYPE15M-26SEP270730-30,1790508308.0608995,0.959,no,291.9391005039215,1.0,official_reference_rolling,20260927T033014Z-6e11de51eee44c029f3040c8379b79f4
HYPE,1.05,KXHYPE15M-26SEP270745-45,1790509117.0886881,0.948,no,382.9113118648529,1.0,official_reference_rolling,20260927T033014Z-6e11de51eee44c029f3040c8379b79f4
HYPE,1.05,KXHYPE15M-26SEP270815-15,1790510784.0466514,0.943,yes,515.9533486366272,1.0,official_reference_rolling,20260927T033014Z-6e11de51eee44c029f3040c8379b79f4
HYPE,1.05,KXHYPE15M-26SEP270830-30,1790511743.0731337,0.954,no,456.9268662929535,1.0,official_reference_rolling,20260927T033014Z-6e11de51eee44c029f3040c8379b79f4
HYPE,1.05,KXHYPE15M-26SEP270845-45,1790512501.0422244,0.925,yes,598.957775592804,1.0,official_reference_rolling,20260927T033014Z-6e11de51eee44c029f3040c8379b79f4
HYPE,1.05,KXHYPE15M-26SEP270900-00,1790513615.0756006,0.924,no,384.9243993759155,1.0,official_reference_rolling,20260927T033014Z-6e11de51eee44c029f3040c8379b79f4
HYPE,1.05,KXHYPE15M-26SEP270945-45,1790516339.0799148,0.929,no,360.9200851917267,1.0,official_reference_rolling,20260927T033014Z-6e11de51eee44c029f3040c8379b79f4
HYPE,1.05,KXHYPE15M-26SEP271100-00,1790520981.0528407,0.938,no,218.94715929031372,1.0,official_reference_rolling,20260927T033014Z-6e11de51eee44c029f3040c8379b79f4
HYPE,1.05,KXHYPE15M-26SEP271130-30,1790522789.0836859,0.933,no,210.91631412506104,1.0,official_reference_rolling,20260927T033014Z-6e11de51eee44c029f3040c8379b79f4
HYPE,1.05,KXHYPE15M-26SEP271200-00,1790524576.0855145,0.949,yes,223.91448545455933,1.0,official_reference_rolling,20260927T033014Z-6e11de51eee44c029f3040c8379b79f4
HYPE,1.05,KXHYPE15M-26SEP271315-15,1790528940.1461418,0.92,yes,359.85385823249817,1.0,official_reference_rolling,20260927T033014Z-6e11de51eee44c029f3040c8379b79f4
HYPE,1.05,KXHYPE15M-26SEP271330-30,1790529840.0877235,0.938,yes,359.91227650642395,1.0,official_reference_rolling,20260927T033014Z-6e11de51eee44c029f3040c8379b79f4
HYPE,1.05,KXHYPE15M-26SEP271345-45,1790530764.919653,0.958,yes,335.0803470611572,1.0,official_reference_rolling,20260927T033014Z-6e11de51eee44c029f3040c8379b79f4
HYPE,1.05,KXHYPE15M-26SEP271400-00,1790531631.0745926,0.933,yes,368.92540740966797,1.0,official_reference_rolling,20260927T033014Z-6e11de51eee44c029f3040c8379b79f4
HYPE,1.05,KXHYPE15M-26SEP271415-15,1790532822.0549655,0.96,yes,77.94503450393677,1.0,official_reference_rolling,20260927T033014Z-6e11de51eee44c029f3040c8379b79f4
HYPE,1.05,KXHYPE15M-26SEP271430-30,1790533389.025053,0.919,yes,410.974946975708,1.0,official_reference_rolling,20260927T033014Z-6e11de51eee44c029f3040c8379b79f4
HYPE,1.05,KXHYPE15M-26SEP271545-45,1790538086.0987537,0.957,yes,213.9012463092804,1.0,official_reference_rolling,20260927T033014Z-6e11de51eee44c029f3040c8379b79f4
HYPE,1.05,KXHYPE15M-26SEP271615-15,1790539830.1258032,0.917,yes,269.874196767807,1.0,official_reference_rolling,20260927T033014Z-6e11de51eee44c029f3040c8379b79f4
HYPE,1.05,KXHYPE15M-26SEP271645-45,1790541665.1091099,0.953,yes,234.89089012145996,1.0,official_reference_rolling,20260927T033014Z-6e11de51eee44c029f3040c8379b79f4
HYPE,1.05,KXHYPE15M-26SEP271700-00,1790542200.100038,0.933,no,599.8999619483948,1.0,official_reference_rolling,20260927T033014Z-6e11de51eee44c029f3040c8379b79f4
HYPE,1.05,KXHYPE15M-26SEP271715-15,1790543124.0964665,0.946,yes,575.9035334587097,1.0,official_reference_rolling,20260927T033014Z-6e11de51eee44c029f3040c8379b79f4
HYPE,1.05,KXHYPE15M-26SEP271745-45,1790545081.1322424,0.957,no,418.86775755882263,1.0,official_reference_rolling,20260927T033014Z-6e11de51eee44c029f3040c8379b79f4
HYPE,1.05,KXHYPE15M-26SEP271800-00,1790546312.0697865,0.949,yes,87.9302134513855,1.0,official_reference_rolling,20260927T033014Z-6e11de51eee44c029f3040c8379b79f4
HYPE,1.05,KXHYPE15M-26SEP271815-15,1790546943.0665042,0.948,no,356.933495759964,1.0,official_reference_rolling,20260927T033014Z-6e11de51eee44c029f3040c8379b79f4
HYPE,1.05,KXHYPE15M-26SEP271900-00,1790549582.0496268,0.96,yes,417.95037317276,1.0,official_reference_rolling,20260927T033014Z-6e11de51eee44c029f3040c8379b79f4
HYPE,1.05,KXHYPE15M-26SEP271915-15,1790550590.1129763,0.95,no,309.88702368736267,1.0,official_reference_rolling,20260927T033014Z-6e11de51eee44c029f3040c8379b79f4
HYPE,1.05,KXHYPE15M-26SEP272015-15,1790553941.0893314,0.82,no,558.9106686115265,1.0,reference_price_floor,20260928T000015Z-993453d7c1554a6a9e1c6fa8235394b4
HYPE,1.05,KXHYPE15M-26SEP272115-15,1790557878.115913,0.947,no,221.88408708572388,1.0,official_reference_rolling,20260928T000015Z-993453d7c1554a6a9e1c6fa8235394b4
HYPE,1.05,KXHYPE15M-26SEP272145-45,1790559542.095409,0.96,no,357.9045910835266,1.0,official_reference_rolling,20260928T000015Z-993453d7c1554a6a9e1c6fa8235394b4
HYPE,1.05,KXHYPE15M-26SEP272230-30,1790562406.270469,0.96,yes,193.7295310497284,1.0,official_reference_rolling,20260928T000015Z-993453d7c1554a6a9e1c6fa8235394b4
HYPE,1.05,KXHYPE15M-26SEP272330-30,1790566023.056302,0.959,no,176.94369792938232,1.0,official_reference_rolling,20260928T000015Z-993453d7c1554a6a9e1c6fa8235394b4
HYPE,1.05,KXHYPE15M-26SEP280045-45,1790570583.0629833,0.925,yes,116.93701672554016,1.0,official_reference_rolling,20260928T000015Z-993453d7c1554a6a9e1c6fa8235394b4
HYPE,1.05,KXHYPE15M-26SEP280100-00,1790571291.0798497,0.925,no,308.9201502799988,1.0,official_reference_rolling,20260928T000015Z-993453d7c1554a6a9e1c6fa8235394b4
HYPE,1.05,KXHYPE15M-26SEP280130-30,1790573003.9917502,0.948,no,396.0082497596741,1.0,official_reference_rolling,20260928T000015Z-993453d7c1554a6a9e1c6fa8235394b4
HYPE,1.05,KXHYPE15M-26SEP280145-45,1790573700.1102679,0.95,no,599.8897321224213,1.0,official_reference_rolling,20260928T000015Z-993453d7c1554a6a9e1c6fa8235394b4
HYPE,1.05,KXHYPE15M-26SEP280300-00,1790578380.1909096,0.957,no,419.80909037590027,1.0,official_reference_rolling,20260928T000015Z-993453d7c1554a6a9e1c6fa8235394b4
HYPE,1.05,KXHYPE15M-26SEP280330-30,1790580336.091936,0.93,yes,263.9080638885498,1.0,official_reference_rolling,20260928T000015Z-993453d7c1554a6a9e1c6fa8235394b4
HYPE,1.05,KXHYPE15M-26SEP280500-00,1790585583.1104908,0.952,yes,416.8895092010498,1.0,official_reference_rolling,20260928T000015Z-993453d7c1554a6a9e1c6fa8235394b4
HYPE,1.05,KXHYPE15M-26SEP280615-15,1790589903.5301547,0.957,yes,596.4698452949524,1.0,reference_price_floor,20260928T000015Z-993453d7c1554a6a9e1c6fa8235394b4
HYPE,1.05,KXHYPE15M-26SEP280630-30,1790591071.2540517,0.923,yes,328.74594831466675,1.0,official_reference_rolling,20260928T000015Z-993453d7c1554a6a9e1c6fa8235394b4
HYPE,1.05,KXHYPE15M-26SEP280700-00,1790592960.0627708,0.957,no,239.93722915649414,1.0,official_reference_rolling,20260928T000015Z-993453d7c1554a6a9e1c6fa8235394b4
HYPE,1.05,KXHYPE15M-26SEP280815-15,1790597291.0623183,0.957,yes,408.9376816749573,1.0,official_reference_rolling,20260928T000015Z-993453d7c1554a6a9e1c6fa8235394b4
HYPE,1.05,KXHYPE15M-26SEP281400-00,1790617959.34729,0.954,no,440.6527099609375,1.0,official_reference_rolling,20260928T000015Z-993453d7c1554a6a9e1c6fa8235394b4
HYPE,1.05,KXHYPE15M-26SEP281500-00,1790621580.1120522,0.96,yes,419.88794779777527,1.0,official_reference_rolling,20260928T000015Z-993453d7c1554a6a9e1c6fa8235394b4
HYPE,1.05,KXHYPE15M-26SEP281515-15,1790622310.901127,0.96,no,589.0988729000092,1.0,official_reference_rolling,20260928T000015Z-993453d7c1554a6a9e1c6fa8235394b4
HYPE,1.05,KXHYPE15M-26SEP281600-00,1790625185.0522544,0.951,yes,414.94774556159973,1.0,official_reference_rolling,20260928T000015Z-993453d7c1554a6a9e1c6fa8235394b4
HYPE,1.05,KXHYPE15M-26SEP290930-30,1790688190.085401,0.901,yes,409.914598941803,1.05,official_reference_rolling,20260929T010115Z-4e2ce6e522294d4590fa1a8513ce173c
HYPE,1,KXHYPE15M-26SEP262315-15,1790478361.1010337,0.89,yes,538.8989663124084,0.85,official_reference_rolling,20260926T200635Z-b2708e8ce55b4ecdadfd2c9dc543c93d
HYPE,1,KXHYPE15M-26SEP262330-30,1790479603.3741279,0.909,no,196.62587213516235,0.85,official_reference_rolling,20260926T200635Z-b2708e8ce55b4ecdadfd2c9dc543c93d
HYPE,1,KXHYPE15M-26SEP262345-45,1790480551.093088,0.908,yes,148.90691208839417,1.0,reference_price_floor,20260927T033014Z-6e11de51eee44c029f3040c8379b79f4
HYPE,1,KXHYPE15M-26SEP270000-00,1790481483.0973642,0.93,no,116.9026358127594,1.0,official_reference_rolling,20260927T033014Z-6e11de51eee44c029f3040c8379b79f4
HYPE,1,KXHYPE15M-26SEP270015-15,1790482198.0824094,0.919,no,301.91759061813354,1.0,official_reference_rolling,20260927T033014Z-6e11de51eee44c029f3040c8379b79f4
HYPE,1,KXHYPE15M-26SEP270045-45,1790483897.4223597,0.945,no,402.5776402950287,1.0,official_reference_rolling,20260927T033014Z-6e11de51eee44c029f3040c8379b79f4
HYPE,1,KXHYPE15M-26SEP270100-00,1790484717.1039557,0.932,no,482.896044254303,1.0,official_reference_rolling,20260927T033014Z-6e11de51eee44c029f3040c8379b79f4
HYPE,1,KXHYPE15M-26SEP270145-45,1790487361.081958,0.95,yes,538.9180419445038,1.0,official_reference_rolling,20260927T033014Z-6e11de51eee44c029f3040c8379b79f4
HYPE,1,KXHYPE15M-26SEP270215-15,1790489265.1270113,0.92,yes,434.8729887008667,1.0,official_reference_rolling,20260927T033014Z-6e11de51eee44c029f3040c8379b79f4
HYPE,1,KXHYPE15M-26SEP270245-45,1790490901.4259481,0.959,no,598.5740518569946,1.0,official_reference_rolling,20260927T033014Z-6e11de51eee44c029f3040c8379b79f4
HYPE,1,KXHYPE15M-26SEP270345-45,1790494878.0423641,0.94,yes,221.9576358795166,1.0,official_reference_rolling,20260927T033014Z-6e11de51eee44c029f3040c8379b79f4
HYPE,1,KXHYPE15M-26SEP270430-30,1790497792.0590465,0.8,no,7.940953493118286,1.0,official_reference_rolling,20260927T033014Z-6e11de51eee44c029f3040c8379b79f4
HYPE,1,KXHYPE15M-26SEP270500-00,1790499232.0752885,0.921,yes,367.92471146583557,1.0,official_reference_rolling,20260927T033014Z-6e11de51eee44c029f3040c8379b79f4
HYPE,1,KXHYPE15M-26SEP270545-45,1790501938.1098773,0.96,yes,361.89012265205383,1.0,official_reference_rolling,20260927T033014Z-6e11de51eee44c029f3040c8379b79f4
HYPE,1,KXHYPE15M-26SEP270600-00,1790503083.0790603,0.959,no,116.92093968391418,1.0,official_reference_rolling,20260927T033014Z-6e11de51eee44c029f3040c8379b79f4
HYPE,1,KXHYPE15M-26SEP270615-15,1790503811.0753763,0.959,yes,288.92462372779846,1.0,official_reference_rolling,20260927T033014Z-6e11de51eee44c029f3040c8379b79f4
HYPE,1,KXHYPE15M-26SEP270630-30,1790504700.0746126,0.959,no,299.9253873825073,1.0,official_reference_rolling,20260927T033014Z-6e11de51eee44c029f3040c8379b79f4
HYPE,1,KXHYPE15M-26SEP270645-45,1790505480.6975076,0.922,no,419.3024923801422,1.0,official_reference_rolling,20260927T033014Z-6e11de51eee44c029f3040c8379b79f4
HYPE,1,KXHYPE15M-26SEP270700-00,1790506594.1030388,0.94,yes,205.8969612121582,1.0,official_reference_rolling,20260927T033014Z-6e11de51eee44c029f3040c8379b79f4
HYPE,1,KXHYPE15M-26SEP270715-15,1790507493.097395,0.89,yes,206.9026050567627,1.0,official_reference_rolling,20260927T033014Z-6e11de51eee44c029f3040c8379b79f4
HYPE,1,KXHYPE15M-26SEP270730-30,1790508308.0608995,0.959,no,291.9391005039215,1.0,official_reference_rolling,20260927T033014Z-6e11de51eee44c029f3040c8379b79f4
HYPE,1,KXHYPE15M-26SEP270745-45,1790509117.0886881,0.948,no,382.9113118648529,1.0,official_reference_rolling,20260927T033014Z-6e11de51eee44c029f3040c8379b79f4
HYPE,1,KXHYPE15M-26SEP270815-15,1790510782.1035085,0.945,yes,517.8964915275574,1.0,official_reference_rolling,20260927T033014Z-6e11de51eee44c029f3040c8379b79f4
HYPE,1,KXHYPE15M-26SEP270830-30,1790511738.0630734,0.95,no,461.93692660331726,1.0,official_reference_rolling,20260927T033014Z-6e11de51eee44c029f3040c8379b79f4
HYPE,1,KXHYPE15M-26SEP270845-45,1790512501.0422244,0.925,yes,598.957775592804,1.0,official_reference_rolling,20260927T033014Z-6e11de51eee44c029f3040c8379b79f4
HYPE,1,KXHYPE15M-26SEP270900-00,1790513606.0974317,0.916,no,393.9025683403015,1.0,official_reference_rolling,20260927T033014Z-6e11de51eee44c029f3040c8379b79f4
HYPE,1,KXHYPE15M-26SEP270930-30,1790515539.0659542,0.955,yes,260.934045791626,1.0,official_reference_rolling,20260927T033014Z-6e11de51eee44c029f3040c8379b79f4
HYPE,1,KXHYPE15M-26SEP270945-45,1790516330.0485296,0.929,no,369.95147037506104,1.0,official_reference_rolling,20260927T033014Z-6e11de51eee44c029f3040c8379b79f4
HYPE,1,KXHYPE15M-26SEP271045-45,1790520015.0712445,0.946,no,284.9287555217743,1.0,official_reference_rolling,20260927T033014Z-6e11de51eee44c029f3040c8379b79f4
HYPE,1,KXHYPE15M-26SEP271100-00,1790520963.0412636,0.911,no,236.95873641967773,1.0,official_reference_rolling,20260927T033014Z-6e11de51eee44c029f3040c8379b79f4
HYPE,1,KXHYPE15M-26SEP271130-30,1790522789.0836859,0.933,no,210.91631412506104,1.0,official_reference_rolling,20260927T033014Z-6e11de51eee44c029f3040c8379b79f4
HYPE,1,KXHYPE15M-26SEP271200-00,1790524531.0966084,0.93,yes,268.90339159965515,1.0,official_reference_rolling,20260927T033014Z-6e11de51eee44c029f3040c8379b79f4
HYPE,1,KXHYPE15M-26SEP271245-45,1790527204.072,0.956,no,295.9279999732971,1.0,official_reference_rolling,20260927T033014Z-6e11de51eee44c029f3040c8379b79f4
HYPE,1,KXHYPE15M-26SEP271315-15,1790528926.0999324,0.92,yes,373.9000675678253,1.0,official_reference_rolling,20260927T033014Z-6e11de51eee44c029f3040c8379b79f4
HYPE,1,KXHYPE15M-26SEP271330-30,1790529840.0877235,0.938,yes,359.91227650642395,1.0,official_reference_rolling,20260927T033014Z-6e11de51eee44c029f3040c8379b79f4
HYPE,1,KXHYPE15M-26SEP271345-45,1790530760.0741205,0.955,yes,339.9258794784546,1.0,official_reference_rolling,20260927T033014Z-6e11de51eee44c029f3040c8379b79f4
HYPE,1,KXHYPE15M-26SEP271400-00,1790531582.095966,0.903,yes,417.90403389930725,1.0,official_reference_rolling,20260927T033014Z-6e11de51eee44c029f3040c8379b79f4
HYPE,1,KXHYPE15M-26SEP271415-15,1790532822.0549655,0.96,yes,77.94503450393677,1.0,official_reference_rolling,20260927T033014Z-6e11de51eee44c029f3040c8379b79f4
HYPE,1,KXHYPE15M-26SEP271430-30,1790533380.052028,0.903,yes,419.9479720592499,1.0,official_reference_rolling,20260927T033014Z-6e11de51eee44c029f3040c8379b79f4
HYPE,1,KXHYPE15M-26SEP271545-45,1790538086.0987537,0.957,yes,213.9012463092804,1.0,official_reference_rolling,20260927T033014Z-6e11de51eee44c029f3040c8379b79f4
HYPE,1,KXHYPE15M-26SEP271615-15,1790539830.1258032,0.917,yes,269.874196767807,1.0,official_reference_rolling,20260927T033014Z-6e11de51eee44c029f3040c8379b79f4
HYPE,1,KXHYPE15M-26SEP271645-45,1790541665.1091099,0.953,yes,234.89089012145996,1.0,official_reference_rolling,20260927T033014Z-6e11de51eee44c029f3040c8379b79f4
HYPE,1,KXHYPE15M-26SEP271700-00,1790542200.100038,0.933,no,599.8999619483948,1.0,official_reference_rolling,20260927T033014Z-6e11de51eee44c029f3040c8379b79f4
HYPE,1,KXHYPE15M-26SEP271715-15,1790543124.0964665,0.946,yes,575.9035334587097,1.0,official_reference_rolling,20260927T033014Z-6e11de51eee44c029f3040c8379b79f4
HYPE,1,KXHYPE15M-26SEP271745-45,1790545081.1322424,0.957,no,418.86775755882263,1.0,official_reference_rolling,20260927T033014Z-6e11de51eee44c029f3040c8379b79f4
HYPE,1,KXHYPE15M-26SEP271800-00,1790546312.0697865,0.949,yes,87.9302134513855,1.0,official_reference_rolling,20260927T033014Z-6e11de51eee44c029f3040c8379b79f4
HYPE,1,KXHYPE15M-26SEP271815-15,1790546925.0614967,0.938,no,374.93850326538086,1.0,official_reference_rolling,20260927T033014Z-6e11de51eee44c029f3040c8379b79f4
HYPE,1,KXHYPE15M-26SEP271900-00,1790549580.1079216,0.956,yes,419.8920783996582,1.0,official_reference_rolling,20260927T033014Z-6e11de51eee44c029f3040c8379b79f4
HYPE,1,KXHYPE15M-26SEP271915-15,1790550590.1129763,0.95,no,309.88702368736267,1.0,official_reference_rolling,20260927T033014Z-6e11de51eee44c029f3040c8379b79f4
HYPE,1,KXHYPE15M-26SEP272015-15,1790553941.0893314,0.82,no,558.9106686115265,1.0,reference_price_floor,20260928T000015Z-993453d7c1554a6a9e1c6fa8235394b4
HYPE,1,KXHYPE15M-26SEP272115-15,1790557866.0816898,0.946,no,233.91831016540527,1.0,official_reference_rolling,20260928T000015Z-993453d7c1554a6a9e1c6fa8235394b4
HYPE,1,KXHYPE15M-26SEP272145-45,1790559541.0803578,0.96,no,358.9196422100067,1.0,official_reference_rolling,20260928T000015Z-993453d7c1554a6a9e1c6fa8235394b4
HYPE,1,KXHYPE15M-26SEP272230-30,1790562300.0972254,0.914,yes,299.90277457237244,1.0,official_reference_rolling,20260928T000015Z-993453d7c1554a6a9e1c6fa8235394b4
HYPE,1,KXHYPE15M-26SEP272300-00,1790564280.1075428,0.96,no,119.8924572467804,1.0,official_reference_rolling,20260928T000015Z-993453d7c1554a6a9e1c6fa8235394b4
HYPE,1,KXHYPE15M-26SEP272330-30,1790566023.056302,0.959,no,176.94369792938232,1.0,official_reference_rolling,20260928T000015Z-993453d7c1554a6a9e1c6fa8235394b4
HYPE,1,KXHYPE15M-26SEP280015-15,1790568680.0516822,0.96,yes,219.94831776618958,1.0,official_reference_rolling,20260928T000015Z-993453d7c1554a6a9e1c6fa8235394b4
HYPE,1,KXHYPE15M-26SEP280045-45,1790570583.0629833,0.925,yes,116.93701672554016,1.0,official_reference_rolling,20260928T000015Z-993453d7c1554a6a9e1c6fa8235394b4
HYPE,1,KXHYPE15M-26SEP280100-00,1790571291.0798497,0.925,no,308.9201502799988,1.0,official_reference_rolling,20260928T000015Z-993453d7c1554a6a9e1c6fa8235394b4
HYPE,1,KXHYPE15M-26SEP280115-15,1790572218.4801502,0.96,no,281.5198497772217,1.0,official_reference_rolling,20260928T000015Z-993453d7c1554a6a9e1c6fa8235394b4
HYPE,1,KXHYPE15M-26SEP280130-30,1790572995.0613277,0.92,no,404.93867230415344,1.0,official_reference_rolling,20260928T000015Z-993453d7c1554a6a9e1c6fa8235394b4
HYPE,1,KXHYPE15M-26SEP280145-45,1790573700.1102679,0.95,no,599.8897321224213,1.0,official_reference_rolling,20260928T000015Z-993453d7c1554a6a9e1c6fa8235394b4
HYPE,1,KXHYPE15M-26SEP280300-00,1790578380.1909096,0.957,no,419.80909037590027,1.0,official_reference_rolling,20260928T000015Z-993453d7c1554a6a9e1c6fa8235394b4
HYPE,1,KXHYPE15M-26SEP280330-30,1790580336.091936,0.93,yes,263.9080638885498,1.0,official_reference_rolling,20260928T000015Z-993453d7c1554a6a9e1c6fa8235394b4
HYPE,1,KXHYPE15M-26SEP280500-00,1790585583.1104908,0.952,yes,416.8895092010498,1.0,official_reference_rolling,20260928T000015Z-993453d7c1554a6a9e1c6fa8235394b4
HYPE,1,KXHYPE15M-26SEP280615-15,1790589903.5301547,0.957,yes,596.4698452949524,1.0,reference_price_floor,20260928T000015Z-993453d7c1554a6a9e1c6fa8235394b4
HYPE,1,KXHYPE15M-26SEP280630-30,1790591052.09471,0.912,yes,347.90528988838196,1.0,official_reference_rolling,20260928T000015Z-993453d7c1554a6a9e1c6fa8235394b4
HYPE,1,KXHYPE15M-26SEP280700-00,1790592907.0813277,0.939,no,292.91867232322693,1.0,official_reference_rolling,20260928T000015Z-993453d7c1554a6a9e1c6fa8235394b4
HYPE,1,KXHYPE15M-26SEP280730-30,1790594581.063953,0.957,yes,418.93604707717896,1.0,official_reference_rolling,20260928T000015Z-993453d7c1554a6a9e1c6fa8235394b4
HYPE,1,KXHYPE15M-26SEP280815-15,1790597289.5064547,0.957,yes,410.493545293808,1.0,official_reference_rolling,20260928T000015Z-993453d7c1554a6a9e1c6fa8235394b4
HYPE,1,KXHYPE15M-26SEP281230-30,1790612556.0649698,0.957,yes,443.9350302219391,1.0,official_reference_rolling,20260928T000015Z-993453d7c1554a6a9e1c6fa8235394b4
HYPE,1,KXHYPE15M-26SEP281300-00,1790614549.096153,0.951,no,250.90384697914124,1.0,official_reference_rolling,20260928T000015Z-993453d7c1554a6a9e1c6fa8235394b4
HYPE,1,KXHYPE15M-26SEP281400-00,1790617927.1060255,0.944,no,472.8939745426178,1.0,official_reference_rolling,20260928T000015Z-993453d7c1554a6a9e1c6fa8235394b4
HYPE,1,KXHYPE15M-26SEP281500-00,1790621568.0755389,0.956,yes,431.9244611263275,1.0,official_reference_rolling,20260928T000015Z-993453d7c1554a6a9e1c6fa8235394b4
HYPE,1,KXHYPE15M-26SEP281515-15,1790622310.901127,0.96,no,589.0988729000092,1.0,official_reference_rolling,20260928T000015Z-993453d7c1554a6a9e1c6fa8235394b4
HYPE,1,KXHYPE15M-26SEP281600-00,1790625182.0992794,0.94,yes,417.9007205963135,1.0,official_reference_rolling,20260928T000015Z-993453d7c1554a6a9e1c6fa8235394b4
HYPE,1,KXHYPE15M-26SEP290930-30,1790688190.085401,0.901,yes,409.914598941803,1.05,official_reference_rolling,20260929T010115Z-4e2ce6e522294d4590fa1a8513ce173c
HYPE,0.9,KXHYPE15M-26SEP262315-15,1790478360.0733092,0.88,yes,539.9266908168793,0.85,official_reference_rolling,20260926T200635Z-b2708e8ce55b4ecdadfd2c9dc543c93d
HYPE,0.9,KXHYPE15M-26SEP262330-30,1790479537.1356494,0.928,no,262.86435055732727,0.85,official_reference_rolling,20260926T200635Z-b2708e8ce55b4ecdadfd2c9dc543c93d
HYPE,0.9,KXHYPE15M-26SEP262345-45,1790480539.104715,0.8,yes,160.89528489112854,1.0,reference_price_floor,20260927T033014Z-6e11de51eee44c029f3040c8379b79f4
HYPE,0.9,KXHYPE15M-26SEP270000-00,1790481481.0303757,0.938,no,118.96962428092957,1.0,official_reference_rolling,20260927T033014Z-6e11de51eee44c029f3040c8379b79f4
HYPE,0.9,KXHYPE15M-26SEP270015-15,1790482190.0441144,0.906,no,309.9558856487274,1.0,official_reference_rolling,20260927T033014Z-6e11de51eee44c029f3040c8379b79f4
HYPE,0.9,KXHYPE15M-26SEP270030-30,1790483281.0500197,0.955,no,118.94998025894165,1.0,official_reference_rolling,20260927T033014Z-6e11de51eee44c029f3040c8379b79f4
HYPE,0.9,KXHYPE15M-26SEP270045-45,1790483897.4223597,0.945,no,402.5776402950287,1.0,official_reference_rolling,20260927T033014Z-6e11de51eee44c029f3040c8379b79f4
HYPE,0.9,KXHYPE15M-26SEP270100-00,1790484712.4284844,0.913,no,487.57151556015015,1.0,official_reference_rolling,20260927T033014Z-6e11de51eee44c029f3040c8379b79f4
HYPE,0.9,KXHYPE15M-26SEP270115-15,1790485927.0620534,0.921,no,172.93794655799866,1.0,official_reference_rolling,20260927T033014Z-6e11de51eee44c029f3040c8379b79f4
HYPE,0.9,KXHYPE15M-26SEP270145-45,1790487355.0385027,0.95,yes,544.9614973068237,1.0,official_reference_rolling,20260927T033014Z-6e11de51eee44c029f3040c8379b79f4
HYPE,0.9,KXHYPE15M-26SEP270215-15,1790489236.0524654,0.87,yes,463.9475345611572,1.0,official_reference_rolling,20260927T033014Z-6e11de51eee44c029f3040c8379b79f4
HYPE,0.9,KXHYPE15M-26SEP270245-45,1790490901.4259481,0.959,no,598.5740518569946,1.0,official_reference_rolling,20260927T033014Z-6e11de51eee44c029f3040c8379b79f4
HYPE,0.9,KXHYPE15M-26SEP270300-00,1790492237.4036512,0.953,no,162.5963487625122,1.0,official_reference_rolling,20260927T033014Z-6e11de51eee44c029f3040c8379b79f4
HYPE,0.9,KXHYPE15M-26SEP270315-15,1790493156.0472927,0.952,yes,143.9527072906494,1.0,official_reference_rolling,20260927T033014Z-6e11de51eee44c029f3040c8379b79f4
HYPE,0.9,KXHYPE15M-26SEP270330-30,1790493902.3922698,0.954,yes,297.6077301502228,1.0,official_reference_rolling,20260927T033014Z-6e11de51eee44c029f3040c8379b79f4
HYPE,0.9,KXHYPE15M-26SEP270345-45,1790494874.8573124,0.949,yes,225.1426875591278,1.0,official_reference_rolling,20260927T033014Z-6e11de51eee44c029f3040c8379b79f4
HYPE,0.9,KXHYPE15M-26SEP270415-15,1790496772.1098452,0.952,no,127.89015483856201,1.0,official_reference_rolling,20260927T033014Z-6e11de51eee44c029f3040c8379b79f4
HYPE,0.9,KXHYPE15M-26SEP270430-30,1790497792.0590465,0.8,no,7.940953493118286,1.0,official_reference_rolling,20260927T033014Z-6e11de51eee44c029f3040c8379b79f4
HYPE,0.9,KXHYPE15M-26SEP270500-00,1790499223.0918062,0.89,yes,376.9081938266754,1.0,official_reference_rolling,20260927T033014Z-6e11de51eee44c029f3040c8379b79f4
HYPE,0.9,KXHYPE15M-26SEP270515-15,1790500080.023141,0.938,no,419.9768590927124,1.0,official_reference_rolling,20260927T033014Z-6e11de51eee44c029f3040c8379b79f4
HYPE,0.9,KXHYPE15M-26SEP270530-30,1790501118.0878754,0.938,yes,281.91212463378906,1.0,official_reference_rolling,20260927T033014Z-6e11de51eee44c029f3040c8379b79f4
HYPE,0.9,KXHYPE15M-26SEP270545-45,1790501938.1098773,0.96,yes,361.89012265205383,1.0,official_reference_rolling,20260927T033014Z-6e11de51eee44c029f3040c8379b79f4
HYPE,0.9,KXHYPE15M-26SEP270600-00,1790503080.914357,0.932,no,119.08564305305481,1.0,official_reference_rolling,20260927T033014Z-6e11de51eee44c029f3040c8379b79f4
HYPE,0.9,KXHYPE15M-26SEP270615-15,1790503734.0785236,0.918,yes,365.92147636413574,1.0,official_reference_rolling,20260927T033014Z-6e11de51eee44c029f3040c8379b79f4
HYPE,0.9,KXHYPE15M-26SEP270630-30,1790504695.6347759,0.94,no,304.3652241230011,1.0,official_reference_rolling,20260927T033014Z-6e11de51eee44c029f3040c8379b79f4
HYPE,0.9,KXHYPE15M-26SEP270645-45,1790505480.6975076,0.922,no,419.3024923801422,1.0,official_reference_rolling,20260927T033014Z-6e11de51eee44c029f3040c8379b79f4
HYPE,0.9,KXHYPE15M-26SEP270700-00,1790506586.087485,0.923,yes,213.91251492500305,1.0,official_reference_rolling,20260927T033014Z-6e11de51eee44c029f3040c8379b79f4
HYPE,0.9,KXHYPE15M-26SEP270715-15,1790507488.0899541,0.89,yes,211.91004586219788,1.0,official_reference_rolling,20260927T033014Z-6e11de51eee44c029f3040c8379b79f4
HYPE,0.9,KXHYPE15M-26SEP270730-30,1790508243.0631225,0.947,no,356.93687748908997,1.0,official_reference_rolling,20260927T033014Z-6e11de51eee44c029f3040c8379b79f4
HYPE,0.9,KXHYPE15M-26SEP270745-45,1790509108.114895,0.93,no,391.88510489463806,1.0,official_reference_rolling,20260927T033014Z-6e11de51eee44c029f3040c8379b79f4
HYPE,0.9,KXHYPE15M-26SEP270815-15,1790510782.1035085,0.945,yes,517.8964915275574,1.0,official_reference_rolling,20260927T033014Z-6e11de51eee44c029f3040c8379b79f4
HYPE,0.9,KXHYPE15M-26SEP270830-30,1790511700.0661085,0.926,no,499.9338915348053,1.0,official_reference_rolling,20260927T033014Z-6e11de51eee44c029f3040c8379b79f4
HYPE,0.9,KXHYPE15M-26SEP270845-45,1790512501.0422244,0.925,yes,598.957775592804,1.0,official_reference_rolling,20260927T033014Z-6e11de51eee44c029f3040c8379b79f4
HYPE,0.9,KXHYPE15M-26SEP270900-00,1790513588.1482215,0.87,no,411.85177850723267,1.0,official_reference_rolling,20260927T033014Z-6e11de51eee44c029f3040c8379b79f4
HYPE,0.9,KXHYPE15M-26SEP270930-30,1790515506.1050978,0.934,yes,293.8949022293091,1.0,official_reference_rolling,20260927T033014Z-6e11de51eee44c029f3040c8379b79f4
HYPE,0.9,KXHYPE15M-26SEP270945-45,1790516321.0959432,0.93,no,378.90405678749084,1.0,official_reference_rolling,20260927T033014Z-6e11de51eee44c029f3040c8379b79f4
HYPE,0.9,KXHYPE15M-26SEP271030-30,1790518802.0918193,0.945,no,597.9081807136536,1.0,official_reference_rolling,20260927T033014Z-6e11de51eee44c029f3040c8379b79f4
HYPE,0.9,KXHYPE15M-26SEP271045-45,1790519888.3660817,0.924,no,411.6339182853699,1.0,official_reference_rolling,20260927T033014Z-6e11de51eee44c029f3040c8379b79f4
HYPE,0.9,KXHYPE15M-26SEP271100-00,1790520848.0682225,0.86,no,351.9317774772644,1.0,official_reference_rolling,20260927T033014Z-6e11de51eee44c029f3040c8379b79f4
HYPE,0.9,KXHYPE15M-26SEP271130-30,1790522750.0881684,0.88,no,249.91183161735535,1.0,official_reference_rolling,20260927T033014Z-6e11de51eee44c029f3040c8379b79f4
HYPE,0.9,KXHYPE15M-26SEP271200-00,1790524505.1110244,0.921,yes,294.8889756202698,1.0,official_reference_rolling,20260927T033014Z-6e11de51eee44c029f3040c8379b79f4
HYPE,0.9,KXHYPE15M-26SEP271215-15,1790525310.02074,0.959,yes,389.97925996780396,1.0,official_reference_rolling,20260927T033014Z-6e11de51eee44c029f3040c8379b79f4
HYPE,0.9,KXHYPE15M-26SEP271245-45,1790527128.1240935,0.939,no,371.87590646743774,1.0,official_reference_rolling,20260927T033014Z-6e11de51eee44c029f3040c8379b79f4
HYPE,0.9,KXHYPE15M-26SEP271315-15,1790528700.0797315,0.9,yes,599.920268535614,1.0,official_reference_rolling,20260927T033014Z-6e11de51eee44c029f3040c8379b79f4
HYPE,0.9,KXHYPE15M-26SEP271330-30,1790529818.0777009,0.924,yes,381.9222991466522,1.0,official_reference_rolling,20260927T033014Z-6e11de51eee44c029f3040c8379b79f4
HYPE,0.9,KXHYPE15M-26SEP271345-45,1790530760.0741205,0.955,yes,339.9258794784546,1.0,official_reference_rolling,20260927T033014Z-6e11de51eee44c029f3040c8379b79f4
HYPE,0.9,KXHYPE15M-26SEP271400-00,1790531580.074997,0.903,yes,419.9250030517578,1.0,official_reference_rolling,20260927T033014Z-6e11de51eee44c029f3040c8379b79f4
HYPE,0.9,KXHYPE15M-26SEP271415-15,1790532822.0549655,0.96,yes,77.94503450393677,1.0,official_reference_rolling,20260927T033014Z-6e11de51eee44c029f3040c8379b79f4
HYPE,0.9,KXHYPE15M-26SEP271430-30,1790533380.052028,0.903,yes,419.9479720592499,1.0,official_reference_rolling,20260927T033014Z-6e11de51eee44c029f3040c8379b79f4
HYPE,0.9,KXHYPE15M-26SEP271530-30,1790537207.1344779,0.958,no,192.86552214622498,1.0,official_reference_rolling,20260927T033014Z-6e11de51eee44c029f3040c8379b79f4
HYPE,0.9,KXHYPE15M-26SEP271545-45,1790538001.855196,0.931,yes,298.1448040008545,1.0,official_reference_rolling,20260927T033014Z-6e11de51eee44c029f3040c8379b79f4
HYPE,0.9,KXHYPE15M-26SEP271615-15,1790539830.1258032,0.917,yes,269.874196767807,1.0,official_reference_rolling,20260927T033014Z-6e11de51eee44c029f3040c8379b79f4
HYPE,0.9,KXHYPE15M-26SEP271645-45,1790541564.755692,0.959,yes,335.24430799484253,1.0,official_reference_rolling,20260927T033014Z-6e11de51eee44c029f3040c8379b79f4
HYPE,0.9,KXHYPE15M-26SEP271700-00,1790542200.100038,0.933,no,599.8999619483948,1.0,official_reference_rolling,20260927T033014Z-6e11de51eee44c029f3040c8379b79f4
HYPE,0.9,KXHYPE15M-26SEP271715-15,1790543119.070439,0.946,yes,580.9295608997345,1.0,official_reference_rolling,20260927T033014Z-6e11de51eee44c029f3040c8379b79f4
HYPE,0.9,KXHYPE15M-26SEP271745-45,1790545053.743093,0.954,no,446.2569069862366,1.0,official_reference_rolling,20260927T033014Z-6e11de51eee44c029f3040c8379b79f4
HYPE,0.9,KXHYPE15M-26SEP271800-00,1790546250.1048865,0.931,yes,149.89511346817017,1.0,official_reference_rolling,20260927T033014Z-6e11de51eee44c029f3040c8379b79f4
HYPE,0.9,KXHYPE15M-26SEP271815-15,1790546913.1711237,0.921,no,386.82887625694275,1.0,official_reference_rolling,20260927T033014Z-6e11de51eee44c029f3040c8379b79f4
HYPE,0.9,KXHYPE15M-26SEP271845-45,1790548705.066435,0.957,no,394.93356490135193,1.0,official_reference_rolling,20260927T033014Z-6e11de51eee44c029f3040c8379b79f4
HYPE,0.9,KXHYPE15M-26SEP271900-00,1790549580.1079216,0.956,yes,419.8920783996582,1.0,official_reference_rolling,20260927T033014Z-6e11de51eee44c029f3040c8379b79f4
HYPE,0.9,KXHYPE15M-26SEP271915-15,1790550550.5061016,0.94,no,349.49389839172363,1.0,official_reference_rolling,20260927T033014Z-6e11de51eee44c029f3040c8379b79f4
HYPE,0.9,KXHYPE15M-26SEP272000-00,1790553218.140014,0.96,yes,381.85998606681824,1.0,official_reference_rolling,20260927T033014Z-6e11de51eee44c029f3040c8379b79f4
HYPE,0.9,KXHYPE15M-26SEP272015-15,1790553941.0893314,0.82,no,558.9106686115265,1.0,reference_price_floor,20260928T000015Z-993453d7c1554a6a9e1c6fa8235394b4
HYPE,0.9,KXHYPE15M-26SEP272115-15,1790557860.1044807,0.93,no,239.8955192565918,1.0,official_reference_rolling,20260928T000015Z-993453d7c1554a6a9e1c6fa8235394b4
HYPE,0.9,KXHYPE15M-26SEP272145-45,1790559541.0803578,0.96,no,358.9196422100067,1.0,official_reference_rolling,20260928T000015Z-993453d7c1554a6a9e1c6fa8235394b4
HYPE,0.9,KXHYPE15M-26SEP272200-00,1790560532.6846945,0.951,no,267.3153054714203,1.0,official_reference_rolling,20260928T000015Z-993453d7c1554a6a9e1c6fa8235394b4
HYPE,0.9,KXHYPE15M-26SEP272215-15,1790561466.3888242,0.96,yes,233.61117577552795,1.0,official_reference_rolling,20260928T000015Z-993453d7c1554a6a9e1c6fa8235394b4
HYPE,0.9,KXHYPE15M-26SEP272230-30,1790562300.0972254,0.914,yes,299.90277457237244,1.0,official_reference_rolling,20260928T000015Z-993453d7c1554a6a9e1c6fa8235394b4
HYPE,0.9,KXHYPE15M-26SEP272300-00,1790564280.1075428,0.96,no,119.8924572467804,1.0,official_reference_rolling,20260928T000015Z-993453d7c1554a6a9e1c6fa8235394b4
HYPE,0.9,KXHYPE15M-26SEP272330-30,1790566023.056302,0.959,no,176.94369792938232,1.0,official_reference_rolling,20260928T000015Z-993453d7c1554a6a9e1c6fa8235394b4
HYPE,0.9,KXHYPE15M-26SEP280000-00,1790567843.1068645,0.918,no,156.89313554763794,1.0,official_reference_rolling,20260928T000015Z-993453d7c1554a6a9e1c6fa8235394b4
HYPE,0.9,KXHYPE15M-26SEP280015-15,1790568680.0516822,0.96,yes,219.94831776618958,1.0,official_reference_rolling,20260928T000015Z-993453d7c1554a6a9e1c6fa8235394b4
HYPE,0.9,KXHYPE15M-26SEP280030-30,1790569385.1048963,0.959,yes,414.8951036930084,1.0,official_reference_rolling,20260928T000015Z-993453d7c1554a6a9e1c6fa8235394b4
HYPE,0.9,KXHYPE15M-26SEP280045-45,1790570582.8373973,0.922,yes,117.16260266304016,1.0,official_reference_rolling,20260928T000015Z-993453d7c1554a6a9e1c6fa8235394b4
HYPE,0.9,KXHYPE15M-26SEP280100-00,1790571241.4651015,0.918,no,358.534898519516,1.0,official_reference_rolling,20260928T000015Z-993453d7c1554a6a9e1c6fa8235394b4
HYPE,0.9,KXHYPE15M-26SEP280115-15,1790572141.0884025,0.95,no,358.91159749031067,1.0,official_reference_rolling,20260928T000015Z-993453d7c1554a6a9e1c6fa8235394b4
HYPE,0.9,KXHYPE15M-26SEP280130-30,1790572980.2443528,0.909,no,419.7556471824646,1.0,official_reference_rolling,20260928T000015Z-993453d7c1554a6a9e1c6fa8235394b4
HYPE,0.9,KXHYPE15M-26SEP280145-45,1790573700.1102679,0.95,no,599.8897321224213,1.0,official_reference_rolling,20260928T000015Z-993453d7c1554a6a9e1c6fa8235394b4
HYPE,0.9,KXHYPE15M-26SEP280300-00,1790578320.171382,0.958,no,479.8286180496216,1.0,official_reference_rolling,20260928T000015Z-993453d7c1554a6a9e1c6fa8235394b4
HYPE,0.9,KXHYPE15M-26SEP280330-30,1790580336.091936,0.93,yes,263.9080638885498,1.0,official_reference_rolling,20260928T000015Z-993453d7c1554a6a9e1c6fa8235394b4
HYPE,0.9,KXHYPE15M-26SEP280400-00,1790582160.0753,0.957,yes,239.92470002174377,1.0,official_reference_rolling,20260928T000015Z-993453d7c1554a6a9e1c6fa8235394b4
HYPE,0.9,KXHYPE15M-26SEP280430-30,1790583877.0891593,0.96,no,322.9108407497406,1.0,official_reference_rolling,20260928T000015Z-993453d7c1554a6a9e1c6fa8235394b4
HYPE,0.9,KXHYPE15M-26SEP280445-45,1790584895.0853078,0.94,no,204.9146921634674,1.0,official_reference_rolling,20260928T000015Z-993453d7c1554a6a9e1c6fa8235394b4
HYPE,0.9,KXHYPE15M-26SEP280500-00,1790585583.1104908,0.952,yes,416.8895092010498,1.0,official_reference_rolling,20260928T000015Z-993453d7c1554a6a9e1c6fa8235394b4
HYPE,0.9,KXHYPE15M-26SEP280615-15,1790589903.5301547,0.957,yes,596.4698452949524,1.0,reference_price_floor,20260928T000015Z-993453d7c1554a6a9e1c6fa8235394b4
HYPE,0.9,KXHYPE15M-26SEP280630-30,1790591052.09471,0.912,yes,347.90528988838196,1.0,official_reference_rolling,20260928T000015Z-993453d7c1554a6a9e1c6fa8235394b4
HYPE,0.9,KXHYPE15M-26SEP280700-00,1790592902.1203227,0.907,no,297.8796772956848,1.0,official_reference_rolling,20260928T000015Z-993453d7c1554a6a9e1c6fa8235394b4
HYPE,0.9,KXHYPE15M-26SEP280715-15,1790593800.2983747,0.948,yes,299.70162534713745,1.0,official_reference_rolling,20260928T000015Z-993453d7c1554a6a9e1c6fa8235394b4
HYPE,0.9,KXHYPE15M-26SEP280730-30,1790594567.0788784,0.954,yes,432.92112159729004,1.0,official_reference_rolling,20260928T000015Z-993453d7c1554a6a9e1c6fa8235394b4
HYPE,0.9,KXHYPE15M-26SEP280815-15,1790597217.0949128,0.957,yes,482.9050872325897,1.0,official_reference_rolling,20260928T000015Z-993453d7c1554a6a9e1c6fa8235394b4
HYPE,0.9,KXHYPE15M-26SEP280845-45,1790599395.4217308,0.947,yes,104.57826924324036,1.0,official_reference_rolling,20260928T000015Z-993453d7c1554a6a9e1c6fa8235394b4
HYPE,0.9,KXHYPE15M-26SEP281230-30,1790612556.0649698,0.957,yes,443.9350302219391,1.0,official_reference_rolling,20260928T000015Z-993453d7c1554a6a9e1c6fa8235394b4
HYPE,0.9,KXHYPE15M-26SEP281300-00,1790614546.0780005,0.956,no,253.9219994544983,1.0,official_reference_rolling,20260928T000015Z-993453d7c1554a6a9e1c6fa8235394b4
HYPE,0.9,KXHYPE15M-26SEP281400-00,1790617927.1060255,0.944,no,472.8939745426178,1.0,official_reference_rolling,20260928T000015Z-993453d7c1554a6a9e1c6fa8235394b4
HYPE,0.9,KXHYPE15M-26SEP281500-00,1790621548.1199422,0.945,yes,451.88005781173706,1.0,official_reference_rolling,20260928T000015Z-993453d7c1554a6a9e1c6fa8235394b4
HYPE,0.9,KXHYPE15M-26SEP281515-15,1790622310.901127,0.96,no,589.0988729000092,1.0,official_reference_rolling,20260928T000015Z-993453d7c1554a6a9e1c6fa8235394b4
HYPE,0.9,KXHYPE15M-26SEP281600-00,1790625181.0916739,0.936,yes,418.9083261489868,1.0,official_reference_rolling,20260928T000015Z-993453d7c1554a6a9e1c6fa8235394b4
HYPE,0.9,KXHYPE15M-26SEP290930-30,1790688190.085401,0.901,yes,409.914598941803,1.05,official_reference_rolling,20260929T010115Z-4e2ce6e522294d4590fa1a8513ce173c
