asset,market,opened,opened_utc,side,contracts,entry,cost,fees,pnl,net_per_contract,exit_reason,market_result,settled_at
ETH,KXETH15M-26SEP301445-45,1790793461.562847,2026-09-30T18:37:41.562847+00:00,no,10.0,0.913,9.13,0.0557,0.8143,0.08143,SETTLEMENT,no,1790793915.6534543
ETH,KXETH15M-26SEP301430-30,1790792703.534189,2026-09-30T18:25:03.534189+00:00,no,10.0,0.9359999999999999,9.36,0.042,0.598,0.0598,SETTLEMENT,no,1790793011.8143833
ETH,KXETH15M-26SEP301345-45,1790789835.398466,2026-09-30T17:37:15.398466+00:00,no,10.0,0.950652,9.50652,0.03288,0.4606,0.046060000000000004,SETTLEMENT,no,1790790322.9462767
ETH,KXETH15M-26SEP301230-30,1790785489.383606,2026-09-30T16:24:49.383606+00:00,yes,10.0,0.952,9.52,0.207,-4.827,-0.4827,HARD_STOP,yes,1790785649.90509
ETH,KXETH15M-26SEP301215-15,1790784542.955835,2026-09-30T16:09:02.955835+00:00,yes,10.0,0.9345000000000001,9.345,0.0429,0.6121,0.06121,SETTLEMENT,yes,1790784924.2943745
ETH,KXETH15M-26SEP301130-30,1790781889.485625,2026-09-30T15:24:49.485625+00:00,no,10.0,0.958,9.58,0.0282,0.3918,0.03918,SETTLEMENT,no,1790782212.241382
ETH,KXETH15M-26SEP301115-15,1790781008.173492,2026-09-30T15:10:08.173492+00:00,yes,10.0,0.8,8.0,0.2786,-4.3786,-0.43785999999999997,HARD_STOP,yes,1790781170.73019
ETH,KXETH15M-26SEP301100-00,1790780106.769852,2026-09-30T14:55:06.769852+00:00,yes,10.0,0.9390000000000001,9.39,0.0401,0.5699,0.05699,SETTLEMENT,yes,1790780406.450593
ETH,KXETH15M-26SEP301030-30,1790778148.607196,2026-09-30T14:22:28.607196+00:00,no,10.0,0.951,9.51,0.0327,0.4573,0.04573,SETTLEMENT,no,1790778606.456156
ETH,KXETH15M-26SEP301015-15,1790777286.676577,2026-09-30T14:08:06.676577+00:00,no,10.0,0.8,8.0,0.112,1.888,0.1888,SETTLEMENT,no,1790777716.229987
ETH,KXETH15M-26SEP300945-45,1790775362.501146,2026-09-30T13:36:02.501146+00:00,no,10.0,0.9,9.0,0.063,0.937,0.0937,SETTLEMENT,no,1790775906.455809
ETH,KXETH15M-26SEP300930-30,1790774671.827825,2026-09-30T13:24:31.827825+00:00,no,10.0,0.959,9.59,0.0276,0.3824,0.03824,SETTLEMENT,no,1790775020.5379696
ETH,KXETH15M-26SEP300815-15,1790770032.724685,2026-09-30T12:07:12.724685+00:00,no,10.0,0.9,9.0,0.2262,-5.5262,-0.55262,HARD_STOP,yes,1790770392.134573
ETH,KXETH15M-26SEP300745-45,1790768304.355993,2026-09-30T11:38:24.355993+00:00,yes,10.0,0.9349999999999999,9.35,0.0426,0.6074,0.06074,SETTLEMENT,yes,1790768724.1963425
ETH,KXETH15M-26SEP300715-15,1790766300.385149,2026-09-30T11:05:00.385149+00:00,no,10.0,0.9400000000000001,9.4,0.0395,0.5605,0.05605,SETTLEMENT,no,1790766922.2109528
ETH,KXETH15M-26SEP300700-00,1790765907.783658,2026-09-30T10:58:27.783658+00:00,yes,10.0,0.916,9.16,0.0539,0.7861,0.07861,SETTLEMENT,yes,1790766021.655183
ETH,KXETH15M-26SEP300645-45,1790764691.384929,2026-09-30T10:38:11.384929+00:00,yes,10.0,0.9279999999999999,9.28,0.2218,-4.4018,-0.44017999999999996,HARD_STOP,yes,1790764902.007884
ETH,KXETH15M-26SEP300615-15,1790763114.543029,2026-09-30T10:11:54.543029+00:00,yes,10.0,0.959,9.59,0.0276,0.3824,0.03824,SETTLEMENT,yes,1790763306.447067
ETH,KXETH15M-26SEP300530-30,1790760213.578039,2026-09-30T09:23:33.578039+00:00,yes,10.0,0.86,8.6,0.0843,1.3157,0.13157000000000002,SETTLEMENT,yes,1790760620.5274475
ETH,KXETH15M-26SEP300515-15,1790759106.564077,2026-09-30T09:05:06.564077+00:00,yes,10.0,0.9,9.0,0.063,0.937,0.0937,SETTLEMENT,yes,1790759709.0060859
ETH,KXETH15M-26SEP300415-15,1790755608.48477,2026-09-30T08:06:48.484770+00:00,no,10.0,0.9,9.0,0.063,0.937,0.0937,SETTLEMENT,no,1790756117.2745426
ETH,KXETH15M-26SEP300345-45,1790753883.662938,2026-09-30T07:38:03.662938+00:00,yes,10.0,0.908,9.08,0.0585,0.8615,0.08615,SETTLEMENT,yes,1790754306.451237
ETH,KXETH15M-26SEP300330-30,1790752806.256342,2026-09-30T07:20:06.256342+00:00,yes,10.0,0.9550000000000001,9.55,0.0301,0.4199,0.04199,SETTLEMENT,yes,1790753414.4254725
ETH,KXETH15M-26SEP300245-45,1790750360.728895,2026-09-30T06:39:20.728895+00:00,no,10.0,0.9390000000000001,9.39,0.0401,0.5699,0.05699,SETTLEMENT,no,1790750723.2980573
ETH,KXETH15M-26SEP300230-30,1790749697.550351,2026-09-30T06:28:17.550351+00:00,no,10.0,0.9029999999999999,9.03,0.2362,-4.0662,-0.40662000000000004,HARD_STOP,no,1790749720.88827
ETH,KXETH15M-26SEP300200-00,1790747503.434098,2026-09-30T05:51:43.434098+00:00,no,10.0,0.901,9.01,0.0625,0.9275,0.09275,SETTLEMENT,no,1790748006.476701
ETH,KXETH15M-26SEP300130-30,1790745857.353891,2026-09-30T05:24:17.353891+00:00,yes,10.0,0.942,9.42,0.0383,0.5417,0.054169999999999996,SETTLEMENT,yes,1790746206.458795
ETH,KXETH15M-26SEP300100-00,1790744034.690198,2026-09-30T04:53:54.690198+00:00,no,10.0,0.89,8.9,0.0686,1.0314,0.10314000000000001,SETTLEMENT,no,1790744414.0594182
ETH,KXETH15M-26SEP300015-15,1790741528.726921,2026-09-30T04:12:08.726921+00:00,yes,10.0,0.9551999999999999,9.552,0.03,0.418,0.0418,SETTLEMENT,yes,1790741720.8361552
ETH,KXETH15M-26SEP300000-00,1790740399.593335,2026-09-30T03:53:19.593335+00:00,no,10.0,0.9359999999999999,9.36,0.042,0.598,0.0598,SETTLEMENT,no,1790740823.8764553
ETH,KXETH15M-26SEP292345-45,1790739543.902468,2026-09-30T03:39:03.902468+00:00,yes,10.0,0.925,9.25,0.0486,0.7014,0.07014000000000001,SETTLEMENT,yes,1790739917.6387093
ETH,KXETH15M-26SEP292330-30,1790738404.789405,2026-09-30T03:20:04.789405+00:00,no,10.0,0.9138999999999999,9.139,0.0551,0.8059,0.08059,SETTLEMENT,no,1790739006.455675
ETH,KXETH15M-26SEP292300-00,1790736733.448437,2026-09-30T02:52:13.448437+00:00,yes,10.0,0.8939999999999999,8.94,0.0664,0.9936,0.09936,SETTLEMENT,yes,1790737209.642945
ETH,KXETH15M-26SEP292245-45,1790736081.354035,2026-09-30T02:41:21.354035+00:00,yes,10.0,0.9369999999999999,9.37,0.0414,0.5886,0.05886,SETTLEMENT,yes,1790736306.492124
ETH,KXETH15M-26SEP292215-15,1790734054.517283,2026-09-30T02:07:34.517283+00:00,yes,10.0,0.952,9.52,0.2064,-4.4264,-0.44264000000000003,HARD_STOP,yes,1790734373.943257
ETH,KXETH15M-26SEP292200-00,1790733590.611227,2026-09-30T01:59:50.611227+00:00,yes,10.0,0.908,9.08,0.0679,-9.0119,-0.90119,HARD_STOP,no,1790733597.77082
ETH,KXETH15M-26SEP292130-30,1790731501.285652,2026-09-30T01:25:01.285652+00:00,yes,10.0,0.9268000000000001,9.268,0.0475,0.6845,0.06845,SETTLEMENT,yes,1790732301.6442642
ETH,KXETH15M-26SEP292100-00,1790729845.716765,2026-09-30T00:57:25.716765+00:00,yes,10.0,0.9109999999999999,9.11,0.0568,0.8332,0.08332,SETTLEMENT,yes,1790730013.615283
ETH,KXETH15M-26SEP292030-30,1790727903.51282,2026-09-30T00:25:03.512820+00:00,no,10.0,0.9276,9.276,0.2204,-3.9964,-0.39964,HARD_STOP,yes,1790728029.906016
ETH,KXETH15M-26SEP292015-15,1790727011.153481,2026-09-30T00:10:11.153481+00:00,no,10.0,0.9492,9.492,0.0338,0.4742,0.047420000000000004,SETTLEMENT,no,1790727308.8688955
ETH,KXETH15M-26SEP291945-45,1790725143.435267,2026-09-29T23:39:03.435267+00:00,no,10.0,0.9,9.0,0.063,0.937,0.0937,SETTLEMENT,no,1790725520.3656273
ETH,KXETH15M-26SEP291930-30,1790724065.140354,2026-09-29T23:21:05.140354+00:00,no,10.0,0.9490000000000001,9.49,0.0339,0.4761,0.04761,SETTLEMENT,no,1790724614.4587545
ETH,KXETH15M-26SEP291915-15,1790723100.248848,2026-09-29T23:05:00.248848+00:00,yes,10.0,0.8800000000000001,8.8,0.074,1.126,0.11259999999999999,SETTLEMENT,yes,1790723706.459828
ETH,KXETH15M-26SEP291845-45,1790721558.988302,2026-09-29T22:39:18.988302+00:00,no,10.0,0.8186899999999999,8.1869,0.2783,-3.1652,-0.31652,HARD_STOP,yes,1790721721.865977
ETH,KXETH15M-26SEP291815-15,1790719502.237491,2026-09-29T22:05:02.237491+00:00,yes,10.0,0.9404,9.404,0.0393,0.5567,0.05567,SETTLEMENT,yes,1790720126.772518
ETH,KXETH15M-26SEP291800-00,1790718815.727182,2026-09-29T21:53:35.727182+00:00,no,10.0,0.8699999999999999,8.7,0.0792,1.2208,0.12208000000000001,SETTLEMENT,no,1790719213.5034902
ETH,KXETH15M-26SEP291745-45,1790718003.057393,2026-09-29T21:40:03.057393+00:00,yes,10.0,0.925,9.25,0.0486,0.7014,0.07014000000000001,SETTLEMENT,yes,1790718306.457333
ETH,KXETH15M-26SEP291730-30,1790716851.711243,2026-09-29T21:20:51.711243+00:00,no,10.0,0.933,9.33,0.0438,0.6262,0.06262,SETTLEMENT,no,1790717406.404632
ETH,KXETH15M-26SEP291715-15,1790716175.58366,2026-09-29T21:09:35.583660+00:00,no,10.0,0.9269999999999999,9.27,0.0474,0.6826,0.06826,SETTLEMENT,no,1790716523.764894
ETH,KXETH15M-26SEP291700-00,1790715427.128863,2026-09-29T20:57:07.128863+00:00,no,10.0,0.9410000000000001,9.41,0.0389,0.5511,0.055110000000000006,SETTLEMENT,no,1790715622.9472275
ETH,KXETH15M-26SEP291630-30,1790713381.634258,2026-09-29T20:23:01.634258+00:00,yes,10.0,0.8800000000000001,8.8,0.074,1.126,0.11259999999999999,SETTLEMENT,yes,1790713818.7036247
ETH,KXETH15M-26SEP291615-15,1790712659.816646,2026-09-29T20:10:59.816646+00:00,no,10.0,0.9390000000000001,9.39,0.2126,-4.0026,-0.40026,HARD_STOP,no,1790712866.586499
ETH,KXETH15M-26SEP291600-00,1790711943.979264,2026-09-29T19:59:03.979264+00:00,no,10.0,0.9390000000000001,9.39,0.0401,0.5699,0.05699,SETTLEMENT,no,1790712016.1903205
ETH,KXETH15M-26SEP291545-45,1790710929.934292,2026-09-29T19:42:09.934292+00:00,no,10.0,0.9259999999999999,9.26,0.048,0.692,0.0692,SETTLEMENT,no,1790711124.8310394
ETH,KXETH15M-26SEP291515-15,1790708881.125099,2026-09-29T19:08:01.125099+00:00,yes,10.0,0.925,9.25,0.0486,0.7014,0.07014000000000001,SETTLEMENT,yes,1790709319.5966074
ETH,KXETH15M-26SEP291500-00,1790708323.926402,2026-09-29T18:58:43.926402+00:00,no,10.0,0.959,9.59,0.0276,0.3824,0.03824,SETTLEMENT,no,1790708406.450825
ETH,KXETH15M-26SEP291445-45,1790707083.083632,2026-09-29T18:38:03.083632+00:00,yes,10.0,0.9359999999999999,9.36,0.042,0.598,0.0598,SETTLEMENT,yes,1790707511.5348434
ETH,KXETH15M-26SEP291430-30,1790706340.815524,2026-09-29T18:25:40.815524+00:00,yes,10.0,0.9406000000000001,9.406,0.0392,0.5548,0.055479999999999995,SETTLEMENT,yes,1790706606.489648
ETH,KXETH15M-26SEP291400-00,1790704443.593344,2026-09-29T17:54:03.593344+00:00,no,10.0,0.9128999999999999,9.129,0.0557,0.8153,0.08153,SETTLEMENT,no,1790704806.485291
ETH,KXETH15M-26SEP291330-30,1790702583.073857,2026-09-29T17:23:03.073857+00:00,no,10.0,0.9289999999999999,9.29,0.0462,0.6638,0.06638,SETTLEMENT,no,1790703006.454003
ETH,KXETH15M-26SEP291315-15,1790701873.902156,2026-09-29T17:11:13.902156+00:00,yes,10.0,0.951,9.51,0.0327,0.4573,0.04573,SETTLEMENT,yes,1790702122.0324755
ETH,KXETH15M-26SEP291300-00,1790700953.763886,2026-09-29T16:55:53.763886+00:00,no,10.0,0.8,8.0,0.2868,-3.0868,-0.30868,HARD_STOP,yes,1790701063.416571
ETH,KXETH15M-26SEP291245-45,1790700005.599634,2026-09-29T16:40:05.599634+00:00,no,10.0,0.9560000000000001,9.56,0.0295,0.4105,0.041049999999999996,SETTLEMENT,no,1790700320.0213943
ETH,KXETH15M-26SEP291230-30,1790698983.047797,2026-09-29T16:23:03.047797+00:00,yes,10.0,0.9490000000000001,9.49,0.0339,0.4761,0.04761,SETTLEMENT,yes,1790699406.479565
ETH,KXETH15M-26SEP291215-15,1790698226.519641,2026-09-29T16:10:26.519641+00:00,yes,10.0,0.945,9.45,0.0364,0.5136,0.051359999999999996,SETTLEMENT,yes,1790698526.3971987
ETH,KXETH15M-26SEP291200-00,1790697240.990093,2026-09-29T15:54:00.990093+00:00,no,10.0,0.917,9.17,0.0533,0.7767,0.07766999999999999,SETTLEMENT,no,1790697606.455275
ETH,KXETH15M-26SEP291145-45,1790696408.022989,2026-09-29T15:40:08.022989+00:00,yes,10.0,0.95,9.5,0.0333,0.4667,0.04667,SETTLEMENT,yes,1790696721.5452924
ETH,KXETH15M-26SEP291130-30,1790695410.849513,2026-09-29T15:23:30.849513+00:00,no,10.0,0.9259999999999999,9.26,0.048,0.692,0.0692,SETTLEMENT,no,1790695821.4614592
ETH,KXETH15M-26SEP291115-15,1790694342.950777,2026-09-29T15:05:42.950777+00:00,no,10.0,0.93,9.3,0.0456,0.6544,0.06544,SETTLEMENT,no,1790694909.1195085
ETH,KXETH15M-26SEP291100-00,1790693881.009221,2026-09-29T14:58:01.009221+00:00,yes,10.0,0.95,9.5,0.2027,-5.6027,-0.5602699999999999,HARD_STOP,no,1790693960.715285
ETH,KXETH15M-26SEP291015-15,1790690886.079273,2026-09-29T14:08:06.079273+00:00,no,10.0,0.9289999999999999,9.29,0.0462,0.6638,0.06638,SETTLEMENT,no,1790691326.4409785
ETH,KXETH15M-26SEP291000-00,1790690047.893951,2026-09-29T13:54:07.893951+00:00,yes,10.0,0.9368000000000001,9.368,0.0415,0.5905,0.059050000000000005,SETTLEMENT,yes,1790690406.477677
ETH,KXETH15M-26SEP290930-30,1790688392.298514,2026-09-29T13:26:32.298514+00:00,no,10.0,0.933,9.33,0.2171,-4.0471,-0.40471,HARD_STOP,yes,1790688455.981703
ETH,KXETH15M-26SEP290915-15,1790687398.870406,2026-09-29T13:09:58.870406+00:00,yes,10.0,0.9,9.0,0.2374,-3.9374,-0.39374,HARD_STOP,no,1790687478.081465
ETH,KXETH15M-26SEP290900-00,1790686561.108099,2026-09-29T12:56:01.108099+00:00,no,10.0,0.923,9.23,0.0498,0.7202,0.07202,SETTLEMENT,no,1790686812.961692
ETH,KXETH15M-26SEP290845-45,1790685480.725632,2026-09-29T12:38:00.725632+00:00,yes,10.0,0.9,9.0,0.063,0.937,0.0937,SETTLEMENT,yes,1790685906.50141
ETH,KXETH15M-26SEP290815-15,1790683970.186734,2026-09-29T12:12:50.186734+00:00,no,10.0,0.8099999999999999,8.1,0.2828,-3.4828,-0.34828000000000003,HARD_STOP,no,1790684035.906564
ETH,KXETH15M-26SEP290800-00,1790682665.986691,2026-09-29T11:51:05.986691+00:00,yes,10.0,0.9400000000000001,9.4,0.0395,0.5605,0.05605,SETTLEMENT,yes,1790683217.4052508
ETH,KXETH15M-26SEP290745-45,1790681881.69945,2026-09-29T11:38:01.699450+00:00,yes,10.0,0.9523999999999999,9.524,0.0318,0.4442,0.04442,SETTLEMENT,yes,1790682322.3894382
ETH,KXETH15M-26SEP290730-30,1790681255.955037,2026-09-29T11:27:35.955037+00:00,yes,10.0,0.958,9.58,0.0282,0.3918,0.03918,SETTLEMENT,yes,1790681406.45013
ETH,KXETH15M-26SEP290715-15,1790680084.942463,2026-09-29T11:08:04.942463+00:00,yes,10.0,0.933,9.33,0.0438,0.6262,0.06262,SETTLEMENT,yes,1790680506.518023
ETH,KXETH15M-26SEP290700-00,1790679329.772039,2026-09-29T10:55:29.772039+00:00,yes,10.0,0.9077999999999999,9.078,0.0586,0.8634,0.08634,SETTLEMENT,yes,1790679606.500033
ETH,KXETH15M-26SEP290645-45,1790678341.434199,2026-09-29T10:39:01.434199+00:00,no,10.0,0.9029999999999999,9.03,0.0614,0.9086,0.09086,SETTLEMENT,no,1790678717.951443
ETH,KXETH15M-26SEP290630-30,1790677387.309526,2026-09-29T10:23:07.309526+00:00,no,10.0,0.944,9.44,0.0371,0.5229,0.05229,SETTLEMENT,no,1790677813.4215994
ETH,KXETH15M-26SEP290615-15,1790676607.550471,2026-09-29T10:10:07.550471+00:00,yes,10.0,0.85,8.5,0.2637,-4.0637,-0.40637,HARD_STOP,no,1790676759.362895
ETH,KXETH15M-26SEP290515-15,1790672946.338863,2026-09-29T09:09:06.338863+00:00,no,10.0,0.9269999999999999,9.27,0.0474,0.6826,0.06826,SETTLEMENT,no,1790673306.453151
ETH,KXETH15M-26SEP290500-00,1790672038.741823,2026-09-29T08:53:58.741823+00:00,no,10.0,0.931,9.31,0.045,0.645,0.0645,SETTLEMENT,no,1790672419.2159004
ETH,KXETH15M-26SEP290430-30,1790670204.944794,2026-09-29T08:23:24.944794+00:00,yes,10.0,0.9490000000000001,9.49,0.0339,0.4761,0.04761,SETTLEMENT,yes,1790670618.3147554
ETH,KXETH15M-26SEP290415-15,1790669400.112005,2026-09-29T08:10:00.112005+00:00,yes,10.0,0.9162000000000001,9.162,0.0538,0.7842,0.07842,SETTLEMENT,yes,1790669706.469812
ETH,KXETH15M-26SEP290400-00,1790668630.357906,2026-09-29T07:57:10.357906+00:00,no,10.0,0.82,8.2,0.1034,1.6966,0.16966,SETTLEMENT,no,1790668818.1919496
ETH,KXETH15M-26SEP290345-45,1790667567.625317,2026-09-29T07:39:27.625317+00:00,yes,10.0,0.9099999999999999,9.1,0.229,-3.629,-0.3629,HARD_STOP,no,1790667707.390577
ETH,KXETH15M-26SEP290330-30,1790666695.505626,2026-09-29T07:24:55.505626+00:00,yes,10.0,0.9259999999999999,9.26,0.048,0.692,0.0692,SETTLEMENT,yes,1790667022.648716
ETH,KXETH15M-26SEP290315-15,1790665785.541198,2026-09-29T07:09:45.541198+00:00,yes,10.0,0.9289999999999999,9.29,0.0462,0.6638,0.06638,SETTLEMENT,yes,1790666109.1200716
ETH,KXETH15M-26SEP290300-00,1790664689.594776,2026-09-29T06:51:29.594776+00:00,yes,10.0,0.86,8.6,0.0843,1.3157,0.13157000000000002,SETTLEMENT,yes,1790665212.6993136
ETH,KXETH15M-26SEP290245-45,1790663958.508164,2026-09-29T06:39:18.508164+00:00,yes,10.0,0.8800000000000001,8.8,0.074,1.126,0.11259999999999999,SETTLEMENT,yes,1790664306.451061
ETH,KXETH15M-26SEP290200-00,1790661260.17047,2026-09-29T05:54:20.170470+00:00,yes,10.0,0.9471,9.471,0.0351,0.4939,0.04939,SETTLEMENT,yes,1790661623.0114706
ETH,KXETH15M-26SEP290130-30,1790659457.63314,2026-09-29T05:24:17.633140+00:00,yes,10.0,0.9000999999999999,9.001,0.063,0.936,0.0936,SETTLEMENT,yes,1790659818.3484025
ETH,KXETH15M-26SEP290045-45,1790656562.833874,2026-09-29T04:36:02.833874+00:00,no,10.0,0.958,9.58,0.0282,0.3918,0.03918,SETTLEMENT,no,1790657114.2316275
ETH,KXETH15M-26SEP290030-30,1790655780.572618,2026-09-29T04:23:00.572618+00:00,yes,10.0,0.9569000000000001,9.569,0.0289,0.4021,0.04021,SETTLEMENT,yes,1790656219.5373
ETH,KXETH15M-26SEP290000-00,1790654223.489394,2026-09-29T03:57:03.489394+00:00,no,10.0,0.95,9.5,0.0333,0.4667,0.04667,SETTLEMENT,no,1790654411.473596
ETH,KXETH15M-26SEP282330-30,1790652186.35147,2026-09-29T03:23:06.351470+00:00,yes,10.0,0.9199999999999999,9.2,0.0516,0.7484,0.07483999999999999,SETTLEMENT,yes,1790652620.8672717
ETH,KXETH15M-26SEP282315-15,1790651541.828885,2026-09-29T03:12:21.828885+00:00,yes,10.0,0.96,9.6,0.0269,0.3731,0.037309999999999996,SETTLEMENT,yes,1790651706.488888
ETH,KXETH15M-26SEP282300-00,1790650381.462136,2026-09-29T02:53:01.462136+00:00,no,10.0,0.89,8.9,0.0686,1.0314,0.10314000000000001,SETTLEMENT,no,1790650812.6743102
ETH,KXETH15M-26SEP282245-45,1790649741.927432,2026-09-29T02:42:21.927432+00:00,yes,10.0,0.95,9.5,0.0333,0.4667,0.04667,SETTLEMENT,yes,1790649918.5443907
ETH,KXETH15M-26SEP282230-30,1790648760.758824,2026-09-29T02:26:00.758824+00:00,no,10.0,0.9380000000000001,9.38,0.0408,0.5792,0.057920000000000006,SETTLEMENT,no,1790649021.3369012
ETH,KXETH15M-26SEP282215-15,1790647738.633476,2026-09-29T02:08:58.633476+00:00,no,10.0,0.9199999999999999,9.2,0.0516,0.7484,0.07483999999999999,SETTLEMENT,no,1790648110.8931603
ETH,KXETH15M-26SEP282130-30,1790645196.922282,2026-09-29T01:26:36.922282+00:00,no,10.0,0.9578,9.578,0.0283,0.3937,0.03937,SETTLEMENT,no,1790645418.1760137
ETH,KXETH15M-26SEP282115-15,1790644092.773555,2026-09-29T01:08:12.773555+00:00,no,10.0,0.9,9.0,0.063,0.937,0.0937,SETTLEMENT,no,1790644517.4531307
ETH,KXETH15M-26SEP282030-30,1790641531.624031,2026-09-29T00:25:31.624031+00:00,no,10.0,0.9570000000000001,9.57,0.0289,0.4011,0.04011,SETTLEMENT,no,1790641819.5475817
ETH,KXETH15M-26SEP282000-00,1790639733.991211,2026-09-28T23:55:33.991211+00:00,no,10.0,0.9,9.0,0.063,0.937,0.0937,SETTLEMENT,no,1790640014.3913224
ETH,KXETH15M-26SEP281945-45,1790638786.892714,2026-09-28T23:39:46.892714+00:00,yes,10.0,0.8800000000000001,8.8,0.074,1.126,0.11259999999999999,SETTLEMENT,yes,1790639120.1697075
ETH,KXETH15M-26SEP281930-30,1790637837.659854,2026-09-28T23:23:57.659854+00:00,yes,10.0,0.89,8.9,0.0686,1.0314,0.10314000000000001,SETTLEMENT,yes,1790638209.2546322
ETH,KXETH15M-26SEP281915-15,1790636880.400137,2026-09-28T23:08:00.400137+00:00,yes,10.0,0.9109999999999999,9.11,0.2301,-3.8401,-0.38401,HARD_STOP,no,1790637218.137321
ETH,KXETH15M-26SEP281900-00,1790636106.550585,2026-09-28T22:55:06.550585+00:00,yes,10.0,0.8800000000000001,8.8,0.074,1.126,0.11259999999999999,SETTLEMENT,yes,1790636415.7093647
ETH,KXETH15M-26SEP281845-45,1790634990.387946,2026-09-28T22:36:30.387946+00:00,yes,10.0,0.96,9.6,0.0269,0.3731,0.037309999999999996,SETTLEMENT,yes,1790635520.4249604
ETH,KXETH15M-26SEP281830-30,1790634377.599106,2026-09-28T22:26:17.599106+00:00,yes,10.0,0.9,9.0,0.063,0.937,0.0937,SETTLEMENT,yes,1790634611.6289341
ETH,KXETH15M-26SEP281815-15,1790633281.045268,2026-09-28T22:08:01.045268+00:00,no,10.0,0.9039999999999999,9.04,0.0608,0.8992,0.08992,SETTLEMENT,no,1790633716.9866412
ETH,KXETH15M-26SEP281800-00,1790632394.343169,2026-09-28T21:53:14.343169+00:00,no,10.0,0.86,8.6,0.0843,1.3157,0.13157000000000002,SETTLEMENT,no,1790632822.653194
ETH,KXETH15M-26SEP281730-30,1790630582.053721,2026-09-28T21:23:02.053721+00:00,no,10.0,0.9470000000000001,9.47,0.0352,0.4948,0.04948,SETTLEMENT,no,1790631006.452529
ETH,KXETH15M-26SEP281715-15,1790629733.595424,2026-09-28T21:08:53.595424+00:00,yes,10.0,0.9339999999999999,9.34,0.0432,0.6168,0.06168,SETTLEMENT,yes,1790630106.494734
ETH,KXETH15M-26SEP281700-00,1790629020.439746,2026-09-28T20:57:00.439746+00:00,yes,10.0,0.913,9.13,0.0557,0.8143,0.08143,SETTLEMENT,yes,1790629217.9417634
ETH,KXETH15M-26SEP281645-45,1790628155.778551,2026-09-28T20:42:35.778551+00:00,yes,10.0,0.9369999999999999,9.37,0.2147,-4.0847,-0.40847,HARD_STOP,no,1790628183.789481
ETH,KXETH15M-26SEP281630-30,1790626997.589998,2026-09-28T20:23:17.589998+00:00,no,10.0,0.899,8.99,0.0636,0.9464,0.09464,SETTLEMENT,no,1790627406.455443
ETH,KXETH15M-26SEP281600-00,1790625306.495547,2026-09-28T19:55:06.495547+00:00,yes,10.0,0.9422,9.422,0.0382,0.5398,0.05397999999999999,SETTLEMENT,yes,1790625606.453621
ETH,KXETH15M-26SEP281530-30,1790623454.615313,2026-09-28T19:24:14.615313+00:00,no,10.0,0.9099999999999999,9.1,0.0574,0.8426,0.08426,SETTLEMENT,no,1790623817.6147773
ETH,KXETH15M-26SEP281500-00,1790621551.161557,2026-09-28T18:52:31.161557+00:00,yes,10.0,0.9289999999999999,9.29,0.0462,0.6638,0.06638,SETTLEMENT,yes,1790622013.643229
ETH,KXETH15M-26SEP281445-45,1790620686.525023,2026-09-28T18:38:06.525023+00:00,no,10.0,0.9,9.0,0.063,0.937,0.0937,SETTLEMENT,no,1790621114.9894278
ETH,KXETH15M-26SEP281430-30,1790619981.821703,2026-09-28T18:26:21.821703+00:00,no,10.0,0.9289999999999999,9.29,0.2187,-3.9087,-0.39087,HARD_STOP,no,1790620028.146932
ETH,KXETH15M-26SEP281400-00,1790618040.862723,2026-09-28T17:54:00.862723+00:00,no,10.0,0.9490000000000001,9.49,0.0339,0.4761,0.04761,SETTLEMENT,no,1790618414.2826586
ETH,KXETH15M-26SEP281315-15,1790615398.559232,2026-09-28T17:09:58.559232+00:00,no,10.0,0.9372999999999999,9.373,0.2162,-4.6892,-0.46891999999999995,HARD_STOP,yes,1790615486.924528
ETH,KXETH15M-26SEP281300-00,1790614560.483138,2026-09-28T16:56:00.483138+00:00,yes,10.0,0.9179999999999999,9.18,0.0527,0.7673,0.07672999999999999,SETTLEMENT,yes,1790614816.9411993
ETH,KXETH15M-26SEP281245-45,1790613518.534549,2026-09-28T16:38:38.534549+00:00,no,10.0,0.9303000000000001,9.303,0.0454,0.6516,0.06516,SETTLEMENT,no,1790613906.442117
ETH,KXETH15M-26SEP281230-30,1790612520.258105,2026-09-28T16:22:00.258105+00:00,yes,10.0,0.9574999999999999,9.575,0.0285,0.3965,0.039650000000000005,SETTLEMENT,yes,1790613016.7950673
ETH,KXETH15M-26SEP281200-00,1790610913.848927,2026-09-28T15:55:13.848927+00:00,yes,10.0,0.909,9.09,0.058,0.852,0.0852,SETTLEMENT,yes,1790611220.9851224
ETH,KXETH15M-26SEP281145-45,1790609893.533244,2026-09-28T15:38:13.533244+00:00,yes,10.0,0.922331,9.22331,0.05019,0.7265,0.07265,SETTLEMENT,yes,1790610306.449449
ETH,KXETH15M-26SEP281115-15,1790608182.552,2026-09-28T15:09:42.552000+00:00,yes,10.0,0.9507,9.507,0.2068,-4.3138,-0.43138,HARD_STOP,no,1790608309.493123
ETH,KXETH15M-26SEP281015-15,1790604602.540907,2026-09-28T14:10:02.540907+00:00,no,10.0,0.945,9.45,0.0364,0.5136,0.051359999999999996,SETTLEMENT,no,1790604913.8233705
ETH,KXETH15M-26SEP281000-00,1790603520.627693,2026-09-28T13:52:00.627693+00:00,no,10.0,0.933165,9.33165,0.21705,-4.0487,-0.40487,HARD_STOP,no,1790603676.292612
ETH,KXETH15M-26SEP280930-30,1790601963.149411,2026-09-28T13:26:03.149411+00:00,yes,10.0,0.909,9.09,0.058,0.852,0.0852,SETTLEMENT,yes,1790602223.9050312
ETH,KXETH15M-26SEP280915-15,1790600904.56436,2026-09-28T13:08:24.564360+00:00,no,10.0,0.9359999999999999,9.36,0.042,0.598,0.0598,SETTLEMENT,no,1790601323.2772248
ETH,KXETH15M-26SEP280900-00,1790599922.637669,2026-09-28T12:52:02.637669+00:00,yes,10.0,0.9547000000000001,9.547,0.0303,0.4227,0.04227,SETTLEMENT,yes,1790600426.9311676
ETH,KXETH15M-26SEP280845-45,1790599237.697061,2026-09-28T12:40:37.697061+00:00,no,10.0,0.9550000000000001,9.55,0.0301,0.4199,0.04199,SETTLEMENT,no,1790599514.2270584
ETH,KXETH15M-26SEP280815-15,1790597233.183,2026-09-28T12:07:13.183000+00:00,yes,10.0,0.958,9.58,0.0282,0.3918,0.03918,SETTLEMENT,yes,1790597706.456023
ETH,KXETH15M-26SEP280800-00,1790596440.539356,2026-09-28T11:54:00.539356+00:00,no,10.0,0.9389,9.389,0.2108,-5.3998,-0.53998,HARD_STOP,yes,1790596600.7382
ETH,KXETH15M-26SEP280745-45,1790595527.581631,2026-09-28T11:38:47.581631+00:00,yes,10.0,0.85,8.5,0.0893,1.4107,0.14107,SETTLEMENT,yes,1790595913.2927186
ETH,KXETH15M-26SEP280730-30,1790594621.981272,2026-09-28T11:23:41.981272+00:00,yes,10.0,0.9179999999999999,9.18,0.0527,0.7673,0.07672999999999999,SETTLEMENT,yes,1790595018.3292117
ETH,KXETH15M-26SEP280715-15,1790593633.593529,2026-09-28T11:07:13.593529+00:00,yes,10.0,0.933,9.33,0.0438,0.6262,0.06262,SETTLEMENT,yes,1790594106.450284
ETH,KXETH15M-26SEP280645-45,1790591827.394264,2026-09-28T10:37:07.394264+00:00,yes,10.0,0.9279999999999999,9.28,0.0468,0.6732,0.06732,SETTLEMENT,yes,1790592323.8581688
ETH,KXETH15M-26SEP280630-30,1790591055.481028,2026-09-28T10:24:15.481028+00:00,yes,10.0,0.9396000000000001,9.396,0.0398,0.5642,0.056420000000000005,SETTLEMENT,yes,1790591417.8409352
ETH,KXETH15M-26SEP280615-15,1790590033.773188,2026-09-28T10:07:13.773188+00:00,yes,10.0,0.9561,9.561,0.0294,0.4096,0.04096,SETTLEMENT,yes,1790590506.447882
ETH,KXETH15M-26SEP280545-45,1790588220.344875,2026-09-28T09:37:00.344875+00:00,no,10.0,0.9404,9.404,0.0393,0.5567,0.05567,SETTLEMENT,no,1790588722.8394864
ETH,KXETH15M-26SEP280500-00,1790585520.306655,2026-09-28T08:52:00.306655+00:00,yes,10.0,0.9474,9.474,0.0349,0.4911,0.04911,SETTLEMENT,yes,1790586021.4986398
ETH,KXETH15M-26SEP280445-45,1790584688.415622,2026-09-28T08:38:08.415622+00:00,no,10.0,0.9144,9.144,0.2254,-3.5694,-0.35694,HARD_STOP,no,1790584827.949816
ETH,KXETH15M-26SEP280430-30,1790583874.569749,2026-09-28T08:24:34.569749+00:00,no,10.0,0.9400000000000001,9.4,0.0395,0.5605,0.05605,SETTLEMENT,no,1790584206.449662
ETH,KXETH15M-26SEP280415-15,1790583113.362595,2026-09-28T08:11:53.362595+00:00,yes,10.0,0.93,9.3,0.0456,0.6544,0.06544,SETTLEMENT,yes,1790583309.4700701
ETH,KXETH15M-26SEP280400-00,1790582107.607202,2026-09-28T07:55:07.607202+00:00,yes,10.0,0.913,9.13,0.0557,0.8143,0.08143,SETTLEMENT,yes,1790582420.7430968
ETH,KXETH15M-26SEP280330-30,1790580303.715564,2026-09-28T07:25:03.715564+00:00,no,10.0,0.8949999999999999,8.95,0.2352,-3.2852,-0.32852000000000003,HARD_STOP,no,1790580336.211342
ETH,KXETH15M-26SEP280300-00,1790578497.557402,2026-09-28T06:54:57.557402+00:00,no,10.0,0.9400000000000001,9.4,0.0395,0.5605,0.05605,SETTLEMENT,no,1790578806.453824
ETH,KXETH15M-26SEP280245-45,1790577616.48002,2026-09-28T06:40:16.480020+00:00,yes,10.0,0.9259999999999999,9.26,0.048,0.692,0.0692,SETTLEMENT,yes,1790577910.4168136
ETH,KXETH15M-26SEP280230-30,1790576544.497991,2026-09-28T06:22:24.497991+00:00,no,10.0,0.925,9.25,0.0486,0.7014,0.07014000000000001,SETTLEMENT,no,1790577006.451365
ETH,KXETH15M-26SEP280215-15,1790575800.614996,2026-09-28T06:10:00.614996+00:00,yes,10.0,0.9182,9.182,0.0526,0.7654,0.07654,SETTLEMENT,yes,1790576106.423839
ETH,KXETH15M-26SEP280145-45,1790573820.283233,2026-09-28T05:37:00.283233+00:00,no,10.0,0.945,9.45,0.2103,-5.0603,-0.50603,HARD_STOP,yes,1790574240.610749
ETH,KXETH15M-26SEP280130-30,1790573097.430331,2026-09-28T05:24:57.430331+00:00,no,10.0,0.915,9.15,0.0545,0.7955,0.07955,SETTLEMENT,no,1790573418.1411772
ETH,KXETH15M-26SEP280115-15,1790572080.468822,2026-09-28T05:08:00.468822+00:00,no,10.0,0.9307000000000001,9.307,0.0452,0.6478,0.06478,SETTLEMENT,no,1790572506.45313
ETH,KXETH15M-26SEP280045-45,1790570461.597109,2026-09-28T04:41:01.597109+00:00,no,10.0,0.89,8.9,0.2436,-4.2436,-0.42435999999999996,HARD_STOP,yes,1790570546.768358
ETH,KXETH15M-26SEP280030-30,1790569424.441936,2026-09-28T04:23:44.441936+00:00,yes,10.0,0.9189999999999999,9.19,0.0522,0.7578,0.07578,SETTLEMENT,yes,1790569806.457985
ETH,KXETH15M-26SEP272330-30,1790565919.427826,2026-09-28T03:25:19.427826+00:00,no,10.0,0.954,9.54,0.0308,0.4292,0.04292,SETTLEMENT,no,1790566206.45696
ETH,KXETH15M-26SEP272315-15,1790564863.345971,2026-09-28T03:07:43.345971+00:00,yes,10.0,0.9,9.0,0.063,0.937,0.0937,SETTLEMENT,yes,1790565318.1084332
ETH,KXETH15M-26SEP272245-45,1790563144.494277,2026-09-28T02:39:04.494277+00:00,no,10.0,0.9119999999999999,9.12,0.0562,0.8238,0.08238,SETTLEMENT,no,1790563521.4424825
ETH,KXETH15M-26SEP272230-30,1790562127.393088,2026-09-28T02:22:07.393088+00:00,no,10.0,0.93,9.3,0.0456,0.6544,0.06544,SETTLEMENT,no,1790562613.6823292
ETH,KXETH15M-26SEP272145-45,1790559511.605636,2026-09-28T01:38:31.605636+00:00,no,10.0,0.9339999999999999,9.34,0.0432,0.6168,0.06168,SETTLEMENT,no,1790559906.457414
ETH,KXETH15M-26SEP272100-00,1790556759.61953,2026-09-28T00:52:39.619530+00:00,yes,10.0,0.96,9.6,0.2008,-4.4008,-0.44008,HARD_STOP,no,1790556989.205356
ETH,KXETH15M-26SEP272030-30,1790555115.760481,2026-09-28T00:25:15.760481+00:00,yes,10.0,0.958,9.58,0.0282,0.3918,0.03918,SETTLEMENT,yes,1790555414.3481402
ETH,KXETH15M-26SEP272015-15,1790554156.894536,2026-09-28T00:09:16.894536+00:00,no,10.0,0.8192,8.192,0.1037,1.7043,0.17043,SETTLEMENT,no,1790554506.497845
ETH,KXETH15M-26SEP272000-00,1790553262.160124,2026-09-27T23:54:22.160124+00:00,yes,10.0,0.9571999999999999,9.572,0.0287,0.3993,0.03993,SETTLEMENT,yes,1790553616.8051488
ETH,KXETH15M-26SEP271945-45,1790552597.802222,2026-09-27T23:43:17.802222+00:00,no,10.0,0.958,9.58,0.0282,0.3918,0.03918,SETTLEMENT,no,1790552706.451343
ETH,KXETH15M-26SEP271930-30,1790551381.310915,2026-09-27T23:23:01.310915+00:00,yes,10.0,0.944,9.44,0.0371,0.5229,0.05229,SETTLEMENT,yes,1790551806.458582
ETH,KXETH15M-26SEP271900-00,1790549608.248587,2026-09-27T22:53:28.248587+00:00,yes,10.0,0.86,8.6,0.0843,1.3157,0.13157000000000002,SETTLEMENT,yes,1790550006.44963
ETH,KXETH15M-26SEP271800-00,1790545981.220765,2026-09-27T21:53:01.220765+00:00,yes,10.0,0.932,9.32,0.0444,0.6356,0.06356,SETTLEMENT,yes,1790546406.455844
ETH,KXETH15M-26SEP271745-45,1790545112.14234,2026-09-27T21:38:32.142340+00:00,no,10.0,0.95,9.5,0.0333,0.4667,0.04667,SETTLEMENT,no,1790545506.453181
ETH,KXETH15M-26SEP271715-15,1790543291.559642,2026-09-27T21:08:11.559642+00:00,yes,10.0,0.9,9.0,0.063,0.937,0.0937,SETTLEMENT,yes,1790543706.451513
ETH,KXETH15M-26SEP271700-00,1790542394.599428,2026-09-27T20:53:14.599428+00:00,no,10.0,0.9359999999999999,9.36,0.042,0.598,0.0598,SETTLEMENT,no,1790542806.486899
ETH,KXETH15M-26SEP271645-45,1790541645.723178,2026-09-27T20:40:45.723178+00:00,yes,10.0,0.901,9.01,0.0625,0.9275,0.09275,SETTLEMENT,yes,1790541906.456227
ETH,KXETH15M-26SEP271615-15,1790539688.77373,2026-09-27T20:08:08.773730+00:00,yes,10.0,0.8699999999999999,8.7,0.0792,1.2208,0.12208000000000001,SETTLEMENT,yes,1790540106.449069
ETH,KXETH15M-26SEP271600-00,1790539075.094299,2026-09-27T19:57:55.094299+00:00,no,10.0,0.9545999999999999,9.546,0.0303,0.4237,0.042370000000000005,SETTLEMENT,no,1790539206.453688
ETH,KXETH15M-26SEP271545-45,1790538125.790685,2026-09-27T19:42:05.790685+00:00,yes,10.0,0.96,9.6,0.0269,0.3731,0.037309999999999996,SETTLEMENT,yes,1790538306.481779
ETH,KXETH15M-26SEP271530-30,1790537186.600549,2026-09-27T19:26:26.600549+00:00,no,10.0,0.9563079999999999,9.56308,0.02932,0.4076,0.040760000000000005,SETTLEMENT,no,1790537415.976856
ETH,KXETH15M-26SEP271430-30,1790533470.631505,2026-09-27T18:24:30.631505+00:00,yes,10.0,0.8800000000000001,8.8,0.074,1.126,0.11259999999999999,SETTLEMENT,yes,1790533829.9941185
ETH,KXETH15M-26SEP271415-15,1790532543.413176,2026-09-27T18:09:03.413176+00:00,no,10.0,0.9,9.0,0.2262,-5.5262,-0.55262,HARD_STOP,yes,1790532708.640476
ETH,KXETH15M-26SEP271400-00,1790531582.305833,2026-09-27T17:53:02.305833+00:00,yes,10.0,0.9441,9.441,0.037,0.522,0.0522,SETTLEMENT,yes,1790532006.477812
ETH,KXETH15M-26SEP271245-45,1790527086.257353,2026-09-27T16:38:06.257353+00:00,no,10.0,0.9256,9.256,0.0483,0.6957,0.06956999999999999,SETTLEMENT,no,1790527506.433604
ETH,KXETH15M-26SEP271200-00,1790524502.79313,2026-09-27T15:55:02.793130+00:00,yes,10.0,0.8699999999999999,8.7,0.0792,1.2208,0.12208000000000001,SETTLEMENT,yes,1790524806.457198
ETH,KXETH15M-26SEP271130-30,1790522583.855695,2026-09-27T15:23:03.855695+00:00,yes,10.0,0.89,8.9,0.2392,-3.3392,-0.33392,HARD_STOP,yes,1790522808.097803
ETH,KXETH15M-26SEP271030-30,1790518982.729888,2026-09-27T14:23:02.729888+00:00,no,10.0,0.958,9.58,0.0282,0.3918,0.03918,SETTLEMENT,no,1790519409.3072412
ETH,KXETH15M-26SEP271015-15,1790518272.725417,2026-09-27T14:11:12.725417+00:00,no,10.0,0.9356199999999999,9.3562,0.0422,0.6016,0.060160000000000005,SETTLEMENT,no,1790518506.456169
ETH,KXETH15M-26SEP271000-00,1790517193.412293,2026-09-27T13:53:13.412293+00:00,yes,10.0,0.89,8.9,0.0686,1.0314,0.10314000000000001,SETTLEMENT,yes,1790517606.449817
ETH,KXETH15M-26SEP270900-00,1790513580.774673,2026-09-27T12:53:00.774673+00:00,no,10.0,0.9,9.0,0.063,0.937,0.0937,SETTLEMENT,no,1790514006.4555
ETH,KXETH15M-26SEP270845-45,1790512763.413486,2026-09-27T12:39:23.413486+00:00,yes,10.0,0.905,9.05,0.0602,0.8898,0.08898,SETTLEMENT,yes,1790513106.456077
ETH,KXETH15M-26SEP270830-30,1790511911.656906,2026-09-27T12:25:11.656906+00:00,no,10.0,0.9189999999999999,9.19,0.0522,0.7578,0.07578,SETTLEMENT,no,1790512220.0189297
ETH,KXETH15M-26SEP270800-00,1790510116.004889,2026-09-27T11:55:16.004889+00:00,yes,10.0,0.917,9.17,0.2239,-3.5939,-0.35939,HARD_STOP,yes,1790510303.910009
ETH,KXETH15M-26SEP270745-45,1790509141.953304,2026-09-27T11:39:01.953304+00:00,no,10.0,0.9279999999999999,9.28,0.0468,0.6732,0.06732,SETTLEMENT,no,1790509506.469021
ETH,KXETH15M-26SEP270715-15,1790507426.916741,2026-09-27T11:10:26.916741+00:00,yes,10.0,0.915,9.15,0.0545,0.7955,0.07955,SETTLEMENT,yes,1790507706.447104
ETH,KXETH15M-26SEP270645-45,1790505486.30844,2026-09-27T10:38:06.308440+00:00,no,10.0,0.917,9.17,0.0533,0.7767,0.07766999999999999,SETTLEMENT,no,1790505906.460783
ETH,KXETH15M-26SEP270630-30,1790504580.686005,2026-09-27T10:23:00.686005+00:00,no,10.0,0.9349999999999999,9.35,0.0426,0.6074,0.06074,SETTLEMENT,no,1790505006.446715
ETH,KXETH15M-26SEP270615-15,1790503901.678953,2026-09-27T10:11:41.678953+00:00,yes,10.0,0.9369999999999999,9.37,0.0414,0.5886,0.05886,SETTLEMENT,yes,1790504106.450429
ETH,KXETH15M-26SEP270600-00,1790502780.561023,2026-09-27T09:53:00.561023+00:00,yes,10.0,0.901,9.01,0.235,-3.645,-0.3645,HARD_STOP,yes,1790502870.453538
ETH,KXETH15M-26SEP270545-45,1790501989.330604,2026-09-27T09:39:49.330604+00:00,yes,10.0,0.96,9.6,0.0269,0.3731,0.037309999999999996,SETTLEMENT,yes,1790502306.448066
ETH,KXETH15M-26SEP270530-30,1790501183.906098,2026-09-27T09:26:23.906098+00:00,yes,10.0,0.932,9.32,0.2194,-4.6394,-0.46394,HARD_STOP,yes,1790501255.261616
ETH,KXETH15M-26SEP270500-00,1790499415.350609,2026-09-27T08:56:55.350609+00:00,no,10.0,0.82,8.2,0.1034,1.6966,0.16966,SETTLEMENT,no,1790499620.826532
ETH,KXETH15M-26SEP270400-00,1790495782.180278,2026-09-27T07:56:22.180278+00:00,yes,10.0,0.9279999999999999,9.28,0.0468,0.6732,0.06732,SETTLEMENT,yes,1790496006.45364
ETH,KXETH15M-26SEP270345-45,1790494770.329778,2026-09-27T07:39:30.329778+00:00,yes,10.0,0.9282,9.282,0.0467,0.6713,0.06713,SETTLEMENT,yes,1790495115.2087228
ETH,KXETH15M-26SEP270330-30,1790493972.358914,2026-09-27T07:26:12.358914+00:00,yes,10.0,0.9,9.0,0.063,0.937,0.0937,SETTLEMENT,yes,1790494216.9811027
ETH,KXETH15M-26SEP270315-15,1790493137.801751,2026-09-27T07:12:17.801751+00:00,no,10.0,0.9400000000000001,9.4,0.2008,-3.2008,-0.32008000000000003,HARD_STOP,no,1790493176.500746
ETH,KXETH15M-26SEP270300-00,1790492223.210647,2026-09-27T06:57:03.210647+00:00,no,10.0,0.913,9.13,0.0557,0.8143,0.08143,SETTLEMENT,no,1790492415.074011
ETH,KXETH15M-26SEP270245-45,1790491143.876872,2026-09-27T06:39:03.876872+00:00,no,10.0,0.93,9.3,0.0456,0.6544,0.06544,SETTLEMENT,no,1790491517.7630174
ETH,KXETH15M-26SEP270215-15,1790489285.239707,2026-09-27T06:08:05.239707+00:00,yes,10.0,0.951,9.51,0.0327,0.4573,0.04573,SETTLEMENT,yes,1790489706.454531
ETH,KXETH15M-26SEP270130-30,1790486607.921145,2026-09-27T05:23:27.921145+00:00,yes,10.0,0.8800000000000001,8.8,0.074,1.126,0.11259999999999999,SETTLEMENT,yes,1790487006.599977
ETH,KXETH15M-26SEP270100-00,1790485073.32669,2026-09-27T04:57:53.326690+00:00,yes,10.0,0.954,9.54,0.0308,0.4292,0.04292,SETTLEMENT,yes,1790485206.449717
ETH,KXETH15M-26SEP270030-30,1790483100.390183,2026-09-27T04:25:00.390183+00:00,no,10.0,0.9316000000000001,9.316,0.0447,0.6393,0.06393,SETTLEMENT,no,1790483406.485117
ETH,KXETH15M-26SEP270015-15,1790482293.622658,2026-09-27T04:11:33.622658+00:00,yes,10.0,0.9400000000000001,9.4,0.0395,0.5605,0.05605,SETTLEMENT,yes,1790482506.465221
ETH,KXETH15M-26SEP262345-45,1790480349.632312,2026-09-27T03:39:09.632312+00:00,yes,10.0,0.8800000000000001,8.8,0.2309,-2.4209,-0.24209,HARD_STOP,yes,1790480568.03485
ETH,KXETH15M-26SEP262330-30,1790479380.319174,2026-09-27T03:23:00.319174+00:00,no,10.0,0.9179999999999999,9.18,0.0527,0.7673,0.07672999999999999,SETTLEMENT,no,1790479806.455084
ETH,KXETH15M-26SEP262315-15,1790478481.350596,2026-09-27T03:08:01.350596+00:00,yes,10.0,0.9410000000000001,9.41,0.0389,0.5511,0.055110000000000006,SETTLEMENT,yes,1790478906.448502
ETH,KXETH15M-26SEP262300-00,1790477582.383183,2026-09-27T02:53:02.383183+00:00,no,10.0,0.901,9.01,0.0625,0.9275,0.09275,SETTLEMENT,no,1790478014.8855383
ETH,KXETH15M-26SEP262245-45,1790476681.842788,2026-09-27T02:38:01.842788+00:00,no,10.0,0.89,8.9,0.0686,1.0314,0.10314000000000001,SETTLEMENT,no,1790477119.937311
ETH,KXETH15M-26SEP262230-30,1790475843.881009,2026-09-27T02:24:03.881009+00:00,yes,10.0,0.8699999999999999,8.7,0.0792,1.2208,0.12208000000000001,SETTLEMENT,yes,1790476214.2095163
ETH,KXETH15M-26SEP262215-15,1790474957.362536,2026-09-27T02:09:17.362536+00:00,yes,10.0,0.899,8.99,0.2369,-3.7259,-0.37259000000000003,HARD_STOP,no,1790475114.044609
ETH,KXETH15M-26SEP262200-00,1790473981.117248,2026-09-27T01:53:01.117248+00:00,yes,10.0,0.9380000000000001,9.38,0.0408,0.5792,0.057920000000000006,SETTLEMENT,yes,1790474419.574352
ETH,KXETH15M-26SEP262145-45,1790473297.852829,2026-09-27T01:41:37.852829+00:00,yes,10.0,0.89,8.9,0.0686,1.0314,0.10314000000000001,SETTLEMENT,yes,1790473532.2856443
ETH,KXETH15M-26SEP262130-30,1790472186.919414,2026-09-27T01:23:06.919414+00:00,no,10.0,0.9086000000000001,9.086,0.0582,0.8558,0.08558,SETTLEMENT,no,1790472620.370936
ETH,KXETH15M-26SEP262115-15,1790471440.559098,2026-09-27T01:10:40.559098+00:00,yes,10.0,0.9126,9.126,0.0559,0.8181,0.08181000000000001,SETTLEMENT,yes,1790471706.456821
ETH,KXETH15M-26SEP262100-00,1790470381.541816,2026-09-27T00:53:01.541816+00:00,no,10.0,0.9,9.0,0.063,0.937,0.0937,SETTLEMENT,no,1790470815.9213595
ETH,KXETH15M-26SEP262000-00,1790466793.361992,2026-09-26T23:53:13.361992+00:00,yes,10.0,0.9199999999999999,9.2,0.0516,0.7484,0.07483999999999999,SETTLEMENT,yes,1790467206.404729
ETH,KXETH15M-26SEP261945-45,1790466209.47904,2026-09-26T23:43:29.479040+00:00,no,10.0,0.9549,9.549,0.0302,0.4208,0.04208,SETTLEMENT,no,1790466320.2162693
ETH,KXETH15M-26SEP261915-15,1790464080.375808,2026-09-26T23:08:00.375808+00:00,yes,10.0,0.953,9.53,0.0314,0.4386,0.043859999999999996,SETTLEMENT,yes,1790464506.553526
ETH,KXETH15M-26SEP261900-00,1790463254.523983,2026-09-26T22:54:14.523983+00:00,yes,10.0,0.959,9.59,0.0276,0.3824,0.03824,SETTLEMENT,yes,1790463606.496591
ETH,KXETH15M-26SEP261845-45,1790462286.139508,2026-09-26T22:38:06.139508+00:00,no,10.0,0.9109999999999999,9.11,0.0568,0.8332,0.08332,SETTLEMENT,no,1790462719.8734214
ETH,KXETH15M-26SEP261815-15,1790460606.046858,2026-09-26T22:10:06.046858+00:00,yes,10.0,0.954,9.54,0.0308,0.4292,0.04292,SETTLEMENT,yes,1790460914.046952
ETH,KXETH15M-26SEP261800-00,1790459583.280392,2026-09-26T21:53:03.280392+00:00,no,10.0,0.8400000000000001,8.4,0.0941,1.5059,0.15059,SETTLEMENT,no,1790460006.453529
ETH,KXETH15M-26SEP261730-30,1790457787.50806,2026-09-26T21:23:07.508060+00:00,yes,10.0,0.917,9.17,0.0533,0.7767,0.07766999999999999,SETTLEMENT,yes,1790458216.6962957
ETH,KXETH15M-26SEP261715-15,1790456944.922841,2026-09-26T21:09:04.922841+00:00,yes,10.0,0.8800000000000001,8.8,0.074,1.126,0.11259999999999999,SETTLEMENT,yes,1790457326.725375
ETH,KXETH15M-26SEP261645-45,1790455135.431496,2026-09-26T20:38:55.431496+00:00,no,10.0,0.9154,9.154,0.0543,0.7917,0.07916999999999999,SETTLEMENT,no,1790455517.1916008
ETH,KXETH15M-26SEP261630-30,1790454279.391948,2026-09-26T20:24:39.391948+00:00,yes,10.0,0.9340999999999999,9.341,0.0431,0.6159,0.06159,SETTLEMENT,yes,1790454626.9831486
ETH,KXETH15M-26SEP261615-15,1790453522.316373,2026-09-26T20:12:02.316373+00:00,no,10.0,0.89,8.9,0.0686,1.0314,0.10314000000000001,SETTLEMENT,no,1790453706.459109
ETH,KXETH15M-26SEP261600-00,1790452522.762248,2026-09-26T19:55:22.762248+00:00,yes,10.0,0.930032,9.30032,0.04558,0.6541,0.06541,SETTLEMENT,yes,1790452832.1627157
ETH,KXETH15M-26SEP261545-45,1790451755.911516,2026-09-26T19:42:35.911516+00:00,no,10.0,0.958,9.58,0.0282,0.3918,0.03918,SETTLEMENT,no,1790451906.485672
ETH,KXETH15M-26SEP261530-30,1790450580.269059,2026-09-26T19:23:00.269059+00:00,no,10.0,0.9179999999999999,9.18,0.0527,0.7673,0.07672999999999999,SETTLEMENT,no,1790451006.451392
ETH,KXETH15M-26SEP261445-45,1790447916.410624,2026-09-26T18:38:36.410624+00:00,no,10.0,0.9019999999999999,9.02,0.0619,0.9181,0.09181,SETTLEMENT,no,1790448321.9427676
ETH,KXETH15M-26SEP261400-00,1790445412.037792,2026-09-26T17:56:52.037792+00:00,yes,10.0,0.89,8.9,0.0686,1.0314,0.10314000000000001,SETTLEMENT,yes,1790445616.3660154
ETH,KXETH15M-26SEP261315-15,1790442490.04894,2026-09-26T17:08:10.048940+00:00,no,10.0,0.954,9.54,0.0308,0.4292,0.04292,SETTLEMENT,no,1790442906.461191
ETH,KXETH15M-26SEP261300-00,1790441768.321155,2026-09-26T16:56:08.321155+00:00,no,10.0,0.96,9.6,0.0269,0.3731,0.037309999999999996,SETTLEMENT,no,1790442012.5536716
ETH,KXETH15M-26SEP261245-45,1790440681.873157,2026-09-26T16:38:01.873157+00:00,yes,10.0,0.9490000000000001,9.49,0.0339,0.4761,0.04761,SETTLEMENT,yes,1790441106.45747
ETH,KXETH15M-26SEP261230-30,1790439800.448857,2026-09-26T16:23:20.448857+00:00,no,10.0,0.8699999999999999,8.7,0.0792,1.2208,0.12208000000000001,SETTLEMENT,no,1790440206.456846
ETH,KXETH15M-26SEP261215-15,1790439060.638716,2026-09-26T16:11:00.638716+00:00,no,10.0,0.9458589999999999,9.45859,0.03591,0.5055,0.05055,SETTLEMENT,no,1790439306.458195
ETH,KXETH15M-26SEP261145-45,1790437082.56733,2026-09-26T15:38:02.567330+00:00,yes,10.0,0.9400000000000001,9.4,0.2101,-3.8101,-0.38100999999999996,HARD_STOP,yes,1790437259.460023
ETH,KXETH15M-26SEP261130-30,1790436356.452029,2026-09-26T15:25:56.452029+00:00,yes,10.0,0.85,8.5,0.0893,1.4107,0.14107,SETTLEMENT,yes,1790436606.484843
ETH,KXETH15M-26SEP261115-15,1790435478.787359,2026-09-26T15:11:18.787359+00:00,yes,10.0,0.9269999999999999,9.27,0.0474,0.6826,0.06826,SETTLEMENT,yes,1790435726.8876183
ETH,KXETH15M-26SEP261000-00,1790430841.043215,2026-09-26T13:54:01.043215+00:00,yes,10.0,0.9298500000000001,9.2985,0.0457,0.6558,0.06558,SETTLEMENT,yes,1790431220.935838
ETH,KXETH15M-26SEP260930-30,1790429105.231051,2026-09-26T13:25:05.231051+00:00,no,10.0,0.9442999999999999,9.443,0.0369,0.5201,0.05201,SETTLEMENT,no,1790429406.455573
ETH,KXETH15M-26SEP260915-15,1790428105.403802,2026-09-26T13:08:25.403802+00:00,yes,10.0,0.9400000000000001,9.4,0.2128,-4.1128,-0.41128,HARD_STOP,no,1790428194.904633
ETH,KXETH15M-26SEP260900-00,1790427210.386933,2026-09-26T12:53:30.386933+00:00,yes,10.0,0.9282,9.282,0.0467,0.6713,0.06713,SETTLEMENT,yes,1790427618.7187972
ETH,KXETH15M-26SEP260845-45,1790426280.320691,2026-09-26T12:38:00.320691+00:00,no,10.0,0.9343,9.343,0.043,0.614,0.061399999999999996,SETTLEMENT,no,1790426706.454337
ETH,KXETH15M-26SEP260815-15,1790424782.621066,2026-09-26T12:13:02.621066+00:00,no,10.0,0.9570000000000001,9.57,0.1731,-6.8431,-0.68431,HARD_STOP,no,1790424849.424345
ETH,KXETH15M-26SEP260800-00,1790423853.287601,2026-09-26T11:57:33.287601+00:00,no,10.0,0.958,9.58,0.0282,0.3918,0.03918,SETTLEMENT,no,1790424006.471989
ETH,KXETH15M-26SEP260745-45,1790422729.875019,2026-09-26T11:38:49.875019+00:00,yes,10.0,0.925,9.25,0.0486,0.7014,0.07014000000000001,SETTLEMENT,yes,1790423112.4600046
ETH,KXETH15M-26SEP260730-30,1790421988.40882,2026-09-26T11:26:28.408820+00:00,yes,10.0,0.9570000000000001,9.57,0.0289,0.4011,0.04011,SETTLEMENT,yes,1790422206.452566
ETH,KXETH15M-26SEP260645-45,1790419140.629949,2026-09-26T10:39:00.629949+00:00,no,10.0,0.9023999999999999,9.024,0.2361,-3.9601,-0.39601000000000003,HARD_STOP,no,1790419304.86784
ETH,KXETH15M-26SEP260615-15,1790417281.122867,2026-09-26T10:08:01.122867+00:00,yes,10.0,0.953,9.53,0.0314,0.4386,0.043859999999999996,SETTLEMENT,yes,1790417723.008828
ETH,KXETH15M-26SEP260600-00,1790416656.84257,2026-09-26T09:57:36.842570+00:00,yes,10.0,0.9289999999999999,9.29,0.2195,-4.0095,-0.40095000000000003,HARD_STOP,yes,1790416685.625931
ETH,KXETH15M-26SEP260545-45,1790415836.5723,2026-09-26T09:43:56.572300+00:00,no,10.0,0.944,9.44,0.0371,0.5229,0.05229,SETTLEMENT,no,1790415919.9229395
ETH,KXETH15M-26SEP260515-15,1790413750.492542,2026-09-26T09:09:10.492542+00:00,no,10.0,0.9,9.0,0.063,0.937,0.0937,SETTLEMENT,no,1790414117.4083543
ETH,KXETH15M-26SEP260500-00,1790412841.839889,2026-09-26T08:54:01.839889+00:00,no,10.0,0.95,9.5,0.0333,0.4667,0.04667,SETTLEMENT,no,1790413224.38965
ETH,KXETH15M-26SEP260445-45,1790412020.253051,2026-09-26T08:40:20.253051+00:00,yes,10.0,0.82,8.2,0.1034,1.6966,0.16966,SETTLEMENT,yes,1790412326.7168665
ETH,KXETH15M-26SEP260430-30,1790411057.263741,2026-09-26T08:24:17.263741+00:00,no,10.0,0.86,8.6,0.2593,-3.8593,-0.38593,HARD_STOP,yes,1790411188.407802
ETH,KXETH15M-26SEP260415-15,1790410234.331248,2026-09-26T08:10:34.331248+00:00,no,10.0,0.9480000000000001,9.48,0.0346,0.4854,0.04854,SETTLEMENT,no,1790410513.1451328
ETH,KXETH15M-26SEP260400-00,1790409420.777356,2026-09-26T07:57:00.777356+00:00,yes,10.0,0.9119999999999999,9.12,0.0562,0.8238,0.08238,SETTLEMENT,yes,1790409606.44978
ETH,KXETH15M-26SEP260345-45,1790408497.484218,2026-09-26T07:41:37.484218+00:00,yes,10.0,0.941611,9.41611,0.20909,-3.8252,-0.38252,HARD_STOP,no,1790408575.709221
ETH,KXETH15M-26SEP260315-15,1790406564.948846,2026-09-26T07:09:24.948846+00:00,yes,10.0,0.9349999999999999,9.35,0.0426,0.6074,0.06074,SETTLEMENT,yes,1790406906.455525
ETH,KXETH15M-26SEP260300-00,1790405896.476321,2026-09-26T06:58:16.476321+00:00,yes,10.0,0.96,9.6,0.0269,0.3731,0.037309999999999996,SETTLEMENT,yes,1790406009.5768585
ETH,KXETH15M-26SEP260230-30,1790404076.505537,2026-09-26T06:27:56.505537+00:00,no,10.0,0.9560000000000001,9.56,0.0295,0.4105,0.041049999999999996,SETTLEMENT,no,1790404206.451525
ETH,KXETH15M-26SEP260200-00,1790401982.297072,2026-09-26T05:53:02.297072+00:00,no,10.0,0.89,8.9,0.0686,1.0314,0.10314000000000001,SETTLEMENT,no,1790402419.7695432
ETH,KXETH15M-26SEP260115-15,1790399538.484875,2026-09-26T05:12:18.484875+00:00,no,10.0,0.952,9.52,0.032,0.448,0.0448,SETTLEMENT,no,1790399729.0356805
ETH,KXETH15M-26SEP260100-00,1790398539.484617,2026-09-26T04:55:39.484617+00:00,yes,10.0,0.9459,9.459,0.0359,0.5051,0.05051,SETTLEMENT,yes,1790398806.487973
ETH,KXETH15M-26SEP260030-30,1790396657.577746,2026-09-26T04:24:17.577746+00:00,no,10.0,0.9494,9.494,0.0337,0.4723,0.04723,SETTLEMENT,no,1790397014.6883023
ETH,KXETH15M-26SEP260015-15,1790395681.945316,2026-09-26T04:08:01.945316+00:00,yes,10.0,0.9,9.0,0.063,0.937,0.0937,SETTLEMENT,yes,1790396115.580964
ETH,KXETH15M-26SEP260000-00,1790395080.073066,2026-09-26T03:58:00.073066+00:00,no,10.0,0.944,9.44,0.0371,0.5229,0.05229,SETTLEMENT,no,1790395217.2027054
ETH,KXETH15M-26SEP252330-30,1790393044.601702,2026-09-26T03:24:04.601702+00:00,yes,10.0,0.9570000000000001,9.57,0.0289,0.4011,0.04011,SETTLEMENT,yes,1790393419.4317608
ETH,KXETH15M-26SEP252315-15,1790392203.581262,2026-09-26T03:10:03.581262+00:00,no,10.0,0.9197960000000001,9.19796,0.05174,0.7503,0.07503,SETTLEMENT,no,1790392516.9082866
ETH,KXETH15M-26SEP252300-00,1790391341.387561,2026-09-26T02:55:41.387561+00:00,no,10.0,0.9564,9.564,0.0292,0.4068,0.04068,SETTLEMENT,no,1790391620.3397942
ETH,KXETH15M-26SEP252245-45,1790390555.099014,2026-09-26T02:42:35.099014+00:00,no,10.0,0.749,7.49,0.1316,2.3784,0.23784,SETTLEMENT,no,1790390720.5049927
ETH,KXETH15M-26SEP252200-00,1790387852.678677,2026-09-26T01:57:32.678677+00:00,no,10.0,0.96,9.6,0.0269,0.3731,0.037309999999999996,SETTLEMENT,no,1790388030.8030362
ETH,KXETH15M-26SEP252145-45,1790386689.485322,2026-09-26T01:38:09.485322+00:00,yes,10.0,0.9461999999999999,9.462,0.0357,0.5023,0.05023,SETTLEMENT,yes,1790387114.4702349
ETH,KXETH15M-26SEP252115-15,1790385047.560175,2026-09-26T01:10:47.560175+00:00,yes,10.0,0.9550000000000001,9.55,0.0301,0.4199,0.04199,SETTLEMENT,yes,1790385313.1965117
ETH,KXETH15M-26SEP252045-45,1790383123.332263,2026-09-26T00:38:43.332263+00:00,no,10.0,0.959,9.59,0.2001,-4.1901,-0.41901,HARD_STOP,no,1790383383.408552
ETH,KXETH15M-26SEP252000-00,1790380558.515303,2026-09-25T23:55:58.515303+00:00,no,10.0,0.901,9.01,0.0625,0.9275,0.09275,SETTLEMENT,no,1790380806.486012
ETH,KXETH15M-26SEP251930-30,1790378688.111889,2026-09-25T23:24:48.111889+00:00,no,10.0,0.9,9.0,0.063,0.937,0.0937,SETTLEMENT,no,1790379006.45555
ETH,KXETH15M-26SEP251915-15,1790377810.601681,2026-09-25T23:10:10.601681+00:00,yes,10.0,0.923,9.23,0.0498,0.7202,0.07202,SETTLEMENT,yes,1790378118.639896
ETH,KXETH15M-26SEP251900-00,1790377120.725204,2026-09-25T22:58:40.725204+00:00,yes,10.0,0.9390000000000001,9.39,0.2051,-3.3951,-0.33951,HARD_STOP,no,1790377127.962208
ETH,KXETH15M-26SEP251830-30,1790374980.438147,2026-09-25T22:23:00.438147+00:00,yes,10.0,0.944,9.44,0.0371,0.5229,0.05229,SETTLEMENT,yes,1790375410.758608
ETH,KXETH15M-26SEP251815-15,1790374095.443817,2026-09-25T22:08:15.443817+00:00,yes,10.0,0.9400000000000001,9.4,0.0395,0.5605,0.05605,SETTLEMENT,yes,1790374508.106703
ETH,KXETH15M-26SEP251800-00,1790373451.508803,2026-09-25T21:57:31.508803+00:00,no,10.0,0.945,9.45,0.0364,0.5136,0.051359999999999996,SETTLEMENT,no,1790373608.136627
ETH,KXETH15M-26SEP251745-45,1790372283.004243,2026-09-25T21:38:03.004243+00:00,no,10.0,0.8699999999999999,8.7,0.2525,-3.4525,-0.34525,HARD_STOP,yes,1790372400.841024
ETH,KXETH15M-26SEP251715-15,1790370519.75359,2026-09-25T21:08:39.753590+00:00,no,10.0,0.96,9.6,0.0269,0.3731,0.037309999999999996,SETTLEMENT,no,1790370925.7718215
ETH,KXETH15M-26SEP251700-00,1790369646.214633,2026-09-25T20:54:06.214633+00:00,no,10.0,0.958,9.58,0.0282,0.3918,0.03918,SETTLEMENT,no,1790370018.1979985
ETH,KXETH15M-26SEP251645-45,1790368920.311056,2026-09-25T20:42:00.311056+00:00,no,10.0,0.9189999999999999,9.19,0.0522,0.7578,0.07578,SETTLEMENT,no,1790369108.150474
ETH,KXETH15M-26SEP251630-30,1790367838.298604,2026-09-25T20:23:58.298604+00:00,yes,10.0,0.915,9.15,0.0545,0.7955,0.07955,SETTLEMENT,yes,1790368208.103425
ETH,KXETH15M-26SEP251530-30,1790364303.832603,2026-09-25T19:25:03.832603+00:00,no,10.0,0.8800000000000001,8.8,0.074,1.126,0.11259999999999999,SETTLEMENT,no,1790364608.104964
ETH,KXETH15M-26SEP251430-30,1790360828.428631,2026-09-25T18:27:08.428631+00:00,no,10.0,0.9014,9.014,0.0623,0.9237,0.09237,SETTLEMENT,no,1790361008.105435
ETH,KXETH15M-26SEP251400-00,1790358786.066592,2026-09-25T17:53:06.066592+00:00,no,10.0,0.954,9.54,0.0308,0.4292,0.04292,SETTLEMENT,no,1790359215.425598
ETH,KXETH15M-26SEP251330-30,1790357101.585232,2026-09-25T17:25:01.585232+00:00,no,10.0,0.9199999999999999,9.2,0.0516,0.7484,0.07483999999999999,SETTLEMENT,no,1790357408.13083
ETH,KXETH15M-26SEP251315-15,1790356144.527596,2026-09-25T17:09:04.527596+00:00,yes,10.0,0.9570000000000001,9.57,0.0289,0.4011,0.04011,SETTLEMENT,yes,1790356508.150888
ETH,KXETH15M-26SEP251145-45,1790350710.447836,2026-09-25T15:38:30.447836+00:00,no,10.0,0.952,9.52,0.032,0.448,0.0448,SETTLEMENT,no,1790351114.5961115
ETH,KXETH15M-26SEP251045-45,1790347085.455726,2026-09-25T14:38:05.455726+00:00,yes,10.0,0.95,9.5,0.1926,-3.1926,-0.31926,HARD_STOP,no,1790347426.669776
ETH,KXETH15M-26SEP250815-15,1790338080.249017,2026-09-25T12:08:00.249017+00:00,yes,10.0,0.9390000000000001,9.39,0.2095,-5.4995,-0.54995,HARD_STOP,no,1790338391.998052
ETH,KXETH15M-26SEP250700-00,1790333652.417333,2026-09-25T10:54:12.417333+00:00,yes,10.0,0.9199999999999999,9.2,0.0516,0.7484,0.07483999999999999,SETTLEMENT,yes,1790334013.5534434
ETH,KXETH15M-26SEP250630-30,1790331842.423517,2026-09-25T10:24:02.423517+00:00,yes,10.0,0.9126,9.126,0.0559,0.8181,0.08181000000000001,SETTLEMENT,yes,1790332221.4958825
ETH,KXETH15M-26SEP250530-30,1790328290.36217,2026-09-25T09:24:50.362170+00:00,yes,10.0,0.9318,9.318,0.0445,0.6375,0.06375,SETTLEMENT,yes,1790328608.112369
ETH,KXETH15M-26SEP250515-15,1790327386.654372,2026-09-25T09:09:46.654372+00:00,yes,10.0,0.959,9.59,0.0276,0.3824,0.03824,SETTLEMENT,yes,1790327708.102835
ETH,KXETH15M-26SEP250500-00,1790326526.397918,2026-09-25T08:55:26.397918+00:00,yes,10.0,0.9289999999999999,9.29,0.0462,0.6638,0.06638,SETTLEMENT,yes,1790326808.099289
ETH,KXETH15M-26SEP250415-15,1790323758.368885,2026-09-25T08:09:18.368885+00:00,yes,10.0,0.9536,9.536,0.031,0.433,0.0433,SETTLEMENT,yes,1790324108.099393
ETH,KXETH15M-26SEP250315-15,1790320110.399659,2026-09-25T07:08:30.399659+00:00,no,10.0,0.9,9.0,0.063,0.937,0.0937,SETTLEMENT,no,1790320508.102315
ETH,KXETH15M-26SEP250245-45,1790318302.393757,2026-09-25T06:38:22.393757+00:00,no,10.0,0.95,9.5,0.0333,0.4667,0.04667,SETTLEMENT,no,1790318708.169429
ETH,KXETH15M-26SEP250215-15,1790316496.348507,2026-09-25T06:08:16.348507+00:00,no,10.0,0.9148,9.148,0.0546,0.7974,0.07974,SETTLEMENT,no,1790316908.201026
ETH,KXETH15M-26SEP250200-00,1790315875.513901,2026-09-25T05:57:55.513901+00:00,no,10.0,0.954,9.54,0.0308,0.4292,0.04292,SETTLEMENT,no,1790316011.744973
ETH,KXETH15M-26SEP250145-45,1790314771.32603,2026-09-25T05:39:31.326030+00:00,yes,10.0,0.9199999999999999,9.2,0.0516,0.7484,0.07483999999999999,SETTLEMENT,yes,1790315108.10234
ETH,KXETH15M-26SEP250130-30,1790313780.278915,2026-09-25T05:23:00.278915+00:00,no,10.0,0.8800000000000001,8.8,0.2333,-2.5333,-0.25333,HARD_STOP,no,1790314081.533528
ETH,KXETH15M-26SEP250100-00,1790311980.982999,2026-09-25T04:53:00.982999+00:00,no,10.0,0.95,9.5,0.0333,0.4667,0.04667,SETTLEMENT,no,1790312424.2698536
ETH,KXETH15M-26SEP250045-45,1790311080.768643,2026-09-25T04:38:00.768643+00:00,yes,10.0,0.951,9.51,0.0327,0.4573,0.04573,SETTLEMENT,yes,1790311508.155062
ETH,KXETH15M-26SEP250015-15,1790309508.644144,2026-09-25T04:11:48.644144+00:00,no,10.0,0.9480000000000001,9.48,0.0346,0.4854,0.04854,SETTLEMENT,no,1790309708.138983
ETH,KXETH15M-26SEP250000-00,1790308670.090031,2026-09-25T03:57:50.090031+00:00,yes,10.0,0.8,8.0,0.112,1.888,0.1888,SETTLEMENT,yes,1790308808.187769
ETH,KXETH15M-26SEP242345-45,1790307520.999744,2026-09-25T03:38:40.999744+00:00,yes,10.0,0.9414339999999999,9.41434,0.03866,0.547,0.054700000000000006,SETTLEMENT,yes,1790307908.103874
ETH,KXETH15M-26SEP242315-15,1790305970.984035,2026-09-25T03:12:50.984035+00:00,yes,10.0,0.86,8.6,0.2456,-5.2456,-0.5245599999999999,HARD_STOP,no,1790306039.819831
ETH,KXETH15M-26SEP242245-45,1790303886.450014,2026-09-25T02:38:06.450014+00:00,no,10.0,0.958,9.58,0.0282,0.3918,0.03918,SETTLEMENT,no,1790304318.4952893
ETH,KXETH15M-26SEP242115-15,1790298482.86659,2026-09-25T01:08:02.866590+00:00,yes,10.0,0.9385999999999999,9.386,0.0404,0.5736,0.05736,SETTLEMENT,yes,1790298908.156611
ETH,KXETH15M-26SEP242030-30,1790295890.816924,2026-09-25T00:24:50.816924+00:00,no,10.0,0.9158,9.158,0.054,0.788,0.07880000000000001,SETTLEMENT,no,1790296208.105812
ETH,KXETH15M-26SEP242015-15,1790294884.796854,2026-09-25T00:08:04.796854+00:00,yes,10.0,0.953,9.53,0.0314,0.4386,0.043859999999999996,SETTLEMENT,yes,1790295308.187652
ETH,KXETH15M-26SEP242000-00,1790294080.970588,2026-09-24T23:54:40.970588+00:00,no,10.0,0.913,9.13,0.0557,0.8143,0.08143,SETTLEMENT,no,1790294421.2595208
ETH,KXETH15M-26SEP241915-15,1790291300.491804,2026-09-24T23:08:20.491804+00:00,yes,10.0,0.96,9.6,0.0269,0.2731,0.02731,RESTING_TAKE_PROFIT,yes,1790291475.840753
ETH,KXETH15M-26SEP241900-00,1790290380.765537,2026-09-24T22:53:00.765537+00:00,yes,10.0,0.9346,9.346,0.0428,0.5112,0.05112,RESTING_TAKE_PROFIT,yes,1790290675.397613
ETH,KXETH15M-26SEP241830-30,1790288696.013743,2026-09-24T22:24:56.013743+00:00,no,10.0,0.953,9.53,0.0314,0.3386,0.03386,RESTING_TAKE_PROFIT,no,1790288876.004312
ETH,KXETH15M-26SEP241745-45,1790286122.815186,2026-09-24T21:42:02.815186+00:00,yes,10.0,0.9236000000000001,9.236,0.2126,-3.1486,-0.31486000000000003,HARD_STOP,yes,1790286205.195486
ETH,KXETH15M-26SEP241730-30,1790285041.915955,2026-09-24T21:24:01.915955+00:00,yes,10.0,0.9435,9.435,0.0374,0.4276,0.04276,RESTING_TAKE_PROFIT,yes,1790285220.256708
ETH,KXETH15M-26SEP241700-00,1790283490.176697,2026-09-24T20:58:10.176697+00:00,no,10.0,0.958,9.58,0.0324,0.3276,0.03276,TAKE_PROFIT,no,1790283562.309284
ETH,KXETH15M-26SEP241630-30,1790281430.904045,2026-09-24T20:23:50.904045+00:00,no,10.0,0.9,9.0,0.063,0.837,0.0837,RESTING_TAKE_PROFIT,no,1790281512.527152
ETH,KXETH15M-26SEP241545-45,1790278738.992179,2026-09-24T19:38:58.992179+00:00,no,10.0,0.944,9.44,0.0371,0.4229,0.04229,RESTING_TAKE_PROFIT,no,1790279017.438048
ETH,KXETH15M-26SEP241530-30,1790277946.146393,2026-09-24T19:25:46.146393+00:00,yes,10.0,0.968,9.68,0.0217,0.1983,0.01983,RESTING_TAKE_PROFIT,yes,1790278021.610751
ETH,KXETH15M-26SEP241500-00,1790275992.590237,2026-09-24T18:53:12.590237+00:00,yes,10.0,0.8699999999999999,8.7,0.0792,1.1208,0.11208,RESTING_TAKE_PROFIT,yes,1790276203.710663
XRP,KXXRP15M-26SEP301445-45,1790793581.547432,2026-09-30T18:39:41.547432+00:00,no,20.0,0.96,19.2,0.0538,0.7462,0.037309999999999996,SETTLEMENT,no,1790793915.407975
XRP,KXXRP15M-26SEP301315-15,1790788106.136699,2026-09-30T17:08:26.136699+00:00,yes,20.0,0.8,16.0,0.5739,-6.4239,-0.321195,HARD_STOP,no,1790788146.523591
XRP,KXXRP15M-26SEP301215-15,1790784409.503265,2026-09-30T16:06:49.503265+00:00,yes,20.0,0.959,19.18,0.0551,0.7649,0.038245,SETTLEMENT,yes,1790784906.446588
XRP,KXXRP15M-26SEP301130-30,1790781909.832648,2026-09-30T15:25:09.832648+00:00,no,20.0,0.959,19.18,0.0551,0.7649,0.038245,SETTLEMENT,no,1790782219.4210737
XRP,KXXRP15M-26SEP300945-45,1790775484.928128,2026-09-30T13:38:04.928128+00:00,no,20.0,0.959,19.18,0.0551,0.7649,0.038245,SETTLEMENT,no,1790775914.4202948
XRP,KXXRP15M-26SEP300830-30,1790770840.910949,2026-09-30T12:20:40.910949+00:00,no,20.0,0.951354,19.02708,0.06482,0.9081,0.045405,SETTLEMENT,no,1790771418.4469323
XRP,KXXRP15M-26SEP300715-15,1790766398.85199,2026-09-30T11:06:38.851990+00:00,no,20.0,0.9531499999999999,19.063,0.0626,0.8744,0.043719999999999995,SETTLEMENT,no,1790766924.6403413
XRP,KXXRP15M-26SEP300430-30,1790756643.698739,2026-09-30T08:24:03.698739+00:00,yes,15.0,0.87,13.05,0.1188,1.8312,0.12208,SETTLEMENT,yes,1790757006.452979
XRP,KXXRP15M-26SEP300345-45,1790753880.957865,2026-09-30T07:38:00.957865+00:00,yes,15.0,0.88,13.2,0.1109,1.6891,0.11260666666666667,SETTLEMENT,yes,1790754313.732196
XRP,KXXRP15M-26SEP300100-00,1790744102.542925,2026-09-30T04:55:02.542925+00:00,no,15.0,0.9299999999999999,13.95,0.0684,0.9816,0.06544,SETTLEMENT,no,1790744408.1479743
XRP,KXXRP15M-26SEP292330-30,1790738774.726796,2026-09-30T03:26:14.726796+00:00,no,15.0,0.9600000000000001,14.4,0.0404,0.5596,0.03730666666666667,SETTLEMENT,no,1790739015.813271
XRP,KXXRP15M-26SEP292115-15,1790730599.557931,2026-09-30T01:09:59.557931+00:00,yes,15.0,0.9512666666666667,14.269,0.0487,0.6823,0.04548666666666667,SETTLEMENT,yes,1790732293.897962
XRP,KXXRP15M-26SEP291945-45,1790725263.940428,2026-09-29T23:41:03.940428+00:00,no,15.0,0.959,14.385,0.0413,0.5737,0.038246666666666665,SETTLEMENT,no,1790725516.316331
XRP,KXXRP15M-26SEP291930-30,1790724240.948637,2026-09-29T23:24:00.948637+00:00,no,15.0,0.9310666666666666,13.966,0.0674,0.9666,0.06444,SETTLEMENT,no,1790724623.5436141
XRP,KXXRP15M-26SEP291915-15,1790723130.805649,2026-09-29T23:05:30.805649+00:00,yes,15.0,0.9296666666666666,13.945,0.0687,0.9863,0.06575333333333333,SETTLEMENT,yes,1790723706.453837
XRP,KXXRP15M-26SEP291845-45,1790721358.597052,2026-09-29T22:35:58.597052+00:00,no,15.0,0.9,13.5,0.0945,1.4055,0.09369999999999999,SETTLEMENT,no,1790721915.631266
XRP,KXXRP15M-26SEP291800-00,1790718791.158841,2026-09-29T21:53:11.158841+00:00,yes,15.0,0.9511333333333333,14.267,0.0489,0.6841,0.04560666666666667,SETTLEMENT,yes,1790719219.6318657
XRP,KXXRP15M-26SEP291745-45,1790718046.492249,2026-09-29T21:40:46.492249+00:00,yes,15.0,0.932,13.98,0.0666,0.9534,0.06356,SETTLEMENT,yes,1790718327.1688342
XRP,KXXRP15M-26SEP291730-30,1790716815.927857,2026-09-29T21:20:15.927857+00:00,no,15.0,0.9146666666666667,13.72,0.082,1.198,0.07986666666666667,SETTLEMENT,no,1790717415.9438992
XRP,KXXRP15M-26SEP291700-00,1790715402.989568,2026-09-29T20:56:42.989568+00:00,no,15.0,0.9,13.5,0.0945,1.4055,0.09369999999999999,SETTLEMENT,no,1790715619.3373766
XRP,KXXRP15M-26SEP291630-30,1790713391.00314,2026-09-29T20:23:11.003140+00:00,yes,15.0,0.959,14.385,0.0413,0.5737,0.038246666666666665,SETTLEMENT,yes,1790713824.0643406
XRP,KXXRP15M-26SEP291615-15,1790712355.460206,2026-09-29T20:05:55.460206+00:00,yes,15.0,0.81,12.15,0.4226,-4.5021,-0.30014,HARD_STOP,yes,1790712587.606441
XRP,KXXRP15M-26SEP291545-45,1790710854.751701,2026-09-29T19:40:54.751701+00:00,no,15.0,0.9079999999999999,13.62,0.0878,1.2922,0.08614666666666666,SETTLEMENT,no,1790711106.450478
XRP,KXXRP15M-26SEP291530-30,1790709985.992911,2026-09-29T19:26:25.992911+00:00,yes,15.0,0.9450000000000001,14.175,0.0546,0.7704,0.051359999999999996,SETTLEMENT,yes,1790710213.835313
XRP,KXXRP15M-26SEP291115-15,1790694314.284491,2026-09-29T15:05:14.284491+00:00,no,15.0,0.9323333333333333,13.985,0.0663,0.9487,0.06324666666666666,SETTLEMENT,no,1790694913.7831995
XRP,KXXRP15M-26SEP291015-15,1790690780.322293,2026-09-29T14:06:20.322293+00:00,no,15.0,0.8,12.0,0.4303,-4.7003,-0.3133533333333334,HARD_STOP,no,1790690894.44373
XRP,KXXRP15M-26SEP290800-00,1790682600.978832,2026-09-29T11:50:00.978832+00:00,yes,15.0,0.9556666666666668,14.335,0.0445,0.6205,0.04136666666666667,SETTLEMENT,yes,1790683206.448256
XRP,KXXRP15M-26SEP290745-45,1790681705.737218,2026-09-29T11:35:05.737218+00:00,yes,15.0,0.9456666666666667,14.185,0.054,0.761,0.05073333333333333,SETTLEMENT,yes,1790682306.519162
XRP,KXXRP15M-26SEP290645-45,1790678265.535284,2026-09-29T10:37:45.535284+00:00,no,15.0,0.95,14.25,0.0499,0.7001,0.04667333333333333,SETTLEMENT,no,1790678706.468777
XRP,KXXRP15M-26SEP290600-00,1790675431.823457,2026-09-29T09:50:31.823457+00:00,yes,15.0,0.952,14.28,0.048,0.672,0.0448,SETTLEMENT,yes,1790676006.462458
XRP,KXXRP15M-26SEP290430-30,1790670108.513751,2026-09-29T08:21:48.513751+00:00,yes,15.0,0.9583333333333334,14.375,0.042,0.583,0.03886666666666667,SETTLEMENT,yes,1790670606.465204
XRP,KXXRP15M-26SEP290415-15,1790669340.818479,2026-09-29T08:09:00.818479+00:00,no,15.0,0.9,13.5,0.0945,1.4055,0.09369999999999999,SETTLEMENT,no,1790669726.4820082
XRP,KXXRP15M-26SEP290400-00,1790668693.357423,2026-09-29T07:58:13.357423+00:00,no,15.0,0.956,14.34,0.0442,0.6158,0.04105333333333334,SETTLEMENT,no,1790668812.2304513
XRP,KXXRP15M-26SEP290300-00,1790664780.568405,2026-09-29T06:53:00.568405+00:00,yes,15.0,0.89,13.35,0.1028,1.5472,0.10314666666666666,SETTLEMENT,yes,1790665211.4222414
XRP,KXXRP15M-26SEP290215-15,1790662055.254782,2026-09-29T06:07:35.254782+00:00,yes,15.0,0.9360333333333333,14.0405,0.0629,0.8966,0.05977333333333333,SETTLEMENT,yes,1790662521.5405126
XRP,KXXRP15M-26SEP290145-45,1790660112.749188,2026-09-29T05:35:12.749188+00:00,no,15.0,0.959,14.385,0.3034,-6.8884,-0.45922666666666667,HARD_STOP,no,1790660642.625211
XRP,KXXRP15M-26SEP290130-30,1790659536.730233,2026-09-29T05:25:36.730233+00:00,yes,15.0,0.959,14.385,0.0413,0.5737,0.038246666666666665,SETTLEMENT,yes,1790659821.7362747
XRP,KXXRP15M-26SEP290045-45,1790656561.284595,2026-09-29T04:36:01.284595+00:00,no,15.0,0.9239999999999999,13.86,0.0738,1.0662,0.07108,SETTLEMENT,no,1790657114.704212
XRP,KXXRP15M-26SEP290015-15,1790654917.474268,2026-09-29T04:08:37.474268+00:00,no,15.0,0.952,14.28,0.048,0.672,0.0448,SETTLEMENT,no,1790655322.1782866
XRP,KXXRP15M-26SEP282330-30,1790652061.175919,2026-09-29T03:21:01.175919+00:00,yes,15.0,0.9320666666666667,13.981,0.0665,0.9525,0.0635,SETTLEMENT,yes,1790652615.6557977
XRP,KXXRP15M-26SEP282100-00,1790643001.41452,2026-09-29T00:50:01.414520+00:00,no,15.0,0.9474,14.211,0.0524,0.7366,0.049106666666666667,SETTLEMENT,no,1790643606.454705
XRP,KXXRP15M-26SEP282030-30,1790641380.395146,2026-09-29T00:23:00.395146+00:00,no,15.0,0.9493333333333334,14.24,0.3075,-5.9475,-0.39649999999999996,HARD_STOP,no,1790641725.600238
XRP,KXXRP15M-26SEP281930-30,1790637893.607862,2026-09-28T23:24:53.607862+00:00,yes,15.0,0.9510000000000001,14.265,0.049,0.686,0.045733333333333334,SETTLEMENT,yes,1790638206.458772
XRP,KXXRP15M-26SEP281845-45,1790634969.450251,2026-09-28T22:36:09.450251+00:00,yes,15.0,0.9594666666666666,14.392,0.0409,0.5671,0.03780666666666667,SETTLEMENT,yes,1790635525.8964496
XRP,KXXRP15M-26SEP281815-15,1790633373.500497,2026-09-28T22:09:33.500497+00:00,no,15.0,0.9570000000000001,14.355,0.0433,0.6017,0.040113333333333334,SETTLEMENT,no,1790633721.7254124
XRP,KXXRP15M-26SEP281800-00,1790632440.49271,2026-09-28T21:54:00.492710+00:00,no,15.0,0.9179999999999999,13.77,0.0791,1.1509,0.07672666666666667,SETTLEMENT,no,1790632826.6619446
XRP,KXXRP15M-26SEP281745-45,1790631615.457612,2026-09-28T21:40:15.457612+00:00,no,15.0,0.958,14.37,0.0423,0.5877,0.03918,SETTLEMENT,no,1790631906.457538
XRP,KXXRP15M-26SEP281730-30,1790630640.628205,2026-09-28T21:24:00.628205+00:00,no,15.0,0.9428666666666667,14.143,0.0566,0.8004,0.05336,SETTLEMENT,no,1790631006.491032
XRP,KXXRP15M-26SEP281700-00,1790629021.450802,2026-09-28T20:57:01.450802+00:00,yes,15.0,0.92,13.8,0.0773,1.1227,0.07484666666666667,SETTLEMENT,yes,1790629220.5845375
XRP,KXXRP15M-26SEP281645-45,1790628212.541146,2026-09-28T20:43:32.541146+00:00,no,15.0,0.9599333333333333,14.399,0.2726,-4.6216,-0.30810666666666664,HARD_STOP,no,1790628229.046467
XRP,KXXRP15M-26SEP281615-15,1790626081.392397,2026-09-28T20:08:01.392397+00:00,yes,15.0,0.943,14.145,0.0565,0.7985,0.053233333333333334,SETTLEMENT,yes,1790626506.449882
XRP,KXXRP15M-26SEP281545-45,1790624227.530196,2026-09-28T19:37:07.530196+00:00,no,15.0,0.929,13.935,0.0693,0.9957,0.06638000000000001,SETTLEMENT,no,1790624719.712749
XRP,KXXRP15M-26SEP281500-00,1790621580.701142,2026-09-28T18:53:00.701142+00:00,yes,15.0,0.9571586666666666,14.35738,0.04312,0.5995,0.03996666666666667,SETTLEMENT,yes,1790622011.2314162
XRP,KXXRP15M-26SEP281415-15,1790619093.381185,2026-09-28T18:11:33.381185+00:00,yes,15.0,0.94,14.1,0.0593,0.8407,0.05604666666666667,SETTLEMENT,yes,1790619313.0030403
XRP,KXXRP15M-26SEP281330-30,1790616166.389099,2026-09-28T17:22:46.389099+00:00,no,15.0,0.88,13.2,0.1109,1.6891,0.11260666666666667,SETTLEMENT,no,1790616624.3937137
XRP,KXXRP15M-26SEP281315-15,1790615571.823522,2026-09-28T17:12:51.823522+00:00,yes,15.0,0.9572299999999999,14.35845,0.04305,0.5985,0.039900000000000005,SETTLEMENT,yes,1790615711.1838129
XRP,KXXRP15M-26SEP280800-00,1790596447.49345,2026-09-28T11:54:07.493450+00:00,no,15.0,0.9480000000000001,14.22,0.314,-6.794,-0.4529333333333333,HARD_STOP,yes,1790596728.90978
XRP,KXXRP15M-26SEP280445-45,1790584963.093034,2026-09-28T08:42:43.093034+00:00,no,15.0,0.9435333333333333,14.153,0.056,0.791,0.05273333333333333,SETTLEMENT,no,1790585106.451542
XRP,KXXRP15M-26SEP280330-30,1790580294.75581,2026-09-28T07:24:54.755810+00:00,no,15.0,0.9566666666666667,14.35,0.0436,0.6064,0.04042666666666667,SETTLEMENT,no,1790580612.4450426
XRP,KXXRP15M-26SEP280230-30,1790576582.299409,2026-09-28T06:23:02.299409+00:00,no,15.0,0.9596666666666667,14.395,0.0407,0.5643,0.03762,SETTLEMENT,no,1790577015.6169293
XRP,KXXRP15M-26SEP280145-45,1790573881.394975,2026-09-28T05:38:01.394975+00:00,no,15.0,0.9542959999999999,14.31444,0.30746,-7.5719,-0.5047933333333333,HARD_STOP,yes,1790574245.354571
XRP,KXXRP15M-26SEP280100-00,1790571424.196247,2026-09-28T04:57:04.196247+00:00,no,15.0,0.95,14.25,0.0499,0.7001,0.04667333333333333,SETTLEMENT,no,1790571606.482311
XRP,KXXRP15M-26SEP272015-15,1790554129.402202,2026-09-28T00:08:49.402202+00:00,no,15.0,0.8253333333333334,12.38,0.1514,2.4686,0.16457333333333332,SETTLEMENT,no,1790554506.49445
XRP,KXXRP15M-26SEP271800-00,1790545985.008853,2026-09-27T21:53:05.008853+00:00,yes,15.0,0.9539333333333333,14.309,0.0462,0.6448,0.042986666666666666,SETTLEMENT,yes,1790546406.458266
XRP,KXXRP15M-26SEP271745-45,1790545091.056882,2026-09-27T21:38:11.056882+00:00,no,15.0,0.9420000000000001,14.13,0.0574,0.8126,0.05417333333333333,SETTLEMENT,no,1790545506.450002
XRP,KXXRP15M-26SEP271615-15,1790539780.119168,2026-09-27T20:09:40.119168+00:00,yes,10.0,0.9459899999999999,9.4599,0.0358,0.5043,0.050429999999999996,SETTLEMENT,yes,1790540106.450571
XRP,KXXRP15M-26SEP270800-00,1790510079.463528,2026-09-27T11:54:39.463528+00:00,yes,10.0,0.954,9.54,0.0308,0.4292,0.04292,SETTLEMENT,yes,1790510418.8260286
XRP,KXXRP15M-26SEP270615-15,1790503994.148452,2026-09-27T10:13:14.148452+00:00,yes,10.0,0.9557800000000001,9.5578,0.0296,0.4126,0.041260000000000005,SETTLEMENT,yes,1790504106.465574
XRP,KXXRP15M-26SEP270600-00,1790502994.460682,2026-09-27T09:56:34.460682+00:00,yes,10.0,0.9554,9.554,0.0299,0.4161,0.04161,SETTLEMENT,yes,1790503206.445052
XRP,KXXRP15M-26SEP270500-00,1790499445.2919,2026-09-27T08:57:25.291900+00:00,no,10.0,0.953,9.53,0.0314,0.4386,0.043859999999999996,SETTLEMENT,no,1790499606.450253
XRP,KXXRP15M-26SEP270330-30,1790493904.56217,2026-09-27T07:25:04.562170+00:00,yes,10.0,0.94824,9.4824,0.0344,0.4832,0.04832,SETTLEMENT,yes,1790494225.1403148
XRP,KXXRP15M-26SEP270030-30,1790483031.931324,2026-09-27T04:23:51.931324+00:00,no,10.0,0.951,9.51,0.0327,0.4573,0.04573,SETTLEMENT,no,1790483406.449161
XRP,KXXRP15M-26SEP270000-00,1790481388.168591,2026-09-27T03:56:28.168591+00:00,no,10.0,0.95,9.5,0.0333,0.4667,0.04667,SETTLEMENT,no,1790481606.556793
XRP,KXXRP15M-26SEP262300-00,1790477746.986458,2026-09-27T02:55:46.986458+00:00,no,10.0,0.9560000000000001,9.56,0.0295,0.4105,0.041049999999999996,SETTLEMENT,no,1790478030.2648277
XRP,KXXRP15M-26SEP262245-45,1790476690.515409,2026-09-27T02:38:10.515409+00:00,no,10.0,0.944,9.44,0.0371,0.5229,0.05229,SETTLEMENT,no,1790477124.6899416
XRP,KXXRP15M-26SEP262130-30,1790472202.50787,2026-09-27T01:23:22.507870+00:00,no,10.0,0.94109,9.4109,0.0389,0.5502,0.05502,SETTLEMENT,no,1790472606.455977
XRP,KXXRP15M-26SEP262015-15,1790467687.222694,2026-09-27T00:08:07.222694+00:00,no,10.0,0.958,9.58,0.0282,0.3918,0.03918,SETTLEMENT,no,1790468106.458064
XRP,KXXRP15M-26SEP261900-00,1790463241.79289,2026-09-26T22:54:01.792890+00:00,yes,10.0,0.9510500000000001,9.5105,0.0326,0.4569,0.045689999999999995,SETTLEMENT,yes,1790463619.46761
XRP,KXXRP15M-26SEP261845-45,1790462418.619772,2026-09-26T22:40:18.619772+00:00,no,10.0,0.955364,9.55364,0.02986,0.4165,0.04165,SETTLEMENT,no,1790462706.466531
XRP,KXXRP15M-26SEP261830-30,1790461419.026716,2026-09-26T22:23:39.026716+00:00,no,10.0,0.958,9.58,0.0282,0.3918,0.03918,SETTLEMENT,no,1790461806.401953
XRP,KXXRP15M-26SEP261715-15,1790456880.783035,2026-09-26T21:08:00.783035+00:00,yes,10.0,0.942,9.42,0.0383,0.5417,0.054169999999999996,SETTLEMENT,yes,1790457306.452356
XRP,KXXRP15M-26SEP261645-45,1790455104.66299,2026-09-26T20:38:24.662990+00:00,no,10.0,0.9521599999999999,9.5216,0.0319,0.4465,0.04465,SETTLEMENT,no,1790455506.454343
XRP,KXXRP15M-26SEP261630-30,1790454330.038068,2026-09-26T20:25:30.038068+00:00,yes,10.0,0.9490000000000001,9.49,0.0339,0.4761,0.04761,SETTLEMENT,yes,1790454606.461503
XRP,KXXRP15M-26SEP261600-00,1790452466.667289,2026-09-26T19:54:26.667289+00:00,yes,10.0,0.8400000000000001,8.4,0.0941,1.5059,0.15059,SETTLEMENT,yes,1790452835.2836182
XRP,KXXRP15M-26SEP261545-45,1790451480.362342,2026-09-26T19:38:00.362342+00:00,no,10.0,0.96,9.6,0.0269,0.3731,0.037309999999999996,SETTLEMENT,no,1790451906.451615
XRP,KXXRP15M-26SEP261530-30,1790450809.54956,2026-09-26T19:26:49.549560+00:00,no,10.0,0.8800000000000001,8.8,0.074,1.126,0.11259999999999999,SETTLEMENT,no,1790451028.0492184
XRP,KXXRP15M-26SEP261500-00,1790448789.423877,2026-09-26T18:53:09.423877+00:00,no,10.0,0.90417,9.0417,0.0607,0.8976,0.08975999999999999,SETTLEMENT,no,1790449209.5523465
XRP,KXXRP15M-26SEP261430-30,1790447282.165143,2026-09-26T18:28:02.165143+00:00,no,10.0,0.9560000000000001,9.56,0.0295,0.4105,0.041049999999999996,SETTLEMENT,no,1790447417.2292295
XRP,KXXRP15M-26SEP261415-15,1790446236.233442,2026-09-26T18:10:36.233442+00:00,no,10.0,0.905015,9.05015,0.23275,-3.6839,-0.36839,HARD_STOP,yes,1790446390.966667
XRP,KXXRP15M-26SEP261400-00,1790445182.069729,2026-09-26T17:53:02.069729+00:00,no,10.0,0.9324999999999999,9.325,0.0441,0.6309,0.06309000000000001,SETTLEMENT,no,1790445606.450681
XRP,KXXRP15M-26SEP261345-45,1790444515.353409,2026-09-26T17:41:55.353409+00:00,no,10.0,0.9199999999999999,9.2,0.0516,0.7484,0.07483999999999999,SETTLEMENT,no,1790444706.457406
XRP,KXXRP15M-26SEP261330-30,1790443380.944764,2026-09-26T17:23:00.944764+00:00,no,10.0,0.9455,9.455,0.0361,0.5089,0.050890000000000005,SETTLEMENT,no,1790443817.3010323
XRP,KXXRP15M-26SEP261300-00,1790441637.345623,2026-09-26T16:53:57.345623+00:00,no,10.0,0.909,9.09,0.058,0.852,0.0852,SETTLEMENT,no,1790442009.5578818
XRP,KXXRP15M-26SEP261245-45,1790440680.448886,2026-09-26T16:38:00.448886+00:00,yes,10.0,0.9025000000000001,9.025,0.0616,0.9134,0.09134,SETTLEMENT,yes,1790441106.454436
XRP,KXXRP15M-26SEP261230-30,1790439804.589152,2026-09-26T16:23:24.589152+00:00,no,10.0,0.8699999999999999,8.7,0.0792,1.2208,0.12208000000000001,SETTLEMENT,no,1790440220.0366335
XRP,KXXRP15M-26SEP261215-15,1790438880.481207,2026-09-26T16:08:00.481207+00:00,no,10.0,0.9400000000000001,9.4,0.0395,0.5605,0.05605,SETTLEMENT,no,1790439306.459955
XRP,KXXRP15M-26SEP261145-45,1790437080.33667,2026-09-26T15:38:00.336670+00:00,yes,10.0,0.9,9.0,0.063,0.937,0.0937,SETTLEMENT,yes,1790437520.9255815
XRP,KXXRP15M-26SEP261130-30,1790436369.409031,2026-09-26T15:26:09.409031+00:00,yes,10.0,0.8699999999999999,8.7,0.0792,1.2208,0.12208000000000001,SETTLEMENT,yes,1790436615.920864
XRP,KXXRP15M-26SEP261115-15,1790435530.588955,2026-09-26T15:12:10.588955+00:00,yes,10.0,0.9356,9.356,0.0422,0.6018,0.06018,SETTLEMENT,yes,1790435722.8636851
XRP,KXXRP15M-26SEP261100-00,1790434635.868754,2026-09-26T14:57:15.868754+00:00,yes,10.0,0.9550000000000001,9.55,0.0301,0.4199,0.04199,SETTLEMENT,yes,1790434806.45544
XRP,KXXRP15M-26SEP261045-45,1790433512.344161,2026-09-26T14:38:32.344161+00:00,yes,10.0,0.91074,9.1074,0.057,0.8356,0.08356,SETTLEMENT,yes,1790433906.450221
XRP,KXXRP15M-26SEP261030-30,1790432877.359529,2026-09-26T14:27:57.359529+00:00,no,10.0,0.925,9.25,0.0486,0.7014,0.07014000000000001,SETTLEMENT,no,1790433006.451632
XRP,KXXRP15M-26SEP261015-15,1790431865.36133,2026-09-26T14:11:05.361330+00:00,yes,10.0,0.8,8.0,0.112,1.888,0.1888,SETTLEMENT,yes,1790432111.3881345
XRP,KXXRP15M-26SEP261000-00,1790430814.789489,2026-09-26T13:53:34.789489+00:00,yes,10.0,0.9,9.0,0.063,0.937,0.0937,SETTLEMENT,yes,1790431206.456336
XRP,KXXRP15M-26SEP260930-30,1790429100.666082,2026-09-26T13:25:00.666082+00:00,no,10.0,0.900821,9.00821,0.06259,0.9292,0.09292,SETTLEMENT,no,1790429406.453507
XRP,KXXRP15M-26SEP260915-15,1790428080.263199,2026-09-26T13:08:00.263199+00:00,yes,10.0,0.952,9.52,0.2053,-5.2253,-0.5225299999999999,HARD_STOP,no,1790428259.746982
XRP,KXXRP15M-26SEP260900-00,1790427240.51793,2026-09-26T12:54:00.517930+00:00,yes,10.0,0.8800000000000001,8.8,0.074,1.126,0.11259999999999999,SETTLEMENT,yes,1790427606.447835
XRP,KXXRP15M-26SEP260845-45,1790426520.774787,2026-09-26T12:42:00.774787+00:00,no,10.0,0.9135,9.135,0.0554,0.8096,0.08096,SETTLEMENT,no,1790426706.455809
XRP,KXXRP15M-26SEP260830-30,1790425505.121623,2026-09-26T12:25:05.121623+00:00,no,10.0,0.9315,9.315,0.0447,0.6403,0.06403,SETTLEMENT,no,1790425819.7764966
XRP,KXXRP15M-26SEP260815-15,1790424676.556121,2026-09-26T12:11:16.556121+00:00,no,10.0,0.89,8.9,0.0686,1.0314,0.10314000000000001,SETTLEMENT,no,1790424906.453614
XRP,KXXRP15M-26SEP260800-00,1790423805.394183,2026-09-26T11:56:45.394183+00:00,no,10.0,0.90617,9.0617,0.0596,0.8787,0.08787,SETTLEMENT,no,1790424006.454104
XRP,KXXRP15M-26SEP260745-45,1790423033.686,2026-09-26T11:43:53.686000+00:00,no,10.0,0.9570000000000001,9.57,0.0289,0.4011,0.04011,SETTLEMENT,no,1790423106.454087
XRP,KXXRP15M-26SEP260730-30,1790422081.3913,2026-09-26T11:28:01.391300+00:00,no,10.0,0.9,9.0,0.063,0.937,0.0937,SETTLEMENT,no,1790422229.9727101
XRP,KXXRP15M-26SEP260715-15,1790420980.33069,2026-09-26T11:09:40.330690+00:00,no,10.0,0.9,9.0,0.063,0.937,0.0937,SETTLEMENT,no,1790421306.449759
XRP,KXXRP15M-26SEP260700-00,1790419981.358527,2026-09-26T10:53:01.358527+00:00,yes,10.0,0.93,9.3,0.0456,0.6544,0.06544,SETTLEMENT,yes,1790420412.3630822
XRP,KXXRP15M-26SEP260645-45,1790419120.356144,2026-09-26T10:38:40.356144+00:00,no,10.0,0.8400000000000001,8.4,0.2666,-3.0666,-0.30666000000000004,HARD_STOP,no,1790419181.74155
XRP,KXXRP15M-26SEP260630-30,1790418180.35241,2026-09-26T10:23:00.352410+00:00,yes,10.0,0.9525,9.525,0.0317,0.4433,0.04433,SETTLEMENT,yes,1790418612.0141435
XRP,KXXRP15M-26SEP260545-45,1790415601.342263,2026-09-26T09:40:01.342263+00:00,yes,10.0,0.9279999999999999,9.28,0.0468,0.6732,0.06732,SETTLEMENT,yes,1790415906.462188
XRP,KXXRP15M-26SEP260515-15,1790413825.301392,2026-09-26T09:10:25.301392+00:00,no,10.0,0.925521,9.25521,0.04829,0.6965,0.06965,SETTLEMENT,no,1790414106.449134
XRP,KXXRP15M-26SEP260430-30,1790411118.554588,2026-09-26T08:25:18.554588+00:00,no,10.0,0.9304,9.304,0.2204,-4.6244,-0.46243999999999996,HARD_STOP,yes,1790411250.507856
XRP,KXXRP15M-26SEP260415-15,1790410080.194448,2026-09-26T08:08:00.194448+00:00,no,10.0,0.94756,9.4756,0.0348,0.4896,0.04896,SETTLEMENT,no,1790410510.259652
XRP,KXXRP15M-26SEP260345-45,1790408322.874464,2026-09-26T07:38:42.874464+00:00,yes,10.0,0.8898999999999999,8.899,0.0686,1.0324,0.10324,SETTLEMENT,yes,1790408718.7470288
XRP,KXXRP15M-26SEP260330-30,1790407591.36664,2026-09-26T07:26:31.366640+00:00,no,10.0,0.88791,8.8791,0.0697,1.0512,0.10511999999999999,SETTLEMENT,no,1790407813.5842721
XRP,KXXRP15M-26SEP260315-15,1790406480.401375,2026-09-26T07:08:00.401375+00:00,yes,10.0,0.9576,9.576,0.0285,0.3955,0.03955,SETTLEMENT,yes,1790406906.452485
XRP,KXXRP15M-26SEP260300-00,1790405580.342853,2026-09-26T06:53:00.342853+00:00,yes,10.0,0.8699999999999999,8.7,0.2531,-3.5531,-0.35531,HARD_STOP,yes,1790405588.127905
XRP,KXXRP15M-26SEP260245-45,1790404873.38988,2026-09-26T06:41:13.389880+00:00,yes,10.0,0.96,9.6,0.0269,0.3731,0.037309999999999996,SETTLEMENT,yes,1790405119.1096847
XRP,KXXRP15M-26SEP260230-30,1790403921.395632,2026-09-26T06:25:21.395632+00:00,no,10.0,0.89,8.9,0.0686,1.0314,0.10314000000000001,SETTLEMENT,no,1790404225.591746
XRP,KXXRP15M-26SEP260200-00,1790401980.260617,2026-09-26T05:53:00.260617+00:00,no,10.0,0.86,8.6,0.0843,1.3157,0.13157000000000002,SETTLEMENT,no,1790402416.7017128
XRP,KXXRP15M-26SEP260145-45,1790401295.291143,2026-09-26T05:41:35.291143+00:00,yes,10.0,0.9215,9.215,0.0507,0.7343,0.07343,SETTLEMENT,yes,1790401506.447832
XRP,KXXRP15M-26SEP260130-30,1790400522.454945,2026-09-26T05:28:42.454945+00:00,no,10.0,0.94999,9.4999,0.0333,0.4668,0.04668,SETTLEMENT,no,1790400615.2747104
XRP,KXXRP15M-26SEP260115-15,1790399409.395683,2026-09-26T05:10:09.395683+00:00,no,10.0,0.917,9.17,0.0533,0.7767,0.07766999999999999,SETTLEMENT,no,1790399725.747164
XRP,KXXRP15M-26SEP260100-00,1790398717.578579,2026-09-26T04:58:37.578579+00:00,yes,10.0,0.96,9.6,0.0269,0.3731,0.037309999999999996,SETTLEMENT,yes,1790398806.450215
XRP,KXXRP15M-26SEP260045-45,1790397680.394337,2026-09-26T04:41:20.394337+00:00,yes,10.0,0.9119999999999999,9.12,0.0562,0.8238,0.08238,SETTLEMENT,yes,1790397906.48071
XRP,KXXRP15M-26SEP260030-30,1790396584.447089,2026-09-26T04:23:04.447089+00:00,no,10.0,0.901,9.01,0.0625,0.9275,0.09275,SETTLEMENT,no,1790397006.48241
XRP,KXXRP15M-26SEP260015-15,1790395710.612929,2026-09-26T04:08:30.612929+00:00,yes,10.0,0.9279999999999999,9.28,0.0468,0.6732,0.06732,SETTLEMENT,yes,1790396113.5209649
XRP,KXXRP15M-26SEP260000-00,1790395146.622066,2026-09-26T03:59:06.622066+00:00,yes,10.0,0.9570000000000001,9.57,0.0289,0.4011,0.04011,SETTLEMENT,yes,1790395206.451839
XRP,KXXRP15M-26SEP252345-45,1790394060.318159,2026-09-26T03:41:00.318159+00:00,no,10.0,0.901984,9.01984,0.06196,0.9182,0.09182,SETTLEMENT,no,1790394312.8307896
XRP,KXXRP15M-26SEP252330-30,1790393100.613544,2026-09-26T03:25:00.613544+00:00,yes,10.0,0.9074500000000001,9.0745,0.0588,0.8667,0.08667,SETTLEMENT,yes,1790393416.0607839
XRP,KXXRP15M-26SEP252315-15,1790392140.366111,2026-09-26T03:09:00.366111+00:00,no,10.0,0.9183,9.183,0.0526,0.7644,0.07644,SETTLEMENT,no,1790392513.7448359
XRP,KXXRP15M-26SEP252300-00,1790391302.602649,2026-09-26T02:55:02.602649+00:00,no,10.0,0.90886,9.0886,0.058,0.8534,0.08534,SETTLEMENT,no,1790391612.2111664
XRP,KXXRP15M-26SEP252245-45,1790390357.500039,2026-09-26T02:39:17.500039+00:00,no,10.0,0.9112,9.112,0.0567,0.8313,0.08313000000000001,SETTLEMENT,no,1790390706.454333
XRP,KXXRP15M-26SEP252230-30,1790389400.368739,2026-09-26T02:23:20.368739+00:00,no,10.0,0.9362,9.362,0.0419,0.5961,0.059609999999999996,SETTLEMENT,no,1790389806.460752
XRP,KXXRP15M-26SEP252215-15,1790388570.978077,2026-09-26T02:09:30.978077+00:00,no,10.0,0.9212,9.212,0.0509,0.7371,0.07371,SETTLEMENT,no,1790388906.452298
XRP,KXXRP15M-26SEP252200-00,1790387889.482994,2026-09-26T01:58:09.482994+00:00,no,10.0,0.9411080000000001,9.41108,0.03882,0.5501,0.05501,SETTLEMENT,no,1790388024.1481817
XRP,KXXRP15M-26SEP252145-45,1790386680.488138,2026-09-26T01:38:00.488138+00:00,yes,10.0,0.9460000000000001,9.46,0.0358,0.5042,0.05042,SETTLEMENT,yes,1790387106.454204
XRP,KXXRP15M-26SEP252130-30,1790385780.520631,2026-09-26T01:23:00.520631+00:00,yes,10.0,0.909,9.09,0.058,0.852,0.0852,SETTLEMENT,yes,1790386206.453115
XRP,KXXRP15M-26SEP252115-15,1790384880.497332,2026-09-26T01:08:00.497332+00:00,yes,10.0,0.9445,9.445,0.0367,0.5183,0.05183,SETTLEMENT,yes,1790385306.450794
XRP,KXXRP15M-26SEP252100-00,1790384125.487695,2026-09-26T00:55:25.487695+00:00,yes,10.0,0.9555,9.555,0.0298,0.4152,0.04152,SETTLEMENT,yes,1790384406.457939
XRP,KXXRP15M-26SEP252030-30,1790382533.106975,2026-09-26T00:28:53.106975+00:00,no,10.0,0.9511,9.511,0.0326,0.4564,0.04564,SETTLEMENT,no,1790382606.454021
XRP,KXXRP15M-26SEP252015-15,1790381280.338725,2026-09-26T00:08:00.338725+00:00,no,10.0,0.9446999999999999,9.447,0.2116,-4.6586,-0.46586,HARD_STOP,no,1790381490.976194
XRP,KXXRP15M-26SEP251945-45,1790379548.464138,2026-09-25T23:39:08.464138+00:00,yes,10.0,0.9,9.0,0.063,0.937,0.0937,SETTLEMENT,yes,1790379906.48971
XRP,KXXRP15M-26SEP251930-30,1790378672.457698,2026-09-25T23:24:32.457698+00:00,no,10.0,0.9,9.0,0.063,0.937,0.0937,SETTLEMENT,no,1790379006.451087
XRP,KXXRP15M-26SEP251915-15,1790377920.414691,2026-09-25T23:12:00.414691+00:00,yes,10.0,0.9,9.0,0.063,0.937,0.0937,SETTLEMENT,yes,1790378112.0550597
XRP,KXXRP15M-26SEP251900-00,1790377096.557935,2026-09-25T22:58:16.557935+00:00,no,10.0,0.9490000000000001,9.49,0.0339,0.4761,0.04761,SETTLEMENT,no,1790377206.45716
XRP,KXXRP15M-26SEP251830-30,1790375282.286741,2026-09-25T22:28:02.286741+00:00,yes,10.0,0.9039999999999999,9.04,0.2333,-3.6733,-0.36733,HARD_STOP,yes,1790375289.256426
XRP,KXXRP15M-26SEP251815-15,1790374080.39624,2026-09-25T22:08:00.396240+00:00,yes,10.0,0.92807,9.2807,0.0468,0.6725,0.06725,SETTLEMENT,yes,1790374524.7979798
XRP,KXXRP15M-26SEP251800-00,1790373240.322497,2026-09-25T21:54:00.322497+00:00,no,10.0,0.8300000000000001,8.3,0.0988,1.6012,0.16011999999999998,SETTLEMENT,no,1790373608.100413
XRP,KXXRP15M-26SEP251745-45,1790372280.317126,2026-09-25T21:38:00.317126+00:00,no,10.0,0.9115,9.115,0.0565,0.8285,0.08285000000000001,SETTLEMENT,no,1790372708.108863
XRP,KXXRP15M-26SEP251730-30,1790371675.546072,2026-09-25T21:27:55.546072+00:00,yes,10.0,0.9400000000000001,9.4,0.0395,0.5605,0.05605,SETTLEMENT,yes,1790371808.107621
XRP,KXXRP15M-26SEP251715-15,1790370480.455515,2026-09-25T21:08:00.455515+00:00,no,10.0,0.95,9.5,0.0333,0.4667,0.04667,SETTLEMENT,no,1790370921.9607153
XRP,KXXRP15M-26SEP251700-00,1790369673.193064,2026-09-25T20:54:33.193064+00:00,no,10.0,0.9324999999999999,9.325,0.0441,0.6309,0.06309000000000001,SETTLEMENT,no,1790370008.101828
XRP,KXXRP15M-26SEP251645-45,1790368686.35829,2026-09-25T20:38:06.358290+00:00,no,10.0,0.89,8.9,0.2402,-3.4402,-0.34402,HARD_STOP,no,1790368736.799044
XRP,KXXRP15M-26SEP251630-30,1790367822.363394,2026-09-25T20:23:42.363394+00:00,yes,10.0,0.9199999999999999,9.2,0.0516,0.7484,0.07483999999999999,SETTLEMENT,yes,1790368226.0552554
XRP,KXXRP15M-26SEP251615-15,1790367057.640588,2026-09-25T20:10:57.640588+00:00,no,10.0,0.9390000000000001,9.39,0.0401,0.5699,0.05699,SETTLEMENT,no,1790367319.4778209
XRP,KXXRP15M-26SEP251600-00,1790366232.374716,2026-09-25T19:57:12.374716+00:00,yes,10.0,0.8800000000000001,8.8,0.074,1.126,0.11259999999999999,SETTLEMENT,yes,1790366751.8944468
XRP,KXXRP15M-26SEP251530-30,1790364302.866646,2026-09-25T19:25:02.866646+00:00,no,10.0,0.82,8.2,0.1034,1.6966,0.16966,SETTLEMENT,no,1790364608.107478
XRP,KXXRP15M-26SEP251500-00,1790362620.412637,2026-09-25T18:57:00.412637+00:00,no,10.0,0.9259499999999999,9.2595,0.048,0.6925,0.06925,SETTLEMENT,no,1790362824.7994542
XRP,KXXRP15M-26SEP251430-30,1790360713.42238,2026-09-25T18:25:13.422380+00:00,yes,10.0,0.915,9.15,0.2261,-3.6761,-0.36761,HARD_STOP,no,1790360788.448218
XRP,KXXRP15M-26SEP251415-15,1790359793.441129,2026-09-25T18:09:53.441129+00:00,yes,10.0,0.9252330000000001,9.25233,0.04847,0.6992,0.06992000000000001,SETTLEMENT,yes,1790360113.9239438
XRP,KXXRP15M-26SEP251400-00,1790358780.271385,2026-09-25T17:53:00.271385+00:00,no,10.0,0.9460000000000001,9.46,0.0358,0.5042,0.05042,SETTLEMENT,no,1790359208.100416
XRP,KXXRP15M-26SEP251345-45,1790358035.400322,2026-09-25T17:40:35.400322+00:00,yes,10.0,0.9400000000000001,9.4,0.0395,0.5605,0.05605,SETTLEMENT,yes,1790358319.5652006
XRP,KXXRP15M-26SEP251330-30,1790356981.425492,2026-09-25T17:23:01.425492+00:00,no,10.0,0.86,8.6,0.0843,1.3157,0.13157000000000002,SETTLEMENT,no,1790357408.099812
XRP,KXXRP15M-26SEP251315-15,1790356084.418834,2026-09-25T17:08:04.418834+00:00,yes,10.0,0.952,9.52,0.032,0.448,0.0448,SETTLEMENT,yes,1790356512.1771588
XRP,KXXRP15M-26SEP251300-00,1790355422.44488,2026-09-25T16:57:02.444880+00:00,no,10.0,0.956774,9.56774,0.02896,0.4033,0.04033,SETTLEMENT,no,1790355622.0943792
XRP,KXXRP15M-26SEP251245-45,1790354281.451952,2026-09-25T16:38:01.451952+00:00,no,10.0,0.8800000000000001,8.8,0.074,1.126,0.11259999999999999,SETTLEMENT,no,1790354708.097538
XRP,KXXRP15M-26SEP251215-15,1790352617.579981,2026-09-25T16:10:17.579981+00:00,yes,10.0,0.9410000000000001,9.41,0.2114,-4.0214,-0.40214,HARD_STOP,yes,1790352655.80355
XRP,KXXRP15M-26SEP251145-45,1790350713.438912,2026-09-25T15:38:33.438912+00:00,no,10.0,0.9480000000000001,9.48,0.0346,0.4854,0.04854,SETTLEMENT,no,1790351108.099106
XRP,KXXRP15M-26SEP251130-30,1790349955.45428,2026-09-25T15:25:55.454280+00:00,no,10.0,0.9479,9.479,0.0346,0.4864,0.04864,SETTLEMENT,no,1790350224.9894872
XRP,KXXRP15M-26SEP251045-45,1790347080.420201,2026-09-25T14:38:00.420201+00:00,yes,10.0,0.9570000000000001,9.57,0.0289,0.4011,0.04011,SETTLEMENT,yes,1790347522.259458
XRP,KXXRP15M-26SEP251030-30,1790346485.040643,2026-09-25T14:28:05.040643+00:00,no,10.0,0.953,9.53,0.0314,0.4386,0.043859999999999996,SETTLEMENT,no,1790346621.4278846
XRP,KXXRP15M-26SEP251015-15,1790345280.449766,2026-09-25T14:08:00.449766+00:00,no,10.0,0.9082000000000001,9.082,0.0584,0.8596,0.08596000000000001,SETTLEMENT,no,1790345721.1099496
XRP,KXXRP15M-26SEP250900-00,1790341024.469013,2026-09-25T12:57:04.469013+00:00,no,10.0,0.9566250000000001,9.56625,0.02905,0.4047,0.04047,SETTLEMENT,no,1790341222.2547593
XRP,KXXRP15M-26SEP250845-45,1790339989.497428,2026-09-25T12:39:49.497428+00:00,yes,10.0,0.9335000000000001,9.335,0.2179,-4.8529,-0.48529,HARD_STOP,yes,1790340238.536142
XRP,KXXRP15M-26SEP250745-45,1790336463.346512,2026-09-25T11:41:03.346512+00:00,no,10.0,0.9199999999999999,9.2,0.0516,0.7484,0.07483999999999999,SETTLEMENT,no,1790336718.8194318
XRP,KXXRP15M-26SEP250730-30,1790335574.326151,2026-09-25T11:26:14.326151+00:00,yes,10.0,0.9435,9.435,0.0374,0.5276,0.052759999999999994,SETTLEMENT,yes,1790335808.099754
XRP,KXXRP15M-26SEP250700-00,1790333580.274816,2026-09-25T10:53:00.274816+00:00,yes,10.0,0.94239,9.4239,0.0381,0.538,0.0538,SETTLEMENT,yes,1790334018.5597818
XRP,KXXRP15M-26SEP250645-45,1790333005.858218,2026-09-25T10:43:25.858218+00:00,yes,10.0,0.953,9.53,0.2039,-4.1339,-0.41339,HARD_STOP,yes,1790333036.451692
XRP,KXXRP15M-26SEP250630-30,1790332029.369795,2026-09-25T10:27:09.369795+00:00,yes,10.0,0.9567,9.567,0.029,0.404,0.040400000000000005,SETTLEMENT,yes,1790332208.105057
XRP,KXXRP15M-26SEP250600-00,1790330109.312187,2026-09-25T09:55:09.312187+00:00,no,10.0,0.9415340000000001,9.41534,0.03856,0.5461,0.054610000000000006,SETTLEMENT,no,1790330408.110143
XRP,KXXRP15M-26SEP250530-30,1790328180.247259,2026-09-25T09:23:00.247259+00:00,yes,10.0,0.9138999999999999,9.139,0.0551,0.8059,0.08059,SETTLEMENT,yes,1790328608.098258
XRP,KXXRP15M-26SEP250500-00,1790326604.35455,2026-09-25T08:56:44.354550+00:00,yes,10.0,0.951,9.51,0.0327,0.4573,0.04573,SETTLEMENT,yes,1790326808.100172
XRP,KXXRP15M-26SEP250445-45,1790325506.36852,2026-09-25T08:38:26.368520+00:00,no,10.0,0.9254899999999999,9.2549,0.0483,0.6968,0.06967999999999999,SETTLEMENT,no,1790325908.102355
XRP,KXXRP15M-26SEP250400-00,1790322810.348545,2026-09-25T07:53:30.348545+00:00,yes,10.0,0.9349999999999999,9.35,0.0426,0.6074,0.06074,SETTLEMENT,yes,1790323208.098824
XRP,KXXRP15M-26SEP250315-15,1790320140.334419,2026-09-25T07:09:00.334419+00:00,no,10.0,0.8699999999999999,8.7,0.2517,-3.3517,-0.33517,HARD_STOP,no,1790320180.37395
XRP,KXXRP15M-26SEP250300-00,1790319306.287268,2026-09-25T06:55:06.287268+00:00,yes,10.0,0.92777,9.2777,0.047,0.6753,0.06753,SETTLEMENT,yes,1790319608.101334
XRP,KXXRP15M-26SEP250230-30,1790317384.706776,2026-09-25T06:23:04.706776+00:00,yes,10.0,0.959,9.59,0.2009,-4.2909,-0.42908999999999997,HARD_STOP,yes,1790317699.965395
XRP,KXXRP15M-26SEP250215-15,1790316580.373683,2026-09-25T06:09:40.373683+00:00,yes,10.0,0.9,9.0,0.238,-4.238,-0.42380000000000007,HARD_STOP,no,1790316593.588065
XRP,KXXRP15M-26SEP250200-00,1790315701.24508,2026-09-25T05:55:01.245080+00:00,no,10.0,0.85,8.5,0.0893,1.4107,0.14107,SETTLEMENT,no,1790316015.3226945
XRP,KXXRP15M-26SEP250130-30,1790313781.768954,2026-09-25T05:23:01.768954+00:00,no,10.0,0.82,8.2,0.1034,1.6966,0.16966,SETTLEMENT,no,1790314217.4728312
XRP,KXXRP15M-26SEP250030-30,1790310502.88985,2026-09-25T04:28:22.889850+00:00,yes,10.0,0.95357,9.5357,0.031,0.4333,0.04333,SETTLEMENT,yes,1790310609.5497897
XRP,KXXRP15M-26SEP250015-15,1790309408.819432,2026-09-25T04:10:08.819432+00:00,yes,10.0,0.8699999999999999,8.7,0.2363,-5.5363,-0.55363,HARD_STOP,no,1790309504.578556
XRP,KXXRP15M-26SEP250000-00,1790308676.689675,2026-09-25T03:57:56.689675+00:00,yes,10.0,0.8,8.0,0.2826,-4.0826,-0.40826,HARD_STOP,yes,1790308694.246361
XRP,KXXRP15M-26SEP242345-45,1790307480.778711,2026-09-25T03:38:00.778711+00:00,yes,10.0,0.95529,9.5529,0.0299,0.4172,0.04172,SETTLEMENT,yes,1790307908.105072
XRP,KXXRP15M-26SEP242315-15,1790305798.802353,2026-09-25T03:09:58.802353+00:00,yes,10.0,0.9288420000000001,9.28842,0.04628,0.6653,0.06653,SETTLEMENT,yes,1790306118.877167
XRP,KXXRP15M-26SEP242300-00,1790304785.838505,2026-09-25T02:53:05.838505+00:00,no,10.0,0.906,9.06,0.0597,0.8803,0.08803,SETTLEMENT,no,1790305208.105488
XRP,KXXRP15M-26SEP242245-45,1790303881.013434,2026-09-25T02:38:01.013434+00:00,no,10.0,0.9492800000000001,9.4928,0.0338,0.4734,0.04734,SETTLEMENT,no,1790304314.0990753
XRP,KXXRP15M-26SEP242230-30,1790303029.895823,2026-09-25T02:23:49.895823+00:00,no,10.0,0.9494999999999999,9.495,0.0336,0.4714,0.04714,SETTLEMENT,no,1790303408.15411
XRP,KXXRP15M-26SEP242145-45,1790300280.759964,2026-09-25T01:38:00.759964+00:00,no,10.0,0.9385,9.385,0.0405,0.5745,0.05745,SETTLEMENT,no,1790300708.097633
XRP,KXXRP15M-26SEP242130-30,1790299394.49591,2026-09-25T01:23:14.495910+00:00,no,10.0,0.958,9.58,0.0282,0.3918,0.03918,SETTLEMENT,no,1790299808.100005
XRP,KXXRP15M-26SEP242115-15,1790298480.73796,2026-09-25T01:08:00.737960+00:00,yes,10.0,0.9385,9.385,0.0405,0.5745,0.05745,SETTLEMENT,yes,1790298920.4482498
XRP,KXXRP15M-26SEP242100-00,1790297803.831078,2026-09-25T00:56:43.831078+00:00,no,10.0,0.9483,9.483,0.0344,0.4826,0.04826,SETTLEMENT,no,1790298026.9976783
XRP,KXXRP15M-26SEP242045-45,1790297006.07747,2026-09-25T00:43:26.077470+00:00,no,10.0,0.9339999999999999,9.34,0.0432,0.6168,0.06168,SETTLEMENT,no,1790297117.25741
XRP,KXXRP15M-26SEP242030-30,1790295886.599143,2026-09-25T00:24:46.599143+00:00,yes,10.0,0.85,8.5,0.0893,1.4107,0.14107,SETTLEMENT,yes,1790296224.3305323
XRP,KXXRP15M-26SEP242000-00,1790294097.095205,2026-09-24T23:54:57.095205+00:00,no,10.0,0.9374,9.374,0.0411,0.5849,0.05849,SETTLEMENT,no,1790294408.098638
XRP,KXXRP15M-26SEP241945-45,1790293443.905631,2026-09-24T23:44:03.905631+00:00,no,10.0,0.943,9.43,0.0377,0.5323,0.05323,SETTLEMENT,no,1790293508.105054
XRP,KXXRP15M-26SEP241915-15,1790291280.909872,2026-09-24T23:08:00.909872+00:00,yes,10.0,0.9,9.0,0.2369,-4.6369,-0.46369,HARD_STOP,no,1790291562.953881
XRP,KXXRP15M-26SEP241900-00,1790290757.578449,2026-09-24T22:59:17.578449+00:00,yes,10.0,0.82,8.2,0.1034,1.5966,0.15966,RESTING_TAKE_PROFIT,yes,1790290771.021068
XRP,KXXRP15M-26SEP241845-45,1790289837.935842,2026-09-24T22:43:57.935842+00:00,yes,10.0,0.9425000000000001,9.425,0.038,0.437,0.0437,RESTING_TAKE_PROFIT,yes,1790289850.976915
XRP,KXXRP15M-26SEP241830-30,1790288580.834112,2026-09-24T22:23:00.834112+00:00,no,10.0,0.85,8.5,0.0893,1.3107,0.13107,RESTING_TAKE_PROFIT,no,1790288894.189952
XRP,KXXRP15M-26SEP241815-15,1790287992.907559,2026-09-24T22:13:12.907559+00:00,no,10.0,0.9019999999999999,9.02,0.0619,0.8181,0.08181000000000001,RESTING_TAKE_PROFIT,no,1790288035.672609
XRP,KXXRP15M-26SEP241800-00,1790286780.735332,2026-09-24T21:53:00.735332+00:00,yes,10.0,0.8400000000000001,8.4,0.0941,1.4059,0.14059,RESTING_TAKE_PROFIT,yes,1790287007.085924
XRP,KXXRP15M-26SEP241745-45,1790285881.55153,2026-09-24T21:38:01.551530+00:00,yes,10.0,0.9,9.0,0.07,0.83,0.08299999999999999,TAKE_PROFIT,yes,1790286224.538118
XRP,KXXRP15M-26SEP241730-30,1790285068.918996,2026-09-24T21:24:28.918996+00:00,yes,10.0,0.931,9.31,0.045,0.545,0.05450000000000001,RESTING_TAKE_PROFIT,yes,1790285251.434639
XRP,KXXRP15M-26SEP241715-15,1790284330.932572,2026-09-24T21:12:10.932572+00:00,yes,10.0,0.945307,9.45307,0.03623,0.4107,0.04107,RESTING_TAKE_PROFIT,yes,1790284384.985136
XRP,KXXRP15M-26SEP241700-00,1790283453.877001,2026-09-24T20:57:33.877001+00:00,no,10.0,0.8699999999999999,8.7,0.2442,-2.7442,-0.27442,HARD_STOP,yes,1790283518.731916
XRP,KXXRP15M-26SEP241645-45,1790282432.516645,2026-09-24T20:40:32.516645+00:00,yes,10.0,0.8,8.0,0.1176,1.8024,0.18024,TAKE_PROFIT,yes,1790282610.281889
XRP,KXXRP15M-26SEP241630-30,1790281721.886874,2026-09-24T20:28:41.886874+00:00,yes,10.0,0.82,8.2,0.1034,1.5966,0.15966,RESTING_TAKE_PROFIT,yes,1790281758.568761
XRP,KXXRP15M-26SEP241615-15,1790280841.03664,2026-09-24T20:14:01.036640+00:00,no,10.0,0.9551999999999999,9.552,0.03,0.318,0.0318,RESTING_TAKE_PROFIT,no,1790280854.898448
XRP,KXXRP15M-26SEP241600-00,1790279960.161516,2026-09-24T19:59:20.161516+00:00,yes,10.0,0.8400000000000001,8.4,0.0962,1.4738,0.14738,TAKE_PROFIT,yes,1790279981.097807
XRP,KXXRP15M-26SEP241545-45,1790278741.148719,2026-09-24T19:39:01.148719+00:00,no,10.0,0.9189999999999999,9.19,0.0522,0.6578,0.06578,RESTING_TAKE_PROFIT,no,1790278977.116625
XRP,KXXRP15M-26SEP241530-30,1790277870.415368,2026-09-24T19:24:30.415368+00:00,no,10.0,0.8149,8.149,0.1126,1.6384,0.16384,TAKE_PROFIT,no,1790278156.454086
XRP,KXXRP15M-26SEP241515-15,1790276884.860649,2026-09-24T19:08:04.860649+00:00,no,10.0,0.86,8.6,0.0843,1.2157,0.12157,RESTING_TAKE_PROFIT,no,1790277166.718661
XRP,KXXRP15M-26SEP241500-00,1790275980.770226,2026-09-24T18:53:00.770226+00:00,yes,10.0,0.8487,8.487,0.0899,1.3231,0.13230999999999998,RESTING_TAKE_PROFIT,yes,1790276269.367595
DOGE,KXDOGE15M-26SEP301445-45,1790793637.521118,2026-09-30T18:40:37.521118+00:00,no,10.0,0.85,8.5,0.0893,1.4107,0.14107,SETTLEMENT,no,1790793925.260878
DOGE,KXDOGE15M-26SEP301215-15,1790784369.661919,2026-09-30T16:06:09.661919+00:00,yes,10.0,0.89,8.9,0.0686,1.0314,0.10314000000000001,SETTLEMENT,yes,1790784906.454533
DOGE,KXDOGE15M-26SEP301200-00,1790783431.785481,2026-09-30T15:50:31.785481+00:00,yes,10.0,0.9339999999999999,9.34,0.0432,0.6168,0.06168,SETTLEMENT,yes,1790784006.456096
DOGE,KXDOGE15M-26SEP301030-30,1790778232.664219,2026-09-30T14:23:52.664219+00:00,no,10.0,0.958,9.58,0.0282,0.3918,0.03918,SETTLEMENT,no,1790778616.3819056
DOGE,KXDOGE15M-26SEP300915-15,1790773769.186906,2026-09-30T13:09:29.186906+00:00,yes,10.0,0.8,8.0,0.112,1.888,0.1888,SETTLEMENT,yes,1790774106.451098
DOGE,KXDOGE15M-26SEP300700-00,1790765813.417061,2026-09-30T10:56:53.417061+00:00,yes,10.0,0.9359999999999999,9.36,0.042,0.598,0.0598,SETTLEMENT,yes,1790766022.1143374
DOGE,KXDOGE15M-26SEP300645-45,1790764799.824536,2026-09-30T10:39:59.824536+00:00,yes,10.0,0.9550000000000001,9.55,0.0301,0.4199,0.04199,SETTLEMENT,yes,1790765106.467385
DOGE,KXDOGE15M-26SEP300615-15,1790762868.680107,2026-09-30T10:07:48.680107+00:00,yes,10.0,0.9581,9.581,0.0282,0.3908,0.03908,SETTLEMENT,yes,1790763311.3371835
DOGE,KXDOGE15M-26SEP300515-15,1790759201.949128,2026-09-30T09:06:41.949128+00:00,yes,10.0,0.925,9.25,0.0486,0.7014,0.07014000000000001,SETTLEMENT,yes,1790759706.44646
DOGE,KXDOGE15M-26SEP300345-45,1790753887.826746,2026-09-30T07:38:07.826746+00:00,yes,10.0,0.8,8.0,0.112,1.888,0.1888,SETTLEMENT,yes,1790754306.447762
DOGE,KXDOGE15M-26SEP300315-15,1790752498.404897,2026-09-30T07:14:58.404897+00:00,yes,10.0,0.93,9.3,0.0456,0.6544,0.06544,SETTLEMENT,yes,1790752520.1617296
DOGE,KXDOGE15M-26SEP300200-00,1790747701.31578,2026-09-30T05:55:01.315780+00:00,no,10.0,0.9583999999999999,9.584,0.028,0.388,0.0388,SETTLEMENT,no,1790748009.6279542
DOGE,KXDOGE15M-26SEP300100-00,1790743860.661161,2026-09-30T04:51:00.661161+00:00,no,10.0,0.86,8.6,0.0843,1.3157,0.13157000000000002,SETTLEMENT,no,1790744406.452096
DOGE,KXDOGE15M-26SEP300015-15,1790741164.551193,2026-09-30T04:06:04.551193+00:00,yes,10.0,0.96,9.6,0.1974,-3.9874,-0.39874,HARD_STOP,yes,1790741349.611873
DOGE,KXDOGE15M-26SEP300000-00,1790740341.831867,2026-09-30T03:52:21.831867+00:00,no,10.0,0.9479,9.479,0.0346,0.4864,0.04864,SETTLEMENT,no,1790740818.840013
DOGE,KXDOGE15M-26SEP292215-15,1790734039.228763,2026-09-30T02:07:19.228763+00:00,yes,10.0,0.96,9.6,0.0269,0.3731,0.037309999999999996,SETTLEMENT,yes,1790734516.9505334
DOGE,KXDOGE15M-26SEP292130-30,1790731468.606009,2026-09-30T01:24:28.606009+00:00,yes,10.0,0.9560000000000001,9.56,0.0295,0.4105,0.041049999999999996,SETTLEMENT,yes,1790732300.809853
DOGE,KXDOGE15M-26SEP292030-30,1790727907.961432,2026-09-30T00:25:07.961432+00:00,no,10.0,0.958,9.58,0.203,-4.939,-0.4939,HARD_STOP,yes,1790728029.405218
DOGE,KXDOGE15M-26SEP292015-15,1790727009.75498,2026-09-30T00:10:09.754980+00:00,no,10.0,0.952,9.52,0.032,0.448,0.0448,SETTLEMENT,no,1790727312.3377423
DOGE,KXDOGE15M-26SEP291945-45,1790724966.87235,2026-09-29T23:36:06.872350+00:00,no,10.0,0.9432,9.432,0.0376,0.5304,0.05304,SETTLEMENT,no,1790725518.2670047
DOGE,KXDOGE15M-26SEP291930-30,1790724125.335672,2026-09-29T23:22:05.335672+00:00,no,10.0,0.933,9.33,0.0438,0.6262,0.06262,SETTLEMENT,no,1790724623.0543613
DOGE,KXDOGE15M-26SEP291915-15,1790723110.765707,2026-09-29T23:05:10.765707+00:00,yes,10.0,0.9339999999999999,9.34,0.0432,0.6168,0.06168,SETTLEMENT,yes,1790723706.45168
DOGE,KXDOGE15M-26SEP291800-00,1790718792.896486,2026-09-29T21:53:12.896486+00:00,yes,10.0,0.9560000000000001,9.56,0.0295,0.4105,0.041049999999999996,SETTLEMENT,yes,1790719222.775932
DOGE,KXDOGE15M-26SEP291745-45,1790718031.733415,2026-09-29T21:40:31.733415+00:00,yes,10.0,0.943,9.43,0.0377,0.5323,0.05323,SETTLEMENT,yes,1790718306.451819
DOGE,KXDOGE15M-26SEP291730-30,1790716861.197645,2026-09-29T21:21:01.197645+00:00,no,10.0,0.9292999999999999,9.293,0.046,0.661,0.0661,SETTLEMENT,no,1790717406.40622
DOGE,KXDOGE15M-26SEP291630-30,1790713211.789423,2026-09-29T20:20:11.789423+00:00,yes,10.0,0.952,9.52,0.032,0.448,0.0448,SETTLEMENT,yes,1790713806.406654
DOGE,KXDOGE15M-26SEP291615-15,1790712389.591203,2026-09-29T20:06:29.591203+00:00,yes,10.0,0.8099999999999999,8.1,0.2828,-3.2828,-0.32828,HARD_STOP,yes,1790712622.238672
DOGE,KXDOGE15M-26SEP291415-15,1790705145.344925,2026-09-29T18:05:45.344925+00:00,yes,10.0,0.9560000000000001,9.56,0.0295,0.4105,0.041049999999999996,SETTLEMENT,yes,1790705706.477988
DOGE,KXDOGE15M-26SEP291400-00,1790704264.718311,2026-09-29T17:51:04.718311+00:00,no,10.0,0.96,9.6,0.0269,0.3731,0.037309999999999996,SETTLEMENT,no,1790704816.7623196
DOGE,KXDOGE15M-26SEP291330-30,1790702520.646832,2026-09-29T17:22:00.646832+00:00,no,10.0,0.9555,9.555,0.0298,0.4152,0.04152,SETTLEMENT,no,1790703021.8138807
DOGE,KXDOGE15M-26SEP291215-15,1790697929.731202,2026-09-29T16:05:29.731202+00:00,yes,10.0,0.8400000000000001,8.4,0.0941,1.5059,0.15059,SETTLEMENT,yes,1790698506.481343
DOGE,KXDOGE15M-26SEP291115-15,1790694302.06255,2026-09-29T15:05:02.062550+00:00,no,10.0,0.931,9.31,0.045,0.645,0.0645,SETTLEMENT,no,1790694913.2728512
DOGE,KXDOGE15M-26SEP291015-15,1790690783.511615,2026-09-29T14:06:23.511615+00:00,no,10.0,0.9551999999999999,9.552,0.03,0.418,0.0418,SETTLEMENT,no,1790691310.4834044
DOGE,KXDOGE15M-26SEP290845-45,1790685300.456595,2026-09-29T12:35:00.456595+00:00,yes,10.0,0.9480000000000001,9.48,0.0346,0.4854,0.04854,SETTLEMENT,yes,1790685908.844644
DOGE,KXDOGE15M-26SEP290800-00,1790682601.724279,2026-09-29T11:50:01.724279+00:00,yes,10.0,0.9390000000000001,9.39,0.0401,0.5699,0.05699,SETTLEMENT,yes,1790683211.753854
DOGE,KXDOGE15M-26SEP290645-45,1790678264.390371,2026-09-29T10:37:44.390371+00:00,no,10.0,0.95,9.5,0.0333,0.4667,0.04667,SETTLEMENT,no,1790678706.448154
DOGE,KXDOGE15M-26SEP290630-30,1790677321.390297,2026-09-29T10:22:01.390297+00:00,no,10.0,0.96,9.6,0.0269,0.3731,0.037309999999999996,SETTLEMENT,no,1790677814.4896803
DOGE,KXDOGE15M-26SEP290600-00,1790675450.187231,2026-09-29T09:50:50.187231+00:00,yes,10.0,0.945,9.45,0.0364,0.5136,0.051359999999999996,SETTLEMENT,yes,1790676006.463475
DOGE,KXDOGE15M-26SEP290530-30,1790673720.702296,2026-09-29T09:22:00.702296+00:00,yes,10.0,0.9335229999999999,9.33523,0.21677,-4.052,-0.40519999999999995,HARD_STOP,yes,1790673808.10663
DOGE,KXDOGE15M-26SEP290415-15,1790669472.404215,2026-09-29T08:11:12.404215+00:00,no,10.0,0.9569000000000001,9.569,0.0289,0.4021,0.04021,SETTLEMENT,no,1790669706.449521
DOGE,KXDOGE15M-26SEP290300-00,1790664699.690832,2026-09-29T06:51:39.690832+00:00,yes,10.0,0.8800000000000001,8.8,0.074,1.126,0.11259999999999999,SETTLEMENT,yes,1790665218.698397
DOGE,KXDOGE15M-26SEP290230-30,1790663202.858389,2026-09-29T06:26:42.858389+00:00,no,10.0,0.942,9.42,0.0383,0.5417,0.054169999999999996,SETTLEMENT,no,1790663406.452701
DOGE,KXDOGE15M-26SEP290215-15,1790662028.399024,2026-09-29T06:07:08.399024+00:00,yes,10.0,0.9215,9.215,0.0507,0.7343,0.07343,SETTLEMENT,yes,1790662515.3408415
DOGE,KXDOGE15M-26SEP290145-45,1790660139.534574,2026-09-29T05:35:39.534574+00:00,no,10.0,0.959,9.59,0.0276,0.3824,0.03824,SETTLEMENT,no,1790660715.465825
DOGE,KXDOGE15M-26SEP290045-45,1790656506.541295,2026-09-29T04:35:06.541295+00:00,no,10.0,0.9157,9.157,0.0541,0.7889,0.07889,SETTLEMENT,no,1790657121.5941217
DOGE,KXDOGE15M-26SEP282330-30,1790652035.509358,2026-09-29T03:20:35.509358+00:00,yes,10.0,0.9329000000000001,9.329,0.0439,0.6271,0.06271,SETTLEMENT,yes,1790652623.216049
DOGE,KXDOGE15M-26SEP282100-00,1790643017.988176,2026-09-29T00:50:17.988176+00:00,no,10.0,0.959,9.59,0.0276,0.3824,0.03824,SETTLEMENT,no,1790643623.6055691
DOGE,KXDOGE15M-26SEP282030-30,1790641388.476822,2026-09-29T00:23:08.476822+00:00,no,10.0,0.9576,9.576,0.2035,-4.6795,-0.46795,HARD_STOP,no,1790641729.144324
DOGE,KXDOGE15M-26SEP282015-15,1790640525.859734,2026-09-29T00:08:45.859734+00:00,yes,10.0,0.8,8.0,0.112,1.888,0.1888,SETTLEMENT,yes,1790640906.450118
DOGE,KXDOGE15M-26SEP281930-30,1790637632.313869,2026-09-28T23:20:32.313869+00:00,yes,10.0,0.9269000000000001,9.269,0.0475,0.6835,0.06835,SETTLEMENT,yes,1790638206.451085
DOGE,KXDOGE15M-26SEP281900-00,1790636210.518265,2026-09-28T22:56:50.518265+00:00,yes,10.0,0.944,9.44,0.0371,0.5229,0.05229,SETTLEMENT,yes,1790636406.49039
DOGE,KXDOGE15M-26SEP281845-45,1790634967.582535,2026-09-28T22:36:07.582535+00:00,yes,10.0,0.9460000000000001,9.46,0.0358,0.5042,0.05042,SETTLEMENT,yes,1790635517.7998385
DOGE,KXDOGE15M-26SEP281815-15,1790633153.483455,2026-09-28T22:05:53.483455+00:00,no,10.0,0.9282999999999999,9.283,0.0466,0.6704,0.06704,SETTLEMENT,no,1790633722.1555028
DOGE,KXDOGE15M-26SEP281800-00,1790632419.877339,2026-09-28T21:53:39.877339+00:00,no,10.0,0.9480000000000001,9.48,0.0346,0.4854,0.04854,SETTLEMENT,no,1790632829.1883616
DOGE,KXDOGE15M-26SEP281730-30,1790630635.56802,2026-09-28T21:23:55.568020+00:00,no,10.0,0.96,9.6,0.0269,0.3731,0.037309999999999996,SETTLEMENT,no,1790631016.6702483
DOGE,KXDOGE15M-26SEP281700-00,1790629066.019024,2026-09-28T20:57:46.019024+00:00,yes,10.0,0.8630000000000001,8.63,0.0828,1.2872,0.12872,SETTLEMENT,yes,1790629206.449686
DOGE,KXDOGE15M-26SEP281630-30,1790627223.047821,2026-09-28T20:27:03.047821+00:00,yes,10.0,0.945,9.45,0.0364,0.5136,0.051359999999999996,SETTLEMENT,yes,1790627406.447674
DOGE,KXDOGE15M-26SEP281545-45,1790624220.283087,2026-09-28T19:37:00.283087+00:00,no,10.0,0.9480000000000001,9.48,0.0346,0.4854,0.04854,SETTLEMENT,no,1790624706.457273
DOGE,KXDOGE15M-26SEP281500-00,1790621577.892212,2026-09-28T18:52:57.892212+00:00,yes,10.0,0.9557,9.557,0.0297,0.4133,0.04133,SETTLEMENT,yes,1790622017.000686
DOGE,KXDOGE15M-26SEP281400-00,1790618110.685576,2026-09-28T17:55:10.685576+00:00,no,10.0,0.9558,9.558,0.0296,0.4124,0.04124,SETTLEMENT,no,1790618406.449871
DOGE,KXDOGE15M-26SEP281315-15,1790615276.483253,2026-09-28T17:07:56.483253+00:00,no,10.0,0.9571,9.571,0.2008,-4.1278,-0.41278,HARD_STOP,yes,1790615494.617687
DOGE,KXDOGE15M-26SEP280900-00,1790600040.852543,2026-09-28T12:54:00.852543+00:00,yes,10.0,0.906,9.06,0.0597,0.8803,0.08803,SETTLEMENT,yes,1790600406.455607
DOGE,KXDOGE15M-26SEP280800-00,1790596421.83745,2026-09-28T11:53:41.837450+00:00,no,10.0,0.9560000000000001,9.56,0.0295,0.4105,0.041049999999999996,SETTLEMENT,no,1790596822.7441516
DOGE,KXDOGE15M-26SEP280745-45,1790595730.057403,2026-09-28T11:42:10.057403+00:00,yes,10.0,0.959,9.59,0.0276,0.3824,0.03824,SETTLEMENT,yes,1790595916.149281
DOGE,KXDOGE15M-26SEP280700-00,1790592930.415851,2026-09-28T10:55:30.415851+00:00,no,10.0,0.945,9.45,0.0364,0.5136,0.051359999999999996,SETTLEMENT,no,1790593224.149068
DOGE,KXDOGE15M-26SEP280615-15,1790590023.87655,2026-09-28T10:07:03.876550+00:00,yes,10.0,0.958,9.58,0.0282,0.3918,0.03918,SETTLEMENT,yes,1790590506.453047
DOGE,KXDOGE15M-26SEP280430-30,1790583900.530275,2026-09-28T08:25:00.530275+00:00,no,10.0,0.96,9.6,0.0269,0.3731,0.037309999999999996,SETTLEMENT,no,1790584217.3980558
DOGE,KXDOGE15M-26SEP280230-30,1790576521.428296,2026-09-28T06:22:01.428296+00:00,no,10.0,0.9460000000000001,9.46,0.0358,0.5042,0.05042,SETTLEMENT,no,1790577006.454072
DOGE,KXDOGE15M-26SEP280145-45,1790573821.015508,2026-09-28T05:37:01.015508+00:00,no,10.0,0.954,9.54,0.0308,0.4292,0.04292,SETTLEMENT,no,1790574315.8433259
DOGE,KXDOGE15M-26SEP280015-15,1790568756.45943,2026-09-28T04:12:36.459430+00:00,no,10.0,0.95,9.5,0.0333,0.4667,0.04667,SETTLEMENT,no,1790568924.5609841
DOGE,KXDOGE15M-26SEP272015-15,1790554117.744164,2026-09-28T00:08:37.744164+00:00,no,10.0,0.84618,8.4618,0.0911,1.4471,0.14471,SETTLEMENT,no,1790554521.154119
DOGE,KXDOGE15M-26SEP271745-45,1790545101.478415,2026-09-27T21:38:21.478415+00:00,no,10.0,0.959,9.59,0.0276,0.3824,0.03824,SETTLEMENT,no,1790545518.2412808
DOGE,KXDOGE15M-26SEP271645-45,1790541663.678366,2026-09-27T20:41:03.678366+00:00,yes,10.0,0.9490000000000001,9.49,0.0339,0.4761,0.04761,SETTLEMENT,yes,1790541920.9939337
DOGE,KXDOGE15M-26SEP271615-15,1790539742.781126,2026-09-27T20:09:02.781126+00:00,yes,10.0,0.9568,9.568,0.029,0.403,0.0403,SETTLEMENT,yes,1790540106.452224
DOGE,KXDOGE15M-26SEP271600-00,1790539031.404226,2026-09-27T19:57:11.404226+00:00,no,10.0,0.9349999999999999,9.35,0.0426,0.6074,0.06074,SETTLEMENT,no,1790539226.0281513
DOGE,KXDOGE15M-26SEP271415-15,1790532702.793492,2026-09-27T18:11:42.793492+00:00,yes,10.0,0.914,9.14,0.0551,0.8049,0.08048999999999999,SETTLEMENT,yes,1790532924.0473967
DOGE,KXDOGE15M-26SEP271400-00,1790531585.724178,2026-09-27T17:53:05.724178+00:00,yes,10.0,0.9381999999999999,9.382,0.0406,0.5774,0.05774,SETTLEMENT,yes,1790532009.606143
DOGE,KXDOGE15M-26SEP271330-30,1790530041.811792,2026-09-27T17:27:21.811792+00:00,no,10.0,0.932,9.32,0.0444,0.6356,0.06356,SETTLEMENT,no,1790530206.402592
DOGE,KXDOGE15M-26SEP271200-00,1790524588.863201,2026-09-27T15:56:28.863201+00:00,yes,10.0,0.9470000000000001,9.47,0.0352,0.4948,0.04948,SETTLEMENT,yes,1790524806.448162
DOGE,KXDOGE15M-26SEP271015-15,1790518208.036391,2026-09-27T14:10:08.036391+00:00,yes,10.0,0.8,8.0,0.2826,-4.0826,-0.40826,HARD_STOP,no,1790518249.110363
DOGE,KXDOGE15M-26SEP270830-30,1790511960.986471,2026-09-27T12:26:00.986471+00:00,no,10.0,0.9279999999999999,9.28,0.0468,0.6732,0.06732,SETTLEMENT,no,1790512213.8318417
DOGE,KXDOGE15M-26SEP270815-15,1790510884.149721,2026-09-27T12:08:04.149721+00:00,yes,10.0,0.9570000000000001,9.57,0.0289,0.4011,0.04011,SETTLEMENT,yes,1790511328.478227
DOGE,KXDOGE15M-26SEP270800-00,1790509983.238978,2026-09-27T11:53:03.238978+00:00,yes,10.0,0.951,9.51,0.0327,0.4573,0.04573,SETTLEMENT,yes,1790510411.5305157
DOGE,KXDOGE15M-26SEP270745-45,1790509202.117146,2026-09-27T11:40:02.117146+00:00,no,10.0,0.959,9.59,0.0276,0.3824,0.03824,SETTLEMENT,no,1790509514.375301
DOGE,KXDOGE15M-26SEP270730-30,1790508410.755669,2026-09-27T11:26:50.755669+00:00,yes,10.0,0.9,9.0,0.063,0.937,0.0937,SETTLEMENT,yes,1790508611.143453
DOGE,KXDOGE15M-26SEP270645-45,1790505494.392547,2026-09-27T10:38:14.392547+00:00,no,10.0,0.933,9.33,0.0438,0.6262,0.06262,SETTLEMENT,no,1790505925.974489
DOGE,KXDOGE15M-26SEP270500-00,1790499444.560376,2026-09-27T08:57:24.560376+00:00,no,10.0,0.9480000000000001,9.48,0.0346,0.4854,0.04854,SETTLEMENT,no,1790499633.9784153
DOGE,KXDOGE15M-26SEP270415-15,1790496787.935067,2026-09-27T08:13:07.935067+00:00,no,10.0,0.9413,9.413,0.0387,0.5483,0.054830000000000004,SETTLEMENT,no,1790496906.453572
DOGE,KXDOGE15M-26SEP270330-30,1790493840.775903,2026-09-27T07:24:00.775903+00:00,yes,10.0,0.9486100000000001,9.4861,0.0342,0.4797,0.04797,SETTLEMENT,yes,1790494213.1735399
DOGE,KXDOGE15M-26SEP270300-00,1790492107.760502,2026-09-27T06:55:07.760502+00:00,yes,10.0,0.9359999999999999,9.36,0.042,0.598,0.0598,SETTLEMENT,yes,1790492419.3780892
DOGE,KXDOGE15M-26SEP270230-30,1790490588.788372,2026-09-27T06:29:48.788372+00:00,no,10.0,0.8300000000000001,8.3,0.0988,1.6012,0.16011999999999998,SETTLEMENT,no,1790490606.4484
DOGE,KXDOGE15M-26SEP270215-15,1790489287.302357,2026-09-27T06:08:07.302357+00:00,yes,10.0,0.907,9.07,0.0591,0.8709,0.08709,SETTLEMENT,yes,1790489717.036512
DOGE,KXDOGE15M-26SEP270130-30,1790486585.905079,2026-09-27T05:23:05.905079+00:00,yes,10.0,0.9470000000000001,9.47,0.0352,0.4948,0.04948,SETTLEMENT,yes,1790487013.4991064
DOGE,KXDOGE15M-26SEP270045-45,1790483882.066041,2026-09-27T04:38:02.066041+00:00,no,10.0,0.9480000000000001,9.48,0.0346,0.4854,0.04854,SETTLEMENT,no,1790484311.022076
DOGE,KXDOGE15M-26SEP270030-30,1790483105.076894,2026-09-27T04:25:05.076894+00:00,no,10.0,0.95,9.5,0.0333,0.4667,0.04667,SETTLEMENT,no,1790483406.485686
DOGE,KXDOGE15M-26SEP270015-15,1790482141.464173,2026-09-27T04:09:01.464173+00:00,no,10.0,0.9289999999999999,9.29,0.221,-4.311,-0.4311,HARD_STOP,yes,1790482331.658879
DOGE,KXDOGE15M-26SEP262330-30,1790479391.494861,2026-09-27T03:23:11.494861+00:00,no,10.0,0.9561120000000001,9.56112,0.02938,0.4095,0.04095,SETTLEMENT,no,1790479824.516715
DOGE,KXDOGE15M-26SEP262315-15,1790478483.844318,2026-09-27T03:08:03.844318+00:00,yes,10.0,0.9470000000000001,9.47,0.2098,-4.4278,-0.44278000000000006,HARD_STOP,yes,1790478731.500659
DOGE,KXDOGE15M-26SEP262300-00,1790477764.798187,2026-09-27T02:56:04.798187+00:00,no,10.0,0.93,9.3,0.0456,0.6544,0.06544,SETTLEMENT,no,1790478018.402931
DOGE,KXDOGE15M-26SEP262245-45,1790476858.470169,2026-09-27T02:40:58.470169+00:00,no,10.0,0.9380000000000001,9.38,0.0408,0.5792,0.057920000000000006,SETTLEMENT,no,1790477117.3103976
DOGE,KXDOGE15M-26SEP262130-30,1790472180.351179,2026-09-27T01:23:00.351179+00:00,no,10.0,0.9522,9.522,0.0319,0.4461,0.04461,SETTLEMENT,no,1790472620.7339938
DOGE,KXDOGE15M-26SEP262100-00,1790470385.074804,2026-09-27T00:53:05.074804+00:00,no,10.0,0.9494999999999999,9.495,0.0336,0.4714,0.04714,SETTLEMENT,no,1790470819.487095
DOGE,KXDOGE15M-26SEP262015-15,1790467741.199083,2026-09-27T00:09:01.199083+00:00,no,10.0,0.954,9.54,0.0308,0.4292,0.04292,SETTLEMENT,no,1790468129.1076329
DOGE,KXDOGE15M-26SEP262000-00,1790466798.993147,2026-09-26T23:53:18.993147+00:00,yes,10.0,0.9536,9.536,0.031,0.433,0.0433,SETTLEMENT,yes,1790467206.407438
DOGE,KXDOGE15M-26SEP261945-45,1790465939.773867,2026-09-26T23:38:59.773867+00:00,yes,10.0,0.9099999999999999,9.1,0.0574,0.8426,0.08426,SETTLEMENT,yes,1790466325.5508223
DOGE,KXDOGE15M-26SEP261930-30,1790465280.892608,2026-09-26T23:28:00.892608+00:00,no,10.0,0.9550000000000001,9.55,0.0301,0.4199,0.04199,SETTLEMENT,no,1790465427.781576
DOGE,KXDOGE15M-26SEP261915-15,1790464098.419805,2026-09-26T23:08:18.419805+00:00,yes,10.0,0.9084,9.084,0.0583,0.8577,0.08577,SETTLEMENT,yes,1790464520.798481
DOGE,KXDOGE15M-26SEP261845-45,1790462319.848144,2026-09-26T22:38:39.848144+00:00,no,10.0,0.9403900000000001,9.4039,0.0393,0.5568,0.05567999999999999,SETTLEMENT,no,1790462718.761103
DOGE,KXDOGE15M-26SEP261830-30,1790461462.519054,2026-09-26T22:24:22.519054+00:00,no,10.0,0.9560000000000001,9.56,0.0295,0.4105,0.041049999999999996,SETTLEMENT,no,1790461816.8822699
DOGE,KXDOGE15M-26SEP261745-45,1790458901.958917,2026-09-26T21:41:41.958917+00:00,no,10.0,0.9560000000000001,9.56,0.0295,0.4105,0.041049999999999996,SETTLEMENT,no,1790459122.9355292
DOGE,KXDOGE15M-26SEP261730-30,1790457806.044178,2026-09-26T21:23:26.044178+00:00,yes,10.0,0.958,9.58,0.0282,0.3918,0.03918,SETTLEMENT,yes,1790458215.1341975
DOGE,KXDOGE15M-26SEP261715-15,1790456883.007413,2026-09-26T21:08:03.007413+00:00,yes,10.0,0.9336,9.336,0.0434,0.6206,0.062060000000000004,SETTLEMENT,yes,1790457315.3233452
DOGE,KXDOGE15M-26SEP261645-45,1790455140.575429,2026-09-26T20:39:00.575429+00:00,no,10.0,0.9361,9.361,0.0419,0.5971,0.05971,SETTLEMENT,no,1790455520.623017
DOGE,KXDOGE15M-26SEP261630-30,1790454212.446272,2026-09-26T20:23:32.446272+00:00,no,10.0,0.9115,9.115,0.2315,-4.4465,-0.44465000000000005,HARD_STOP,yes,1790454324.240649
DOGE,KXDOGE15M-26SEP261615-15,1790453283.453793,2026-09-26T20:08:03.453793+00:00,no,10.0,0.8300000000000001,8.3,0.0988,1.6012,0.16011999999999998,SETTLEMENT,no,1790453718.0971916
BNB,KXBNB15M-26SEP300930-30,1790774645.776837,2026-09-30T13:24:05.776837+00:00,no,10.0,0.9560000000000001,9.56,0.0295,0.4105,0.041049999999999996,SETTLEMENT,no,1790775006.44998
BNB,KXBNB15M-26SEP300915-15,1790773752.508127,2026-09-30T13:09:12.508127+00:00,yes,10.0,0.9550000000000001,9.55,0.0301,0.4199,0.04199,SETTLEMENT,yes,1790774106.449721
BNB,KXBNB15M-26SEP300630-30,1790763995.540961,2026-09-30T10:26:35.540961+00:00,yes,10.0,0.96,9.6,0.0269,0.3731,0.037309999999999996,SETTLEMENT,yes,1790764206.449498
BNB,KXBNB15M-26SEP300430-30,1790756558.53037,2026-09-30T08:22:38.530370+00:00,yes,10.0,0.9471,9.471,0.0351,0.4939,0.04939,SETTLEMENT,yes,1790757006.449973
BNB,KXBNB15M-26SEP300345-45,1790753884.57616,2026-09-30T07:38:04.576160+00:00,yes,10.0,0.874,8.74,0.0771,1.1829,0.11829,SETTLEMENT,yes,1790754313.1879263
BNB,KXBNB15M-26SEP300300-00,1790751300.541187,2026-09-30T06:55:00.541187+00:00,no,10.0,0.9585000000000001,9.585,0.0279,0.3871,0.03871,SETTLEMENT,no,1790751614.598745
BNB,KXBNB15M-26SEP300100-00,1790744112.391962,2026-09-30T04:55:12.391962+00:00,no,10.0,0.958,9.58,0.0282,0.3918,0.03918,SETTLEMENT,no,1790744418.7451699
BNB,KXBNB15M-26SEP300030-30,1790742240.671516,2026-09-30T04:24:00.671516+00:00,yes,10.0,0.9570000000000001,9.57,0.0289,0.4011,0.04011,SETTLEMENT,yes,1790742607.9783719
BNB,KXBNB15M-26SEP300000-00,1790740385.861424,2026-09-30T03:53:05.861424+00:00,no,10.0,0.959,9.59,0.0276,0.3824,0.03824,SETTLEMENT,no,1790740812.0723023
BNB,KXBNB15M-26SEP292330-30,1790738584.396627,2026-09-30T03:23:04.396627+00:00,no,10.0,0.9557,9.557,0.0297,0.4133,0.04133,SETTLEMENT,no,1790739006.450593
BNB,KXBNB15M-26SEP292130-30,1790731682.828945,2026-09-30T01:28:02.828945+00:00,no,10.0,0.9560000000000001,9.56,0.0295,0.4105,0.041049999999999996,SETTLEMENT,no,1790732309.6987586
BNB,KXBNB15M-26SEP291900-00,1790722471.779844,2026-09-29T22:54:31.779844+00:00,yes,10.0,0.96,9.6,0.0269,0.3731,0.037309999999999996,SETTLEMENT,yes,1790722806.444294
BNB,KXBNB15M-26SEP291845-45,1790721790.646843,2026-09-29T22:43:10.646843+00:00,yes,10.0,0.8400000000000001,8.4,0.2624,-4.6424,-0.46424000000000004,HARD_STOP,yes,1790721817.81537
BNB,KXBNB15M-26SEP291700-00,1790715321.789035,2026-09-29T20:55:21.789035+00:00,yes,10.0,0.8973000000000001,8.973,0.0645,0.9625,0.09625,SETTLEMENT,yes,1790715626.9026206
BNB,KXBNB15M-26SEP291615-15,1790712401.515352,2026-09-29T20:06:41.515352+00:00,yes,10.0,0.82,8.2,0.2784,-3.4584,-0.34584000000000004,HARD_STOP,yes,1790712690.989078
BNB,KXBNB15M-26SEP291545-45,1790710853.720294,2026-09-29T19:40:53.720294+00:00,no,10.0,0.943,9.43,0.0377,0.5323,0.05323,SETTLEMENT,no,1790711117.5872896
BNB,KXBNB15M-26SEP291515-15,1790708831.698982,2026-09-29T19:07:11.698982+00:00,yes,10.0,0.82,8.2,0.2728,-2.5728,-0.25728,HARD_STOP,yes,1790709271.260718
BNB,KXBNB15M-26SEP291445-45,1790707125.419302,2026-09-29T18:38:45.419302+00:00,yes,10.0,0.9561999999999999,9.562,0.0294,0.4086,0.04086,SETTLEMENT,yes,1790707520.225531
BNB,KXBNB15M-26SEP291400-00,1790704252.457035,2026-09-29T17:50:52.457035+00:00,no,10.0,0.9195,9.195,0.0519,0.7531,0.07531,SETTLEMENT,no,1790704811.8907602
BNB,KXBNB15M-26SEP291330-30,1790702585.237696,2026-09-29T17:23:05.237696+00:00,no,10.0,0.954,9.54,0.0308,0.4292,0.04292,SETTLEMENT,no,1790703019.1047556
BNB,KXBNB15M-26SEP291130-30,1790695451.907579,2026-09-29T15:24:11.907579+00:00,no,10.0,0.942,9.42,0.0383,0.5417,0.054169999999999996,SETTLEMENT,no,1790695806.448127
BNB,KXBNB15M-26SEP291045-45,1790692820.850952,2026-09-29T14:40:20.850952+00:00,yes,10.0,0.9487,9.487,0.0341,0.4789,0.04789,SETTLEMENT,yes,1790693122.3940864
BNB,KXBNB15M-26SEP291000-00,1790690071.634515,2026-09-29T13:54:31.634515+00:00,yes,10.0,0.951,9.51,0.0327,0.4573,0.04573,SETTLEMENT,yes,1790690427.4754078
BNB,KXBNB15M-26SEP290930-30,1790688312.112766,2026-09-29T13:25:12.112766+00:00,yes,10.0,0.9490000000000001,9.49,0.2086,-4.4886,-0.44886,HARD_STOP,yes,1790688349.777838
BNB,KXBNB15M-26SEP290800-00,1790682618.861555,2026-09-29T11:50:18.861555+00:00,yes,10.0,0.9433999999999999,9.434,0.0374,0.5286,0.05286,SETTLEMENT,yes,1790683224.8669772
BNB,KXBNB15M-26SEP290645-45,1790678357.665303,2026-09-29T10:39:17.665303+00:00,no,10.0,0.9369,9.369,0.2153,-4.1843,-0.41843,HARD_STOP,no,1790678432.825316
BNB,KXBNB15M-26SEP290600-00,1790675425.418867,2026-09-29T09:50:25.418867+00:00,yes,10.0,0.9490000000000001,9.49,0.0339,0.4761,0.04761,SETTLEMENT,yes,1790676006.462739
BNB,KXBNB15M-26SEP290530-30,1790674080.661221,2026-09-29T09:28:00.661221+00:00,yes,10.0,0.8400000000000001,8.4,0.2143,-0.8143,-0.08143,HARD_STOP,no,1790674178.418853
BNB,KXBNB15M-26SEP290430-30,1790670078.793163,2026-09-29T08:21:18.793163+00:00,yes,10.0,0.9,9.0,0.063,0.937,0.0937,SETTLEMENT,yes,1790670616.7760415
BNB,KXBNB15M-26SEP290415-15,1790669299.895698,2026-09-29T08:08:19.895698+00:00,no,10.0,0.923,9.23,0.0498,0.7202,0.07202,SETTLEMENT,no,1790669713.0221138
BNB,KXBNB15M-26SEP290400-00,1790668388.604523,2026-09-29T07:53:08.604523+00:00,no,10.0,0.8800000000000001,8.8,0.074,1.126,0.11259999999999999,SETTLEMENT,no,1790668824.2578363
BNB,KXBNB15M-26SEP290315-15,1790665685.405368,2026-09-29T07:08:05.405368+00:00,yes,10.0,0.9532,9.532,0.0313,0.4367,0.04367,SETTLEMENT,yes,1790666111.9819117
BNB,KXBNB15M-26SEP290300-00,1790664723.045094,2026-09-29T06:52:03.045094+00:00,yes,10.0,0.8589499999999999,8.5895,0.0849,1.3256,0.13255999999999998,SETTLEMENT,yes,1790665206.446033
BNB,KXBNB15M-26SEP290245-45,1790663965.548829,2026-09-29T06:39:25.548829+00:00,yes,10.0,0.9,9.0,0.063,0.937,0.0937,SETTLEMENT,yes,1790664319.7348075
BNB,KXBNB15M-26SEP290215-15,1790662141.498195,2026-09-29T06:09:01.498195+00:00,yes,10.0,0.9490000000000001,9.49,0.0339,0.4761,0.04761,SETTLEMENT,yes,1790662506.446217
BNB,KXBNB15M-26SEP290200-00,1790661318.762836,2026-09-29T05:55:18.762836+00:00,yes,10.0,0.96,9.6,0.0269,0.3731,0.037309999999999996,SETTLEMENT,yes,1790661623.848884
BNB,KXBNB15M-26SEP290145-45,1790660426.830546,2026-09-29T05:40:26.830546+00:00,no,10.0,0.86,8.6,0.0843,1.3157,0.13157000000000002,SETTLEMENT,no,1790660706.548088
BNB,KXBNB15M-26SEP290130-30,1790659258.929985,2026-09-29T05:20:58.929985+00:00,yes,10.0,0.940368,9.40368,0.03932,0.557,0.055700000000000006,SETTLEMENT,yes,1790659818.643465
BNB,KXBNB15M-26SEP290100-00,1790657400.849933,2026-09-29T04:50:00.849933+00:00,no,10.0,0.953,9.53,0.0314,0.4386,0.043859999999999996,SETTLEMENT,no,1790658020.5222528
BNB,KXBNB15M-26SEP290045-45,1790656503.021639,2026-09-29T04:35:03.021639+00:00,no,10.0,0.9279999999999999,9.28,0.0468,0.6732,0.06732,SETTLEMENT,no,1790657122.7878306
BNB,KXBNB15M-26SEP290030-30,1790655847.806693,2026-09-29T04:24:07.806693+00:00,yes,10.0,0.959,9.59,0.0276,0.3824,0.03824,SETTLEMENT,yes,1790656224.5460534
BNB,KXBNB15M-26SEP290015-15,1790654899.683949,2026-09-29T04:08:19.683949+00:00,no,10.0,0.96,9.6,0.2013,-4.5013,-0.45013,HARD_STOP,no,1790655071.596196
BNB,KXBNB15M-26SEP290000-00,1790654170.701387,2026-09-29T03:56:10.701387+00:00,no,10.0,0.91225,9.1225,0.056,0.8215,0.08215,SETTLEMENT,no,1790654406.455824
BNB,KXBNB15M-26SEP282330-30,1790652092.145959,2026-09-29T03:21:32.145959+00:00,yes,10.0,0.9423999999999999,9.424,0.038,0.538,0.0538,SETTLEMENT,yes,1790652620.4637072
BNB,KXBNB15M-26SEP282130-30,1790644800.37136,2026-09-29T01:20:00.371360+00:00,no,10.0,0.9416,9.416,0.2135,-4.5295,-0.45294999999999996,HARD_STOP,no,1790644980.787455
BNB,KXBNB15M-26SEP282115-15,1790644120.829303,2026-09-29T01:08:40.829303+00:00,no,10.0,0.9511,9.511,0.0326,0.4564,0.04564,SETTLEMENT,no,1790644519.1033661
BNB,KXBNB15M-26SEP282100-00,1790643005.673915,2026-09-29T00:50:05.673915+00:00,no,10.0,0.96,9.6,0.0269,0.3731,0.037309999999999996,SETTLEMENT,no,1790643618.8872466
BNB,KXBNB15M-26SEP282030-30,1790641323.373235,2026-09-29T00:22:03.373235+00:00,no,10.0,0.9410999999999999,9.411,0.2132,-4.3142,-0.43141999999999997,HARD_STOP,yes,1790641549.895048
BNB,KXBNB15M-26SEP282015-15,1790640575.887104,2026-09-29T00:09:35.887104+00:00,yes,10.0,0.8400000000000001,8.4,0.269,-3.529,-0.3529,HARD_STOP,no,1790640611.286933
BNB,KXBNB15M-26SEP282000-00,1790639970.78318,2026-09-28T23:59:30.783180+00:00,no,10.0,0.82026,8.2026,0.1031,1.6943,0.16943,SETTLEMENT,no,1790640006.453668
BNB,KXBNB15M-26SEP281945-45,1790638576.380273,2026-09-28T23:36:16.380273+00:00,yes,10.0,0.914,9.14,0.0551,0.8049,0.08048999999999999,SETTLEMENT,yes,1790639106.445135
BNB,KXBNB15M-26SEP281930-30,1790637649.543531,2026-09-28T23:20:49.543531+00:00,yes,10.0,0.954,9.54,0.0308,0.4292,0.04292,SETTLEMENT,yes,1790638230.4508805
BNB,KXBNB15M-26SEP281915-15,1790637012.353866,2026-09-28T23:10:12.353866+00:00,no,10.0,0.91455,9.1455,0.0548,0.7997,0.07997,SETTLEMENT,no,1790637323.9701161
BNB,KXBNB15M-26SEP281900-00,1790636113.598747,2026-09-28T22:55:13.598747+00:00,yes,10.0,0.87632,8.7632,0.0759,1.1609,0.11609,SETTLEMENT,yes,1790636418.0110097
BNB,KXBNB15M-26SEP281815-15,1790633185.705559,2026-09-28T22:06:25.705559+00:00,no,10.0,0.9538,9.538,0.0309,0.4311,0.043109999999999996,SETTLEMENT,no,1790633723.3877218
BNB,KXBNB15M-26SEP281800-00,1790632441.479135,2026-09-28T21:54:01.479135+00:00,no,10.0,0.89,8.9,0.0686,1.0314,0.10314000000000001,SETTLEMENT,no,1790632806.446453
BNB,KXBNB15M-26SEP281745-45,1790631601.573853,2026-09-28T21:40:01.573853+00:00,no,10.0,0.9248,9.248,0.0487,0.7033,0.07033,SETTLEMENT,no,1790631910.567362
BNB,KXBNB15M-26SEP281730-30,1790630525.177115,2026-09-28T21:22:05.177115+00:00,no,10.0,0.9426,9.426,0.0379,0.5361,0.053610000000000005,SETTLEMENT,no,1790631006.45632
BNB,KXBNB15M-26SEP281700-00,1790628753.603559,2026-09-28T20:52:33.603559+00:00,no,10.0,0.943,9.43,0.2083,-5.4383,-0.54383,HARD_STOP,yes,1790629023.835614
BNB,KXBNB15M-26SEP281645-45,1790628223.644563,2026-09-28T20:43:43.644563+00:00,no,10.0,0.9499000000000001,9.499,0.0334,0.4676,0.04676,SETTLEMENT,no,1790628321.2574956
BNB,KXBNB15M-26SEP281530-30,1790623456.37657,2026-09-28T19:24:16.376570+00:00,no,10.0,0.9118,9.118,0.0563,0.8257,0.08257,SETTLEMENT,no,1790623812.8880172
BNB,KXBNB15M-26SEP281415-15,1790619121.761463,2026-09-28T18:12:01.761463+00:00,yes,10.0,0.9460000000000001,9.46,0.0358,0.5042,0.05042,SETTLEMENT,yes,1790619324.6483283
BNB,KXBNB15M-26SEP281345-45,1790617324.575677,2026-09-28T17:42:04.575677+00:00,yes,10.0,0.925,9.25,0.0486,0.7014,0.07014000000000001,SETTLEMENT,yes,1790617516.4568493
BNB,KXBNB15M-26SEP281315-15,1790615485.116914,2026-09-28T17:11:25.116914+00:00,no,10.0,0.8400000000000001,8.4,0.2353,-5.8353,-0.58353,HARD_STOP,yes,1790615492.026677
BNB,KXBNB15M-26SEP281245-45,1790613493.534283,2026-09-28T16:38:13.534283+00:00,no,10.0,0.9560000000000001,9.56,0.0295,0.4105,0.041049999999999996,SETTLEMENT,no,1790613906.403488
BNB,KXBNB15M-26SEP281215-15,1790611802.531773,2026-09-28T16:10:02.531773+00:00,yes,10.0,0.9276439999999999,9.27644,0.04706,0.6765,0.06765,SETTLEMENT,yes,1790612106.449184
BNB,KXBNB15M-26SEP280945-45,1790602750.136887,2026-09-28T13:39:10.136887+00:00,yes,10.0,0.9536,9.536,0.031,0.433,0.0433,SETTLEMENT,yes,1790603123.1060221
BNB,KXBNB15M-26SEP280845-45,1790599239.582219,2026-09-28T12:40:39.582219+00:00,no,10.0,0.943,9.43,0.0377,0.5323,0.05323,SETTLEMENT,no,1790599518.133027
BNB,KXBNB15M-26SEP280745-45,1790595579.372761,2026-09-28T11:39:39.372761+00:00,yes,10.0,0.889,8.89,0.0691,1.0409,0.10408999999999999,SETTLEMENT,yes,1790595917.6566422
BNB,KXBNB15M-26SEP280700-00,1790592963.570576,2026-09-28T10:56:03.570576+00:00,no,10.0,0.9560000000000001,9.56,0.0295,0.4105,0.041049999999999996,SETTLEMENT,no,1790593215.8879285
BNB,KXBNB15M-26SEP280545-45,1790588304.429882,2026-09-28T09:38:24.429882+00:00,no,10.0,0.94267,9.4267,0.0379,0.5354,0.05354,SETTLEMENT,no,1790588706.447988
BNB,KXBNB15M-26SEP280500-00,1790585585.443081,2026-09-28T08:53:05.443081+00:00,yes,10.0,0.9576,9.576,0.0285,0.3955,0.03955,SETTLEMENT,yes,1790586006.467554
BNB,KXBNB15M-26SEP280430-30,1790583880.431772,2026-09-28T08:24:40.431772+00:00,no,10.0,0.9410000000000001,9.41,0.0389,0.5511,0.055110000000000006,SETTLEMENT,no,1790584213.9877462
BNB,KXBNB15M-26SEP280400-00,1790582172.324106,2026-09-28T07:56:12.324106+00:00,yes,10.0,0.9539,9.539,0.204,-4.233,-0.42329999999999995,HARD_STOP,yes,1790582289.796327
BNB,KXBNB15M-26SEP280330-30,1790580233.419427,2026-09-28T07:23:53.419427+00:00,no,10.0,0.943,9.43,0.0377,0.5323,0.05323,SETTLEMENT,no,1790580606.404605
BNB,KXBNB15M-26SEP280300-00,1790578511.525679,2026-09-28T06:55:11.525679+00:00,no,10.0,0.943,9.43,0.0377,0.5323,0.05323,SETTLEMENT,no,1790578806.449147
BNB,KXBNB15M-26SEP280230-30,1790576522.380084,2026-09-28T06:22:02.380084+00:00,no,10.0,0.9561,9.561,0.0294,0.4096,0.04096,SETTLEMENT,no,1790577006.479213
BNB,KXBNB15M-26SEP280130-30,1790573008.363578,2026-09-28T05:23:28.363578+00:00,no,10.0,0.9456,9.456,0.036,0.508,0.0508,SETTLEMENT,no,1790573406.480423
BNB,KXBNB15M-26SEP280100-00,1790571297.409826,2026-09-28T04:54:57.409826+00:00,no,10.0,0.96,9.6,0.0269,0.3731,0.037309999999999996,SETTLEMENT,no,1790571620.1481419
BNB,KXBNB15M-26SEP280045-45,1790570478.25926,2026-09-28T04:41:18.259260+00:00,no,10.0,0.9269999999999999,9.27,0.0474,0.6826,0.06826,SETTLEMENT,no,1790570718.2217038
BNB,KXBNB15M-26SEP272330-30,1790565975.396016,2026-09-28T03:26:15.396016+00:00,no,10.0,0.8800000000000001,8.8,0.074,1.126,0.11259999999999999,SETTLEMENT,no,1790566220.4229991
BNB,KXBNB15M-26SEP272300-00,1790564062.462374,2026-09-28T02:54:22.462374+00:00,no,10.0,0.9249,9.249,0.0487,0.7023,0.07023,SETTLEMENT,no,1790564416.0890281
BNB,KXBNB15M-26SEP272245-45,1790563145.621855,2026-09-28T02:39:05.621855+00:00,no,10.0,0.943,9.43,0.0377,0.5323,0.05323,SETTLEMENT,no,1790563513.6872265
BNB,KXBNB15M-26SEP272230-30,1790562181.293741,2026-09-28T02:23:01.293741+00:00,no,10.0,0.9414,9.414,0.2119,-4.1159,-0.41159,HARD_STOP,no,1790562428.6071
BNB,KXBNB15M-26SEP272100-00,1790556962.535061,2026-09-28T00:56:02.535061+00:00,yes,10.0,0.958,9.58,0.1745,-6.7745,-0.67745,HARD_STOP,no,1790557146.04577
BNB,KXBNB15M-26SEP272015-15,1790554233.929151,2026-09-28T00:10:33.929151+00:00,no,10.0,0.8300000000000001,8.3,0.0988,1.6012,0.16011999999999998,SETTLEMENT,no,1790554516.6441236
BNB,KXBNB15M-26SEP271745-45,1790545094.513996,2026-09-27T21:38:14.513996+00:00,no,10.0,0.945,9.45,0.0364,0.5136,0.051359999999999996,SETTLEMENT,no,1790545506.485836
BNB,KXBNB15M-26SEP271715-15,1790543284.929576,2026-09-27T21:08:04.929576+00:00,yes,10.0,0.9128999999999999,9.129,0.0557,0.8153,0.08153,SETTLEMENT,yes,1790543706.448044
BNB,KXBNB15M-26SEP271645-45,1790541541.44765,2026-09-27T20:39:01.447650+00:00,yes,10.0,0.9410000000000001,9.41,0.0389,0.5511,0.055110000000000006,SETTLEMENT,yes,1790541906.496676
BNB,KXBNB15M-26SEP271615-15,1790539881.657373,2026-09-27T20:11:21.657373+00:00,yes,10.0,0.9028,9.028,0.0615,0.9105,0.09104999999999999,SETTLEMENT,yes,1790540109.0937276
BNB,KXBNB15M-26SEP271600-00,1790539082.97538,2026-09-27T19:58:02.975380+00:00,no,10.0,0.9029999999999999,9.03,0.2362,-4.4562,-0.44562,HARD_STOP,no,1790539107.46627
BNB,KXBNB15M-26SEP271545-45,1790538095.31424,2026-09-27T19:41:35.314240+00:00,yes,10.0,0.9400000000000001,9.4,0.0395,0.5605,0.05605,SETTLEMENT,yes,1790538306.480616
BNB,KXBNB15M-26SEP271500-00,1790535503.911795,2026-09-27T18:58:23.911795+00:00,no,10.0,0.9526,9.526,0.0316,0.4424,0.04424,SETTLEMENT,no,1790535606.441511
BNB,KXBNB15M-26SEP271430-30,1790533393.068293,2026-09-27T18:23:13.068293+00:00,yes,10.0,0.9416,9.416,0.0385,0.5455,0.05455,SETTLEMENT,yes,1790533806.456836
BNB,KXBNB15M-26SEP271400-00,1790531594.347791,2026-09-27T17:53:14.347791+00:00,yes,10.0,0.9391999999999999,9.392,0.04,0.568,0.056799999999999996,SETTLEMENT,yes,1790532006.475603
BNB,KXBNB15M-26SEP271345-45,1790530742.687693,2026-09-27T17:39:02.687693+00:00,yes,10.0,0.96,9.6,0.0269,0.3731,0.037309999999999996,SETTLEMENT,yes,1790531106.44452
BNB,KXBNB15M-26SEP271330-30,1790529962.97637,2026-09-27T17:26:02.976370+00:00,yes,10.0,0.89998,8.9998,0.2346,-3.5233,-0.35233,HARD_STOP,no,1790530140.511444
BNB,KXBNB15M-26SEP271130-30,1790522864.577241,2026-09-27T15:27:44.577241+00:00,no,10.0,0.9490000000000001,9.49,0.1989,-5.8889,-0.5888899999999999,HARD_STOP,yes,1790522945.394599
BNB,KXBNB15M-26SEP271000-00,1790517184.122271,2026-09-27T13:53:04.122271+00:00,yes,10.0,0.9470000000000001,9.47,0.0352,0.4948,0.04948,SETTLEMENT,yes,1790517606.450798
BNB,KXBNB15M-26SEP270845-45,1790512680.412631,2026-09-27T12:38:00.412631+00:00,yes,10.0,0.9423,9.423,0.0381,0.5389,0.05389000000000001,SETTLEMENT,yes,1790513106.448112
BNB,KXBNB15M-26SEP270800-00,1790510308.916418,2026-09-27T11:58:28.916418+00:00,yes,10.0,0.9198999999999999,9.199,0.0516,0.7494,0.07493999999999999,SETTLEMENT,yes,1790510412.578984
BNB,KXBNB15M-26SEP270745-45,1790509280.841674,2026-09-27T11:41:20.841674+00:00,yes,10.0,0.933,9.33,0.2171,-4.0471,-0.40471,HARD_STOP,yes,1790509418.481563
BNB,KXBNB15M-26SEP270730-30,1790508242.083941,2026-09-27T11:24:02.083941+00:00,no,10.0,0.9334,9.334,0.0435,0.6225,0.06225000000000001,SETTLEMENT,no,1790508616.8741
BNB,KXBNB15M-26SEP270715-15,1790507333.150456,2026-09-27T11:08:53.150456+00:00,yes,10.0,0.9408,9.408,0.039,0.553,0.0553,SETTLEMENT,yes,1790507706.444216
BNB,KXBNB15M-26SEP270700-00,1790506380.44307,2026-09-27T10:53:00.443070+00:00,no,10.0,0.9242929999999999,9.24293,0.04897,0.7081,0.07081,SETTLEMENT,no,1790506806.447479
BNB,KXBNB15M-26SEP270630-30,1790504832.117304,2026-09-27T10:27:12.117304+00:00,no,10.0,0.908,9.08,0.0585,0.8615,0.08615,SETTLEMENT,no,1790505006.45213
BNB,KXBNB15M-26SEP270600-00,1790502908.379207,2026-09-27T09:55:08.379207+00:00,yes,10.0,0.9256,9.256,0.0483,0.6957,0.06956999999999999,SETTLEMENT,yes,1790503206.445458
BNB,KXBNB15M-26SEP270545-45,1790501896.37941,2026-09-27T09:38:16.379410+00:00,yes,10.0,0.915,9.15,0.0545,0.7955,0.07955,SETTLEMENT,yes,1790502316.5399292
BNB,KXBNB15M-26SEP270530-30,1790501280.481218,2026-09-27T09:28:00.481218+00:00,yes,10.0,0.9563,9.563,0.0293,0.4077,0.04077,SETTLEMENT,yes,1790501418.354796
BNB,KXBNB15M-26SEP270430-30,1790497713.532371,2026-09-27T08:28:33.532371+00:00,yes,10.0,0.959,9.59,0.0276,0.3824,0.03824,SETTLEMENT,yes,1790497806.451325
BNB,KXBNB15M-26SEP270400-00,1790495582.16759,2026-09-27T07:53:02.167590+00:00,yes,10.0,0.9114000000000001,9.114,0.0565,0.8295,0.08295,SETTLEMENT,yes,1790496006.448191
BNB,KXBNB15M-26SEP270345-45,1790494684.23229,2026-09-27T07:38:04.232290+00:00,yes,10.0,0.9454140000000001,9.45414,0.03616,0.5097,0.05097,SETTLEMENT,yes,1790495106.450326
BNB,KXBNB15M-26SEP270330-30,1790493964.402841,2026-09-27T07:26:04.402841+00:00,yes,10.0,0.9464,9.464,0.0356,0.5004,0.050039999999999994,SETTLEMENT,yes,1790494213.1746309
BNB,KXBNB15M-26SEP270315-15,1790492891.68794,2026-09-27T07:08:11.687940+00:00,yes,10.0,0.90507,9.0507,0.0602,0.8891,0.08891,SETTLEMENT,yes,1790493306.481686
BNB,KXBNB15M-26SEP270300-00,1790491980.464281,2026-09-27T06:53:00.464281+00:00,yes,10.0,0.9044000000000001,9.044,0.0606,0.8954,0.08954,SETTLEMENT,yes,1790492406.450836
BNB,KXBNB15M-26SEP270215-15,1790489290.976335,2026-09-27T06:08:10.976335+00:00,yes,10.0,0.956603,9.56603,0.02907,0.4049,0.04049,SETTLEMENT,yes,1790489706.455223
BNB,KXBNB15M-26SEP270130-30,1790486858.04655,2026-09-27T05:27:38.046550+00:00,yes,10.0,0.89,8.9,0.0686,1.0314,0.10314000000000001,SETTLEMENT,yes,1790487018.0245986
BNB,KXBNB15M-26SEP270100-00,1790485080.881104,2026-09-27T04:58:00.881104+00:00,no,10.0,0.9469,9.469,0.0352,0.4958,0.04958,SETTLEMENT,no,1790485218.9780118
BNB,KXBNB15M-26SEP270045-45,1790484081.562434,2026-09-27T04:41:21.562434+00:00,no,10.0,0.9259999999999999,9.26,0.048,0.692,0.0692,SETTLEMENT,no,1790484306.400623
BNB,KXBNB15M-26SEP270030-30,1790483018.418275,2026-09-27T04:23:38.418275+00:00,no,10.0,0.943,9.43,0.0377,0.5323,0.05323,SETTLEMENT,no,1790483407.7060354
BNB,KXBNB15M-26SEP262345-45,1790480419.343003,2026-09-27T03:40:19.343003+00:00,yes,10.0,0.9348000000000001,9.348,0.0426,0.6094,0.06094000000000001,SETTLEMENT,yes,1790480720.0596547
BNB,KXBNB15M-26SEP262330-30,1790479382.769424,2026-09-27T03:23:02.769424+00:00,no,10.0,0.95096,9.5096,0.0327,0.4577,0.04577,SETTLEMENT,no,1790479806.486142
BNB,KXBNB15M-26SEP262315-15,1790478496.939782,2026-09-27T03:08:16.939782+00:00,yes,10.0,0.9279999999999999,9.28,0.2207,-4.1007,-0.41007,HARD_STOP,yes,1790478677.149254
BNB,KXBNB15M-26SEP262245-45,1790476722.608167,2026-09-27T02:38:42.608167+00:00,no,10.0,0.924,9.24,0.0492,0.7108,0.07108,SETTLEMENT,no,1790477121.1898217
BNB,KXBNB15M-26SEP262230-30,1790475901.598439,2026-09-27T02:25:01.598439+00:00,no,10.0,0.9398,9.398,0.0396,0.5624,0.05624,SETTLEMENT,no,1790476224.3141317
BNB,KXBNB15M-26SEP262130-30,1790472244.060522,2026-09-27T01:24:04.060522+00:00,no,10.0,0.943,9.43,0.0377,0.5323,0.05323,SETTLEMENT,no,1790472609.8534892
BNB,KXBNB15M-26SEP262115-15,1790471498.408611,2026-09-27T01:11:38.408611+00:00,yes,10.0,0.945904,9.45904,0.03586,0.5051,0.05051,SETTLEMENT,yes,1790471726.5819454
BNB,KXBNB15M-26SEP262100-00,1790470387.539859,2026-09-27T00:53:07.539859+00:00,no,10.0,0.9412,9.412,0.0388,0.5492,0.054920000000000004,SETTLEMENT,no,1790470806.453649
BNB,KXBNB15M-26SEP262045-45,1790469513.361879,2026-09-27T00:38:33.361879+00:00,yes,10.0,0.9359999999999999,9.36,0.0419,0.5981,0.059809999999999995,SETTLEMENT,yes,1790469906.492893
BNB,KXBNB15M-26SEP262015-15,1790467727.725717,2026-09-27T00:08:47.725717+00:00,no,10.0,0.9560000000000001,9.56,0.0295,0.4105,0.041049999999999996,SETTLEMENT,no,1790468126.471466
BNB,KXBNB15M-26SEP262000-00,1790466898.834418,2026-09-26T23:54:58.834418+00:00,yes,10.0,0.92856,9.2856,0.0465,0.6679,0.06679,SETTLEMENT,yes,1790467206.401138
BNB,KXBNB15M-26SEP261845-45,1790462424.42316,2026-09-26T22:40:24.423160+00:00,no,10.0,0.9581,9.581,0.0282,0.3908,0.03908,SETTLEMENT,no,1790462706.453919
BNB,KXBNB15M-26SEP261830-30,1790461403.740597,2026-09-26T22:23:23.740597+00:00,no,10.0,0.88275,8.8275,0.2469,-4.3644,-0.43644,HARD_STOP,no,1790461686.36057
BNB,KXBNB15M-26SEP261815-15,1790460487.136918,2026-09-26T22:08:07.136918+00:00,yes,10.0,0.96,9.6,0.0269,0.3731,0.037309999999999996,SETTLEMENT,yes,1790460906.452754
BNB,KXBNB15M-26SEP261745-45,1790458682.164052,2026-09-26T21:38:02.164052+00:00,yes,10.0,0.9469,9.469,0.0352,0.4958,0.04958,SETTLEMENT,yes,1790459118.1154118
BNB,KXBNB15M-26SEP261730-30,1790457876.562633,2026-09-26T21:24:36.562633+00:00,yes,10.0,0.9259000000000001,9.259,0.0481,0.6929,0.06928999999999999,SETTLEMENT,yes,1790458229.3357978
BNB,KXBNB15M-26SEP261445-45,1790447912.451355,2026-09-26T18:38:32.451355+00:00,no,10.0,0.9169,9.169,0.0534,0.7776,0.07776,SETTLEMENT,no,1790448306.446533
BNB,KXBNB15M-26SEP261430-30,1790447041.914121,2026-09-26T18:24:01.914121+00:00,no,10.0,0.942,9.42,0.0383,0.5417,0.054169999999999996,SETTLEMENT,no,1790447415.6759849
BNB,KXBNB15M-26SEP261345-45,1790444280.94449,2026-09-26T17:38:00.944490+00:00,no,10.0,0.9284000000000001,9.284,0.0466,0.6694,0.06694,SETTLEMENT,no,1790444719.8473802
BNB,KXBNB15M-26SEP261330-30,1790443385.127699,2026-09-26T17:23:05.127699+00:00,no,10.0,0.914,9.14,0.0551,0.8049,0.08048999999999999,SETTLEMENT,no,1790443822.1060696
BNB,KXBNB15M-26SEP261315-15,1790442485.183257,2026-09-26T17:08:05.183257+00:00,no,10.0,0.9560000000000001,9.56,0.0295,0.4105,0.041049999999999996,SETTLEMENT,no,1790442916.1720755
BNB,KXBNB15M-26SEP261300-00,1790441880.47762,2026-09-26T16:58:00.477620+00:00,yes,10.0,0.9255000000000001,9.255,0.0483,0.6967,0.06967,SETTLEMENT,yes,1790442030.965676
BNB,KXBNB15M-26SEP261245-45,1790440722.70111,2026-09-26T16:38:42.701110+00:00,yes,10.0,0.9490000000000001,9.49,0.0339,0.4761,0.04761,SETTLEMENT,yes,1790441124.4942207
BNB,KXBNB15M-26SEP261230-30,1790439915.498267,2026-09-26T16:25:15.498267+00:00,no,10.0,0.9,9.0,0.063,0.937,0.0937,SETTLEMENT,no,1790440206.45339
BNB,KXBNB15M-26SEP261145-45,1790437383.876618,2026-09-26T15:43:03.876618+00:00,yes,10.0,0.96,9.6,0.2013,-4.5013,-0.45013,HARD_STOP,yes,1790437450.889547
BNB,KXBNB15M-26SEP261115-15,1790435312.760979,2026-09-26T15:08:32.760979+00:00,yes,10.0,0.89,8.9,0.0686,1.0314,0.10314000000000001,SETTLEMENT,yes,1790435726.5224495
BNB,KXBNB15M-26SEP261100-00,1790434383.329548,2026-09-26T14:53:03.329548+00:00,yes,10.0,0.9381999999999999,9.382,0.0406,0.5774,0.05774,SETTLEMENT,yes,1790434806.450732
BNB,KXBNB15M-26SEP261045-45,1790433482.7114,2026-09-26T14:38:02.711400+00:00,yes,10.0,0.9103999999999999,9.104,0.0572,0.8388,0.08388,SETTLEMENT,yes,1790433906.446609
BNB,KXBNB15M-26SEP261000-00,1790430977.685031,2026-09-26T13:56:17.685031+00:00,yes,10.0,0.96,9.6,0.0269,0.3731,0.037309999999999996,SETTLEMENT,yes,1790431217.4897559
BNB,KXBNB15M-26SEP260915-15,1790428264.477448,2026-09-26T13:11:04.477448+00:00,no,10.0,0.8699999999999999,8.7,0.0792,1.2208,0.12208000000000001,SETTLEMENT,no,1790428506.475769
BNB,KXBNB15M-26SEP260845-45,1790426421.544736,2026-09-26T12:40:21.544736+00:00,no,10.0,0.9,9.0,0.063,0.937,0.0937,SETTLEMENT,no,1790426706.456143
BNB,KXBNB15M-26SEP260800-00,1790423700.557739,2026-09-26T11:55:00.557739+00:00,no,10.0,0.9381999999999999,9.382,0.0406,0.5774,0.05774,SETTLEMENT,no,1790424028.5682967
BNB,KXBNB15M-26SEP260715-15,1790420949.572304,2026-09-26T11:09:09.572304+00:00,yes,10.0,0.9085000000000001,9.085,0.0582,0.8568,0.08568,SETTLEMENT,yes,1790421322.2925274
BNB,KXBNB15M-26SEP260700-00,1790419984.484244,2026-09-26T10:53:04.484244+00:00,yes,10.0,0.96,9.6,0.0269,0.3731,0.037309999999999996,SETTLEMENT,yes,1790420406.467518
BNB,KXBNB15M-26SEP260645-45,1790419436.440052,2026-09-26T10:43:56.440052+00:00,no,10.0,0.8699999999999999,8.7,0.2363,-2.3363,-0.23363,HARD_STOP,no,1790419439.785443
BNB,KXBNB15M-26SEP260530-30,1790414700.442629,2026-09-26T09:25:00.442629+00:00,no,10.0,0.959,9.59,0.0276,0.3824,0.03824,SETTLEMENT,no,1790415016.0707521
BNB,KXBNB15M-26SEP260515-15,1790413833.365965,2026-09-26T09:10:33.365965+00:00,no,10.0,0.9115,9.115,0.0565,0.8285,0.08285000000000001,SETTLEMENT,no,1790414120.1013582
BNB,KXBNB15M-26SEP260430-30,1790411256.440422,2026-09-26T08:27:36.440422+00:00,yes,10.0,0.9029999999999999,9.03,0.0614,0.9086,0.09086,SETTLEMENT,yes,1790411406.468814
BNB,KXBNB15M-26SEP260315-15,1790406566.509285,2026-09-26T07:09:26.509285+00:00,yes,10.0,0.9470000000000001,9.47,0.0352,0.4948,0.04948,SETTLEMENT,yes,1790406919.2938209
BNB,KXBNB15M-26SEP260300-00,1790405925.38862,2026-09-26T06:58:45.388620+00:00,no,10.0,0.9550000000000001,9.55,0.0301,0.4199,0.04199,SETTLEMENT,no,1790406006.454378
BNB,KXBNB15M-26SEP260230-30,1790404031.439933,2026-09-26T06:27:11.439933+00:00,no,10.0,0.9053000000000001,9.053,0.0601,0.8869,0.08869,SETTLEMENT,no,1790404206.447691
BNB,KXBNB15M-26SEP260215-15,1790403154.362024,2026-09-26T06:12:34.362024+00:00,no,10.0,0.943,9.43,0.0377,0.5323,0.05323,SETTLEMENT,no,1790403316.1873248
BNB,KXBNB15M-26SEP260200-00,1790401985.892865,2026-09-26T05:53:05.892865+00:00,no,10.0,0.9086000000000001,9.086,0.0582,0.8558,0.08558,SETTLEMENT,no,1790402425.2392552
BNB,KXBNB15M-26SEP260130-30,1790400436.384961,2026-09-26T05:27:16.384961+00:00,no,10.0,0.89,8.9,0.0686,1.0314,0.10314000000000001,SETTLEMENT,no,1790400622.854763
BNB,KXBNB15M-26SEP260115-15,1790399447.756894,2026-09-26T05:10:47.756894+00:00,no,10.0,0.9369999999999999,9.37,0.0414,0.5886,0.05886,SETTLEMENT,no,1790399731.2450414
BNB,KXBNB15M-26SEP260100-00,1790398669.49286,2026-09-26T04:57:49.492860+00:00,yes,10.0,0.9372999999999999,9.373,0.0412,0.5858,0.05858,SETTLEMENT,yes,1790398818.2339342
BNB,KXBNB15M-26SEP260015-15,1790395708.680901,2026-09-26T04:08:28.680901+00:00,yes,10.0,0.8699999999999999,8.7,0.2316,-2.1316,-0.21316000000000002,HARD_STOP,yes,1790395942.098415
BNB,KXBNB15M-26SEP260000-00,1790394785.589974,2026-09-26T03:53:05.589974+00:00,no,10.0,0.89,8.9,0.0686,1.0314,0.10314000000000001,SETTLEMENT,no,1790395214.7206788
BNB,KXBNB15M-26SEP252345-45,1790394199.725754,2026-09-26T03:43:19.725754+00:00,no,10.0,0.9324999999999999,9.325,0.0441,0.6309,0.06309000000000001,SETTLEMENT,no,1790394309.2631361
BNB,KXBNB15M-26SEP252330-30,1790393193.424522,2026-09-26T03:26:33.424522+00:00,yes,10.0,0.9490000000000001,9.49,0.0339,0.4761,0.04761,SETTLEMENT,yes,1790393414.0308316
BNB,KXBNB15M-26SEP252315-15,1790392281.051737,2026-09-26T03:11:21.051737+00:00,no,10.0,0.9249,9.249,0.0487,0.7023,0.07023,SETTLEMENT,no,1790392506.455653
BNB,KXBNB15M-26SEP252300-00,1790391248.582844,2026-09-26T02:54:08.582844+00:00,no,10.0,0.89,8.9,0.0686,1.0314,0.10314000000000001,SETTLEMENT,no,1790391618.5871377
BNB,KXBNB15M-26SEP252245-45,1790390366.453857,2026-09-26T02:39:26.453857+00:00,no,10.0,0.931,9.31,0.045,0.645,0.0645,SETTLEMENT,no,1790390718.7283893
BNB,KXBNB15M-26SEP252200-00,1790387726.982495,2026-09-26T01:55:26.982495+00:00,no,10.0,0.8099999999999999,8.1,0.1078,1.7922,0.17922,SETTLEMENT,no,1790388006.451443
BNB,KXBNB15M-26SEP252145-45,1790386687.350648,2026-09-26T01:38:07.350648+00:00,yes,10.0,0.9423,9.423,0.0381,0.5389,0.05389000000000001,SETTLEMENT,yes,1790387115.6154468
BNB,KXBNB15M-26SEP252130-30,1790386115.32256,2026-09-26T01:28:35.322560+00:00,no,10.0,0.85,8.5,0.2586,-2.8583,-0.28583,HARD_STOP,no,1790386129.761291
HYPE,KXHYPE15M-26SEP301300-00,1790787060.507955,2026-09-30T16:51:00.507955+00:00,yes,10.0,0.945,9.45,0.2108,-4.9608,-0.49607999999999997,HARD_STOP,yes,1790787391.83116
HYPE,KXHYPE15M-26SEP300700-00,1790765765.791371,2026-09-30T10:56:05.791371+00:00,yes,10.0,0.96,9.6,0.0269,0.3731,0.037309999999999996,SETTLEMENT,yes,1790766006.445679
HYPE,KXHYPE15M-26SEP300630-30,1790764057.608002,2026-09-30T10:27:37.608002+00:00,yes,10.0,0.9189999999999999,9.19,0.0522,0.7578,0.07578,SETTLEMENT,yes,1790764206.454745
HYPE,KXHYPE15M-26SEP300200-00,1790747700.442751,2026-09-30T05:55:00.442751+00:00,no,10.0,0.9334,9.334,0.0436,0.6224,0.06224,SETTLEMENT,no,1790748006.475711
HYPE,KXHYPE15M-26SEP300115-15,1790745136.429409,2026-09-30T05:12:16.429409+00:00,yes,10.0,0.9570000000000001,9.57,0.0289,0.4011,0.04011,SETTLEMENT,yes,1790745306.488178
HYPE,KXHYPE15M-26SEP300030-30,1790742330.914047,2026-09-30T04:25:30.914047+00:00,yes,10.0,0.9189999999999999,9.19,0.0522,0.7578,0.07578,SETTLEMENT,yes,1790742619.2050574
HYPE,KXHYPE15M-26SEP292330-30,1790738616.826072,2026-09-30T03:23:36.826072+00:00,no,10.0,0.9422,9.422,0.038,0.54,0.054000000000000006,SETTLEMENT,no,1790739013.5252333
HYPE,KXHYPE15M-26SEP292300-00,1790736977.818239,2026-09-30T02:56:17.818239+00:00,no,10.0,0.8,8.0,0.112,1.888,0.1888,SETTLEMENT,no,1790737206.453591
HYPE,KXHYPE15M-26SEP292215-15,1790734080.904714,2026-09-30T02:08:00.904714+00:00,yes,10.0,0.9449,9.449,0.2109,-4.9599,-0.49599000000000004,HARD_STOP,no,1790734152.972589
HYPE,KXHYPE15M-26SEP292130-30,1790731487.760402,2026-09-30T01:24:47.760402+00:00,yes,10.0,0.8869999999999999,8.87,0.243,-3.543,-0.3543,HARD_STOP,no,1790731642.608361
HYPE,KXHYPE15M-26SEP292045-45,1790728832.393905,2026-09-30T00:40:32.393905+00:00,yes,10.0,0.9522999999999999,9.523,0.0318,0.4452,0.04452,SETTLEMENT,yes,1790729119.7022593
HYPE,KXHYPE15M-26SEP291930-30,1790724181.995128,2026-09-29T23:23:01.995128+00:00,no,10.0,0.953,9.53,0.0314,0.4386,0.043859999999999996,SETTLEMENT,no,1790724621.8006296
HYPE,KXHYPE15M-26SEP291915-15,1790723288.984266,2026-09-29T23:08:08.984266+00:00,yes,10.0,0.93,9.3,0.2122,-3.4122,-0.34121999999999997,HARD_STOP,yes,1790723333.784007
HYPE,KXHYPE15M-26SEP291900-00,1790722703.590435,2026-09-29T22:58:23.590435+00:00,no,10.0,0.9470000000000001,9.47,0.0352,0.4948,0.04948,SETTLEMENT,no,1790722821.0551279
HYPE,KXHYPE15M-26SEP291845-45,1790721455.973694,2026-09-29T22:37:35.973694+00:00,yes,10.0,0.82,8.2,0.1034,1.6966,0.16966,SETTLEMENT,yes,1790721916.7964177
HYPE,KXHYPE15M-26SEP291815-15,1790719787.703351,2026-09-29T22:09:47.703351+00:00,yes,10.0,0.959,9.59,0.0276,0.3824,0.03824,SETTLEMENT,yes,1790720106.448527
HYPE,KXHYPE15M-26SEP291730-30,1790716836.863057,2026-09-29T21:20:36.863057+00:00,no,10.0,0.9321999999999999,9.322,0.0443,0.6337,0.06337000000000001,SETTLEMENT,no,1790717406.397513
HYPE,KXHYPE15M-26SEP291700-00,1790715316.996567,2026-09-29T20:55:16.996567+00:00,yes,10.0,0.916,9.16,0.0539,0.7861,0.07861,SETTLEMENT,yes,1790715624.1547928
HYPE,KXHYPE15M-26SEP291600-00,1790711605.104288,2026-09-29T19:53:25.104288+00:00,no,10.0,0.9359999999999999,9.36,0.042,0.598,0.0598,SETTLEMENT,no,1790712023.2714047
HYPE,KXHYPE15M-26SEP291545-45,1790710663.526896,2026-09-29T19:37:43.526896+00:00,no,10.0,0.9377000000000001,9.377,0.0409,0.5821,0.05821,SETTLEMENT,no,1790711106.484847
HYPE,KXHYPE15M-26SEP291515-15,1790708708.723799,2026-09-29T19:05:08.723799+00:00,yes,10.0,0.844,8.44,0.2661,-3.3061,-0.33060999999999996,HARD_STOP,no,1790708757.234893
HYPE,KXHYPE15M-26SEP291445-45,1790707153.395037,2026-09-29T18:39:13.395037+00:00,yes,10.0,0.96,9.6,0.0269,0.3731,0.037309999999999996,SETTLEMENT,yes,1790707506.475857
HYPE,KXHYPE15M-26SEP291430-30,1790706283.711408,2026-09-29T18:24:43.711408+00:00,yes,10.0,0.9550000000000001,9.55,0.0301,0.4199,0.04199,SETTLEMENT,yes,1790706612.5809698
HYPE,KXHYPE15M-26SEP291400-00,1790704200.862869,2026-09-29T17:50:00.862869+00:00,no,10.0,0.959,9.59,0.0276,0.3824,0.03824,SETTLEMENT,no,1790704815.9433968
HYPE,KXHYPE15M-26SEP291330-30,1790702481.26999,2026-09-29T17:21:21.269990+00:00,no,10.0,0.9103999999999999,9.104,0.0571,0.8389,0.08388999999999999,SETTLEMENT,no,1790703013.307516
HYPE,KXHYPE15M-26SEP291230-30,1790698837.889088,2026-09-29T16:20:37.889088+00:00,yes,10.0,0.96,9.6,0.0269,0.3731,0.037309999999999996,SETTLEMENT,yes,1790699406.446983
HYPE,KXHYPE15M-26SEP291115-15,1790694301.078975,2026-09-29T15:05:01.078975+00:00,no,10.0,0.9548,9.548,0.0302,0.4218,0.04218,SETTLEMENT,no,1790694912.9123416
HYPE,KXHYPE15M-26SEP291100-00,1790693462.30978,2026-09-29T14:51:02.309780+00:00,no,10.0,0.9411440000000001,9.41144,0.03886,0.5497,0.05497,SETTLEMENT,no,1790694015.0955997
HYPE,KXHYPE15M-26SEP291015-15,1790690796.314409,2026-09-29T14:06:36.314409+00:00,no,10.0,0.9378,9.378,0.0409,0.5811,0.058109999999999995,SETTLEMENT,no,1790691308.891989
HYPE,KXHYPE15M-26SEP290930-30,1790688186.252396,2026-09-29T13:23:06.252396+00:00,yes,10.0,0.9,9.0,0.228,-3.028,-0.3028,HARD_STOP,yes,1790688403.861866
HYPE,KXHYPE15M-26SEP290900-00,1790686609.449332,2026-09-29T12:56:49.449332+00:00,no,10.0,0.944,9.44,0.0371,0.5229,0.05229,SETTLEMENT,no,1790686806.400135
HYPE,KXHYPE15M-26SEP290845-45,1790685519.078586,2026-09-29T12:38:39.078586+00:00,yes,10.0,0.945532,9.45532,0.20858,-4.0639,-0.40639000000000003,HARD_STOP,no,1790685683.532624
HYPE,KXHYPE15M-26SEP290800-00,1790682615.741591,2026-09-29T11:50:15.741591+00:00,yes,10.0,0.9388,9.388,0.0403,0.5717,0.05717,SETTLEMENT,yes,1790683212.2040668
HYPE,KXHYPE15M-26SEP290745-45,1790681796.616717,2026-09-29T11:36:36.616717+00:00,yes,10.0,0.959,9.59,0.0276,0.3824,0.03824,SETTLEMENT,yes,1790682306.498385
HYPE,KXHYPE15M-26SEP290630-30,1790677200.526749,2026-09-29T10:20:00.526749+00:00,no,10.0,0.9554,9.554,0.0299,0.4161,0.04161,SETTLEMENT,no,1790677815.0294535
HYPE,KXHYPE15M-26SEP290600-00,1790675400.795818,2026-09-29T09:50:00.795818+00:00,yes,10.0,0.958,9.58,0.0282,0.3918,0.03918,SETTLEMENT,yes,1790676006.449803
HYPE,KXHYPE15M-26SEP290530-30,1790673900.691078,2026-09-29T09:25:00.691078+00:00,yes,10.0,0.9,9.0,0.063,0.937,0.0937,SETTLEMENT,yes,1790674206.44869
HYPE,KXHYPE15M-26SEP290515-15,1790672974.625372,2026-09-29T09:09:34.625372+00:00,no,10.0,0.9490000000000001,9.49,0.0339,0.4761,0.04761,SETTLEMENT,no,1790673306.447906
HYPE,KXHYPE15M-26SEP290315-15,1790665550.566837,2026-09-29T07:05:50.566837+00:00,yes,10.0,0.9326000000000001,9.326,0.044,0.63,0.063,SETTLEMENT,yes,1790666106.449002
HYPE,KXHYPE15M-26SEP290300-00,1790664846.248273,2026-09-29T06:54:06.248273+00:00,yes,10.0,0.9598000000000001,9.598,0.0271,0.3749,0.03749,SETTLEMENT,yes,1790665220.3138757
HYPE,KXHYPE15M-26SEP290215-15,1790662036.500659,2026-09-29T06:07:16.500659+00:00,yes,10.0,0.923754,9.23754,0.04936,0.7131,0.07131,SETTLEMENT,yes,1790662520.5711381
HYPE,KXHYPE15M-26SEP290130-30,1790659391.745054,2026-09-29T05:23:11.745054+00:00,yes,10.0,0.9490000000000001,9.49,0.0339,0.4761,0.04761,SETTLEMENT,yes,1790659806.479924
HYPE,KXHYPE15M-26SEP290115-15,1790658479.541034,2026-09-29T05:07:59.541034+00:00,no,10.0,0.9436,9.436,0.2123,-4.5383,-0.45382999999999996,HARD_STOP,yes,1790658674.769704
HYPE,KXHYPE15M-26SEP290100-00,1790657420.556426,2026-09-29T04:50:20.556426+00:00,no,10.0,0.9342,9.342,0.0431,0.6149,0.06149,SETTLEMENT,no,1790658008.5062416
HYPE,KXHYPE15M-26SEP290045-45,1790656500.461967,2026-09-29T04:35:00.461967+00:00,no,10.0,0.9221,9.221,0.0502,0.7288,0.07288,SETTLEMENT,no,1790657116.0510406
HYPE,KXHYPE15M-26SEP290030-30,1790655607.496002,2026-09-29T04:20:07.496002+00:00,yes,10.0,0.9,9.0,0.063,0.937,0.0937,SETTLEMENT,yes,1790656220.8055308
HYPE,KXHYPE15M-26SEP282330-30,1790652066.193847,2026-09-29T03:21:06.193847+00:00,yes,10.0,0.9327,9.327,0.044,0.629,0.0629,SETTLEMENT,yes,1790652614.7121294
HYPE,KXHYPE15M-26SEP282130-30,1790645041.916763,2026-09-29T01:24:01.916763+00:00,no,10.0,0.923349,9.23349,0.04951,0.717,0.0717,SETTLEMENT,no,1790645412.6301677
HYPE,KXHYPE15M-26SEP282115-15,1790644030.949205,2026-09-29T01:07:10.949205+00:00,no,10.0,0.8,8.0,0.112,1.888,0.1888,SETTLEMENT,no,1790644514.2449067
HYPE,KXHYPE15M-26SEP282015-15,1790640503.514529,2026-09-29T00:08:23.514529+00:00,no,10.0,0.9387000000000001,9.387,0.0403,0.5727,0.05727,SETTLEMENT,no,1790640906.446164
HYPE,KXHYPE15M-26SEP281945-45,1790638684.436659,2026-09-28T23:38:04.436659+00:00,no,10.0,0.9259000000000001,9.259,0.2229,-4.3719,-0.43719,HARD_STOP,no,1790638888.812212
HYPE,KXHYPE15M-26SEP281930-30,1790637740.616591,2026-09-28T23:22:20.616591+00:00,yes,10.0,0.9324999999999999,9.325,0.0441,0.6309,0.06309000000000001,SETTLEMENT,yes,1790638206.448752
HYPE,KXHYPE15M-26SEP281915-15,1790636700.33828,2026-09-28T23:05:00.338280+00:00,yes,10.0,0.9511,9.511,0.2072,-4.5407,-0.45407000000000003,HARD_STOP,yes,1790637245.705293
HYPE,KXHYPE15M-26SEP281830-30,1790634487.408325,2026-09-28T22:28:07.408325+00:00,yes,10.0,0.96,9.6,0.0269,0.3731,0.037309999999999996,SETTLEMENT,yes,1790634616.9520717
HYPE,KXHYPE15M-26SEP281815-15,1790633131.76887,2026-09-28T22:05:31.768870+00:00,no,10.0,0.9046,9.046,0.0604,0.8936,0.08936,SETTLEMENT,no,1790633724.3577976
HYPE,KXHYPE15M-26SEP281800-00,1790632450.879886,2026-09-28T21:54:10.879886+00:00,no,10.0,0.9087,9.087,0.0581,0.8549,0.08549,SETTLEMENT,no,1790632806.445943
HYPE,KXHYPE15M-26SEP281645-45,1790628145.394148,2026-09-28T20:42:25.394148+00:00,no,10.0,0.9350970000000001,9.35097,0.04253,0.6065,0.06065,SETTLEMENT,no,1790628317.4515476
HYPE,KXHYPE15M-26SEP281615-15,1790626085.101292,2026-09-28T20:08:05.101292+00:00,yes,10.0,0.9459,9.459,0.0358,0.5052,0.050519999999999995,SETTLEMENT,yes,1790626521.1004887
HYPE,KXHYPE15M-26SEP281600-00,1790625185.282541,2026-09-28T19:53:05.282541+00:00,yes,10.0,0.9574,9.574,0.203,-4.477,-0.44770000000000004,HARD_STOP,no,1790625491.474476
HYPE,KXHYPE15M-26SEP281545-45,1790624376.818116,2026-09-28T19:39:36.818116+00:00,no,10.0,0.9410000000000001,9.41,0.0389,0.5511,0.055110000000000006,SETTLEMENT,no,1790624711.736284
HYPE,KXHYPE15M-26SEP281530-30,1790623320.402779,2026-09-28T19:22:00.402779+00:00,no,10.0,0.96,9.6,0.0269,0.3731,0.037309999999999996,SETTLEMENT,no,1790623819.290476
HYPE,KXHYPE15M-26SEP281500-00,1790621546.428325,2026-09-28T18:52:26.428325+00:00,yes,10.0,0.945,9.45,0.0364,0.5136,0.051359999999999996,SETTLEMENT,yes,1790622014.520593
HYPE,KXHYPE15M-26SEP281445-45,1790620743.044966,2026-09-28T18:39:03.044966+00:00,no,10.0,0.9238,9.238,0.0493,0.7127,0.07127,SETTLEMENT,no,1790621106.449933
HYPE,KXHYPE15M-26SEP281430-30,1790619740.80577,2026-09-28T18:22:20.805770+00:00,no,10.0,0.96,9.6,0.0269,0.3731,0.037309999999999996,SETTLEMENT,no,1790620219.0906832
HYPE,KXHYPE15M-26SEP281400-00,1790617923.073199,2026-09-28T17:52:03.073199+00:00,no,10.0,0.9490000000000001,9.49,0.0339,0.4761,0.04761,SETTLEMENT,no,1790618417.7056751
HYPE,KXHYPE15M-26SEP281345-45,1790617235.674544,2026-09-28T17:40:35.674544+00:00,no,10.0,0.9324,9.324,0.0442,0.6318,0.06318,SETTLEMENT,no,1790617506.454328
HYPE,KXHYPE15M-26SEP281315-15,1790615509.033476,2026-09-28T17:11:49.033476+00:00,yes,10.0,0.930917,9.30917,0.04503,0.6458,0.06458,SETTLEMENT,yes,1790615706.455213
HYPE,KXHYPE15M-26SEP281200-00,1790610873.315177,2026-09-28T15:54:33.315177+00:00,yes,10.0,0.914,9.14,0.0551,0.8049,0.08048999999999999,SETTLEMENT,yes,1790611220.9514873
HYPE,KXHYPE15M-26SEP281145-45,1790610186.202399,2026-09-28T15:43:06.202399+00:00,no,10.0,0.95,9.5,0.0333,0.4667,0.04667,SETTLEMENT,no,1790610314.4417784
HYPE,KXHYPE15M-26SEP280900-00,1790599975.158537,2026-09-28T12:52:55.158537+00:00,yes,10.0,0.9570000000000001,9.57,0.0289,0.4011,0.04011,SETTLEMENT,yes,1790600429.0851269
HYPE,KXHYPE15M-26SEP280815-15,1790597265.571787,2026-09-28T12:07:45.571787+00:00,yes,10.0,0.9349999999999999,9.35,0.0426,0.6074,0.06074,SETTLEMENT,yes,1790597706.456406
HYPE,KXHYPE15M-26SEP280730-30,1790594575.442138,2026-09-28T11:22:55.442138+00:00,yes,10.0,0.958,9.58,0.0282,0.3918,0.03918,SETTLEMENT,yes,1790595015.0431135
HYPE,KXHYPE15M-26SEP280700-00,1790592907.469991,2026-09-28T10:55:07.469991+00:00,no,10.0,0.9400000000000001,9.4,0.0395,0.5605,0.05605,SETTLEMENT,no,1790593217.2708085
HYPE,KXHYPE15M-26SEP280630-30,1790591052.552534,2026-09-28T10:24:12.552534+00:00,yes,10.0,0.9263999999999999,9.264,0.0478,0.6882,0.06882,SETTLEMENT,yes,1790591409.7013829
HYPE,KXHYPE15M-26SEP280615-15,1790590108.327773,2026-09-28T10:08:28.327773+00:00,yes,10.0,0.9591,9.591,0.1635,-2.3945,-0.23945,HARD_STOP,yes,1790590176.631602
HYPE,KXHYPE15M-26SEP280330-30,1790580346.62812,2026-09-28T07:25:46.628120+00:00,yes,10.0,0.958,9.58,0.1998,-4.0798,-0.40797999999999995,HARD_STOP,yes,1790580441.735313
HYPE,KXHYPE15M-26SEP280300-00,1790578320.201206,2026-09-28T06:52:00.201206+00:00,no,10.0,0.96,9.6,0.0269,0.3731,0.037309999999999996,SETTLEMENT,no,1790578806.448839
HYPE,KXHYPE15M-26SEP280130-30,1790572995.505438,2026-09-28T05:23:15.505438+00:00,no,10.0,0.9259999999999999,9.26,0.048,0.692,0.0692,SETTLEMENT,no,1790573416.468871
HYPE,KXHYPE15M-26SEP280115-15,1790572213.801217,2026-09-28T05:10:13.801217+00:00,no,10.0,0.96,9.6,0.0269,0.3731,0.037309999999999996,SETTLEMENT,no,1790572506.454965
HYPE,KXHYPE15M-26SEP280100-00,1790571291.655021,2026-09-28T04:54:51.655021+00:00,no,10.0,0.9455,9.455,0.2105,-4.3555,-0.43555,HARD_STOP,no,1790571522.759365
HYPE,KXHYPE15M-26SEP280045-45,1790570583.359177,2026-09-28T04:43:03.359177+00:00,yes,10.0,0.9390000000000001,9.39,0.0401,0.5699,0.05699,SETTLEMENT,yes,1790570706.454785
HYPE,KXHYPE15M-26SEP280015-15,1790568679.161199,2026-09-28T04:11:19.161199+00:00,yes,10.0,0.96,9.6,0.0269,0.3731,0.037309999999999996,SETTLEMENT,yes,1790568907.101597
HYPE,KXHYPE15M-26SEP272300-00,1790564280.447052,2026-09-28T02:58:00.447052+00:00,no,10.0,0.96,9.6,0.0269,0.3731,0.037309999999999996,SETTLEMENT,no,1790564406.48904
HYPE,KXHYPE15M-26SEP272230-30,1790562300.493687,2026-09-28T02:25:00.493687+00:00,yes,10.0,0.8939999999999999,8.94,0.0664,0.9936,0.09936,SETTLEMENT,yes,1790562618.271863
HYPE,KXHYPE15M-26SEP271900-00,1790549583.309518,2026-09-27T22:53:03.309518+00:00,yes,10.0,0.9359999999999999,9.36,0.042,0.598,0.0598,SETTLEMENT,yes,1790550018.5053058
HYPE,KXHYPE15M-26SEP271800-00,1790546313.98364,2026-09-27T21:58:33.983640+00:00,yes,10.0,0.946264,9.46264,0.03566,0.5017,0.050170000000000006,SETTLEMENT,yes,1790546430.7520306
HYPE,KXHYPE15M-26SEP271745-45,1790545082.442808,2026-09-27T21:38:02.442808+00:00,no,10.0,0.9583999999999999,9.584,0.028,0.388,0.0388,SETTLEMENT,no,1790545506.486182
HYPE,KXHYPE15M-26SEP271615-15,1790539834.489566,2026-09-27T20:10:34.489566+00:00,yes,10.0,0.96,9.6,0.0269,0.3731,0.037309999999999996,SETTLEMENT,yes,1790540106.485543
HYPE,KXHYPE15M-26SEP271430-30,1790533381.165592,2026-09-27T18:23:01.165592+00:00,yes,10.0,0.9153,9.153,0.2287,-4.0738,-0.40738,HARD_STOP,yes,1790533444.895777
HYPE,KXHYPE15M-26SEP271400-00,1790531622.982744,2026-09-27T17:53:42.982744+00:00,yes,10.0,0.9269000000000001,9.269,0.0474,0.6836,0.06836,SETTLEMENT,yes,1790532020.7687411
HYPE,KXHYPE15M-26SEP271345-45,1790530760.388474,2026-09-27T17:39:20.388474+00:00,yes,10.0,0.9550000000000001,9.55,0.0301,0.4199,0.04199,SETTLEMENT,yes,1790531106.445311
HYPE,KXHYPE15M-26SEP271330-30,1790529841.356698,2026-09-27T17:24:01.356698+00:00,yes,10.0,0.9577,9.577,0.2017,-4.2787,-0.42787,HARD_STOP,no,1790530143.676667
HYPE,KXHYPE15M-26SEP271315-15,1790528933.069246,2026-09-27T17:08:53.069246+00:00,yes,10.0,0.9282,9.282,0.0467,0.6713,0.06713,SETTLEMENT,yes,1790529306.448894
HYPE,KXHYPE15M-26SEP271200-00,1790524531.704707,2026-09-27T15:55:31.704707+00:00,yes,10.0,0.9434850000000001,9.43485,0.03735,0.5278,0.05278000000000001,SETTLEMENT,yes,1790524821.7005262
HYPE,KXHYPE15M-26SEP271130-30,1790522790.608869,2026-09-27T15:26:30.608869+00:00,no,10.0,0.9480999999999999,9.481,0.0345,0.4845,0.04845,SETTLEMENT,no,1790523006.45886
HYPE,KXHYPE15M-26SEP271100-00,1790520963.353652,2026-09-27T14:56:03.353652+00:00,no,10.0,0.913,9.13,0.0557,0.8143,0.08143,SETTLEMENT,no,1790521212.8928869
HYPE,KXHYPE15M-26SEP271045-45,1790520015.464386,2026-09-27T14:40:15.464386+00:00,no,10.0,0.9496,9.496,0.0336,0.4704,0.04704,SETTLEMENT,no,1790520306.479446
HYPE,KXHYPE15M-26SEP270945-45,1790516330.707208,2026-09-27T13:38:50.707208+00:00,no,10.0,0.9289999999999999,9.29,0.0462,0.6638,0.06638,SETTLEMENT,no,1790516706.445292
HYPE,KXHYPE15M-26SEP270900-00,1790513608.61173,2026-09-27T12:53:28.611730+00:00,no,10.0,0.916,9.16,0.0539,0.7861,0.07861,SETTLEMENT,no,1790514017.3227715
HYPE,KXHYPE15M-26SEP270815-15,1790511064.173926,2026-09-27T12:11:04.173926+00:00,yes,10.0,0.9560000000000001,9.56,0.0295,0.4105,0.041049999999999996,SETTLEMENT,yes,1790511306.468421
HYPE,KXHYPE15M-26SEP270745-45,1790509123.961817,2026-09-27T11:38:43.961817+00:00,no,10.0,0.9484,9.484,0.0343,0.4817,0.048170000000000004,SETTLEMENT,no,1790509506.451412
HYPE,KXHYPE15M-26SEP270715-15,1790507493.824518,2026-09-27T11:11:33.824518+00:00,yes,10.0,0.9038130000000001,9.03813,0.06087,0.901,0.0901,SETTLEMENT,yes,1790507706.447458
HYPE,KXHYPE15M-26SEP270700-00,1790506595.04859,2026-09-27T10:56:35.048590+00:00,yes,10.0,0.9400000000000001,9.4,0.0395,0.5605,0.05605,SETTLEMENT,yes,1790506806.462059
HYPE,KXHYPE15M-26SEP270645-45,1790505483.700181,2026-09-27T10:38:03.700181+00:00,no,10.0,0.9273999999999999,9.274,0.0472,0.6788,0.06788,SETTLEMENT,no,1790505928.3642747
HYPE,KXHYPE15M-26SEP270615-15,1790503811.315298,2026-09-27T10:10:11.315298+00:00,yes,10.0,0.959,9.59,0.0276,0.3824,0.03824,SETTLEMENT,yes,1790504106.46591
HYPE,KXHYPE15M-26SEP270500-00,1790499234.189016,2026-09-27T08:53:54.189016+00:00,yes,10.0,0.9377000000000001,9.377,0.0407,0.5823,0.058230000000000004,SETTLEMENT,yes,1790499606.451372
HYPE,KXHYPE15M-26SEP270345-45,1790494878.355664,2026-09-27T07:41:18.355664+00:00,yes,10.0,0.9452,9.452,0.0363,0.5117,0.05117000000000001,SETTLEMENT,yes,1790495115.0764294
HYPE,KXHYPE15M-26SEP270245-45,1790491107.203664,2026-09-27T06:38:27.203664+00:00,no,10.0,0.9532,9.532,0.0313,0.4367,0.04367,SETTLEMENT,no,1790491518.8599832
HYPE,KXHYPE15M-26SEP270215-15,1790489350.986406,2026-09-27T06:09:10.986406+00:00,yes,10.0,0.9390000000000001,9.39,0.0401,0.5699,0.05699,SETTLEMENT,yes,1790489707.873092
HYPE,KXHYPE15M-26SEP270100-00,1790484780.576299,2026-09-27T04:53:00.576299+00:00,no,10.0,0.9560000000000001,9.56,0.0295,0.4105,0.041049999999999996,SETTLEMENT,no,1790485206.4818
HYPE,KXHYPE15M-26SEP270045-45,1790483898.773829,2026-09-27T04:38:18.773829+00:00,no,10.0,0.9597,9.597,0.0271,0.3759,0.03759,SETTLEMENT,no,1790484320.4234788
HYPE,KXHYPE15M-26SEP270015-15,1790482200.324137,2026-09-27T04:10:00.324137+00:00,no,10.0,0.9324,9.324,0.2185,-4.2325,-0.42325,HARD_STOP,yes,1790482250.7747
HYPE,KXHYPE15M-26SEP270000-00,1790481485.049042,2026-09-27T03:58:05.049042+00:00,no,10.0,0.9395,9.395,0.0398,0.5652,0.05652,SETTLEMENT,no,1790481606.55339
HYPE,KXHYPE15M-26SEP262345-45,1790480551.696788,2026-09-27T03:42:31.696788+00:00,yes,10.0,0.907,9.07,0.0591,0.8709,0.08709,SETTLEMENT,yes,1790480718.660835
HYPE,KXHYPE15M-26SEP262330-30,1790479535.412158,2026-09-27T03:25:35.412158+00:00,no,10.0,0.9019999999999999,9.02,0.0619,0.9181,0.09181,SETTLEMENT,no,1790479826.5138526
HYPE,KXHYPE15M-26SEP262315-15,1790478491.902663,2026-09-27T03:08:11.902663+00:00,yes,10.0,0.8539999999999999,8.54,0.2598,-3.2198,-0.32198000000000004,HARD_STOP,yes,1790478602.339483
HYPE,KXHYPE15M-26SEP262230-30,1790475780.2386,2026-09-27T02:23:00.238600+00:00,yes,10.0,0.931,9.31,0.1682,-1.7582,-0.17582,HARD_STOP,yes,1790476090.335817
HYPE,KXHYPE15M-26SEP262215-15,1790475064.070301,2026-09-27T02:11:04.070301+00:00,yes,10.0,0.9,9.0,0.2377,-4.4477,-0.44477,HARD_STOP,yes,1790475239.197297
HYPE,KXHYPE15M-26SEP262200-00,1790473987.484226,2026-09-27T01:53:07.484226+00:00,yes,10.0,0.953,9.53,0.0314,0.4386,0.043859999999999996,SETTLEMENT,yes,1790474418.8162587
HYPE,KXHYPE15M-26SEP262145-45,1790473417.798103,2026-09-27T01:43:37.798103+00:00,no,10.0,0.9498,9.498,0.0334,0.4686,0.04686,SETTLEMENT,no,1790473506.488533
HYPE,KXHYPE15M-26SEP262130-30,1790472197.03971,2026-09-27T01:23:17.039710+00:00,yes,10.0,0.951,9.51,0.2032,-3.9032,-0.39032,HARD_STOP,no,1790472238.322946
HYPE,KXHYPE15M-26SEP262115-15,1790471341.609107,2026-09-27T01:09:01.609107+00:00,no,10.0,0.922,9.22,0.2234,-3.9134,-0.39134,HARD_STOP,yes,1790471358.972768
HYPE,KXHYPE15M-26SEP262030-30,1790468692.252205,2026-09-27T00:24:52.252205+00:00,no,10.0,0.9487,9.487,0.2085,-4.3955,-0.43955,HARD_STOP,yes,1790468812.524152
HYPE,KXHYPE15M-26SEP262000-00,1790466783.920506,2026-09-26T23:53:03.920506+00:00,yes,10.0,0.9276,9.276,0.0471,0.6769,0.06769,SETTLEMENT,yes,1790467218.8906305
HYPE,KXHYPE15M-26SEP261945-45,1790465883.963266,2026-09-26T23:38:03.963266+00:00,yes,10.0,0.9512,9.512,0.0325,0.4555,0.04555,SETTLEMENT,yes,1790466322.6002269
HYPE,KXHYPE15M-26SEP261930-30,1790464981.225235,2026-09-26T23:23:01.225235+00:00,yes,10.0,0.9047000000000001,9.047,0.1888,-1.6558,-0.16558,HARD_STOP,yes,1790465033.614096
HYPE,KXHYPE15M-26SEP261900-00,1790463244.88608,2026-09-26T22:54:04.886080+00:00,yes,10.0,0.9289999999999999,9.29,0.0462,0.6638,0.06638,SETTLEMENT,yes,1790463621.5204387
HYPE,KXHYPE15M-26SEP261845-45,1790462283.575676,2026-09-26T22:38:03.575676+00:00,no,10.0,0.9004,9.004,0.0628,0.9332,0.09332,SETTLEMENT,no,1790462718.79833
HYPE,KXHYPE15M-26SEP261830-30,1790461384.502906,2026-09-26T22:23:04.502906+00:00,no,10.0,0.92269,9.2269,0.05,0.7231,0.07231,SETTLEMENT,no,1790461813.8923907
HYPE,KXHYPE15M-26SEP261800-00,1790459690.288268,2026-09-26T21:54:50.288268+00:00,no,10.0,0.9269999999999999,9.27,0.2224,-4.3924,-0.43924,HARD_STOP,yes,1790459744.349616
HYPE,KXHYPE15M-26SEP261745-45,1790458684.499439,2026-09-26T21:38:04.499439+00:00,yes,10.0,0.934539,9.34539,0.04271,0.6119,0.06119,SETTLEMENT,yes,1790459106.451467
HYPE,KXHYPE15M-26SEP261715-15,1790456981.046221,2026-09-26T21:09:41.046221+00:00,yes,10.0,0.8800000000000001,8.8,0.074,1.126,0.11259999999999999,SETTLEMENT,yes,1790457306.447639
HYPE,KXHYPE15M-26SEP261700-00,1790455980.622914,2026-09-26T20:53:00.622914+00:00,yes,10.0,0.9396000000000001,9.396,0.0397,0.5643,0.05643,SETTLEMENT,yes,1790456406.452308
HYPE,KXHYPE15M-26SEP261645-45,1790455180.534092,2026-09-26T20:39:40.534092+00:00,no,10.0,0.93564,9.3564,0.0422,0.6014,0.060140000000000006,SETTLEMENT,no,1790455526.6610923
HYPE,KXHYPE15M-26SEP261630-30,1790454305.949945,2026-09-26T20:25:05.949945+00:00,yes,10.0,0.939078,9.39078,0.04012,0.5691,0.05691,SETTLEMENT,yes,1790454606.452208
HYPE,KXHYPE15M-26SEP261615-15,1790453563.030877,2026-09-26T20:12:43.030877+00:00,no,10.0,0.8,8.0,0.287,-3.287,-0.3287,HARD_STOP,no,1790453583.005057
HYPE,KXHYPE15M-26SEP261545-45,1790451506.944654,2026-09-26T19:38:26.944654+00:00,no,10.0,0.9323,9.323,0.0442,0.6328,0.06328,SETTLEMENT,no,1790451906.447533
HYPE,KXHYPE15M-26SEP261515-15,1790449681.854877,2026-09-26T19:08:01.854877+00:00,yes,10.0,0.9419000000000001,9.419,0.0383,0.5427,0.05427,SETTLEMENT,yes,1790450121.4162643
HYPE,KXHYPE15M-26SEP261445-45,1790447883.691553,2026-09-26T18:38:03.691553+00:00,no,10.0,0.9284000000000001,9.284,0.0466,0.6694,0.06694,SETTLEMENT,no,1790448315.352286
HYPE,KXHYPE15M-26SEP261430-30,1790446980.495054,2026-09-26T18:23:00.495054+00:00,no,10.0,0.9348000000000001,9.348,0.212,-3.66,-0.366,HARD_STOP,no,1790447197.997415
HYPE,KXHYPE15M-26SEP261330-30,1790443609.558479,2026-09-26T17:26:49.558479+00:00,no,10.0,0.9349999999999999,9.35,0.0426,0.6074,0.06074,SETTLEMENT,no,1790443813.8003676
HYPE,KXHYPE15M-26SEP261315-15,1790442537.381356,2026-09-26T17:08:57.381356+00:00,no,10.0,0.959,9.59,0.0276,0.3824,0.03824,SETTLEMENT,no,1790442906.450174
HYPE,KXHYPE15M-26SEP261245-45,1790440697.363657,2026-09-26T16:38:17.363657+00:00,yes,10.0,0.945,9.45,0.0364,0.5136,0.051359999999999996,SETTLEMENT,yes,1790441120.4871397
HYPE,KXHYPE15M-26SEP261230-30,1790439960.668147,2026-09-26T16:26:00.668147+00:00,no,10.0,0.96,9.6,0.0269,0.3731,0.037309999999999996,SETTLEMENT,no,1790440215.660487
HYPE,KXHYPE15M-26SEP261200-00,1790438262.284159,2026-09-26T15:57:42.284159+00:00,yes,10.0,0.945,9.45,0.0364,0.5136,0.051359999999999996,SETTLEMENT,yes,1790438406.493447
HYPE,KXHYPE15M-26SEP261130-30,1790436210.444491,2026-09-26T15:23:30.444491+00:00,no,10.0,0.9410000000000001,9.41,0.2137,-4.4237,-0.44237000000000004,HARD_STOP,yes,1790436382.003307
HYPE,KXHYPE15M-26SEP261030-30,1790432990.466733,2026-09-26T14:29:50.466733+00:00,yes,10.0,0.8300000000000001,8.3,0.0988,1.6012,0.16011999999999998,SETTLEMENT,yes,1790433020.3624072
HYPE,KXHYPE15M-26SEP261015-15,1790431753.156893,2026-09-26T14:09:13.156893+00:00,yes,10.0,0.943583,9.43583,0.03727,0.5269,0.05269,SETTLEMENT,yes,1790432106.481111
HYPE,KXHYPE15M-26SEP261000-00,1790430904.043008,2026-09-26T13:55:04.043008+00:00,yes,10.0,0.95,9.5,0.0333,0.4667,0.04667,SETTLEMENT,yes,1790431206.447085
HYPE,KXHYPE15M-26SEP260815-15,1790424718.690327,2026-09-26T12:11:58.690327+00:00,no,10.0,0.9587,9.587,0.1958,-3.7828,-0.37828,HARD_STOP,yes,1790424843.682141
HYPE,KXHYPE15M-26SEP260745-45,1790422706.398495,2026-09-26T11:38:26.398495+00:00,yes,10.0,0.9404,9.404,0.0393,0.5567,0.05567,SETTLEMENT,yes,1790423117.0230706
HYPE,KXHYPE15M-26SEP260730-30,1790421932.439076,2026-09-26T11:25:32.439076+00:00,yes,10.0,0.901,9.01,0.0625,0.9275,0.09275,SETTLEMENT,yes,1790422206.446867
HYPE,KXHYPE15M-26SEP260700-00,1790420161.364265,2026-09-26T10:56:01.364265+00:00,yes,10.0,0.909,9.09,0.0579,0.8521,0.08521,SETTLEMENT,yes,1790420414.035073
HYPE,KXHYPE15M-26SEP260645-45,1790419177.281849,2026-09-26T10:39:37.281849+00:00,yes,10.0,0.9,9.0,0.063,0.937,0.0937,SETTLEMENT,yes,1790419523.3163788
HYPE,KXHYPE15M-26SEP260600-00,1790416503.603588,2026-09-26T09:55:03.603588+00:00,yes,10.0,0.9229499999999999,9.2295,0.0498,0.7207,0.07207,SETTLEMENT,yes,1790416806.446773
HYPE,KXHYPE15M-26SEP260545-45,1790415655.855091,2026-09-26T09:40:55.855091+00:00,yes,10.0,0.958,9.58,0.0282,0.3918,0.03918,SETTLEMENT,yes,1790415929.0402098
HYPE,KXHYPE15M-26SEP260515-15,1790413680.572587,2026-09-26T09:08:00.572587+00:00,no,10.0,0.9226000000000001,9.226,0.05,0.724,0.07239999999999999,SETTLEMENT,no,1790414106.44662
HYPE,KXHYPE15M-26SEP260500-00,1790412782.276839,2026-09-26T08:53:02.276839+00:00,no,10.0,0.9534,9.534,0.0311,0.4349,0.04349,SETTLEMENT,no,1790413215.2474542
HYPE,KXHYPE15M-26SEP260430-30,1790411185.618646,2026-09-26T08:26:25.618646+00:00,no,10.0,0.8789999999999999,8.79,0.0745,1.1355,0.11355,SETTLEMENT,no,1790411406.44992
HYPE,KXHYPE15M-26SEP260400-00,1790409264.254853,2026-09-26T07:54:24.254853+00:00,yes,10.0,0.9308,9.308,0.0451,0.6469,0.06469,SETTLEMENT,yes,1790409613.4112902
HYPE,KXHYPE15M-26SEP260345-45,1790408280.375464,2026-09-26T07:38:00.375464+00:00,yes,10.0,0.9,9.0,0.063,0.937,0.0937,SETTLEMENT,yes,1790408714.6429315
HYPE,KXHYPE15M-26SEP260330-30,1790407381.476634,2026-09-26T07:23:01.476634+00:00,no,10.0,0.9164,9.164,0.0537,0.7823,0.07823,SETTLEMENT,no,1790407814.9257653
HYPE,KXHYPE15M-26SEP260300-00,1790405820.305427,2026-09-26T06:57:00.305427+00:00,no,10.0,0.957103,9.57103,0.19197,-3.463,-0.3463,HARD_STOP,no,1790405909.850663
HYPE,KXHYPE15M-26SEP260245-45,1790404931.500353,2026-09-26T06:42:11.500353+00:00,yes,10.0,0.8800000000000001,8.8,0.074,1.126,0.11259999999999999,SETTLEMENT,yes,1790405113.4849105
HYPE,KXHYPE15M-26SEP260215-15,1790402895.56639,2026-09-26T06:08:15.566390+00:00,no,10.0,0.908828,9.08828,0.05802,0.8537,0.08537,SETTLEMENT,no,1790403309.577777
HYPE,KXHYPE15M-26SEP260200-00,1790401981.187556,2026-09-26T05:53:01.187556+00:00,no,10.0,0.9410000000000001,9.41,0.0389,0.5511,0.055110000000000006,SETTLEMENT,no,1790402417.906331
HYPE,KXHYPE15M-26SEP260130-30,1790400427.34199,2026-09-26T05:27:07.341990+00:00,no,10.0,0.917,9.17,0.0533,0.7767,0.07766999999999999,SETTLEMENT,no,1790400620.3931935
HYPE,KXHYPE15M-26SEP260115-15,1790399280.567211,2026-09-26T05:08:00.567211+00:00,no,10.0,0.94062,9.4062,0.0391,0.5547,0.05547,SETTLEMENT,no,1790399714.5282922
HYPE,KXHYPE15M-26SEP260100-00,1790398381.808308,2026-09-26T04:53:01.808308+00:00,yes,10.0,0.901,9.01,0.0625,0.9275,0.09275,SETTLEMENT,yes,1790398806.451842
HYPE,KXHYPE15M-26SEP260045-45,1790397547.392182,2026-09-26T04:39:07.392182+00:00,yes,10.0,0.9335000000000001,9.335,0.0435,0.6215,0.062150000000000004,SETTLEMENT,yes,1790397919.169939
HYPE,KXHYPE15M-26SEP260030-30,1790396684.345687,2026-09-26T04:24:44.345687+00:00,no,10.0,0.96,9.6,0.0269,0.3731,0.037309999999999996,SETTLEMENT,no,1790397017.627886
HYPE,KXHYPE15M-26SEP260015-15,1790395876.606869,2026-09-26T04:11:16.606869+00:00,yes,10.0,0.96,9.6,0.0269,0.3731,0.037309999999999996,SETTLEMENT,yes,1790396122.4360876
HYPE,KXHYPE15M-26SEP260000-00,1790394781.842107,2026-09-26T03:53:01.842107+00:00,no,10.0,0.958,9.58,0.0282,0.3918,0.03918,SETTLEMENT,no,1790395224.7144413
HYPE,KXHYPE15M-26SEP252315-15,1790392246.087388,2026-09-26T03:10:46.087388+00:00,no,10.0,0.953,9.53,0.0314,0.4386,0.043859999999999996,SETTLEMENT,no,1790392518.6459308
HYPE,KXHYPE15M-26SEP252230-30,1790389443.049216,2026-09-26T02:24:03.049216+00:00,no,10.0,0.9409000000000001,9.409,0.0389,0.5521,0.05521,SETTLEMENT,no,1790389806.450701
HYPE,KXHYPE15M-26SEP252200-00,1790387818.25488,2026-09-26T01:56:58.254880+00:00,no,10.0,0.8,8.0,0.112,1.888,0.1888,SETTLEMENT,no,1790388009.1908872
HYPE,KXHYPE15M-26SEP252130-30,1790385781.82967,2026-09-26T01:23:01.829670+00:00,yes,10.0,0.9,9.0,0.063,0.937,0.0937,SETTLEMENT,yes,1790386214.2172675
