ticker,asset,opened,qty,actual,exit_reason,settlement,side,no_stop_pnl,covered
KXBTC15M-26OCT030030-30,BTC,1791001202.986395,25.0,1.8712,SETTLEMENT,no,no,1.8712,True
KXBTC15M-26OCT030015-15,BTC,1791000581.140955,25.0,3.7648,SETTLEMENT,no,no,3.7648,True
KXBTC15M-26OCT030000-00,BTC,1790999814.697157,25.0,1.2606,SETTLEMENT,yes,yes,1.2606,True
KXBTC15M-26OCT022345-45,BTC,1790998847.848195,25.0,1.4012,SETTLEMENT,yes,yes,1.4012,True
KXBTC15M-26OCT022330-30,BTC,1790997684.521784,25.0,2.5786,SETTLEMENT,yes,yes,2.5786,True
KXBTC15M-26OCT022315-15,BTC,1790997034.457947,25.0,2.3425,SETTLEMENT,no,no,2.3425,True
KXBTC15M-26OCT022300-00,BTC,1790995876.679458,25.0,3.052,SETTLEMENT,no,no,3.052,True
KXBTC15M-26OCT022245-45,BTC,1790995403.227626,25.0,1.0263,SETTLEMENT,yes,yes,1.0263,True
KXBTC15M-26OCT022230-30,BTC,1790994054.389356,25.0,2.8152,SETTLEMENT,yes,yes,2.8152,True
KXBTC15M-26OCT022215-15,BTC,1790993381.895214,25.0,2.8152,SETTLEMENT,no,no,2.8152,True
KXBTC15M-26OCT022200-00,BTC,1790992768.499352,25.0,1.0497,SETTLEMENT,yes,yes,1.0497,True
KXBTC15M-26OCT022145-45,BTC,1790991601.871615,25.0,3.5268,SETTLEMENT,yes,yes,3.5268,True
KXBTC15M-26OCT022130-30,BTC,1790990876.04177,25.0,1.3074,SETTLEMENT,no,no,1.3074,True
KXBTC15M-26OCT022115-15,BTC,1790989866.727228,25.0,-15.5722,HARD_STOP,no,yes,-22.7047,True
KXBTC15M-26OCT022100-00,BTC,1790988812.661818,25.0,2.8152,SETTLEMENT,yes,yes,2.8152,True
KXBTC15M-26OCT022045-45,BTC,1790987700.916066,25.0,3.5268,SETTLEMENT,yes,yes,3.5268,True
KXBTC15M-26OCT022030-30,BTC,1790987275.469426,25.0,1.9888,SETTLEMENT,yes,yes,1.9888,True
KXBTC15M-26OCT022015-15,BTC,1790985910.740714,25.0,-8.9345,HARD_STOP,no,no,4.003,True
KXBTC15M-26OCT022000-00,BTC,1790985320.676489,25.0,2.5786,SETTLEMENT,no,no,2.5786,True
KXBTC15M-26OCT021945-45,BTC,1790984634.735272,25.0,-2.5752,HARD_STOP,no,no,4.003,True
KXBTC15M-26OCT021930-30,BTC,1790983585.535229,25.0,1.7113,SETTLEMENT,yes,yes,1.7113,True
KXBTC15M-26OCT021915-15,BTC,1790982505.661292,25.0,3.2893,SETTLEMENT,no,no,3.2893,True
KXBTC15M-26OCT021900-00,BTC,1790981765.602206,25.0,4.2417,SETTLEMENT,yes,yes,4.2417,True
KXBTC15M-26OCT021830-30,BTC,1790980024.801685,25.0,-1.7818,HARD_STOP,no,no,1.9182,True
KXBTC15M-26OCT021815-15,BTC,1790979128.702073,25.0,-4.1391,HARD_STOP,yes,no,-20.7583,True
KXBTC15M-26OCT021745-45,BTC,1790977074.114374,25.0,2.8152,SETTLEMENT,yes,yes,2.8152,True
KXBTC15M-26OCT021730-30,BTC,1790976389.726807,25.0,0.9328,SETTLEMENT,no,no,0.9328,True
KXBTC15M-26OCT021715-15,BTC,1790975447.808172,25.0,2.0831,SETTLEMENT,yes,yes,2.0831,True
KXBTC15M-26OCT021700-00,BTC,1790974558.555889,25.0,1.5609,SETTLEMENT,yes,yes,1.5609,True
KXBTC15M-26OCT021630-30,BTC,1790972635.961068,25.0,-12.6144,HARD_STOP,no,yes,-21.948,False
KXBTC15M-26OCT021615-15,BTC,1790971587.850346,25.0,1.8711,SETTLEMENT,yes,yes,1.8711,True
KXBTC15M-26OCT021545-45,BTC,1790970081.187826,25.0,-8.3067,HARD_STOP,yes,yes,1.0966,True
KXBTC15M-26OCT021445-45,BTC,1790966117.580759,25.0,2.5786,SETTLEMENT,no,no,2.5786,True
KXBTC15M-26OCT021430-30,BTC,1790965210.377623,25.0,2.5786,SETTLEMENT,no,no,2.5786,True
KXBTC15M-26OCT021400-00,BTC,1790963597.579238,25.0,1.7771,SETTLEMENT,yes,yes,1.7771,True
KXBTC15M-26OCT021315-15,BTC,1790961133.929509,25.0,1.0966,SETTLEMENT,no,no,1.0966,True
KXBTC15M-26OCT021245-45,BTC,1790959385.621186,25.0,4.2417,SETTLEMENT,no,no,4.2417,True
KXBTC15M-26OCT021230-30,BTC,1790958530.195489,25.0,-7.4282,HARD_STOP,no,yes,-20.997,True
KXBTC15M-26OCT021215-15,BTC,1790957114.939113,25.0,-9.1359,HARD_STOP,no,yes,-22.7047,True
KXBTC15M-26OCT021130-30,BTC,1790954566.287275,25.0,4.72,SETTLEMENT,no,no,4.72,False
KXBTC15M-26OCT021115-15,BTC,1790953547.855669,25.0,4.4806,SETTLEMENT,no,no,4.4806,False
KXBTC15M-26OCT021045-45,BTC,1790951702.087834,25.0,2.8152,SETTLEMENT,no,no,2.8152,False
KXBTC15M-26OCT021015-15,BTC,1790950289.317717,25.0,1.4951,SETTLEMENT,no,no,1.4951,False
KXBTC15M-26OCT020945-45,BTC,1790948105.781934,25.0,1.4013,SETTLEMENT,yes,yes,1.4013,False
KXBTC15M-26OCT020930-30,BTC,1790947642.536977,25.0,1.9418,SETTLEMENT,no,no,1.9418,False
KXBTC15M-26OCT020915-15,BTC,1790946706.307345,25.0,1.2137,SETTLEMENT,no,no,1.2137,False
KXBTC15M-26OCT020830-30,BTC,1790943628.785267,25.0,1.4013,SETTLEMENT,yes,yes,1.4013,False
KXBTC15M-26OCT020800-00,BTC,1790941948.590691,25.0,-14.3909,HARD_STOP,no,yes,-22.9876,False
KXBTC15M-26OCT020745-45,BTC,1790941026.738179,25.0,2.3425,SETTLEMENT,yes,yes,2.3425,False
KXBTC15M-26OCT020715-15,BTC,1790939287.764463,25.0,1.1668,SETTLEMENT,yes,yes,1.1668,False
KXBTC15M-26OCT020700-00,BTC,1790938222.037356,25.0,2.0359,SETTLEMENT,no,no,2.0359,False
KXBTC15M-26OCT020645-45,BTC,1790937759.824794,25.0,1.0497,SETTLEMENT,yes,yes,1.0497,False
KXBTC15M-26OCT020630-30,BTC,1790936619.991066,25.0,-11.1074,HARD_STOP,yes,no,-22.4214,False
KXBTC15M-26OCT020545-45,BTC,1790933700.264319,25.0,1.2371,SETTLEMENT,yes,yes,1.2371,False
KXBTC15M-26OCT020500-00,BTC,1790931298.61741,25.0,-10.6597,HARD_STOP,no,no,1.7771,False
KXBTC15M-26OCT020430-30,BTC,1790929279.2054,25.0,0.9328,SETTLEMENT,yes,yes,0.9328,False
KXBTC15M-26OCT020415-15,BTC,1790928401.744574,25.0,1.0263,SETTLEMENT,yes,yes,1.0263,False
KXBTC15M-26OCT020400-00,BTC,1790927637.100074,25.0,1.0263,SETTLEMENT,yes,yes,1.0263,False
KXBTC15M-26OCT020345-45,BTC,1790926688.783405,25.0,1.9653,SETTLEMENT,no,no,1.9653,False
KXBTC15M-26OCT020300-00,BTC,1790924117.988545,25.0,-9.7632,HARD_STOP,yes,yes,1.668,False
KXBTC15M-26OCT020200-00,BTC,1790920440.786352,25.0,1.4951,SETTLEMENT,no,no,1.4951,False
KXBTC15M-26OCT020145-45,BTC,1790919425.136133,25.0,1.8712,SETTLEMENT,no,no,1.8712,False
KXBTC15M-26OCT020045-45,BTC,1790915821.525774,25.0,1.0497,SETTLEMENT,no,no,1.0497,False
KXBTC15M-26OCT020000-00,BTC,1790913332.632679,25.0,1.6125,SETTLEMENT,yes,yes,1.6125,False
KXBTC15M-26OCT012345-45,BTC,1790912133.323996,25.0,1.8476,SETTLEMENT,yes,yes,1.8476,False
KXBTC15M-26OCT012330-30,BTC,1790911463.304358,25.0,1.0966,SETTLEMENT,no,no,1.0966,False
KXBTC15M-26OCT012315-15,BTC,1790910304.885551,25.0,2.1302,SETTLEMENT,yes,yes,2.1302,False
KXBTC15M-26OCT012300-00,BTC,1790909418.280179,25.0,2.3425,SETTLEMENT,yes,yes,2.3425,False
KXBTC15M-26OCT012230-30,BTC,1790907720.805626,25.0,0.9328,SETTLEMENT,no,no,0.9328,False
KXBTC15M-26OCT012215-15,BTC,1790906908.520183,25.0,1.4013,SETTLEMENT,yes,yes,1.4013,False
KXBTC15M-26OCT012200-00,BTC,1790905843.256436,25.0,1.7535,SETTLEMENT,yes,yes,1.7535,False
KXBTC15M-26OCT012130-30,BTC,1790904050.529161,25.0,3.5268,SETTLEMENT,no,no,3.5268,False
KXBTC15M-26OCT012115-15,BTC,1790903406.496989,25.0,1.5421,SETTLEMENT,no,no,1.5421,False
KXBTC15M-26OCT012100-00,BTC,1790902546.218033,25.0,1.7065,SETTLEMENT,no,no,1.7065,False
KXBTC15M-26OCT012045-45,BTC,1790901542.174616,25.0,-14.0069,HARD_STOP,yes,no,-23.3405,False
KXBTC15M-26OCT012015-15,BTC,1790899502.193429,25.0,-15.4626,HARD_STOP,yes,no,-23.0818,False
KXBTC15M-26OCT012000-00,BTC,1790899121.84537,25.0,1.0966,SETTLEMENT,yes,yes,1.0966,False
KXBTC15M-26OCT011945-45,BTC,1790897726.025138,25.0,3.2893,SETTLEMENT,yes,yes,3.2893,False
KXBTC15M-26OCT011930-30,BTC,1790896801.863585,25.0,2.3425,SETTLEMENT,yes,yes,2.3425,False
KXBTC15M-26OCT011915-15,BTC,1790896215.13903,25.0,3.5268,SETTLEMENT,no,no,3.5268,False
KXBTC15M-26OCT011900-00,BTC,1790895322.014538,25.0,1.12,SETTLEMENT,yes,yes,1.12,False
KXBTC15M-26OCT011845-45,BTC,1790894328.80961,25.0,-12.5838,HARD_STOP,no,yes,-22.6575,False
KXBTC15M-26OCT011815-15,BTC,1790892321.389771,25.0,1.0732,SETTLEMENT,yes,yes,1.0732,False
KXBTC15M-26OCT011800-00,BTC,1790891779.195578,25.0,1.8476,SETTLEMENT,yes,yes,1.8476,False
KXBTC15M-26OCT011745-45,BTC,1790890687.489403,25.0,2.8152,SETTLEMENT,no,no,2.8152,False
KXBTC15M-26OCT011645-45,BTC,1790887040.950583,25.0,3.5268,SETTLEMENT,no,no,3.5268,False
KXBTC15M-26OCT011615-15,BTC,1790885100.95056,25.0,2.0831,SETTLEMENT,yes,yes,2.0831,False
KXBTC15M-26OCT011530-30,BTC,1790882568.678549,25.0,1.8712,SETTLEMENT,no,no,1.8712,False
KXBTC15M-26OCT011445-45,BTC,1790879722.706965,25.0,2.2245,SETTLEMENT,yes,yes,2.2245,False
KXBTC15M-26OCT011400-00,BTC,1790877287.077239,25.0,2.3189,SETTLEMENT,no,no,2.3189,False
KXBTC15M-26OCT011330-30,BTC,1790875201.322631,25.0,1.2137,SETTLEMENT,yes,yes,1.2137,False
KXBTC15M-26OCT011315-15,BTC,1790874301.052468,25.0,1.8711,SETTLEMENT,yes,yes,1.8711,False
KXBTC15M-26OCT011245-45,BTC,1790872501.838013,25.0,-9.9061,HARD_STOP,yes,yes,1.7771,False
KXBTC15M-26OCT011200-00,BTC,1790869800.698114,25.0,1.2371,SETTLEMENT,yes,yes,1.2371,False
KXBTC15M-26OCT011145-45,BTC,1790869101.842839,25.0,1.0263,SETTLEMENT,no,no,1.0263,False
KXBTC15M-26OCT011115-15,BTC,1790867128.234011,25.0,-10.0943,HARD_STOP,yes,yes,2.3425,False
KXBTC15M-26OCT011000-00,BTC,1790863197.757023,25.0,1.73,SETTLEMENT,yes,yes,1.73,False
KXBTC15M-26OCT010945-45,BTC,1790861853.85201,25.0,1.2606,SETTLEMENT,yes,yes,1.2606,False
KXBTC15M-26OCT010900-00,BTC,1790859213.774205,25.0,1.0263,SETTLEMENT,no,no,1.0263,False
KXBTC15M-26OCT010845-45,BTC,1790858472.182275,25.0,-11.0355,HARD_STOP,no,yes,-23.5987,False
KXBTC15M-26OCT010815-15,BTC,1790856610.805146,25.0,1.4716,SETTLEMENT,yes,yes,1.4716,False
KXBTC15M-26OCT010730-30,BTC,1790853940.753209,25.0,1.3074,SETTLEMENT,no,no,1.3074,False
KXBTC15M-26OCT010700-00,BTC,1790852016.167944,25.0,1.2606,SETTLEMENT,yes,yes,1.2606,False
KXBTC15M-26OCT010615-15,BTC,1790849262.744514,25.0,1.0497,SETTLEMENT,no,no,1.0497,False
KXBTC15M-26OCT010600-00,BTC,1790848400.963462,25.0,1.9088,SETTLEMENT,no,no,1.9088,False
KXBTC15M-26OCT010530-30,BTC,1790846838.704079,25.0,1.0029,SETTLEMENT,yes,yes,1.0029,False
KXBTC15M-26OCT010515-15,BTC,1790845758.460121,25.0,2.3425,SETTLEMENT,yes,yes,2.3425,False
KXBTC15M-26OCT010245-45,BTC,1790836620.498116,25.0,1.0263,SETTLEMENT,no,no,1.0263,False
KXBTC15M-26OCT010230-30,BTC,1790835802.543332,25.0,1.5421,SETTLEMENT,no,no,1.5421,False
KXBTC15M-26OCT010200-00,BTC,1790833863.367659,25.0,2.5786,SETTLEMENT,yes,yes,2.5786,False
KXBTC15M-26OCT010100-00,BTC,1790830208.378754,25.0,1.4961,SETTLEMENT,yes,yes,1.4961,False
KXBTC15M-26OCT010030-30,BTC,1790828450.784363,25.0,1.3309,SETTLEMENT,no,no,1.3309,False
KXBTC15M-26OCT010015-15,BTC,1790827805.990213,25.0,0.9795,SETTLEMENT,yes,yes,0.9795,False
KXBTC15M-26SEP302345-45,BTC,1790825965.147016,25.0,1.284,SETTLEMENT,yes,yes,1.284,False
KXBTC15M-26SEP302300-00,BTC,1790823396.248555,20.0,0.8023,SETTLEMENT,yes,yes,0.8023,False
KXBTC15M-26SEP302230-30,BTC,1790821222.710688,20.0,1.3088,SETTLEMENT,no,no,1.3088,False
KXBTC15M-26SEP302215-15,BTC,1790820504.664271,20.0,2.0629,SETTLEMENT,yes,yes,2.0629,False
KXBTC15M-26SEP302200-00,BTC,1790819733.846784,20.0,0.7462,SETTLEMENT,no,no,0.7462,False
KXBTC15M-26SEP302145-45,BTC,1790818539.407331,20.0,1.4593,SETTLEMENT,no,no,1.4593,False
KXBTC15M-26SEP302015-15,BTC,1790813168.44955,20.0,3.0118,SETTLEMENT,no,no,3.0118,False
KXBTC15M-26SEP301915-15,BTC,1790809748.054317,20.0,-11.4865,HARD_STOP,yes,no,-16.224,False
KXBTC15M-26SEP301900-00,BTC,1790808662.897783,20.0,2.4416,SETTLEMENT,no,no,2.4416,False
KXBTC15M-26SEP301845-45,BTC,1790808222.194973,20.0,1.5157,SETTLEMENT,no,no,1.5157,False
KXBTC15M-26SEP301830-30,BTC,1790807040.658294,20.0,2.8214,SETTLEMENT,yes,yes,2.8214,False
KXBTC15M-26SEP301815-15,BTC,1790805990.503796,20.0,3.0118,SETTLEMENT,no,no,3.0118,False
KXBTC15M-26SEP301800-00,BTC,1790805431.6196,20.0,1.8551,SETTLEMENT,yes,yes,1.8551,False
KXBTC15M-26SEP301730-30,BTC,1790803555.445705,20.0,-6.574,HARD_STOP,no,no,3.776,False
KXBTC15M-26SEP301715-15,BTC,1790802318.945831,20.0,3.776,SETTLEMENT,yes,yes,3.776,False
KXBTC15M-26SEP301700-00,BTC,1790801800.402692,20.0,1.874,SETTLEMENT,no,no,1.874,False
KXBTC15M-26SEP301645-45,BTC,1790800639.269564,20.0,1.6853,SETTLEMENT,no,no,1.6853,False
KXBTC15M-26SEP301630-30,BTC,1790799789.186507,20.0,2.2521,SETTLEMENT,yes,yes,2.2521,False
KXBTC15M-26SEP301600-00,BTC,1790797858.404225,20.0,1.723,SETTLEMENT,no,no,1.723,False
KXBTC15M-26SEP301545-45,BTC,1790797061.209446,20.0,1.2149,SETTLEMENT,yes,yes,1.2149,False
KXBTC15M-26SEP301515-15,BTC,1790795140.092156,20.0,3.776,SETTLEMENT,no,no,3.776,False
KXBTC15M-26SEP301445-45,BTC,1790793505.911978,20.0,2.0629,SETTLEMENT,no,no,2.0629,False
KXBTC15M-26SEP301430-30,BTC,1790792632.098783,20.0,1.0647,SETTLEMENT,no,no,1.0647,False
KXBTC15M-26SEP301415-15,BTC,1790792098.30525,20.0,1.3088,SETTLEMENT,no,no,1.3088,False
KXBTC15M-26SEP301345-45,BTC,1790789798.017969,20.0,1.3088,SETTLEMENT,no,no,1.3088,False
KXBTC15M-26SEP301330-30,BTC,1790788810.079141,20.0,1.2336,SETTLEMENT,no,no,1.2336,False
KXBTC15M-26SEP301315-15,BTC,1790788094.375971,20.0,-6.7739,HARD_STOP,no,yes,-16.224,False
KXBTC15M-26SEP301230-30,BTC,1790785444.170781,20.0,-8.0509,HARD_STOP,no,yes,-18.5031,False
KXBTC15M-26SEP301215-15,BTC,1790784302.746751,20.0,2.6314,SETTLEMENT,yes,yes,2.6314,False
KXBTC15M-26SEP301200-00,BTC,1790783640.539613,20.0,-7.7305,HARD_STOP,yes,yes,1.8173,False
KXBTC15M-26SEP301145-45,BTC,1790782644.357724,20.0,0.9335,SETTLEMENT,yes,yes,0.9335,False
KXBTC15M-26SEP301130-30,BTC,1790781880.699063,20.0,0.8398,SETTLEMENT,no,no,0.8398,False
KXBTC15M-26SEP301115-15,BTC,1790780992.642304,20.0,2.8215,SETTLEMENT,yes,yes,2.8215,False
KXBTC15M-26SEP301100-00,BTC,1790780008.004905,20.0,0.896,SETTLEMENT,yes,yes,0.896,False
KXBTC15M-26SEP301015-15,BTC,1790777250.77314,20.0,3.5845,SETTLEMENT,no,no,3.5845,False
KXBTC15M-26SEP300945-45,BTC,1790775350.437419,20.0,2.2521,SETTLEMENT,no,no,2.2521,False
KXBTC15M-26SEP300930-30,BTC,1790774873.64377,20.0,1.1182,SETTLEMENT,no,no,1.1182,False
KXBTC15M-26SEP300915-15,BTC,1790773761.918398,20.0,2.4416,SETTLEMENT,yes,yes,2.4416,False
KXBTC15M-26SEP300900-00,BTC,1790772620.38205,20.0,1.2149,SETTLEMENT,yes,yes,1.2149,False
KXBTC15M-26SEP300815-15,BTC,1790769958.096762,20.0,3.776,SETTLEMENT,no,no,3.776,False
KXBTC15M-26SEP300800-00,BTC,1790769234.645571,20.0,1.3088,SETTLEMENT,no,no,1.3088,False
KXBTC15M-26SEP300745-45,BTC,1790768442.804758,20.0,1.874,SETTLEMENT,yes,yes,1.874,False
KXBTC15M-26SEP300715-15,BTC,1790766303.202998,20.0,1.121,SETTLEMENT,no,no,1.121,False
KXBTC15M-26SEP300645-45,BTC,1790764637.881905,20.0,1.874,SETTLEMENT,yes,yes,1.874,False
KXBTC15M-26SEP300630-30,BTC,1790763920.983931,20.0,1.6287,SETTLEMENT,yes,yes,1.6287,False
KXBTC15M-26SEP300615-15,BTC,1790762892.787883,20.0,1.3652,SETTLEMENT,yes,yes,1.3652,False
KXBTC15M-26SEP300600-00,BTC,1790762100.629964,20.0,2.0629,SETTLEMENT,yes,yes,2.0629,False
KXBTC15M-26SEP300545-45,BTC,1790760900.231318,20.0,1.1961,SETTLEMENT,yes,yes,1.1961,False
KXBTC15M-26SEP300530-30,BTC,1790760269.401388,20.0,1.3257,SETTLEMENT,yes,yes,1.3257,False
KXBTC15M-26SEP300515-15,BTC,1790759100.592005,20.0,1.874,SETTLEMENT,yes,yes,1.874,False
KXBTC15M-26SEP300445-45,BTC,1790757734.323158,20.0,0.8398,SETTLEMENT,no,no,0.8398,False
KXBTC15M-26SEP300430-30,BTC,1790756563.459665,20.0,-8.7404,HARD_STOP,yes,yes,1.0084,False
KXBTC15M-26SEP300415-15,BTC,1790755778.417022,20.0,1.3652,SETTLEMENT,no,no,1.3652,False
KXBTC15M-26SEP300400-00,BTC,1790754996.500466,20.0,1.29,SETTLEMENT,no,no,1.29,False
KXBTC15M-26SEP300345-45,BTC,1790753881.454982,20.0,1.3088,SETTLEMENT,yes,yes,1.3088,False
KXBTC15M-26SEP300330-30,BTC,1790752809.954878,20.0,1.0272,SETTLEMENT,yes,yes,1.0272,False
KXBTC15M-26SEP300315-15,BTC,1790752314.293161,20.0,1.5157,SETTLEMENT,no,no,1.5157,False
KXBTC15M-26SEP300300-00,BTC,1790751360.693549,20.0,-10.8579,HARD_STOP,no,yes,-18.5219,False
KXBTC15M-26SEP300245-45,BTC,1790750390.492227,20.0,1.874,SETTLEMENT,no,no,1.874,False
KXBTC15M-26SEP300230-30,BTC,1790749549.966155,20.0,-10.6785,HARD_STOP,no,no,1.0647,False
KXBTC15M-26SEP300200-00,BTC,1790747512.626268,20.0,2.8215,SETTLEMENT,no,no,2.8215,False
KXBTC15M-26SEP300145-45,BTC,1790746881.621714,20.0,0.8023,SETTLEMENT,yes,yes,0.8023,False
KXBTC15M-26SEP300130-30,BTC,1790745856.027127,20.0,1.3652,SETTLEMENT,yes,yes,1.3652,False
KXBTC15M-26SEP300115-15,BTC,1790744774.403897,20.0,1.7985,SETTLEMENT,yes,yes,1.7985,False
KXBTC15M-26SEP300100-00,BTC,1790743805.351252,20.0,3.5845,SETTLEMENT,no,no,3.5845,False
KXBTC15M-26SEP300045-45,BTC,1790743355.830785,20.0,3.2024,SETTLEMENT,no,no,3.2024,False
KXBTC15M-26SEP300030-30,BTC,1790742353.569741,20.0,-9.4911,HARD_STOP,no,yes,-17.7479,False
KXBTC15M-26SEP300015-15,BTC,1790741100.444983,20.0,-6.7263,HARD_STOP,yes,yes,2.8215,False
KXBTC15M-26SEP300000-00,BTC,1790740380.837271,20.0,1.874,SETTLEMENT,no,no,1.874,False
KXBTC15M-26SEP292345-45,BTC,1790739616.596866,20.0,1.3088,SETTLEMENT,yes,yes,1.3088,False
KXBTC15M-26SEP292330-30,BTC,1790738666.897185,20.0,3.776,SETTLEMENT,no,no,3.776,False
KXBTC15M-26SEP292245-45,BTC,1790735940.584333,20.0,-7.6925,HARD_STOP,no,no,1.8551,False
KXBTC15M-26SEP292215-15,BTC,1790733977.657793,20.0,1.7985,SETTLEMENT,yes,yes,1.7985,False
KXBTC15M-26SEP292145-45,BTC,1790732460.991583,20.0,0.9709,SETTLEMENT,no,no,0.9709,False
KXBTC15M-26SEP292130-30,BTC,1790731461.981293,20.0,1.7041,SETTLEMENT,yes,yes,1.7041,False
KXBTC15M-26SEP292100-00,BTC,1790729641.020779,20.0,1.0272,SETTLEMENT,no,no,1.0272,False
KXBTC15M-26SEP292030-30,BTC,1790727632.900083,20.0,-7.2836,HARD_STOP,yes,no,-17.9371,False
KXBTC15M-26SEP292015-15,BTC,1790727002.779282,20.0,1.874,SETTLEMENT,no,no,1.874,False
KXBTC15M-26SEP291945-45,BTC,1790725275.159453,20.0,0.9147,SETTLEMENT,no,no,0.9147,False
KXBTC15M-26SEP291930-30,BTC,1790724120.372731,20.0,1.5911,SETTLEMENT,no,no,1.5911,False
KXBTC15M-26SEP291915-15,BTC,1790723111.892999,20.0,1.3652,SETTLEMENT,yes,yes,1.3652,False
KXBTC15M-26SEP291845-45,BTC,1790721560.477477,20.0,-5.7517,HARD_STOP,yes,no,-16.6067,False
KXBTC15M-26SEP291815-15,BTC,1790719503.695446,20.0,4.1597,SETTLEMENT,yes,yes,4.1597,False
KXBTC15M-26SEP291800-00,BTC,1790719049.294827,20.0,1.3182,SETTLEMENT,no,no,1.3182,False
KXBTC15M-26SEP291745-45,BTC,1790717882.053263,20.0,3.5845,SETTLEMENT,yes,yes,3.5845,False
KXBTC15M-26SEP291730-30,BTC,1790716803.756494,20.0,3.0118,SETTLEMENT,no,no,3.0118,False
KXBTC15M-26SEP291715-15,BTC,1790715922.184398,20.0,2.8215,SETTLEMENT,no,no,2.8215,False
KXBTC15M-26SEP291630-30,BTC,1790713386.399995,20.0,2.8215,SETTLEMENT,yes,yes,2.8215,False
KXBTC15M-26SEP291615-15,BTC,1790712605.421879,20.0,2.8215,SETTLEMENT,no,no,2.8215,False
KXBTC15M-26SEP291545-45,BTC,1790710876.034692,20.0,2.4416,SETTLEMENT,no,no,2.4416,False
KXBTC15M-26SEP291500-00,BTC,1790708325.660631,20.0,0.896,SETTLEMENT,no,no,0.896,False
KXBTC15M-26SEP291445-45,BTC,1790707104.610766,20.0,1.3088,SETTLEMENT,yes,yes,1.3088,False
KXBTC15M-26SEP291430-30,BTC,1790706507.508892,20.0,0.9522,SETTLEMENT,yes,yes,0.9522,False
KXBTC15M-26SEP291415-15,BTC,1790705101.516218,20.0,0.9335,SETTLEMENT,yes,yes,0.9335,False
KXBTC15M-26SEP291400-00,BTC,1790704267.75403,20.0,1.5722,SETTLEMENT,no,no,1.5722,False
KXBTC15M-26SEP291315-15,BTC,1790701757.518283,20.0,1.0647,SETTLEMENT,yes,yes,1.0647,False
KXBTC15M-26SEP291300-00,BTC,1790701026.649094,20.0,-9.7036,HARD_STOP,yes,no,-18.9541,False
KXBTC15M-26SEP291245-45,BTC,1790700035.310922,20.0,0.9522,SETTLEMENT,no,no,0.9522,False
KXBTC15M-26SEP291230-30,BTC,1790698881.823028,20.0,1.1585,SETTLEMENT,yes,yes,1.1585,False
KXBTC15M-26SEP291200-00,BTC,1790697191.27101,20.0,3.2024,SETTLEMENT,no,no,3.2024,False
KXBTC15M-26SEP291145-45,BTC,1790696340.639447,20.0,0.7649,SETTLEMENT,yes,yes,0.7649,False
KXBTC15M-26SEP291130-30,BTC,1790695402.84376,20.0,1.384,SETTLEMENT,no,no,1.384,False
KXBTC15M-26SEP291115-15,BTC,1790694307.976115,20.0,2.0629,SETTLEMENT,no,no,2.0629,False
KXBTC15M-26SEP291100-00,BTC,1790693438.856468,20.0,-5.762,HARD_STOP,no,no,3.5845,False
KXBTC15M-26SEP291030-30,BTC,1790692024.034323,20.0,0.7462,SETTLEMENT,yes,yes,0.7462,False
KXBTC15M-26SEP291015-15,BTC,1790690790.936997,20.0,0.9335,SETTLEMENT,no,no,0.9335,False
KXBTC15M-26SEP291000-00,BTC,1790690068.051865,20.0,0.8398,SETTLEMENT,yes,yes,0.8398,False
KXBTC15M-26SEP290945-45,BTC,1790688948.959407,20.0,1.2008,SETTLEMENT,no,no,1.2008,False
KXBTC15M-26SEP290930-30,BTC,1790688301.194964,20.0,-5.7811,HARD_STOP,no,yes,-16.0323,False
KXBTC15M-26SEP290915-15,BTC,1790687372.927019,20.0,2.0629,SETTLEMENT,yes,yes,2.0629,False
KXBTC15M-26SEP290845-45,BTC,1790685319.928085,20.0,1.7796,SETTLEMENT,yes,yes,1.7796,False
KXBTC15M-26SEP290830-30,BTC,1790684656.74581,20.0,0.9147,SETTLEMENT,no,no,0.9147,False
KXBTC15M-26SEP290815-15,BTC,1790683721.961074,20.0,0.406,HARD_STOP,no,no,3.5845,False
KXBTC15M-26SEP290800-00,BTC,1790682607.944886,20.0,1.0647,SETTLEMENT,yes,yes,1.0647,False
KXBTC15M-26SEP290745-45,BTC,1790681700.93429,20.0,0.9335,SETTLEMENT,yes,yes,0.9335,False
KXBTC15M-26SEP290730-30,BTC,1790681100.84018,20.0,1.874,SETTLEMENT,yes,yes,1.874,False
KXBTC15M-26SEP290715-15,BTC,1790679900.426506,20.0,-7.3072,HARD_STOP,no,no,2.4416,False
KXBTC15M-26SEP290700-00,BTC,1790679371.655212,20.0,1.5534,SETTLEMENT,yes,yes,1.5534,False
KXBTC15M-26SEP290645-45,BTC,1790678110.915898,20.0,2.4416,SETTLEMENT,no,no,2.4416,False
KXBTC15M-26SEP290630-30,BTC,1790677260.696329,20.0,1.121,SETTLEMENT,no,no,1.121,False
KXBTC15M-26SEP290615-15,BTC,1790676683.333928,20.0,-12.5063,HARD_STOP,no,yes,-18.8415,False
KXBTC15M-26SEP290600-00,BTC,1790675402.274608,20.0,0.7836,SETTLEMENT,yes,yes,0.7836,False
KXBTC15M-26SEP290545-45,BTC,1790674664.32038,20.0,1.3276,SETTLEMENT,yes,yes,1.3276,False
KXBTC15M-26SEP290530-30,BTC,1790673907.700418,20.0,1.874,SETTLEMENT,yes,yes,1.874,False
KXBTC15M-26SEP290515-15,BTC,1790672844.385588,20.0,2.0629,SETTLEMENT,no,no,2.0629,False
KXBTC15M-26SEP290445-45,BTC,1790670995.726619,20.0,0.8772,SETTLEMENT,no,no,0.8772,False
KXBTC15M-26SEP290430-30,BTC,1790670079.520044,20.0,1.3088,SETTLEMENT,yes,yes,1.3088,False
KXBTC15M-26SEP290415-15,BTC,1790669424.618041,20.0,1.5346,SETTLEMENT,yes,yes,1.5346,False
KXBTC15M-26SEP290400-00,BTC,1790668687.838559,20.0,1.4781,SETTLEMENT,no,no,1.4781,False
KXBTC15M-26SEP290345-45,BTC,1790667514.506093,20.0,2.0629,SETTLEMENT,yes,yes,2.0629,False
KXBTC15M-26SEP290315-15,BTC,1790666057.743666,20.0,0.8211,SETTLEMENT,no,no,0.8211,False
KXBTC15M-26SEP290300-00,BTC,1790664686.778547,20.0,3.3933,SETTLEMENT,yes,yes,3.3933,False
KXBTC15M-26SEP290215-15,BTC,1790661924.227944,20.0,1.8362,SETTLEMENT,yes,yes,1.8362,False
KXBTC15M-26SEP290200-00,BTC,1790661300.648427,20.0,1.121,SETTLEMENT,yes,yes,1.121,False
KXBTC15M-26SEP290145-45,BTC,1790660102.590566,20.0,-8.197,HARD_STOP,no,no,0.7462,False
KXBTC15M-26SEP290130-30,BTC,1790659464.888044,20.0,1.874,SETTLEMENT,yes,yes,1.874,False
KXBTC15M-26SEP290115-15,BTC,1790658723.830616,20.0,1.7419,SETTLEMENT,yes,yes,1.7419,False
KXBTC15M-26SEP290100-00,BTC,1790657418.567602,20.0,-6.525,HARD_STOP,yes,no,-17.1785,False
KXBTC15M-26SEP290045-45,BTC,1790656501.229223,20.0,3.2024,SETTLEMENT,no,no,3.2024,False
KXBTC15M-26SEP290030-30,BTC,1790655720.596008,20.0,1.874,SETTLEMENT,yes,yes,1.874,False
KXBTC15M-26SEP290015-15,BTC,1790655129.794796,20.0,0.9522,SETTLEMENT,yes,yes,0.9522,False
KXBTC15M-26SEP290000-00,BTC,1790654175.688819,20.0,2.0629,SETTLEMENT,no,no,2.0629,False
KXBTC15M-26SEP282345-45,BTC,1790653159.710847,20.0,1.8362,SETTLEMENT,no,no,1.8362,False
KXBTC15M-26SEP282330-30,BTC,1790652015.74168,20.0,2.2521,SETTLEMENT,yes,yes,2.2521,False
KXBTC15M-26SEP282300-00,BTC,1790650683.17738,20.0,0.7462,SETTLEMENT,no,no,0.7462,False
KXBTC15M-26SEP282230-30,BTC,1790648825.992116,20.0,1.8173,SETTLEMENT,no,no,1.8173,False
KXBTC15M-26SEP282215-15,BTC,1790647853.135033,20.0,-8.6144,HARD_STOP,no,no,0.9334,False
KXBTC15M-26SEP282200-00,BTC,1790647016.834967,20.0,0.8023,SETTLEMENT,yes,yes,0.8023,False
KXBTC15M-26SEP282145-45,BTC,1790646150.492244,20.0,0.7649,SETTLEMENT,yes,yes,0.7649,False
KXBTC15M-26SEP282115-15,BTC,1790644082.185836,20.0,2.2521,SETTLEMENT,no,no,2.2521,False
KXBTC15M-26SEP282100-00,BTC,1790643002.793479,20.0,1.4405,SETTLEMENT,no,no,1.4405,False
KXBTC15M-26SEP282030-30,BTC,1790641228.502439,15.0,-7.4086,HARD_STOP,yes,no,-13.4528,False
KXBTC15M-26SEP282015-15,BTC,1790640680.762268,15.0,-6.8452,HARD_STOP,yes,no,-12.7412,False
KXBTC15M-26SEP282000-00,BTC,1790639417.046453,15.0,2.1161,SETTLEMENT,no,no,2.1161,False
KXBTC15M-26SEP281945-45,BTC,1790638852.078445,15.0,-3.9529,HARD_STOP,yes,yes,1.6891,False
KXBTC15M-26SEP281930-30,BTC,1790637800.842398,15.0,1.9735,SETTLEMENT,yes,yes,1.9735,False
KXBTC15M-26SEP281915-15,BTC,1790637070.910649,15.0,0.9816,SETTLEMENT,no,no,0.9816,False
KXBTC15M-26SEP281900-00,BTC,1790635937.882795,15.0,2.4018,SETTLEMENT,yes,yes,2.4018,False
KXBTC15M-26SEP281845-45,BTC,1790634900.6811,15.0,2.1161,SETTLEMENT,yes,yes,2.1161,False
KXBTC15M-26SEP281800-00,BTC,1790632299.287857,15.0,2.2588,SETTLEMENT,no,no,2.2588,False
KXBTC15M-26SEP281745-45,BTC,1790631662.577083,15.0,2.1161,SETTLEMENT,no,no,2.1161,False
KXBTC15M-26SEP281730-30,BTC,1790630520.384755,15.0,1.5472,SETTLEMENT,no,no,1.5472,False
KXBTC15M-26SEP281715-15,BTC,1790629500.69379,15.0,1.9735,SETTLEMENT,yes,yes,1.9735,False
KXBTC15M-26SEP281700-00,BTC,1790629032.658465,15.0,0.883,SETTLEMENT,yes,yes,0.883,False
KXBTC15M-26SEP281645-45,BTC,1790628205.89925,15.0,2.545,SETTLEMENT,no,no,2.545,False
KXBTC15M-26SEP281630-30,BTC,1790627007.712864,15.0,2.1161,SETTLEMENT,no,no,2.1161,False
KXBTC15M-26SEP281615-15,BTC,1790626082.76782,15.0,0.7141,SETTLEMENT,yes,yes,0.7141,False
KXBTC15M-26SEP281600-00,BTC,1790625389.38361,15.0,1.1227,SETTLEMENT,yes,yes,1.1227,False
KXBTC15M-26SEP281530-30,BTC,1790623634.965971,15.0,0.9393,SETTLEMENT,no,no,0.9393,False
KXBTC15M-26SEP281500-00,BTC,1790621584.865675,15.0,1.1086,SETTLEMENT,yes,yes,1.1086,False
KXBTC15M-26SEP281445-45,BTC,1790620762.722045,15.0,1.0803,SETTLEMENT,no,no,1.0803,False
KXBTC15M-26SEP281415-15,BTC,1790619103.977153,15.0,1.4055,SETTLEMENT,yes,yes,1.4055,False
KXBTC15M-26SEP281400-00,BTC,1790618093.166886,15.0,0.8407,SETTLEMENT,no,no,0.8407,False
KXBTC15M-26SEP281330-30,BTC,1790616157.398908,15.0,1.6891,SETTLEMENT,no,no,1.6891,False
KXBTC15M-26SEP281315-15,BTC,1790615411.698815,15.0,-12.8246,HARD_STOP,yes,no,-14.1593,False
KXBTC15M-26SEP281230-30,BTC,1790612526.319781,15.0,0.6579,SETTLEMENT,yes,yes,0.6579,False
KXBTC15M-26SEP281200-00,BTC,1790610893.45131,15.0,1.1227,SETTLEMENT,yes,yes,1.1227,False
KXBTC15M-26SEP281145-45,BTC,1790609896.089626,15.0,1.2357,SETTLEMENT,yes,yes,1.2357,False
KXBTC15M-26SEP281130-30,BTC,1790609307.478621,15.0,0.6298,SETTLEMENT,yes,yes,0.6298,False
KXBTC15M-26SEP281115-15,BTC,1790608191.681725,15.0,-7.7611,HARD_STOP,yes,yes,0.7488,False
KXBTC15M-26SEP281015-15,BTC,1790604420.471051,15.0,2.1161,SETTLEMENT,no,no,2.1161,False
KXBTC15M-26SEP280945-45,BTC,1790602763.414451,15.0,0.8407,SETTLEMENT,yes,yes,0.8407,False
KXBTC15M-26SEP280930-30,BTC,1790601963.958565,15.0,1.1509,SETTLEMENT,yes,yes,1.1509,False
KXBTC15M-26SEP280915-15,BTC,1790600820.530487,15.0,0.5737,SETTLEMENT,no,no,0.5737,False
KXBTC15M-26SEP280900-00,BTC,1790599931.407388,15.0,0.9816,SETTLEMENT,yes,yes,0.9816,False
KXBTC15M-26SEP280845-45,BTC,1790599238.58641,15.0,1.5472,SETTLEMENT,no,no,1.5472,False
KXBTC15M-26SEP280815-15,BTC,1790597235.749526,15.0,0.7563,SETTLEMENT,yes,yes,0.7563,False
KXBTC15M-26SEP280800-00,BTC,1790596380.55246,15.0,-7.2533,HARD_STOP,yes,no,-13.5945,False
KXBTC15M-26SEP280745-45,BTC,1790595608.496169,15.0,1.6891,SETTLEMENT,yes,yes,1.6891,False
KXBTC15M-26SEP280715-15,BTC,1790593996.451189,15.0,1.4055,SETTLEMENT,yes,yes,1.4055,False
KXBTC15M-26SEP280700-00,BTC,1790592782.631628,15.0,2.2588,SETTLEMENT,yes,yes,2.2588,False
KXBTC15M-26SEP280645-45,BTC,1790591834.470233,15.0,0.7844,SETTLEMENT,yes,yes,0.7844,False
KXBTC15M-26SEP280630-30,BTC,1790591053.328472,15.0,1.4055,SETTLEMENT,yes,yes,1.4055,False
KXBTC15M-26SEP280615-15,BTC,1790590020.323968,15.0,0.8126,SETTLEMENT,yes,yes,0.8126,False
KXBTC15M-26SEP280545-45,BTC,1790588227.690378,15.0,1.3771,SETTLEMENT,no,no,1.3771,False
KXBTC15M-26SEP280515-15,BTC,1790586426.85197,15.0,0.5737,SETTLEMENT,no,no,0.5737,True
KXBTC15M-26SEP280500-00,BTC,1790585607.682109,15.0,1.8312,SETTLEMENT,yes,yes,1.8312,True
KXBTC15M-26SEP280445-45,BTC,1790584984.710646,15.0,0.9816,SETTLEMENT,yes,yes,0.9816,True
KXBTC15M-26SEP280430-30,BTC,1790583780.696845,15.0,1.3064,SETTLEMENT,no,no,1.3064,False
KXBTC15M-26SEP280400-00,BTC,1790582060.479283,15.0,-4.8247,HARD_STOP,yes,yes,1.1227,True
KXBTC15M-26SEP280330-30,BTC,1790580245.06094,15.0,2.1161,SETTLEMENT,no,no,2.1161,False
KXBTC15M-26SEP280315-15,BTC,1790579573.556196,15.0,0.6017,SETTLEMENT,no,no,0.6017,True
KXBTC15M-26SEP280300-00,BTC,1790578498.724041,15.0,1.4055,SETTLEMENT,no,no,1.4055,False
KXBTC15M-26SEP280245-45,BTC,1790577632.55222,15.0,0.9816,SETTLEMENT,yes,yes,0.9816,True
KXBTC15M-26SEP280230-30,BTC,1790576580.466527,15.0,1.3488,SETTLEMENT,no,no,1.3488,False
KXBTC15M-26SEP280215-15,BTC,1790575864.867756,15.0,1.264,SETTLEMENT,yes,yes,1.264,True
KXBTC15M-26SEP280145-45,BTC,1790573822.177461,15.0,-7.8379,HARD_STOP,yes,no,-14.328,False
KXBTC15M-26SEP280130-30,BTC,1790572986.420257,15.0,1.5472,SETTLEMENT,no,no,1.5472,False
KXBTC15M-26SEP280115-15,BTC,1790572081.254065,15.0,1.0098,SETTLEMENT,no,no,1.0098,True
KXBTC15M-26SEP280100-00,BTC,1790571464.385452,15.0,-2.9628,HARD_STOP,yes,no,-12.168,True
KXBTC15M-26SEP280045-45,BTC,1790570600.689245,15.0,1.3205,SETTLEMENT,yes,yes,1.3205,False
KXBTC15M-26SEP280030-30,BTC,1790569558.734653,15.0,1.0098,SETTLEMENT,yes,yes,1.0098,True
KXBTC15M-26SEP280000-00,BTC,1790567741.794856,15.0,0.9816,SETTLEMENT,no,no,0.9816,True
KXBTC15M-26SEP272330-30,BTC,1790566012.836303,15.0,0.8407,SETTLEMENT,no,no,0.8407,True
KXBTC15M-26SEP272315-15,BTC,1790565006.341925,15.0,-6.3394,HARD_STOP,yes,yes,1.1227,True
KXBTC15M-26SEP272300-00,BTC,1790564164.555316,15.0,1.3347,SETTLEMENT,no,no,1.3347,True
KXBTC15M-26SEP272245-45,BTC,1790563080.396006,15.0,1.0803,SETTLEMENT,no,no,1.0803,False
KXBTC15M-26SEP272230-30,BTC,1790562174.834871,15.0,1.0239,SETTLEMENT,no,no,1.0239,False
KXBTC15M-26SEP272145-45,BTC,1790559480.465386,15.0,1.1509,SETTLEMENT,no,no,1.1509,False
KXBTC15M-26SEP272100-00,BTC,1790556784.096327,15.0,-6.5592,HARD_STOP,no,yes,-14.3983,False
KXBTC15M-26SEP272015-15,BTC,1790554151.061818,15.0,2.832,SETTLEMENT,no,no,2.832,False
KXBTC15M-26SEP271945-45,BTC,1790552554.764302,15.0,1.0662,SETTLEMENT,no,no,1.0662,False
KXBTC15M-26SEP271745-45,BTC,1790545085.598441,15.0,0.6158,SETTLEMENT,no,no,0.6158,False
KXBTC15M-26SEP271715-15,BTC,1790543280.473867,10.0,0.5323,SETTLEMENT,yes,yes,0.5323,False
KXBTC15M-26SEP271700-00,BTC,1790542402.91694,10.0,1.126,SETTLEMENT,no,no,1.126,False
KXBTC15M-26SEP271615-15,BTC,1790539762.482339,10.0,0.8615,SETTLEMENT,yes,yes,0.8615,False
KXBTC15M-26SEP271545-45,BTC,1790537880.715127,10.0,0.8874,SETTLEMENT,yes,yes,0.8874,False
KXBTC15M-26SEP271530-30,BTC,1790537023.742036,10.0,1.7922,SETTLEMENT,no,no,1.7922,False
KXBTC15M-26SEP271430-30,BTC,1790533447.54132,10.0,0.448,SETTLEMENT,yes,yes,0.448,False
KXBTC15M-26SEP271415-15,BTC,1790532713.143027,10.0,0.4386,SETTLEMENT,yes,yes,0.4386,False
KXBTC15M-26SEP271400-00,BTC,1790531589.425297,10.0,0.4573,SETTLEMENT,yes,yes,0.4573,False
KXBTC15M-26SEP271345-45,BTC,1790530684.84756,10.0,0.6732,SETTLEMENT,yes,yes,0.6732,False
KXBTC15M-26SEP271330-30,BTC,1790529819.101674,10.0,0.9181,SETTLEMENT,yes,yes,0.9181,False
KXBTC15M-26SEP271245-45,BTC,1790527082.143556,10.0,0.7202,SETTLEMENT,no,no,0.7202,False
KXBTC15M-26SEP271215-15,BTC,1790525282.302448,10.0,0.8332,SETTLEMENT,yes,yes,0.8332,False
KXBTC15M-26SEP271145-45,BTC,1790523601.064413,10.0,0.3731,SETTLEMENT,no,no,0.3731,False
KXBTC15M-26SEP271130-30,BTC,1790522592.938155,10.0,-4.5084,HARD_STOP,yes,yes,0.6666,False
KXBTC15M-26SEP271100-00,BTC,1790520799.358215,10.0,0.4199,SETTLEMENT,no,no,0.4199,False
KXBTC15M-26SEP271030-30,BTC,1790518985.754976,10.0,0.5605,SETTLEMENT,no,no,0.5605,False
KXBTC15M-26SEP271000-00,BTC,1790517232.751614,10.0,0.4105,SETTLEMENT,yes,yes,0.4105,False
KXBTC15M-26SEP270900-00,BTC,1790513594.831594,10.0,1.2208,SETTLEMENT,no,no,1.2208,False
KXBTC15M-26SEP270845-45,BTC,1790512754.024802,10.0,1.2208,SETTLEMENT,yes,yes,1.2208,False
KXBTC15M-26SEP270830-30,BTC,1790511944.646644,10.0,0.5699,SETTLEMENT,no,no,0.5699,False
KXBTC15M-26SEP270815-15,BTC,1790510885.74893,10.0,0.692,SETTLEMENT,yes,yes,0.692,False
KXBTC15M-26SEP270745-45,BTC,1790509132.845325,10.0,1.2208,SETTLEMENT,no,no,1.2208,False
KXBTC15M-26SEP270715-15,BTC,1790507389.422276,10.0,0.7014,SETTLEMENT,yes,yes,0.7014,False
KXBTC15M-26SEP270700-00,BTC,1790506411.230616,10.0,-3.8653,HARD_STOP,yes,no,-9.0914,False
KXBTC15M-26SEP270645-45,BTC,1790505639.077266,10.0,1.4668,SETTLEMENT,no,no,1.4668,False
KXBTC15M-26SEP270630-30,BTC,1790504705.606788,10.0,0.3731,SETTLEMENT,no,no,0.3731,False
KXBTC15M-26SEP270615-15,BTC,1790503843.30119,10.0,0.8992,SETTLEMENT,yes,yes,0.8992,False
KXBTC15M-26SEP270600-00,BTC,1790502796.928843,10.0,0.3731,SETTLEMENT,yes,yes,0.3731,False
KXBTC15M-26SEP270545-45,BTC,1790501978.600802,10.0,1.2208,SETTLEMENT,yes,yes,1.2208,False
KXBTC15M-26SEP270530-30,BTC,1790501314.014261,10.0,0.852,SETTLEMENT,yes,yes,0.852,False
KXBTC15M-26SEP270500-00,BTC,1790499181.674446,10.0,0.937,SETTLEMENT,yes,yes,0.937,False
KXBTC15M-26SEP270445-45,BTC,1790498456.502107,10.0,0.3899,SETTLEMENT,no,no,0.3899,False
KXBTC15M-26SEP270430-30,BTC,1790497703.202431,10.0,-5.0638,HARD_STOP,yes,no,-9.5052,False
KXBTC15M-26SEP270415-15,BTC,1790496639.537305,10.0,-3.9483,HARD_STOP,yes,yes,0.5229,False
KXBTC15M-26SEP270400-00,BTC,1790495587.050845,10.0,0.9275,SETTLEMENT,yes,yes,0.9275,False
KXBTC15M-26SEP270345-45,BTC,1790494743.002601,10.0,1.6012,SETTLEMENT,yes,yes,1.6012,False
KXBTC15M-26SEP270330-30,BTC,1790494142.888239,10.0,1.6966,SETTLEMENT,yes,yes,1.6966,False
KXBTC15M-26SEP270315-15,BTC,1790493187.267789,10.0,-3.6822,HARD_STOP,yes,yes,1.7922,False
KXBTC15M-26SEP270300-00,BTC,1790492227.31463,10.0,-4.9818,HARD_STOP,yes,no,-9.1102,False
KXBTC15M-26SEP270245-45,BTC,1790491081.602026,10.0,1.126,SETTLEMENT,no,no,1.126,False
KXBTC15M-26SEP270215-15,BTC,1790489290.175279,10.0,0.7108,SETTLEMENT,yes,yes,0.7108,False
KXBTC15M-26SEP270200-00,BTC,1790488428.538363,10.0,0.8426,SETTLEMENT,no,no,0.8426,False
KXBTC15M-26SEP270145-45,BTC,1790487584.427704,10.0,0.5136,SETTLEMENT,yes,yes,0.5136,False
KXBTC15M-26SEP270115-15,BTC,1790485767.214544,10.0,0.5042,SETTLEMENT,yes,yes,0.5042,False
KXBTC15M-26SEP270030-30,BTC,1790483107.311673,10.0,1.0314,SETTLEMENT,no,no,1.0314,False
KXBTC15M-26SEP270015-15,BTC,1790482082.219764,10.0,1.2208,SETTLEMENT,yes,yes,1.2208,False
KXBTC15M-26SEP262345-45,BTC,1790480484.768448,10.0,0.7014,SETTLEMENT,yes,yes,0.7014,False
KXBTC15M-26SEP262330-30,BTC,1790479388.035357,10.0,0.4761,SETTLEMENT,no,no,0.4761,False
KXBTC15M-26SEP262315-15,BTC,1790478488.368351,10.0,-3.7183,HARD_STOP,yes,yes,0.5511,False
KXBTC15M-26SEP262300-00,BTC,1790477876.921476,10.0,0.4106,SETTLEMENT,no,no,0.4106,False
KXBTC15M-26SEP262245-45,BTC,1790476775.70732,10.0,1.3157,SETTLEMENT,no,no,1.3157,False
KXBTC15M-26SEP262230-30,BTC,1790475958.492546,10.0,1.4107,SETTLEMENT,yes,yes,1.4107,False
KXBTC15M-26SEP262215-15,BTC,1790474960.880962,10.0,-4.3434,HARD_STOP,no,yes,-8.9686,False
KXBTC15M-26SEP262200-00,BTC,1790474013.39054,10.0,0.3824,SETTLEMENT,yes,yes,0.3824,False
KXBTC15M-26SEP262145-45,BTC,1790473283.876612,10.0,1.3157,SETTLEMENT,yes,yes,1.3157,False
KXBTC15M-26SEP262130-30,BTC,1790472311.930119,10.0,1.6966,SETTLEMENT,no,no,1.6966,False
KXBTC15M-26SEP262115-15,BTC,1790471366.19432,10.0,1.5059,SETTLEMENT,yes,yes,1.5059,False
KXBTC15M-26SEP262100-00,BTC,1790470407.689245,10.0,0.937,SETTLEMENT,no,no,0.937,False
KXBTC15M-26SEP262045-45,BTC,1790469480.19348,10.0,0.6638,SETTLEMENT,yes,yes,0.6638,False
KXBTC15M-26SEP262030-30,BTC,1790468581.917972,10.0,0.7955,SETTLEMENT,no,no,0.7955,False
KXBTC15M-26SEP262015-15,BTC,1790467680.448213,10.0,0.7484,SETTLEMENT,no,no,0.7484,False
KXBTC15M-26SEP262000-00,BTC,1790466802.454975,10.0,1.6966,SETTLEMENT,yes,yes,1.6966,False
KXBTC15M-26SEP261945-45,BTC,1790465957.329885,10.0,-2.5784,HARD_STOP,no,yes,-8.2078,False
KXBTC15M-26SEP261930-30,BTC,1790465350.587616,10.0,-4.2582,HARD_STOP,yes,yes,1.3157,False
KXBTC15M-26SEP261915-15,BTC,1790464082.692622,10.0,1.4107,SETTLEMENT,yes,yes,1.4107,False
KXBTC15M-26SEP261900-00,BTC,1790463189.248788,10.0,-2.4772,HARD_STOP,no,yes,-8.2078,False
KXBTC15M-26SEP261845-45,BTC,1790462291.574559,10.0,0.5136,SETTLEMENT,no,no,0.5136,False
KXBTC15M-26SEP261830-30,BTC,1790461391.727598,10.0,-3.793,HARD_STOP,yes,no,-9.1197,False
KXBTC15M-26SEP261815-15,BTC,1790460480.974198,10.0,0.4948,SETTLEMENT,yes,yes,0.4948,False
KXBTC15M-26SEP261800-00,BTC,1790459683.640333,10.0,1.6012,SETTLEMENT,no,no,1.6012,False
KXBTC15M-26SEP261730-30,BTC,1790457914.160291,10.0,0.937,SETTLEMENT,yes,yes,0.937,False
KXBTC15M-26SEP261715-15,BTC,1790456888.830877,10.0,0.8332,SETTLEMENT,yes,yes,0.8332,False
KXBTC15M-26SEP261645-45,BTC,1790455190.425788,10.0,0.4667,SETTLEMENT,no,no,0.4667,False
KXBTC15M-26SEP261630-30,BTC,1790454244.00767,10.0,0.7673,SETTLEMENT,yes,yes,0.7673,False
KXBTC15M-26SEP261545-45,BTC,1790451482.927156,10.0,0.4948,SETTLEMENT,no,no,0.4948,False
KXBTC15M-26SEP261515-15,BTC,1790449927.496777,10.0,0.4948,SETTLEMENT,yes,yes,0.4948,False
KXBTC15M-26SEP261500-00,BTC,1790449085.48599,10.0,0.4761,SETTLEMENT,no,no,0.4761,False
KXBTC15M-26SEP261445-45,BTC,1790447956.509525,10.0,1.7922,SETTLEMENT,no,no,1.7922,False
KXBTC15M-26SEP261430-30,BTC,1790447136.902272,10.0,0.5792,SETTLEMENT,no,no,0.5792,False
KXBTC15M-26SEP261415-15,BTC,1790446200.470059,10.0,1.3157,SETTLEMENT,no,no,1.3157,False
KXBTC15M-26SEP261400-00,BTC,1790445401.850269,10.0,0.937,SETTLEMENT,yes,yes,0.937,False
KXBTC15M-26SEP261345-45,BTC,1790444396.424828,10.0,1.0314,SETTLEMENT,yes,yes,1.0314,False
KXBTC15M-26SEP261330-30,BTC,1790443682.463706,10.0,-1.0598,HARD_STOP,no,no,0.739,False
KXBTC15M-26SEP261315-15,BTC,1790442481.377096,10.0,1.3157,SETTLEMENT,no,no,1.3157,False
KXBTC15M-26SEP261300-00,BTC,1790441635.211442,10.0,1.4107,SETTLEMENT,no,no,1.4107,False
KXBTC15M-26SEP261245-45,BTC,1790440683.605307,10.0,1.126,SETTLEMENT,yes,yes,1.126,False
KXBTC15M-26SEP261230-30,BTC,1790440041.93137,10.0,0.4761,SETTLEMENT,no,no,0.4761,False
KXBTC15M-26SEP261215-15,BTC,1790439065.310262,10.0,1.126,SETTLEMENT,no,no,1.126,False
KXBTC15M-26SEP261200-00,BTC,1790438100.690695,10.0,1.3157,SETTLEMENT,yes,yes,1.3157,False
KXBTC15M-26SEP261145-45,BTC,1790437088.920635,10.0,0.6168,SETTLEMENT,yes,yes,0.6168,False
KXBTC15M-26SEP261130-30,BTC,1790436262.281582,10.0,1.888,SETTLEMENT,yes,yes,1.888,False
KXBTC15M-26SEP261115-15,BTC,1790435587.164529,10.0,-2.4721,HARD_STOP,yes,yes,0.8803,False
KXBTC15M-26SEP261100-00,BTC,1790434427.173448,10.0,-2.9599,HARD_STOP,yes,yes,1.4107,False
KXBTC15M-26SEP261045-45,BTC,1790433480.394807,10.0,1.126,SETTLEMENT,yes,yes,1.126,False
KXBTC15M-26SEP261030-30,BTC,1790432709.398281,10.0,1.5059,SETTLEMENT,yes,yes,1.5059,False
KXBTC15M-26SEP261000-00,BTC,1790430880.935274,10.0,1.4107,SETTLEMENT,yes,yes,1.4107,False
KXBTC15M-26SEP260945-45,BTC,1790430240.477743,10.0,0.448,SETTLEMENT,yes,yes,0.448,False
KXBTC15M-26SEP260930-30,BTC,1790429107.428016,10.0,1.4107,SETTLEMENT,no,no,1.4107,False
KXBTC15M-26SEP260915-15,BTC,1790428084.498449,10.0,-3.8369,HARD_STOP,no,yes,-9.063,False
KXBTC15M-26SEP260900-00,BTC,1790427512.786982,10.0,1.3157,SETTLEMENT,yes,yes,1.3157,False
KXBTC15M-26SEP260845-45,BTC,1790426490.342101,10.0,0.937,SETTLEMENT,no,no,0.937,False
KXBTC15M-26SEP260830-30,BTC,1790425595.145757,10.0,1.6012,SETTLEMENT,no,no,1.6012,False
KXBTC15M-26SEP260815-15,BTC,1790424600.326502,10.0,1.5059,SETTLEMENT,no,no,1.5059,False
KXBTC15M-26SEP260745-45,BTC,1790422700.297175,10.0,1.0314,SETTLEMENT,yes,yes,1.0314,False
KXBTC15M-26SEP260730-30,BTC,1790422075.442204,10.0,1.126,SETTLEMENT,no,no,1.126,False
KXBTC15M-26SEP260700-00,BTC,1790420185.482182,10.0,1.0314,SETTLEMENT,yes,yes,1.0314,False
KXBTC15M-26SEP260645-45,BTC,1790419338.369823,10.0,-4.3434,HARD_STOP,yes,yes,1.0314,False
KXBTC15M-26SEP260630-30,BTC,1790418235.555188,10.0,1.2208,SETTLEMENT,yes,yes,1.2208,False
KXBTC15M-26SEP260600-00,BTC,1790416678.899657,10.0,-2.1666,HARD_STOP,no,no,1.6966,False
KXBTC15M-26SEP260545-45,BTC,1790415804.398427,10.0,0.6074,SETTLEMENT,no,no,0.6074,False
KXBTC15M-26SEP260530-30,BTC,1790414902.656125,10.0,-3.0298,HARD_STOP,yes,yes,0.8332,False
KXBTC15M-26SEP260515-15,BTC,1790413752.835916,10.0,1.6012,SETTLEMENT,no,no,1.6012,False
KXBTC15M-26SEP260500-00,BTC,1790412780.254492,10.0,0.692,SETTLEMENT,no,no,0.692,False
KXBTC15M-26SEP260430-30,BTC,1790411082.824768,10.0,-3.3632,HARD_STOP,yes,no,-8.5893,False
KXBTC15M-26SEP260415-15,BTC,1790410085.547777,10.0,0.6356,SETTLEMENT,no,no,0.6356,False
KXBTC15M-26SEP260400-00,BTC,1790409185.147887,10.0,1.5059,SETTLEMENT,yes,yes,1.5059,False
KXBTC15M-26SEP260345-45,BTC,1790408321.046753,10.0,1.6012,SETTLEMENT,yes,yes,1.6012,False
KXBTC15M-26SEP260315-15,BTC,1790406481.361686,10.0,0.5886,SETTLEMENT,yes,yes,0.5886,False
KXBTC15M-26SEP260300-00,BTC,1790405948.30283,10.0,1.7922,SETTLEMENT,no,no,1.7922,False
KXBTC15M-26SEP260245-45,BTC,1790404920.360583,10.0,1.6966,SETTLEMENT,no,no,1.6966,False
KXBTC15M-26SEP260230-30,BTC,1790404139.529862,10.0,0.3918,SETTLEMENT,yes,yes,0.3918,False
KXBTC15M-26SEP260215-15,BTC,1790403240.740819,10.0,1.5059,SETTLEMENT,no,no,1.5059,False
KXBTC15M-26SEP260200-00,BTC,1790402027.306777,10.0,1.7922,SETTLEMENT,no,no,1.7922,False
KXBTC15M-26SEP260145-45,BTC,1790401262.370303,10.0,1.6966,SETTLEMENT,yes,yes,1.6966,False
KXBTC15M-26SEP260130-30,BTC,1790400460.41153,10.0,1.6012,SETTLEMENT,no,no,1.6012,False
KXBTC15M-26SEP260115-15,BTC,1790399575.655139,10.0,1.7922,SETTLEMENT,no,no,1.7922,False
KXBTC15M-26SEP260045-45,BTC,1790397674.483712,10.0,0.7108,SETTLEMENT,yes,yes,0.7108,False
KXBTC15M-26SEP260030-30,BTC,1790396638.317181,10.0,1.5059,SETTLEMENT,no,no,1.5059,False
KXBTC15M-26SEP260015-15,BTC,1790395683.587571,10.0,0.6168,SETTLEMENT,yes,yes,0.6168,False
KXBTC15M-26SEP260000-00,BTC,1790395002.508823,10.0,1.6966,SETTLEMENT,no,no,1.6966,False
KXBTC15M-26SEP252345-45,BTC,1790394014.341504,10.0,1.4107,SETTLEMENT,no,no,1.4107,False
KXBTC15M-26SEP252330-30,BTC,1790393101.948618,10.0,1.5059,SETTLEMENT,yes,yes,1.5059,False
KXBTC15M-26SEP252315-15,BTC,1790392217.179215,10.0,1.888,SETTLEMENT,no,no,1.888,False
KXBTC15M-26SEP252300-00,BTC,1790391559.592467,10.0,1.4107,SETTLEMENT,no,no,1.4107,False
KXBTC15M-26SEP252245-45,BTC,1790390686.91958,10.0,1.7922,SETTLEMENT,no,no,1.7922,False
KXBTC15M-26SEP252230-30,BTC,1790389489.0364,10.0,1.0314,SETTLEMENT,no,no,1.0314,False
KXBTC15M-26SEP252215-15,BTC,1790388604.041934,10.0,-3.7778,HARD_STOP,yes,no,-8.3034,False
KXBTC15M-26SEP252200-00,BTC,1790387650.356524,10.0,1.7922,SETTLEMENT,yes,yes,1.7922,False
KXBTC15M-26SEP252145-45,BTC,1790386683.291779,10.0,1.888,SETTLEMENT,yes,yes,1.888,False
KXBTC15M-26SEP252130-30,BTC,1790386141.597576,10.0,0.3918,SETTLEMENT,yes,yes,0.3918,False
KXBTC15M-26SEP252115-15,BTC,1790384881.433375,10.0,1.3157,SETTLEMENT,yes,yes,1.3157,False
KXBTC15M-26SEP252045-45,BTC,1790383080.240964,10.0,0.5792,SETTLEMENT,no,no,0.5792,False
KXBTC15M-26SEP252030-30,BTC,1790382223.861071,10.0,1.888,SETTLEMENT,no,no,1.888,False
KXBTC15M-26SEP252015-15,BTC,1790381549.395795,10.0,-3.2428,HARD_STOP,no,no,0.8238,False
KXBTC15M-26SEP252000-00,BTC,1790380483.562009,10.0,-5.4532,HARD_STOP,yes,no,-8.112,False
KXBTC15M-26SEP251945-45,BTC,1790379789.9239,10.0,1.5059,SETTLEMENT,no,no,1.5059,False
KXBTC15M-26SEP251930-30,BTC,1790378690.118671,10.0,-3.2828,HARD_STOP,yes,no,-8.2078,False
KXBTC15M-26SEP251915-15,BTC,1790378058.687669,10.0,1.4107,SETTLEMENT,no,no,1.4107,False
KXBTC15M-26SEP251900-00,BTC,1790376856.583479,10.0,-4.1674,HARD_STOP,yes,yes,1.5059,False
KXBTC15M-26SEP251845-45,BTC,1790375880.20445,10.0,0.5229,SETTLEMENT,yes,yes,0.5229,False
KXBTC15M-26SEP251830-30,BTC,1790375081.686943,10.0,-5.259,HARD_STOP,no,yes,-8.112,False
KXBTC15M-26SEP251815-15,BTC,1790374084.203762,10.0,0.6638,SETTLEMENT,yes,yes,0.6638,False
KXBTC15M-26SEP251800-00,BTC,1790373183.367637,10.0,-3.9803,HARD_STOP,no,yes,-8.2078,False
KXBTC15M-26SEP251745-45,BTC,1790372462.390761,10.0,0.937,SETTLEMENT,yes,yes,0.937,False
KXBTC15M-26SEP251730-30,BTC,1790371651.65107,10.0,0.4208,SETTLEMENT,yes,yes,0.4208,False
KXBTC15M-26SEP251715-15,BTC,1790370565.27884,10.0,0.3918,SETTLEMENT,no,no,0.3918,False
KXBTC15M-26SEP251700-00,BTC,1790369580.345052,10.0,0.8426,SETTLEMENT,no,no,0.8426,False
KXBTC15M-26SEP251645-45,BTC,1790368736.119492,10.0,-3.5531,HARD_STOP,yes,yes,1.2208,False
KXBTC15M-26SEP251630-30,BTC,1790367780.476681,10.0,1.5059,SETTLEMENT,yes,yes,1.5059,False
KXBTC15M-26SEP251615-15,BTC,1790366880.228898,10.0,1.0314,SETTLEMENT,no,no,1.0314,False
KXBTC15M-26SEP251600-00,BTC,1790366220.646163,10.0,1.126,SETTLEMENT,yes,yes,1.126,False
KXBTC15M-26SEP251545-45,BTC,1790365084.682949,10.0,-3.7691,HARD_STOP,no,yes,-8.4941,False
KXBTC15M-26SEP251530-30,BTC,1790364305.225145,10.0,1.7922,SETTLEMENT,no,no,1.7922,False
KXBTC15M-26SEP251515-15,BTC,1790363571.358576,10.0,0.6168,SETTLEMENT,yes,yes,0.6168,False
KXBTC15M-26SEP251430-30,BTC,1790360800.597393,10.0,1.6966,SETTLEMENT,no,no,1.6966,False
KXBTC15M-26SEP251415-15,BTC,1790359680.324323,10.0,0.5699,SETTLEMENT,yes,yes,0.5699,False
KXBTC15M-26SEP251400-00,BTC,1790358784.885823,10.0,0.7202,SETTLEMENT,no,no,0.7202,False
KXBTC15M-26SEP251345-45,BTC,1790358098.453073,10.0,0.4199,SETTLEMENT,yes,yes,0.4199,False
KXBTC15M-26SEP251330-30,BTC,1790357102.572277,10.0,0.937,SETTLEMENT,no,no,0.937,False
KXBTC15M-26SEP251315-15,BTC,1790356080.531875,10.0,0.7296,SETTLEMENT,yes,yes,0.7296,False
KXBTC15M-26SEP251300-00,BTC,1790355308.316663,10.0,0.6544,SETTLEMENT,no,no,0.6544,False
KXBTC15M-26SEP251245-45,BTC,1790354445.604406,10.0,0.8898,SETTLEMENT,no,no,0.8898,False
KXBTC15M-26SEP251215-15,BTC,1790352480.415217,10.0,0.645,SETTLEMENT,yes,yes,0.645,False
KXBTC15M-26SEP251145-45,BTC,1790350740.405516,10.0,1.5059,SETTLEMENT,no,no,1.5059,False
KXBTC15M-26SEP251130-30,BTC,1790349933.619787,10.0,0.852,SETTLEMENT,no,no,0.852,False
KXBTC15M-26SEP251115-15,BTC,1790349034.607111,10.0,0.598,SETTLEMENT,no,no,0.598,False
KXBTC15M-26SEP251045-45,BTC,1790347081.614073,10.0,0.9086,SETTLEMENT,yes,yes,0.9086,False
KXBTC15M-26SEP250930-30,BTC,1790342580.282498,10.0,0.5323,SETTLEMENT,no,no,0.5323,False
KXBTC15M-26SEP250845-45,BTC,1790339993.638098,10.0,-4.1316,HARD_STOP,yes,yes,0.5417,False
KXBTC15M-26SEP250815-15,BTC,1790338080.984804,10.0,-3.6643,HARD_STOP,no,yes,-8.5893,False
KXBTC15M-26SEP250800-00,BTC,1790337316.337325,10.0,0.5511,SETTLEMENT,no,no,0.5511,False
KXBTC15M-26SEP250745-45,BTC,1790336399.366625,10.0,0.4667,SETTLEMENT,no,no,0.4667,False
KXBTC15M-26SEP250700-00,BTC,1790333674.815766,10.0,-3.6383,HARD_STOP,no,yes,-8.8644,False
KXBTC15M-26SEP250645-45,BTC,1790333030.523535,10.0,0.692,SETTLEMENT,yes,yes,0.692,False
KXBTC15M-26SEP250630-30,BTC,1790331907.622083,10.0,1.126,SETTLEMENT,yes,yes,1.126,False
KXBTC15M-26SEP250600-00,BTC,1790330283.486194,10.0,0.4761,SETTLEMENT,no,no,0.4761,False
KXBTC15M-26SEP250530-30,BTC,1790328373.374685,10.0,0.5699,SETTLEMENT,yes,yes,0.5699,False
KXBTC15M-26SEP250500-00,BTC,1790326504.385861,10.0,1.3157,SETTLEMENT,yes,yes,1.3157,False
KXBTC15M-26SEP250445-45,BTC,1790325499.423599,10.0,0.937,SETTLEMENT,no,no,0.937,False
KXBTC15M-26SEP250415-15,BTC,1790323969.4223,10.0,0.4855,SETTLEMENT,yes,yes,0.4855,False
KXBTC15M-26SEP250400-00,BTC,1790322780.202561,10.0,0.7767,SETTLEMENT,yes,yes,0.7767,False
KXBTC15M-26SEP250345-45,BTC,1790321880.310208,10.0,0.4199,SETTLEMENT,no,no,0.4199,False
KXBTC15M-26SEP250315-15,BTC,1790320080.279973,10.0,1.0314,SETTLEMENT,no,no,1.0314,False
KXBTC15M-26SEP250245-45,BTC,1790318280.178682,10.0,0.7484,SETTLEMENT,no,no,0.7484,False
KXBTC15M-26SEP250230-30,BTC,1790317380.36407,10.0,0.5117,SETTLEMENT,yes,yes,0.5117,False
KXBTC15M-26SEP250215-15,BTC,1790316598.291845,10.0,1.5059,SETTLEMENT,no,no,1.5059,False
KXBTC15M-26SEP250200-00,BTC,1790315811.412432,10.0,1.0314,SETTLEMENT,no,no,1.0314,False
KXBTC15M-26SEP250145-45,BTC,1790314693.668881,10.0,1.126,SETTLEMENT,yes,yes,1.126,False
KXBTC15M-26SEP250130-30,BTC,1790313782.468511,10.0,-2.9599,HARD_STOP,no,no,1.4107,False
KXBTC15M-26SEP250115-15,BTC,1790313219.903042,10.0,0.8615,SETTLEMENT,no,no,0.8615,False
KXBTC15M-26SEP250100-00,BTC,1790311983.63144,10.0,0.4761,SETTLEMENT,no,no,0.4761,False
KXBTC15M-26SEP250045-45,BTC,1790311082.729133,10.0,1.2208,SETTLEMENT,yes,yes,1.2208,False
KXBTC15M-26SEP250015-15,BTC,1790309461.709407,10.0,1.3157,SETTLEMENT,no,no,1.3157,False
KXBTC15M-26SEP250000-00,BTC,1790308452.994139,10.0,-2.7853,HARD_STOP,no,no,1.888,False
KXBTC15M-26SEP242345-45,BTC,1790307482.696333,10.0,0.7767,SETTLEMENT,yes,yes,0.7767,False
KXBTC15M-26SEP242330-30,BTC,1790306886.972069,10.0,0.7484,SETTLEMENT,no,no,0.7484,False
KXBTC15M-26SEP242315-15,BTC,1790305716.842039,10.0,1.0314,SETTLEMENT,yes,yes,1.0314,False
KXBTC15M-26SEP242300-00,BTC,1790304780.819945,10.0,0.4761,SETTLEMENT,no,no,0.4761,False
KXBTC15M-26SEP242245-45,BTC,1790303883.282658,10.0,0.3824,SETTLEMENT,no,no,0.3824,False
KXBTC15M-26SEP242230-30,BTC,1790303141.517446,10.0,0.7767,SETTLEMENT,no,no,0.7767,False
KXBTC15M-26SEP242215-15,BTC,1790302105.8134,10.0,0.5417,SETTLEMENT,yes,yes,0.5417,False
KXBTC15M-26SEP242200-00,BTC,1790301180.975076,10.0,1.0314,SETTLEMENT,yes,yes,1.0314,False
KXBTC15M-26SEP242145-45,BTC,1790300285.270939,10.0,-3.4874,HARD_STOP,no,no,0.5792,False
KXBTC15M-26SEP242130-30,BTC,1790299382.90232,10.0,1.0314,SETTLEMENT,no,no,1.0314,False
KXBTC15M-26SEP242115-15,BTC,1790298486.327724,10.0,0.937,SETTLEMENT,yes,yes,0.937,False
KXBTC15M-26SEP242045-45,BTC,1790297008.469302,10.0,0.6639,SETTLEMENT,no,no,0.6639,False
KXBTC15M-26SEP242030-30,BTC,1790295906.277672,10.0,-3.1778,HARD_STOP,yes,no,-8.3034,False
KXBTC15M-26SEP242015-15,BTC,1790294886.73529,10.0,0.5699,SETTLEMENT,yes,yes,0.5699,False
KXETH15M-26OCT030030-30,ETH,1791001200.991532,10.0,0.4892,SETTLEMENT,no,no,0.4892,True
KXETH15M-26OCT030000-00,ETH,1790999787.853109,10.0,0.8898,SETTLEMENT,yes,yes,0.8898,True
KXETH15M-26OCT022330-30,ETH,1790997790.446809,10.0,0.6619,SETTLEMENT,yes,yes,0.6619,True
KXETH15M-26OCT022230-30,ETH,1790994369.400869,10.0,0.4761,SETTLEMENT,yes,yes,0.4761,True
KXETH15M-26OCT022215-15,ETH,1790993200.910737,10.0,0.5117,SETTLEMENT,no,no,0.5117,True
KXETH15M-26OCT022200-00,ETH,1790992441.111449,10.0,0.7955,SETTLEMENT,no,no,0.7955,True
KXETH15M-26OCT022145-45,ETH,1790991551.722904,10.0,0.5632,SETTLEMENT,yes,yes,0.5632,True
KXETH15M-26OCT022115-15,ETH,1790989735.439028,10.0,0.5023,SETTLEMENT,yes,yes,0.5023,True
KXETH15M-26OCT022100-00,ETH,1790988728.612815,10.0,0.9275,SETTLEMENT,yes,yes,0.9275,True
KXETH15M-26OCT022045-45,ETH,1790987709.493917,10.0,0.724,SETTLEMENT,yes,yes,0.724,True
KXETH15M-26OCT022015-15,ETH,1790985901.177733,10.0,-3.6504,HARD_STOP,no,no,0.7202,True
KXETH15M-26OCT022000-00,ETH,1790985421.725709,10.0,0.3918,SETTLEMENT,no,no,0.3918,True
KXETH15M-26OCT021930-30,ETH,1790983590.536513,10.0,0.852,SETTLEMENT,yes,yes,0.852,True
KXETH15M-26OCT021915-15,ETH,1790982546.86628,10.0,0.937,SETTLEMENT,no,no,0.937,True
KXETH15M-26OCT021900-00,ETH,1790981547.468788,10.0,0.8473,SETTLEMENT,yes,yes,0.8473,True
KXETH15M-26OCT021845-45,ETH,1790981021.724351,10.0,0.3731,SETTLEMENT,yes,yes,0.3731,True
KXETH15M-26OCT021800-00,ETH,1790978026.467287,10.0,0.6732,SETTLEMENT,yes,yes,0.6732,True
KXETH15M-26OCT021745-45,ETH,1790977261.254669,10.0,0.4573,SETTLEMENT,yes,yes,0.4573,True
KXETH15M-26OCT021730-30,ETH,1790976348.718672,10.0,1.0314,SETTLEMENT,no,no,1.0314,True
KXETH15M-26OCT021715-15,ETH,1790975112.514866,10.0,1.888,SETTLEMENT,yes,yes,1.888,True
KXETH15M-26OCT021700-00,ETH,1790974601.974337,10.0,0.8045,HARD_STOP,no,no,1.2208,True
KXETH15M-26OCT021630-30,ETH,1790972794.303264,10.0,-5.5039,HARD_STOP,no,yes,-9.5333,True
KXETH15M-26OCT021445-45,ETH,1790966125.643462,10.0,-3.4689,HARD_STOP,no,no,1.5059,True
KXETH15M-26OCT021430-30,ETH,1790965260.771778,10.0,0.5323,SETTLEMENT,no,no,0.5323,True
KXETH15M-26OCT021315-15,ETH,1790961088.252222,10.0,0.8143,SETTLEMENT,no,no,0.8143,True
KXETH15M-26OCT021245-45,ETH,1790959292.317696,10.0,1.0314,SETTLEMENT,no,no,1.0314,True
KXETH15M-26OCT021230-30,ETH,1790958287.994482,10.0,-2.775,HARD_STOP,no,no,1.6966,True
KXETH15M-26OCT021215-15,ETH,1790957110.940515,10.0,-3.7484,HARD_STOP,no,yes,-8.874,True
KXETH15M-26OCT021145-45,ETH,1790955410.05077,10.0,1.6966,SETTLEMENT,no,no,1.6966,False
KXETH15M-26OCT021115-15,ETH,1790953686.695567,10.0,0.4761,SETTLEMENT,no,no,0.4761,False
KXETH15M-26OCT021000-00,ETH,1790949121.69026,10.0,0.4761,SETTLEMENT,no,no,0.4761,False
KXETH15M-26OCT020945-45,ETH,1790948101.064501,10.0,0.4011,SETTLEMENT,yes,yes,0.4011,False
KXETH15M-26OCT020745-45,ETH,1790940913.220498,10.0,0.7955,SETTLEMENT,yes,yes,0.7955,False
KXETH15M-26OCT020715-15,ETH,1790939283.104341,10.0,0.4573,SETTLEMENT,yes,yes,0.4573,False
KXETH15M-26OCT020700-00,ETH,1790938212.061254,10.0,0.4667,SETTLEMENT,no,no,0.4667,False
KXETH15M-26OCT020645-45,ETH,1790937603.110302,10.0,0.4011,SETTLEMENT,yes,yes,0.4011,False
KXETH15M-26OCT020630-30,ETH,1790936577.562253,10.0,-4.3983,HARD_STOP,yes,no,-9.2233,False
KXETH15M-26OCT020530-30,ETH,1790933125.627735,10.0,0.4199,SETTLEMENT,no,no,0.4199,False
KXETH15M-26OCT020515-15,ETH,1790932116.796088,10.0,-3.6591,HARD_STOP,no,no,1.3157,False
KXETH15M-26OCT020500-00,ETH,1790931191.14259,10.0,0.7578,SETTLEMENT,no,no,0.7578,False
KXETH15M-26OCT020345-45,ETH,1790926815.704208,10.0,0.692,SETTLEMENT,no,no,0.692,False
KXETH15M-26OCT020330-30,ETH,1790925661.098582,10.0,0.598,SETTLEMENT,no,no,0.598,False
KXETH15M-26OCT020230-30,ETH,1790922363.789229,10.0,0.3731,SETTLEMENT,yes,yes,0.3731,False
KXETH15M-26OCT020215-15,ETH,1790921436.600739,10.0,0.4082,SETTLEMENT,yes,yes,0.4082,False
KXETH15M-26OCT020145-45,ETH,1790919494.601467,10.0,0.447,SETTLEMENT,no,no,0.447,False
KXETH15M-26OCT020115-15,ETH,1790917560.889604,10.0,0.6356,SETTLEMENT,no,no,0.6356,False
KXETH15M-26OCT020030-30,ETH,1790914800.597036,10.0,0.5792,SETTLEMENT,yes,yes,0.5792,False
KXETH15M-26OCT020015-15,ETH,1790914238.009493,10.0,0.5323,SETTLEMENT,no,no,0.5323,False
KXETH15M-26OCT012345-45,ETH,1790912163.981221,10.0,-4.7145,HARD_STOP,yes,yes,0.5605,False
KXETH15M-26OCT012300-00,ETH,1790909407.226806,10.0,0.4292,SETTLEMENT,yes,yes,0.4292,False
KXETH15M-26OCT012230-30,ETH,1790907702.786945,10.0,0.4058,SETTLEMENT,no,no,0.4058,False
KXETH15M-26OCT012200-00,ETH,1790905838.33624,10.0,0.8238,SETTLEMENT,yes,yes,0.8238,False
KXETH15M-26OCT012130-30,ETH,1790904085.289846,10.0,0.5323,SETTLEMENT,no,no,0.5323,False
KXETH15M-26OCT012115-15,ETH,1790903423.816309,10.0,0.4086,SETTLEMENT,no,no,0.4086,False
KXETH15M-26OCT012100-00,ETH,1790902683.894842,10.0,0.4105,SETTLEMENT,yes,yes,0.4105,False
KXETH15M-26OCT012045-45,ETH,1790901531.473193,10.0,-3.5751,HARD_STOP,yes,no,-9.6101,False
KXETH15M-26OCT012015-15,ETH,1790899707.412315,10.0,-3.9149,HARD_STOP,no,no,0.5567,False
KXETH15M-26OCT011945-45,ETH,1790897722.497552,10.0,0.9001,SETTLEMENT,yes,yes,0.9001,False
KXETH15M-26OCT011930-30,ETH,1790896983.497043,10.0,0.8049,SETTLEMENT,yes,yes,0.8049,False
KXETH15M-26OCT011915-15,ETH,1790896134.947726,10.0,0.6732,SETTLEMENT,no,no,0.6732,False
KXETH15M-26OCT011900-00,ETH,1790895015.709874,10.0,-3.843,HARD_STOP,yes,no,-8.9686,False
KXETH15M-26OCT011845-45,ETH,1790894520.661427,10.0,0.4292,SETTLEMENT,yes,yes,0.4292,False
KXETH15M-26OCT011815-15,ETH,1790892313.926154,10.0,0.3918,SETTLEMENT,yes,yes,0.3918,False
KXETH15M-26OCT011800-00,ETH,1790891661.957711,10.0,1.0314,SETTLEMENT,yes,yes,1.0314,False
KXETH15M-26OCT011745-45,ETH,1790890692.567898,10.0,1.0314,SETTLEMENT,no,no,1.0314,False
KXETH15M-26OCT011715-15,ETH,1790889056.215895,10.0,1.126,SETTLEMENT,no,no,1.126,False
KXETH15M-26OCT011645-45,ETH,1790887120.955364,10.0,1.126,SETTLEMENT,no,no,1.126,False
KXETH15M-26OCT011530-30,ETH,1790882679.139024,10.0,0.3824,SETTLEMENT,no,no,0.3824,False
KXETH15M-26OCT011515-15,ETH,1790881743.575922,10.0,0.739,SETTLEMENT,yes,yes,0.739,False
KXETH15M-26OCT011500-00,ETH,1790880792.503874,10.0,0.3731,SETTLEMENT,no,no,0.3731,False
KXETH15M-26OCT011445-45,ETH,1790879718.934785,10.0,0.7767,SETTLEMENT,yes,yes,0.7767,False
KXETH15M-26OCT011400-00,ETH,1790877255.057202,10.0,0.8238,SETTLEMENT,no,no,0.8238,False
KXETH15M-26OCT011330-30,ETH,1790875204.984723,10.0,0.6262,SETTLEMENT,yes,yes,0.6262,False
KXETH15M-26OCT011315-15,ETH,1790874315.89278,10.0,0.3824,SETTLEMENT,yes,yes,0.3824,False
KXETH15M-26OCT011245-45,ETH,1790872534.585155,10.0,-4.3166,HARD_STOP,no,yes,-9.5427,False
KXETH15M-26OCT011215-15,ETH,1790870802.597895,10.0,0.5136,SETTLEMENT,yes,yes,0.5136,False
KXETH15M-26OCT011200-00,ETH,1790869823.892238,10.0,0.3731,SETTLEMENT,yes,yes,0.3731,False
KXETH15M-26OCT011145-45,ETH,1790869171.028774,10.0,0.3824,SETTLEMENT,no,no,0.3824,False
KXETH15M-26OCT011115-15,ETH,1790867404.808118,10.0,0.3731,SETTLEMENT,no,no,0.3731,False
KXETH15M-26OCT011015-15,ETH,1790863512.402413,10.0,-4.0283,HARD_STOP,no,no,0.645,False
KXETH15M-26OCT010945-45,ETH,1790861869.040725,10.0,0.5511,SETTLEMENT,yes,yes,0.5511,False
KXETH15M-26OCT010845-45,ETH,1790858474.141927,10.0,-4.5823,HARD_STOP,no,yes,-9.6176,False
KXETH15M-26OCT010830-30,ETH,1790857758.004982,10.0,0.7202,SETTLEMENT,no,no,0.7202,False
KXETH15M-26OCT010815-15,ETH,1790856833.530937,10.0,1.2208,SETTLEMENT,yes,yes,1.2208,False
KXETH15M-26OCT010745-45,ETH,1790854771.32268,10.0,0.4573,SETTLEMENT,yes,yes,0.4573,False
KXETH15M-26OCT010715-15,ETH,1790853020.529627,10.0,0.3824,SETTLEMENT,no,no,0.3824,False
KXETH15M-26OCT010700-00,ETH,1790851986.755976,10.0,0.6309,SETTLEMENT,yes,yes,0.6309,False
KXETH15M-26OCT010645-45,ETH,1790851033.685266,10.0,0.3731,SETTLEMENT,yes,yes,0.3731,False
KXETH15M-26OCT010600-00,ETH,1790848381.65484,10.0,1.0314,SETTLEMENT,no,no,1.0314,False
KXETH15M-26OCT010515-15,ETH,1790845829.301208,10.0,0.599,SETTLEMENT,yes,yes,0.599,False
KXETH15M-26OCT010200-00,ETH,1790834024.89283,10.0,0.7522,SETTLEMENT,yes,yes,0.7522,False
KXETH15M-26OCT010145-45,ETH,1790833144.425475,10.0,0.645,SETTLEMENT,yes,yes,0.645,False
KXETH15M-26OCT010100-00,ETH,1790830225.34779,10.0,0.3731,SETTLEMENT,yes,yes,0.3731,False
KXETH15M-26OCT010045-45,ETH,1790829303.803034,10.0,-3.6419,HARD_STOP,yes,no,-8.9686,False
KXETH15M-26OCT010030-30,ETH,1790828759.547703,10.0,0.3824,SETTLEMENT,no,no,0.3824,False
KXETH15M-26OCT010015-15,ETH,1790827870.591919,10.0,0.5699,SETTLEMENT,yes,yes,0.5699,False
KXETH15M-26SEP302345-45,ETH,1790825988.522117,10.0,0.3908,SETTLEMENT,yes,yes,0.3908,False
KXETH15M-26SEP302300-00,ETH,1790823482.496537,10.0,0.7315,SETTLEMENT,yes,yes,0.7315,False
KXETH15M-26SEP302230-30,ETH,1790821206.486787,10.0,0.7183,SETTLEMENT,no,no,0.7183,False
KXETH15M-26SEP302215-15,ETH,1790820635.600635,10.0,0.4667,SETTLEMENT,yes,yes,0.4667,False
KXETH15M-26SEP302145-45,ETH,1790818659.897156,10.0,0.4386,SETTLEMENT,no,no,0.4386,False
KXETH15M-26SEP302130-30,ETH,1790817840.406846,10.0,0.5733,SETTLEMENT,yes,yes,0.5733,False
KXETH15M-26SEP302045-45,ETH,1790815272.365083,10.0,0.6544,SETTLEMENT,yes,yes,0.6544,False
KXETH15M-26SEP302015-15,ETH,1790813220.761586,10.0,1.3157,SETTLEMENT,no,no,1.3157,False
KXETH15M-26SEP302000-00,ETH,1790812455.196184,10.0,0.6074,SETTLEMENT,no,no,0.6074,False
KXETH15M-26SEP301930-30,ETH,1790810497.907136,10.0,0.7899,SETTLEMENT,yes,yes,0.7899,False
KXETH15M-26SEP301845-45,ETH,1790807941.926104,10.0,1.126,SETTLEMENT,yes,yes,1.126,False
KXETH15M-26SEP301830-30,ETH,1790806831.855182,10.0,0.645,SETTLEMENT,yes,yes,0.645,False
KXETH15M-26SEP301815-15,ETH,1790805961.516863,10.0,1.3157,SETTLEMENT,no,no,1.3157,False
KXETH15M-26SEP301715-15,ETH,1790802393.796398,10.0,1.888,SETTLEMENT,yes,yes,1.888,False
KXETH15M-26SEP301630-30,ETH,1790799702.365402,10.0,0.8049,SETTLEMENT,yes,yes,0.8049,False
KXETH15M-26SEP301615-15,ETH,1790799071.804323,10.0,0.4105,SETTLEMENT,yes,yes,0.4105,False
KXETH15M-26SEP301600-00,ETH,1790797860.878481,10.0,0.7202,SETTLEMENT,no,no,0.7202,False
KXETH15M-26SEP301545-45,ETH,1790797017.91708,10.0,0.6262,SETTLEMENT,yes,yes,0.6262,False
KXETH15M-26SEP301515-15,ETH,1790795454.566096,10.0,0.4199,SETTLEMENT,no,no,0.4199,False
KXETH15M-26SEP301500-00,ETH,1790794381.119711,10.0,0.5042,SETTLEMENT,yes,yes,0.5042,False
KXETH15M-26SEP301445-45,ETH,1790793461.562847,10.0,0.8143,SETTLEMENT,no,no,0.8143,False
KXETH15M-26SEP301430-30,ETH,1790792703.534189,10.0,0.598,SETTLEMENT,no,no,0.598,False
KXETH15M-26SEP301345-45,ETH,1790789835.398466,10.0,0.4606,SETTLEMENT,no,no,0.4606,False
KXETH15M-26SEP301230-30,ETH,1790785489.383606,10.0,-4.827,HARD_STOP,yes,yes,0.448,False
KXETH15M-26SEP301215-15,ETH,1790784542.955835,10.0,0.6121,SETTLEMENT,yes,yes,0.6121,False
KXETH15M-26SEP301130-30,ETH,1790781889.485625,10.0,0.3918,SETTLEMENT,no,no,0.3918,False
KXETH15M-26SEP301115-15,ETH,1790781008.173492,10.0,-4.3786,HARD_STOP,yes,yes,1.888,False
KXETH15M-26SEP301100-00,ETH,1790780106.769852,10.0,0.5699,SETTLEMENT,yes,yes,0.5699,False
KXETH15M-26SEP301030-30,ETH,1790778148.607196,10.0,0.4573,SETTLEMENT,no,no,0.4573,False
KXETH15M-26SEP301015-15,ETH,1790777286.676577,10.0,1.888,SETTLEMENT,no,no,1.888,False
KXETH15M-26SEP300945-45,ETH,1790775362.501146,10.0,0.937,SETTLEMENT,no,no,0.937,False
KXETH15M-26SEP300930-30,ETH,1790774671.827825,10.0,0.3824,SETTLEMENT,no,no,0.3824,False
KXETH15M-26SEP300815-15,ETH,1790770032.724685,10.0,-5.5262,HARD_STOP,yes,no,-9.063,False
KXETH15M-26SEP300745-45,ETH,1790768304.355993,10.0,0.6074,SETTLEMENT,yes,yes,0.6074,False
KXETH15M-26SEP300715-15,ETH,1790766300.385149,10.0,0.5605,SETTLEMENT,no,no,0.5605,False
KXETH15M-26SEP300700-00,ETH,1790765907.783658,10.0,0.7861,SETTLEMENT,yes,yes,0.7861,False
KXETH15M-26SEP300645-45,ETH,1790764691.384929,10.0,-4.4018,HARD_STOP,yes,yes,0.6732,False
KXETH15M-26SEP300615-15,ETH,1790763114.543029,10.0,0.3824,SETTLEMENT,yes,yes,0.3824,False
KXETH15M-26SEP300530-30,ETH,1790760213.578039,10.0,1.3157,SETTLEMENT,yes,yes,1.3157,False
KXETH15M-26SEP300515-15,ETH,1790759106.564077,10.0,0.937,SETTLEMENT,yes,yes,0.937,False
KXETH15M-26SEP300415-15,ETH,1790755608.48477,10.0,0.937,SETTLEMENT,no,no,0.937,False
KXETH15M-26SEP300345-45,ETH,1790753883.662938,10.0,0.8615,SETTLEMENT,yes,yes,0.8615,False
KXETH15M-26SEP300330-30,ETH,1790752806.256342,10.0,0.4199,SETTLEMENT,yes,yes,0.4199,False
KXETH15M-26SEP300245-45,ETH,1790750360.728895,10.0,0.5699,SETTLEMENT,no,no,0.5699,False
KXETH15M-26SEP300230-30,ETH,1790749697.550351,10.0,-4.0662,HARD_STOP,no,no,0.9086,False
KXETH15M-26SEP300200-00,ETH,1790747503.434098,10.0,0.9275,SETTLEMENT,no,no,0.9275,False
KXETH15M-26SEP300130-30,ETH,1790745857.353891,10.0,0.5417,SETTLEMENT,yes,yes,0.5417,False
KXETH15M-26SEP300100-00,ETH,1790744034.690198,10.0,1.0314,SETTLEMENT,no,no,1.0314,False
KXETH15M-26SEP300015-15,ETH,1790741528.726921,10.0,0.418,SETTLEMENT,yes,yes,0.418,False
KXETH15M-26SEP300000-00,ETH,1790740399.593335,10.0,0.598,SETTLEMENT,no,no,0.598,False
KXETH15M-26SEP292345-45,ETH,1790739543.902468,10.0,0.7014,SETTLEMENT,yes,yes,0.7014,False
KXETH15M-26SEP292330-30,ETH,1790738404.789405,10.0,0.8059,SETTLEMENT,no,no,0.8059,False
KXETH15M-26SEP292300-00,ETH,1790736733.448437,10.0,0.9936,SETTLEMENT,yes,yes,0.9936,False
KXETH15M-26SEP292245-45,ETH,1790736081.354035,10.0,0.5886,SETTLEMENT,yes,yes,0.5886,False
KXETH15M-26SEP292215-15,ETH,1790734054.517283,10.0,-4.4264,HARD_STOP,yes,yes,0.448,False
KXETH15M-26SEP292200-00,ETH,1790733590.611227,10.0,-9.0119,HARD_STOP,no,yes,-9.1385,False
KXETH15M-26SEP292130-30,ETH,1790731501.285652,10.0,0.6845,SETTLEMENT,yes,yes,0.6845,False
KXETH15M-26SEP292100-00,ETH,1790729845.716765,10.0,0.8332,SETTLEMENT,yes,yes,0.8332,False
KXETH15M-26SEP292030-30,ETH,1790727903.51282,10.0,-3.9964,HARD_STOP,yes,no,-9.3231,False
KXETH15M-26SEP292015-15,ETH,1790727011.153481,10.0,0.4742,SETTLEMENT,no,no,0.4742,False
KXETH15M-26SEP291945-45,ETH,1790725143.435267,10.0,0.937,SETTLEMENT,no,no,0.937,False
KXETH15M-26SEP291930-30,ETH,1790724065.140354,10.0,0.4761,SETTLEMENT,no,no,0.4761,False
KXETH15M-26SEP291915-15,ETH,1790723100.248848,10.0,1.126,SETTLEMENT,yes,yes,1.126,False
KXETH15M-26SEP291845-45,ETH,1790721558.988302,10.0,-3.1652,HARD_STOP,yes,no,-8.2908,False
KXETH15M-26SEP291815-15,ETH,1790719502.237491,10.0,0.5567,SETTLEMENT,yes,yes,0.5567,False
KXETH15M-26SEP291800-00,ETH,1790718815.727182,10.0,1.2208,SETTLEMENT,no,no,1.2208,False
KXETH15M-26SEP291745-45,ETH,1790718003.057393,10.0,0.7014,SETTLEMENT,yes,yes,0.7014,False
KXETH15M-26SEP291730-30,ETH,1790716851.711243,10.0,0.6262,SETTLEMENT,no,no,0.6262,False
KXETH15M-26SEP291715-15,ETH,1790716175.58366,10.0,0.6826,SETTLEMENT,no,no,0.6826,False
KXETH15M-26SEP291700-00,ETH,1790715427.128863,10.0,0.5511,SETTLEMENT,no,no,0.5511,False
KXETH15M-26SEP291630-30,ETH,1790713381.634258,10.0,1.126,SETTLEMENT,yes,yes,1.126,False
KXETH15M-26SEP291615-15,ETH,1790712659.816646,10.0,-4.0026,HARD_STOP,no,no,0.5699,False
KXETH15M-26SEP291600-00,ETH,1790711943.979264,10.0,0.5699,SETTLEMENT,no,no,0.5699,False
KXETH15M-26SEP291545-45,ETH,1790710929.934292,10.0,0.692,SETTLEMENT,no,no,0.692,False
KXETH15M-26SEP291515-15,ETH,1790708881.125099,10.0,0.7014,SETTLEMENT,yes,yes,0.7014,False
KXETH15M-26SEP291500-00,ETH,1790708323.926402,10.0,0.3824,SETTLEMENT,no,no,0.3824,False
KXETH15M-26SEP291445-45,ETH,1790707083.083632,10.0,0.598,SETTLEMENT,yes,yes,0.598,False
KXETH15M-26SEP291430-30,ETH,1790706340.815524,10.0,0.5548,SETTLEMENT,yes,yes,0.5548,False
KXETH15M-26SEP291400-00,ETH,1790704443.593344,10.0,0.8153,SETTLEMENT,no,no,0.8153,False
KXETH15M-26SEP291330-30,ETH,1790702583.073857,10.0,0.6638,SETTLEMENT,no,no,0.6638,False
KXETH15M-26SEP291315-15,ETH,1790701873.902156,10.0,0.4573,SETTLEMENT,yes,yes,0.4573,False
KXETH15M-26SEP291300-00,ETH,1790700953.763886,10.0,-3.0868,HARD_STOP,yes,no,-8.112,False
KXETH15M-26SEP291245-45,ETH,1790700005.599634,10.0,0.4105,SETTLEMENT,no,no,0.4105,False
KXETH15M-26SEP291230-30,ETH,1790698983.047797,10.0,0.4761,SETTLEMENT,yes,yes,0.4761,False
KXETH15M-26SEP291215-15,ETH,1790698226.519641,10.0,0.5136,SETTLEMENT,yes,yes,0.5136,False
KXETH15M-26SEP291200-00,ETH,1790697240.990093,10.0,0.7767,SETTLEMENT,no,no,0.7767,False
KXETH15M-26SEP291145-45,ETH,1790696408.022989,10.0,0.4667,SETTLEMENT,yes,yes,0.4667,False
KXETH15M-26SEP291130-30,ETH,1790695410.849513,10.0,0.692,SETTLEMENT,no,no,0.692,False
KXETH15M-26SEP291115-15,ETH,1790694342.950777,10.0,0.6544,SETTLEMENT,no,no,0.6544,False
KXETH15M-26SEP291100-00,ETH,1790693881.009221,10.0,-5.6027,HARD_STOP,no,yes,-9.5333,False
KXETH15M-26SEP291015-15,ETH,1790690886.079273,10.0,0.6638,SETTLEMENT,no,no,0.6638,False
KXETH15M-26SEP291000-00,ETH,1790690047.893951,10.0,0.5905,SETTLEMENT,yes,yes,0.5905,False
KXETH15M-26SEP290930-30,ETH,1790688392.298514,10.0,-4.0471,HARD_STOP,yes,no,-9.3738,False
KXETH15M-26SEP290915-15,ETH,1790687398.870406,10.0,-3.9374,HARD_STOP,no,yes,-9.063,False
KXETH15M-26SEP290900-00,ETH,1790686561.108099,10.0,0.7202,SETTLEMENT,no,no,0.7202,False
KXETH15M-26SEP290845-45,ETH,1790685480.725632,10.0,0.937,SETTLEMENT,yes,yes,0.937,False
KXETH15M-26SEP290815-15,ETH,1790683970.186734,10.0,-3.4828,HARD_STOP,no,no,1.7922,False
KXETH15M-26SEP290800-00,ETH,1790682665.986691,10.0,0.5605,SETTLEMENT,yes,yes,0.5605,False
KXETH15M-26SEP290745-45,ETH,1790681881.69945,10.0,0.4442,SETTLEMENT,yes,yes,0.4442,False
KXETH15M-26SEP290730-30,ETH,1790681255.955037,10.0,0.3918,SETTLEMENT,yes,yes,0.3918,False
KXETH15M-26SEP290715-15,ETH,1790680084.942463,10.0,0.6262,SETTLEMENT,yes,yes,0.6262,False
KXETH15M-26SEP290700-00,ETH,1790679329.772039,10.0,0.8634,SETTLEMENT,yes,yes,0.8634,False
KXETH15M-26SEP290645-45,ETH,1790678341.434199,10.0,0.9086,SETTLEMENT,no,no,0.9086,False
KXETH15M-26SEP290630-30,ETH,1790677387.309526,10.0,0.5229,SETTLEMENT,no,no,0.5229,False
KXETH15M-26SEP290615-15,ETH,1790676607.550471,10.0,-4.0637,HARD_STOP,no,yes,-8.5893,False
KXETH15M-26SEP290515-15,ETH,1790672946.338863,10.0,0.6826,SETTLEMENT,no,no,0.6826,False
KXETH15M-26SEP290500-00,ETH,1790672038.741823,10.0,0.645,SETTLEMENT,no,no,0.645,False
KXETH15M-26SEP290430-30,ETH,1790670204.944794,10.0,0.4761,SETTLEMENT,yes,yes,0.4761,False
KXETH15M-26SEP290415-15,ETH,1790669400.112005,10.0,0.7842,SETTLEMENT,yes,yes,0.7842,False
KXETH15M-26SEP290400-00,ETH,1790668630.357906,10.0,1.6966,SETTLEMENT,no,no,1.6966,False
KXETH15M-26SEP290345-45,ETH,1790667567.625317,10.0,-3.629,HARD_STOP,no,yes,-9.1574,False
KXETH15M-26SEP290330-30,ETH,1790666695.505626,10.0,0.692,SETTLEMENT,yes,yes,0.692,False
KXETH15M-26SEP290315-15,ETH,1790665785.541198,10.0,0.6638,SETTLEMENT,yes,yes,0.6638,False
KXETH15M-26SEP290300-00,ETH,1790664689.594776,10.0,1.3157,SETTLEMENT,yes,yes,1.3157,False
KXETH15M-26SEP290245-45,ETH,1790663958.508164,10.0,1.126,SETTLEMENT,yes,yes,1.126,False
KXETH15M-26SEP290200-00,ETH,1790661260.17047,10.0,0.4939,SETTLEMENT,yes,yes,0.4939,False
KXETH15M-26SEP290130-30,ETH,1790659457.63314,10.0,0.936,SETTLEMENT,yes,yes,0.936,False
KXETH15M-26SEP290045-45,ETH,1790656562.833874,10.0,0.3918,SETTLEMENT,no,no,0.3918,False
KXETH15M-26SEP290030-30,ETH,1790655780.572618,10.0,0.4021,SETTLEMENT,yes,yes,0.4021,False
KXETH15M-26SEP290000-00,ETH,1790654223.489394,10.0,0.4667,SETTLEMENT,no,no,0.4667,False
KXETH15M-26SEP282330-30,ETH,1790652186.35147,10.0,0.7484,SETTLEMENT,yes,yes,0.7484,False
KXETH15M-26SEP282315-15,ETH,1790651541.828885,10.0,0.3731,SETTLEMENT,yes,yes,0.3731,False
KXETH15M-26SEP282300-00,ETH,1790650381.462136,10.0,1.0314,SETTLEMENT,no,no,1.0314,False
KXETH15M-26SEP282245-45,ETH,1790649741.927432,10.0,0.4667,SETTLEMENT,yes,yes,0.4667,False
KXETH15M-26SEP282230-30,ETH,1790648760.758824,10.0,0.5792,SETTLEMENT,no,no,0.5792,False
KXETH15M-26SEP282215-15,ETH,1790647738.633476,10.0,0.7484,SETTLEMENT,no,no,0.7484,False
KXETH15M-26SEP282130-30,ETH,1790645196.922282,10.0,0.3937,SETTLEMENT,no,no,0.3937,False
KXETH15M-26SEP282115-15,ETH,1790644092.773555,10.0,0.937,SETTLEMENT,no,no,0.937,False
KXETH15M-26SEP282030-30,ETH,1790641531.624031,10.0,0.4011,SETTLEMENT,no,no,0.4011,False
KXETH15M-26SEP282000-00,ETH,1790639733.991211,10.0,0.937,SETTLEMENT,no,no,0.937,False
KXETH15M-26SEP281945-45,ETH,1790638786.892714,10.0,1.126,SETTLEMENT,yes,yes,1.126,False
KXETH15M-26SEP281930-30,ETH,1790637837.659854,10.0,1.0314,SETTLEMENT,yes,yes,1.0314,False
KXETH15M-26SEP281915-15,ETH,1790636880.400137,10.0,-3.8401,HARD_STOP,no,yes,-9.1668,False
KXETH15M-26SEP281900-00,ETH,1790636106.550585,10.0,1.126,SETTLEMENT,yes,yes,1.126,False
KXETH15M-26SEP281845-45,ETH,1790634990.387946,10.0,0.3731,SETTLEMENT,yes,yes,0.3731,False
KXETH15M-26SEP281830-30,ETH,1790634377.599106,10.0,0.937,SETTLEMENT,yes,yes,0.937,False
KXETH15M-26SEP281815-15,ETH,1790633281.045268,10.0,0.8992,SETTLEMENT,no,no,0.8992,False
KXETH15M-26SEP281800-00,ETH,1790632394.343169,10.0,1.3157,SETTLEMENT,no,no,1.3157,False
KXETH15M-26SEP281730-30,ETH,1790630582.053721,10.0,0.4948,SETTLEMENT,no,no,0.4948,False
KXETH15M-26SEP281715-15,ETH,1790629733.595424,10.0,0.6168,SETTLEMENT,yes,yes,0.6168,False
KXETH15M-26SEP281700-00,ETH,1790629020.439746,10.0,0.8143,SETTLEMENT,yes,yes,0.8143,False
KXETH15M-26SEP281645-45,ETH,1790628155.778551,10.0,-4.0847,HARD_STOP,no,yes,-9.4114,False
KXETH15M-26SEP281630-30,ETH,1790626997.589998,10.0,0.9464,SETTLEMENT,no,no,0.9464,False
KXETH15M-26SEP281600-00,ETH,1790625306.495547,10.0,0.5398,SETTLEMENT,yes,yes,0.5398,False
KXETH15M-26SEP281530-30,ETH,1790623454.615313,10.0,0.8426,SETTLEMENT,no,no,0.8426,False
KXETH15M-26SEP281500-00,ETH,1790621551.161557,10.0,0.6638,SETTLEMENT,yes,yes,0.6638,False
KXETH15M-26SEP281445-45,ETH,1790620686.525023,10.0,0.937,SETTLEMENT,no,no,0.937,False
KXETH15M-26SEP281430-30,ETH,1790619981.821703,10.0,-3.9087,HARD_STOP,no,no,0.6638,False
KXETH15M-26SEP281400-00,ETH,1790618040.862723,10.0,0.4761,SETTLEMENT,no,no,0.4761,False
KXETH15M-26SEP281315-15,ETH,1790615398.559232,10.0,-4.6892,HARD_STOP,yes,no,-9.4142,False
KXETH15M-26SEP281300-00,ETH,1790614560.483138,10.0,0.7673,SETTLEMENT,yes,yes,0.7673,False
KXETH15M-26SEP281245-45,ETH,1790613518.534549,10.0,0.6516,SETTLEMENT,no,no,0.6516,False
KXETH15M-26SEP281230-30,ETH,1790612520.258105,10.0,0.3965,SETTLEMENT,yes,yes,0.3965,False
KXETH15M-26SEP281200-00,ETH,1790610913.848927,10.0,0.852,SETTLEMENT,yes,yes,0.852,False
KXETH15M-26SEP281145-45,ETH,1790609893.533244,10.0,0.7265,SETTLEMENT,yes,yes,0.7265,False
KXETH15M-26SEP281115-15,ETH,1790608182.552,10.0,-4.3138,HARD_STOP,no,yes,-9.5399,False
KXETH15M-26SEP281015-15,ETH,1790604602.540907,10.0,0.5136,SETTLEMENT,no,no,0.5136,False
KXETH15M-26SEP281000-00,ETH,1790603520.627693,10.0,-4.0487,HARD_STOP,no,no,0.6246,False
KXETH15M-26SEP280930-30,ETH,1790601963.149411,10.0,0.852,SETTLEMENT,yes,yes,0.852,False
KXETH15M-26SEP280915-15,ETH,1790600904.56436,10.0,0.598,SETTLEMENT,no,no,0.598,False
KXETH15M-26SEP280900-00,ETH,1790599922.637669,10.0,0.4227,SETTLEMENT,yes,yes,0.4227,False
KXETH15M-26SEP280845-45,ETH,1790599237.697061,10.0,0.4199,SETTLEMENT,no,no,0.4199,False
KXETH15M-26SEP280815-15,ETH,1790597233.183,10.0,0.3918,SETTLEMENT,yes,yes,0.3918,False
KXETH15M-26SEP280800-00,ETH,1790596440.539356,10.0,-5.3998,HARD_STOP,yes,no,-9.4292,False
KXETH15M-26SEP280745-45,ETH,1790595527.581631,10.0,1.4107,SETTLEMENT,yes,yes,1.4107,False
KXETH15M-26SEP280730-30,ETH,1790594621.981272,10.0,0.7673,SETTLEMENT,yes,yes,0.7673,False
KXETH15M-26SEP280715-15,ETH,1790593633.593529,10.0,0.6262,SETTLEMENT,yes,yes,0.6262,False
KXETH15M-26SEP280645-45,ETH,1790591827.394264,10.0,0.6732,SETTLEMENT,yes,yes,0.6732,False
KXETH15M-26SEP280630-30,ETH,1790591055.481028,10.0,0.5642,SETTLEMENT,yes,yes,0.5642,True
KXETH15M-26SEP280615-15,ETH,1790590033.773188,10.0,0.4096,SETTLEMENT,yes,yes,0.4096,False
KXETH15M-26SEP280545-45,ETH,1790588220.344875,10.0,0.5567,SETTLEMENT,no,no,0.5567,True
KXETH15M-26SEP280500-00,ETH,1790585520.306655,10.0,0.4911,SETTLEMENT,yes,yes,0.4911,True
KXETH15M-26SEP280445-45,ETH,1790584688.415622,10.0,-3.5694,HARD_STOP,no,no,0.8012,True
KXETH15M-26SEP280430-30,ETH,1790583874.569749,10.0,0.5605,SETTLEMENT,no,no,0.5605,False
KXETH15M-26SEP280415-15,ETH,1790583113.362595,10.0,0.6544,SETTLEMENT,yes,yes,0.6544,True
KXETH15M-26SEP280400-00,ETH,1790582107.607202,10.0,0.8143,SETTLEMENT,yes,yes,0.8143,True
KXETH15M-26SEP280330-30,ETH,1790580303.715564,10.0,-3.2852,HARD_STOP,no,no,0.9842,False
KXETH15M-26SEP280300-00,ETH,1790578497.557402,10.0,0.5605,SETTLEMENT,no,no,0.5605,False
KXETH15M-26SEP280245-45,ETH,1790577616.48002,10.0,0.692,SETTLEMENT,yes,yes,0.692,True
KXETH15M-26SEP280230-30,ETH,1790576544.497991,10.0,0.7014,SETTLEMENT,no,no,0.7014,False
KXETH15M-26SEP280215-15,ETH,1790575800.614996,10.0,0.7654,SETTLEMENT,yes,yes,0.7654,True
KXETH15M-26SEP280145-45,ETH,1790573820.283233,10.0,-5.0603,HARD_STOP,yes,no,-9.4864,True
KXETH15M-26SEP280130-30,ETH,1790573097.430331,10.0,0.7955,SETTLEMENT,no,no,0.7955,True
KXETH15M-26SEP280115-15,ETH,1790572080.468822,10.0,0.6478,SETTLEMENT,no,no,0.6478,True
KXETH15M-26SEP280045-45,ETH,1790570461.597109,10.0,-4.2436,HARD_STOP,yes,no,-8.9686,True
KXETH15M-26SEP280030-30,ETH,1790569424.441936,10.0,0.7578,SETTLEMENT,yes,yes,0.7578,True
KXETH15M-26SEP272330-30,ETH,1790565919.427826,10.0,0.4292,SETTLEMENT,no,no,0.4292,True
KXETH15M-26SEP272315-15,ETH,1790564863.345971,10.0,0.937,SETTLEMENT,yes,yes,0.937,True
KXETH15M-26SEP272245-45,ETH,1790563144.494277,10.0,0.8238,SETTLEMENT,no,no,0.8238,False
KXETH15M-26SEP272230-30,ETH,1790562127.393088,10.0,0.6544,SETTLEMENT,no,no,0.6544,False
KXETH15M-26SEP272145-45,ETH,1790559511.605636,10.0,0.6168,SETTLEMENT,no,no,0.6168,False
KXETH15M-26SEP272100-00,ETH,1790556759.61953,10.0,-4.4008,HARD_STOP,no,yes,-9.6269,False
KXETH15M-26SEP272030-30,ETH,1790555115.760481,10.0,0.3918,SETTLEMENT,yes,yes,0.3918,False
KXETH15M-26SEP272015-15,ETH,1790554156.894536,10.0,1.7043,SETTLEMENT,no,no,1.7043,False
KXETH15M-26SEP272000-00,ETH,1790553262.160124,10.0,0.3993,SETTLEMENT,yes,yes,0.3993,False
KXETH15M-26SEP271945-45,ETH,1790552597.802222,10.0,0.3918,SETTLEMENT,no,no,0.3918,False
KXETH15M-26SEP271930-30,ETH,1790551381.310915,10.0,0.5229,SETTLEMENT,yes,yes,0.5229,False
KXETH15M-26SEP271900-00,ETH,1790549608.248587,10.0,1.3157,SETTLEMENT,yes,yes,1.3157,False
KXETH15M-26SEP271800-00,ETH,1790545981.220765,10.0,0.6356,SETTLEMENT,yes,yes,0.6356,False
KXETH15M-26SEP271745-45,ETH,1790545112.14234,10.0,0.4667,SETTLEMENT,no,no,0.4667,False
KXETH15M-26SEP271715-15,ETH,1790543291.559642,10.0,0.937,SETTLEMENT,yes,yes,0.937,False
KXETH15M-26SEP271700-00,ETH,1790542394.599428,10.0,0.598,SETTLEMENT,no,no,0.598,False
KXETH15M-26SEP271645-45,ETH,1790541645.723178,10.0,0.9275,SETTLEMENT,yes,yes,0.9275,False
KXETH15M-26SEP271615-15,ETH,1790539688.77373,10.0,1.2208,SETTLEMENT,yes,yes,1.2208,False
KXETH15M-26SEP271600-00,ETH,1790539075.094299,10.0,0.4237,SETTLEMENT,no,no,0.4237,False
KXETH15M-26SEP271545-45,ETH,1790538125.790685,10.0,0.3731,SETTLEMENT,yes,yes,0.3731,False
KXETH15M-26SEP271530-30,ETH,1790537186.600549,10.0,0.4076,SETTLEMENT,no,no,0.4076,False
KXETH15M-26SEP271430-30,ETH,1790533470.631505,10.0,1.126,SETTLEMENT,yes,yes,1.126,False
KXETH15M-26SEP271415-15,ETH,1790532543.413176,10.0,-5.5262,HARD_STOP,yes,no,-9.063,False
KXETH15M-26SEP271400-00,ETH,1790531582.305833,10.0,0.522,SETTLEMENT,yes,yes,0.522,False
KXETH15M-26SEP271245-45,ETH,1790527086.257353,10.0,0.6957,SETTLEMENT,no,no,0.6957,False
KXETH15M-26SEP271200-00,ETH,1790524502.79313,10.0,1.2208,SETTLEMENT,yes,yes,1.2208,False
KXETH15M-26SEP271130-30,ETH,1790522583.855695,10.0,-3.3392,HARD_STOP,yes,yes,1.0314,False
KXETH15M-26SEP271030-30,ETH,1790518982.729888,10.0,0.3918,SETTLEMENT,no,no,0.3918,False
KXETH15M-26SEP271015-15,ETH,1790518272.725417,10.0,0.6016,SETTLEMENT,no,no,0.6016,False
KXETH15M-26SEP271000-00,ETH,1790517193.412293,10.0,1.0314,SETTLEMENT,yes,yes,1.0314,False
KXETH15M-26SEP270900-00,ETH,1790513580.774673,10.0,0.937,SETTLEMENT,no,no,0.937,False
KXETH15M-26SEP270845-45,ETH,1790512763.413486,10.0,0.8898,SETTLEMENT,yes,yes,0.8898,False
KXETH15M-26SEP270830-30,ETH,1790511911.656906,10.0,0.7578,SETTLEMENT,no,no,0.7578,False
KXETH15M-26SEP270800-00,ETH,1790510116.004889,10.0,-3.5939,HARD_STOP,yes,yes,0.7767,False
KXETH15M-26SEP270745-45,ETH,1790509141.953304,10.0,0.6732,SETTLEMENT,no,no,0.6732,False
KXETH15M-26SEP270715-15,ETH,1790507426.916741,10.0,0.7955,SETTLEMENT,yes,yes,0.7955,False
KXETH15M-26SEP270645-45,ETH,1790505486.30844,10.0,0.7767,SETTLEMENT,no,no,0.7767,False
KXETH15M-26SEP270630-30,ETH,1790504580.686005,10.0,0.6074,SETTLEMENT,no,no,0.6074,False
KXETH15M-26SEP270615-15,ETH,1790503901.678953,10.0,0.5886,SETTLEMENT,yes,yes,0.5886,False
KXETH15M-26SEP270600-00,ETH,1790502780.561023,10.0,-3.645,HARD_STOP,yes,yes,0.9275,False
KXETH15M-26SEP270545-45,ETH,1790501989.330604,10.0,0.3731,SETTLEMENT,yes,yes,0.3731,False
KXETH15M-26SEP270530-30,ETH,1790501183.906098,10.0,-4.6394,HARD_STOP,yes,yes,0.6356,False
KXETH15M-26SEP270500-00,ETH,1790499415.350609,10.0,1.6966,SETTLEMENT,no,no,1.6966,False
KXETH15M-26SEP270400-00,ETH,1790495782.180278,10.0,0.6732,SETTLEMENT,yes,yes,0.6732,False
KXETH15M-26SEP270345-45,ETH,1790494770.329778,10.0,0.6713,SETTLEMENT,yes,yes,0.6713,False
KXETH15M-26SEP270330-30,ETH,1790493972.358914,10.0,0.937,SETTLEMENT,yes,yes,0.937,False
KXETH15M-26SEP270315-15,ETH,1790493137.801751,10.0,-3.2008,HARD_STOP,no,no,0.5605,False
KXETH15M-26SEP270300-00,ETH,1790492223.210647,10.0,0.8143,SETTLEMENT,no,no,0.8143,False
KXETH15M-26SEP270245-45,ETH,1790491143.876872,10.0,0.6544,SETTLEMENT,no,no,0.6544,False
KXETH15M-26SEP270215-15,ETH,1790489285.239707,10.0,0.4573,SETTLEMENT,yes,yes,0.4573,False
KXETH15M-26SEP270130-30,ETH,1790486607.921145,10.0,1.126,SETTLEMENT,yes,yes,1.126,False
KXETH15M-26SEP270100-00,ETH,1790485073.32669,10.0,0.4292,SETTLEMENT,yes,yes,0.4292,False
KXETH15M-26SEP270030-30,ETH,1790483100.390183,10.0,0.6393,SETTLEMENT,no,no,0.6393,False
KXETH15M-26SEP270015-15,ETH,1790482293.622658,10.0,0.5605,SETTLEMENT,yes,yes,0.5605,False
KXETH15M-26SEP262345-45,ETH,1790480349.632312,10.0,-2.4209,HARD_STOP,yes,yes,1.126,False
KXETH15M-26SEP262330-30,ETH,1790479380.319174,10.0,0.7673,SETTLEMENT,no,no,0.7673,False
KXETH15M-26SEP262315-15,ETH,1790478481.350596,10.0,0.5511,SETTLEMENT,yes,yes,0.5511,False
KXETH15M-26SEP262300-00,ETH,1790477582.383183,10.0,0.9275,SETTLEMENT,no,no,0.9275,False
KXETH15M-26SEP262245-45,ETH,1790476681.842788,10.0,1.0314,SETTLEMENT,no,no,1.0314,False
KXETH15M-26SEP262230-30,ETH,1790475843.881009,10.0,1.2208,SETTLEMENT,yes,yes,1.2208,False
KXETH15M-26SEP262215-15,ETH,1790474957.362536,10.0,-3.7259,HARD_STOP,no,yes,-9.0536,False
KXETH15M-26SEP262200-00,ETH,1790473981.117248,10.0,0.5792,SETTLEMENT,yes,yes,0.5792,False
KXETH15M-26SEP262145-45,ETH,1790473297.852829,10.0,1.0314,SETTLEMENT,yes,yes,1.0314,False
KXETH15M-26SEP262130-30,ETH,1790472186.919414,10.0,0.8558,SETTLEMENT,no,no,0.8558,False
KXETH15M-26SEP262115-15,ETH,1790471440.559098,10.0,0.8181,SETTLEMENT,yes,yes,0.8181,False
KXETH15M-26SEP262100-00,ETH,1790470381.541816,10.0,0.937,SETTLEMENT,no,no,0.937,False
KXETH15M-26SEP262000-00,ETH,1790466793.361992,10.0,0.7484,SETTLEMENT,yes,yes,0.7484,False
KXETH15M-26SEP261945-45,ETH,1790466209.47904,10.0,0.4208,SETTLEMENT,no,no,0.4208,False
KXETH15M-26SEP261915-15,ETH,1790464080.375808,10.0,0.4386,SETTLEMENT,yes,yes,0.4386,False
KXETH15M-26SEP261900-00,ETH,1790463254.523983,10.0,0.3824,SETTLEMENT,yes,yes,0.3824,False
KXETH15M-26SEP261845-45,ETH,1790462286.139508,10.0,0.8332,SETTLEMENT,no,no,0.8332,False
KXETH15M-26SEP261815-15,ETH,1790460606.046858,10.0,0.4292,SETTLEMENT,yes,yes,0.4292,False
KXETH15M-26SEP261800-00,ETH,1790459583.280392,10.0,1.5059,SETTLEMENT,no,no,1.5059,False
KXETH15M-26SEP261730-30,ETH,1790457787.50806,10.0,0.7767,SETTLEMENT,yes,yes,0.7767,False
KXETH15M-26SEP261715-15,ETH,1790456944.922841,10.0,1.126,SETTLEMENT,yes,yes,1.126,False
KXETH15M-26SEP261645-45,ETH,1790455135.431496,10.0,0.7917,SETTLEMENT,no,no,0.7917,False
KXETH15M-26SEP261630-30,ETH,1790454279.391948,10.0,0.6159,SETTLEMENT,yes,yes,0.6159,False
KXETH15M-26SEP261615-15,ETH,1790453522.316373,10.0,1.0314,SETTLEMENT,no,no,1.0314,False
KXETH15M-26SEP261600-00,ETH,1790452522.762248,10.0,0.6541,SETTLEMENT,yes,yes,0.6541,False
KXETH15M-26SEP261545-45,ETH,1790451755.911516,10.0,0.3918,SETTLEMENT,no,no,0.3918,False
KXETH15M-26SEP261530-30,ETH,1790450580.269059,10.0,0.7673,SETTLEMENT,no,no,0.7673,False
KXETH15M-26SEP261445-45,ETH,1790447916.410624,10.0,0.9181,SETTLEMENT,no,no,0.9181,False
KXETH15M-26SEP261400-00,ETH,1790445412.037792,10.0,1.0314,SETTLEMENT,yes,yes,1.0314,False
KXETH15M-26SEP261315-15,ETH,1790442490.04894,10.0,0.4292,SETTLEMENT,no,no,0.4292,False
KXETH15M-26SEP261300-00,ETH,1790441768.321155,10.0,0.3731,SETTLEMENT,no,no,0.3731,False
KXETH15M-26SEP261245-45,ETH,1790440681.873157,10.0,0.4761,SETTLEMENT,yes,yes,0.4761,False
KXETH15M-26SEP261230-30,ETH,1790439800.448857,10.0,1.2208,SETTLEMENT,no,no,1.2208,False
KXETH15M-26SEP261215-15,ETH,1790439060.638716,10.0,0.5055,SETTLEMENT,no,no,0.5055,False
KXETH15M-26SEP261145-45,ETH,1790437082.56733,10.0,-3.8101,HARD_STOP,yes,yes,0.5605,False
KXETH15M-26SEP261130-30,ETH,1790436356.452029,10.0,1.4107,SETTLEMENT,yes,yes,1.4107,False
KXETH15M-26SEP261115-15,ETH,1790435478.787359,10.0,0.6826,SETTLEMENT,yes,yes,0.6826,False
KXETH15M-26SEP261000-00,ETH,1790430841.043215,10.0,0.6558,SETTLEMENT,yes,yes,0.6558,False
KXETH15M-26SEP260930-30,ETH,1790429105.231051,10.0,0.5201,SETTLEMENT,no,no,0.5201,False
KXETH15M-26SEP260915-15,ETH,1790428105.403802,10.0,-4.1128,HARD_STOP,no,yes,-9.4395,False
KXETH15M-26SEP260900-00,ETH,1790427210.386933,10.0,0.6713,SETTLEMENT,yes,yes,0.6713,False
KXETH15M-26SEP260845-45,ETH,1790426280.320691,10.0,0.614,SETTLEMENT,no,no,0.614,False
KXETH15M-26SEP260815-15,ETH,1790424782.621066,10.0,-6.8431,HARD_STOP,no,no,0.4011,False
KXETH15M-26SEP260800-00,ETH,1790423853.287601,10.0,0.3918,SETTLEMENT,no,no,0.3918,False
KXETH15M-26SEP260745-45,ETH,1790422729.875019,10.0,0.7014,SETTLEMENT,yes,yes,0.7014,False
KXETH15M-26SEP260730-30,ETH,1790421988.40882,10.0,0.4011,SETTLEMENT,yes,yes,0.4011,False
KXETH15M-26SEP260645-45,ETH,1790419140.629949,10.0,-3.9601,HARD_STOP,no,no,0.9143,False
KXETH15M-26SEP260615-15,ETH,1790417281.122867,10.0,0.4386,SETTLEMENT,yes,yes,0.4386,False
KXETH15M-26SEP260600-00,ETH,1790416656.84257,10.0,-4.0095,HARD_STOP,yes,yes,0.6638,False
KXETH15M-26SEP260545-45,ETH,1790415836.5723,10.0,0.5229,SETTLEMENT,no,no,0.5229,False
KXETH15M-26SEP260515-15,ETH,1790413750.492542,10.0,0.937,SETTLEMENT,no,no,0.937,False
KXETH15M-26SEP260500-00,ETH,1790412841.839889,10.0,0.4667,SETTLEMENT,no,no,0.4667,False
KXETH15M-26SEP260445-45,ETH,1790412020.253051,10.0,1.6966,SETTLEMENT,yes,yes,1.6966,False
KXETH15M-26SEP260430-30,ETH,1790411057.263741,10.0,-3.8593,HARD_STOP,yes,no,-8.6843,False
KXETH15M-26SEP260415-15,ETH,1790410234.331248,10.0,0.4854,SETTLEMENT,no,no,0.4854,False
KXETH15M-26SEP260400-00,ETH,1790409420.777356,10.0,0.8238,SETTLEMENT,yes,yes,0.8238,False
KXETH15M-26SEP260345-45,ETH,1790408497.484218,10.0,-3.8252,HARD_STOP,no,yes,-9.4546,False
KXETH15M-26SEP260315-15,ETH,1790406564.948846,10.0,0.6074,SETTLEMENT,yes,yes,0.6074,False
KXETH15M-26SEP260300-00,ETH,1790405896.476321,10.0,0.3731,SETTLEMENT,yes,yes,0.3731,False
KXETH15M-26SEP260230-30,ETH,1790404076.505537,10.0,0.4105,SETTLEMENT,no,no,0.4105,False
KXETH15M-26SEP260200-00,ETH,1790401982.297072,10.0,1.0314,SETTLEMENT,no,no,1.0314,False
KXETH15M-26SEP260115-15,ETH,1790399538.484875,10.0,0.448,SETTLEMENT,no,no,0.448,False
KXETH15M-26SEP260100-00,ETH,1790398539.484617,10.0,0.5051,SETTLEMENT,yes,yes,0.5051,False
KXETH15M-26SEP260030-30,ETH,1790396657.577746,10.0,0.4723,SETTLEMENT,no,no,0.4723,False
KXETH15M-26SEP260015-15,ETH,1790395681.945316,10.0,0.937,SETTLEMENT,yes,yes,0.937,False
KXETH15M-26SEP260000-00,ETH,1790395080.073066,10.0,0.5229,SETTLEMENT,no,no,0.5229,False
KXETH15M-26SEP252330-30,ETH,1790393044.601702,10.0,0.4011,SETTLEMENT,yes,yes,0.4011,False
KXETH15M-26SEP252315-15,ETH,1790392203.581262,10.0,0.7503,SETTLEMENT,no,no,0.7503,False
KXETH15M-26SEP252300-00,ETH,1790391341.387561,10.0,0.4068,SETTLEMENT,no,no,0.4068,False
KXETH15M-26SEP252245-45,ETH,1790390555.099014,10.0,2.3784,SETTLEMENT,no,no,2.3784,False
KXETH15M-26SEP252200-00,ETH,1790387852.678677,10.0,0.3731,SETTLEMENT,no,no,0.3731,False
KXETH15M-26SEP252145-45,ETH,1790386689.485322,10.0,0.5023,SETTLEMENT,yes,yes,0.5023,False
KXETH15M-26SEP252115-15,ETH,1790385047.560175,10.0,0.4199,SETTLEMENT,yes,yes,0.4199,False
KXETH15M-26SEP252045-45,ETH,1790383123.332263,10.0,-4.1901,HARD_STOP,no,no,0.3824,False
KXETH15M-26SEP252000-00,ETH,1790380558.515303,10.0,0.9275,SETTLEMENT,no,no,0.9275,False
KXETH15M-26SEP251930-30,ETH,1790378688.111889,10.0,0.937,SETTLEMENT,no,no,0.937,False
KXETH15M-26SEP251915-15,ETH,1790377810.601681,10.0,0.7202,SETTLEMENT,yes,yes,0.7202,False
KXETH15M-26SEP251900-00,ETH,1790377120.725204,10.0,-3.3951,HARD_STOP,no,yes,-9.4301,False
KXETH15M-26SEP251830-30,ETH,1790374980.438147,10.0,0.5229,SETTLEMENT,yes,yes,0.5229,False
KXETH15M-26SEP251815-15,ETH,1790374095.443817,10.0,0.5605,SETTLEMENT,yes,yes,0.5605,False
KXETH15M-26SEP251800-00,ETH,1790373451.508803,10.0,0.5136,SETTLEMENT,no,no,0.5136,False
KXETH15M-26SEP251745-45,ETH,1790372283.004243,10.0,-3.4525,HARD_STOP,yes,no,-8.7792,False
KXETH15M-26SEP251715-15,ETH,1790370519.75359,10.0,0.3731,SETTLEMENT,no,no,0.3731,False
KXETH15M-26SEP251700-00,ETH,1790369646.214633,10.0,0.3918,SETTLEMENT,no,no,0.3918,False
KXETH15M-26SEP251645-45,ETH,1790368920.311056,10.0,0.7578,SETTLEMENT,no,no,0.7578,False
KXETH15M-26SEP251630-30,ETH,1790367838.298604,10.0,0.7955,SETTLEMENT,yes,yes,0.7955,False
KXETH15M-26SEP251530-30,ETH,1790364303.832603,10.0,1.126,SETTLEMENT,no,no,1.126,False
KXETH15M-26SEP251430-30,ETH,1790360828.428631,10.0,0.9237,SETTLEMENT,no,no,0.9237,False
KXETH15M-26SEP251400-00,ETH,1790358786.066592,10.0,0.4292,SETTLEMENT,no,no,0.4292,False
KXETH15M-26SEP251330-30,ETH,1790357101.585232,10.0,0.7484,SETTLEMENT,no,no,0.7484,False
KXETH15M-26SEP251315-15,ETH,1790356144.527596,10.0,0.4011,SETTLEMENT,yes,yes,0.4011,False
KXETH15M-26SEP251145-45,ETH,1790350710.447836,10.0,0.448,SETTLEMENT,no,no,0.448,False
KXETH15M-26SEP251045-45,ETH,1790347085.455726,10.0,-3.1926,HARD_STOP,no,yes,-9.5333,False
KXETH15M-26SEP250815-15,ETH,1790338080.249017,10.0,-5.4995,HARD_STOP,no,yes,-9.4301,False
KXETH15M-26SEP250700-00,ETH,1790333652.417333,10.0,0.7484,SETTLEMENT,yes,yes,0.7484,False
KXETH15M-26SEP250630-30,ETH,1790331842.423517,10.0,0.8181,SETTLEMENT,yes,yes,0.8181,False
KXETH15M-26SEP250530-30,ETH,1790328290.36217,10.0,0.6375,SETTLEMENT,yes,yes,0.6375,False
KXETH15M-26SEP250515-15,ETH,1790327386.654372,10.0,0.3824,SETTLEMENT,yes,yes,0.3824,False
KXETH15M-26SEP250500-00,ETH,1790326526.397918,10.0,0.6638,SETTLEMENT,yes,yes,0.6638,False
KXETH15M-26SEP250415-15,ETH,1790323758.368885,10.0,0.433,SETTLEMENT,yes,yes,0.433,False
KXETH15M-26SEP250315-15,ETH,1790320110.399659,10.0,0.937,SETTLEMENT,no,no,0.937,False
KXETH15M-26SEP250245-45,ETH,1790318302.393757,10.0,0.4667,SETTLEMENT,no,no,0.4667,False
KXETH15M-26SEP250215-15,ETH,1790316496.348507,10.0,0.7974,SETTLEMENT,no,no,0.7974,False
KXETH15M-26SEP250200-00,ETH,1790315875.513901,10.0,0.4292,SETTLEMENT,no,no,0.4292,False
KXETH15M-26SEP250145-45,ETH,1790314771.32603,10.0,0.7484,SETTLEMENT,yes,yes,0.7484,False
KXETH15M-26SEP250130-30,ETH,1790313780.278915,10.0,-2.5333,HARD_STOP,no,no,1.126,False
KXETH15M-26SEP250100-00,ETH,1790311980.982999,10.0,0.4667,SETTLEMENT,no,no,0.4667,False
KXETH15M-26SEP250045-45,ETH,1790311080.768643,10.0,0.4573,SETTLEMENT,yes,yes,0.4573,False
KXETH15M-26SEP250015-15,ETH,1790309508.644144,10.0,0.4854,SETTLEMENT,no,no,0.4854,False
KXETH15M-26SEP250000-00,ETH,1790308670.090031,10.0,1.888,SETTLEMENT,yes,yes,1.888,False
KXETH15M-26SEP242345-45,ETH,1790307520.999744,10.0,0.547,SETTLEMENT,yes,yes,0.547,False
KXETH15M-26SEP242315-15,ETH,1790305970.984035,10.0,-5.2456,HARD_STOP,no,yes,-8.6843,False
KXETH15M-26SEP242245-45,ETH,1790303886.450014,10.0,0.3918,SETTLEMENT,no,no,0.3918,False
KXETH15M-26SEP242115-15,ETH,1790298482.86659,10.0,0.5736,SETTLEMENT,yes,yes,0.5736,False
KXETH15M-26SEP242030-30,ETH,1790295890.816924,10.0,0.788,SETTLEMENT,no,no,0.788,False
KXETH15M-26SEP242015-15,ETH,1790294884.796854,10.0,0.4386,SETTLEMENT,yes,yes,0.4386,False
KXSOL15M-26OCT030015-15,SOL,1791000579.850851,25.0,1.5656,SETTLEMENT,no,no,1.5656,True
KXSOL15M-26OCT030000-00,SOL,1790999613.583663,25.0,1.8523,SETTLEMENT,yes,yes,1.8523,True
KXSOL15M-26OCT022345-45,SOL,1790998707.456376,25.0,2.0539,SETTLEMENT,yes,yes,2.0539,True
KXSOL15M-26OCT022330-30,SOL,1790997844.831098,25.0,1.4313,SETTLEMENT,yes,yes,1.4313,True
KXSOL15M-26OCT022230-30,SOL,1790994484.819573,25.0,1.3135,SETTLEMENT,no,no,1.3135,True
KXSOL15M-26OCT022215-15,SOL,1790993573.748579,25.0,1.2988,SETTLEMENT,yes,yes,1.2988,True
KXSOL15M-26OCT022200-00,SOL,1790992428.203927,25.0,1.2784,SETTLEMENT,no,no,1.2784,True
KXSOL15M-26OCT022145-45,SOL,1790991593.991536,25.0,0.9402,SETTLEMENT,yes,yes,0.9402,True
KXSOL15M-26OCT022130-30,SOL,1790990989.85049,25.0,4.3996,SETTLEMENT,yes,yes,4.3996,True
KXSOL15M-26OCT021930-30,SOL,1790983381.933609,25.0,1.3974,SETTLEMENT,yes,yes,1.3974,True
KXSOL15M-26OCT021915-15,SOL,1790982501.540626,25.0,2.1208,SETTLEMENT,no,no,2.1208,True
KXSOL15M-26OCT021900-00,SOL,1790981762.361915,25.0,1.5736,SETTLEMENT,yes,yes,1.5736,True
KXSOL15M-26OCT021845-45,SOL,1790980683.524908,25.0,2.5786,SETTLEMENT,yes,yes,2.5786,True
KXSOL15M-26OCT021830-30,SOL,1790979903.738464,25.0,1.6125,SETTLEMENT,yes,yes,1.6125,True
KXSOL15M-26OCT021800-00,SOL,1790978101.415759,25.0,2.0831,SETTLEMENT,yes,yes,2.0831,True
KXSOL15M-26OCT021745-45,SOL,1790976920.650727,25.0,2.5295,SETTLEMENT,yes,yes,2.5295,True
KXSOL15M-26OCT021730-30,SOL,1790976338.574831,25.0,1.4482,SETTLEMENT,no,no,1.4482,True
KXSOL15M-26OCT021715-15,SOL,1790975116.224809,25.0,4.2894,SETTLEMENT,yes,yes,4.2894,True
KXSOL15M-26OCT021700-00,SOL,1790974690.862235,25.0,2.2194,HARD_STOP,yes,yes,4.4806,True
KXSOL15M-26OCT021545-45,SOL,1790970047.581137,25.0,1.2474,SETTLEMENT,yes,yes,1.2474,True
KXSOL15M-26OCT021445-45,SOL,1790966281.710016,25.0,1.0029,SETTLEMENT,no,no,1.0029,True
KXSOL15M-26OCT021430-30,SOL,1790965219.597367,25.0,0.9533,SETTLEMENT,no,no,0.9533,True
KXSOL15M-26OCT021345-45,SOL,1790962776.55921,25.0,1.636,SETTLEMENT,no,no,1.636,True
KXSOL15M-26OCT021245-45,SOL,1790959194.345038,25.0,1.3318,SETTLEMENT,no,no,1.3318,True
KXSOL15M-26OCT021230-30,SOL,1790958539.310332,25.0,3.1849,SETTLEMENT,no,no,3.1849,True
KXSOL15M-26OCT021215-15,SOL,1790957104.090305,25.0,-9.8855,HARD_STOP,yes,yes,3.052,True
KXSOL15M-26OCT021145-45,SOL,1790955468.906483,25.0,-5.6858,HARD_STOP,no,no,4.4806,False
KXSOL15M-26OCT021100-00,SOL,1790952848.649862,25.0,1.4013,SETTLEMENT,no,no,1.4013,False
KXSOL15M-26OCT020945-45,SOL,1790948102.624519,25.0,1.2841,SETTLEMENT,yes,yes,1.2841,False
KXSOL15M-26OCT020830-30,SOL,1790943783.013199,25.0,-11.0392,HARD_STOP,yes,yes,1.217,False
KXSOL15M-26OCT020715-15,SOL,1790939281.480103,25.0,1.1415,SETTLEMENT,yes,yes,1.1415,False
KXSOL15M-26OCT020630-30,SOL,1790936662.068218,25.0,-17.2119,HARD_STOP,yes,no,-23.3752,False
KXSOL15M-26OCT020530-30,SOL,1790933096.467708,25.0,1.0526,SETTLEMENT,no,no,1.0526,False
KXSOL15M-26OCT020400-00,SOL,1790927703.261764,25.0,1.0497,SETTLEMENT,yes,yes,1.0497,False
KXSOL15M-26OCT020345-45,SOL,1790926794.48761,25.0,1.484,SETTLEMENT,no,no,1.484,False
KXSOL15M-26OCT020330-30,SOL,1790925662.533565,25.0,1.7997,SETTLEMENT,no,no,1.7997,False
KXSOL15M-26OCT020230-30,SOL,1790922304.726245,25.0,1.1668,SETTLEMENT,yes,yes,1.1668,False
KXSOL15M-26OCT020215-15,SOL,1790921325.902205,25.0,1.6396,SETTLEMENT,no,no,1.6396,False
KXSOL15M-26OCT020200-00,SOL,1790920502.607324,25.0,1.1434,SETTLEMENT,no,no,1.1434,False
KXSOL15M-26OCT020145-45,SOL,1790919527.219726,25.0,0.9814,SETTLEMENT,no,no,0.9814,False
KXSOL15M-26OCT020130-30,SOL,1790918640.715988,25.0,0.9561,SETTLEMENT,no,no,0.9561,False
KXSOL15M-26OCT020030-30,SOL,1790914834.108515,25.0,1.8006,SETTLEMENT,yes,yes,1.8006,False
KXSOL15M-26OCT020000-00,SOL,1790913206.988599,25.0,3.7647,SETTLEMENT,yes,yes,3.7647,False
KXSOL15M-26OCT012300-00,SOL,1790909400.539698,25.0,1.0123,SETTLEMENT,yes,yes,1.0123,False
KXSOL15M-26OCT012230-30,SOL,1790907787.005413,25.0,0.9561,SETTLEMENT,no,no,0.9561,False
KXSOL15M-26OCT012215-15,SOL,1790906948.400412,25.0,0.9875,SETTLEMENT,yes,yes,0.9875,False
KXSOL15M-26OCT012200-00,SOL,1790905856.001345,25.0,1.559,SETTLEMENT,yes,yes,1.559,False
KXSOL15M-26OCT012130-30,SOL,1790904083.219453,25.0,-15.0174,HARD_STOP,no,no,1.1406,False
KXSOL15M-26OCT011900-00,SOL,1790895062.626012,25.0,-9.9361,HARD_STOP,yes,no,-23.5049,False
KXSOL15M-26OCT011745-45,SOL,1790890771.275779,25.0,1.0338,SETTLEMENT,no,no,1.0338,False
KXSOL15M-26OCT011715-15,SOL,1790889057.619051,25.0,0.9995,SETTLEMENT,no,no,0.9995,False
KXSOL15M-26OCT011530-30,SOL,1790882589.602386,25.0,1.284,SETTLEMENT,no,no,1.284,False
KXSOL15M-26OCT011445-45,SOL,1790879763.958909,25.0,1.3656,SETTLEMENT,yes,yes,1.3656,False
KXSOL15M-26OCT011330-30,SOL,1790875245.261934,25.0,1.0497,SETTLEMENT,yes,yes,1.0497,False
KXSOL15M-26OCT011315-15,SOL,1790874493.21003,25.0,0.9328,SETTLEMENT,yes,yes,0.9328,False
KXSOL15M-26OCT011145-45,SOL,1790869109.309008,25.0,1.0226,SETTLEMENT,no,no,1.0226,False
KXSOL15M-26OCT011130-30,SOL,1790868336.832395,25.0,0.9328,SETTLEMENT,yes,yes,0.9328,False
KXSOL15M-26OCT011115-15,SOL,1790867387.426633,25.0,-9.9887,HARD_STOP,yes,no,-23.8097,False
KXSOL15M-26OCT010915-15,SOL,1790860144.48828,25.0,0.9964,SETTLEMENT,no,no,0.9964,False
KXSOL15M-26OCT010900-00,SOL,1790859248.779263,25.0,1.0029,SETTLEMENT,no,no,1.0029,False
KXSOL15M-26OCT010700-00,SOL,1790852044.776198,25.0,1.4257,SETTLEMENT,yes,yes,1.4257,False
KXSOL15M-26OCT010615-15,SOL,1790849141.775278,25.0,1.0947,SETTLEMENT,no,no,1.0947,False
KXSOL15M-26OCT010530-30,SOL,1790846841.907137,25.0,1.5186,SETTLEMENT,yes,yes,1.5186,False
KXSOL15M-26OCT010215-15,SOL,1790835088.715404,25.0,1.5186,SETTLEMENT,yes,yes,1.5186,False
KXSOL15M-26OCT010145-45,SOL,1790832900.602478,25.0,2.4369,SETTLEMENT,yes,yes,2.4369,False
KXSOL15M-26OCT010130-30,SOL,1790832587.637073,25.0,2.8152,SETTLEMENT,yes,yes,2.8152,False
KXSOL15M-26OCT010100-00,SOL,1790830218.434892,25.0,1.1434,SETTLEMENT,yes,yes,1.1434,False
KXSOL15M-26OCT010045-45,SOL,1790829681.1114,25.0,1.3324,SETTLEMENT,yes,yes,1.3324,False
KXSOL15M-26OCT010030-30,SOL,1790828655.761656,25.0,2.0831,SETTLEMENT,no,no,2.0831,False
KXSOL15M-26SEP302315-15,SOL,1790823910.789948,25.0,4.4806,SETTLEMENT,no,no,4.4806,False
KXSOL15M-26SEP302145-45,SOL,1790818576.255802,25.0,1.0498,SETTLEMENT,no,no,1.0498,False
KXSOL15M-26SEP302130-30,SOL,1790817801.752882,25.0,1.9531,SETTLEMENT,yes,yes,1.9531,False
KXSOL15M-26SEP302030-30,SOL,1790814389.601143,25.0,1.0039,SETTLEMENT,yes,yes,1.0039,False
KXSOL15M-26SEP302015-15,SOL,1790813394.858925,25.0,-11.1715,HARD_STOP,no,no,1.636,False
KXSOL15M-26SEP302000-00,SOL,1790812560.532898,25.0,1.4904,SETTLEMENT,no,no,1.4904,False
KXSOL15M-26SEP301845-45,SOL,1790807912.471459,25.0,1.7724,SETTLEMENT,yes,yes,1.7724,False
KXSOL15M-26SEP301830-30,SOL,1790806985.237891,25.0,0.9823,SETTLEMENT,yes,yes,0.9823,False
KXSOL15M-26SEP301815-15,SOL,1790805984.514196,25.0,1.4998,SETTLEMENT,no,no,1.4998,False
KXSOL15M-26SEP301800-00,SOL,1790805094.563566,25.0,1.9116,SETTLEMENT,no,no,1.9116,False
KXSOL15M-26SEP301745-45,SOL,1790804634.251859,25.0,3.5268,SETTLEMENT,yes,yes,3.5268,False
KXSOL15M-26SEP301730-30,SOL,1790803560.796683,25.0,1.5515,SETTLEMENT,no,no,1.5515,False
KXSOL15M-26SEP301700-00,SOL,1790801763.379758,25.0,1.0966,SETTLEMENT,no,no,1.0966,False
KXSOL15M-26SEP301630-30,SOL,1790799780.518575,25.0,1.0685,SETTLEMENT,yes,yes,1.0685,False
KXSOL15M-26SEP301615-15,SOL,1790799054.774482,25.0,1.0384,SETTLEMENT,yes,yes,1.0384,False
KXSOL15M-26SEP301600-00,SOL,1790797869.460897,25.0,1.3562,SETTLEMENT,no,no,1.3562,False
KXSOL15M-26SEP301545-45,SOL,1790797115.56558,25.0,1.1041,SETTLEMENT,yes,yes,1.1041,False
KXSOL15M-26SEP301515-15,SOL,1790795172.830921,25.0,4.72,SETTLEMENT,no,no,4.72,False
KXSOL15M-26SEP301445-45,SOL,1790793600.608916,25.0,0.9795,SETTLEMENT,no,no,0.9795,False
KXSOL15M-26SEP301430-30,SOL,1790792725.322627,25.0,1.9472,SETTLEMENT,no,no,1.9472,False
KXSOL15M-26SEP301415-15,SOL,1790791559.689596,25.0,4.3372,SETTLEMENT,no,no,4.3372,False
KXSOL15M-26SEP301230-30,SOL,1790785747.997789,25.0,1.1668,SETTLEMENT,no,no,1.1668,False
KXSOL15M-26SEP301215-15,SOL,1790784493.728377,25.0,1.5346,SETTLEMENT,yes,yes,1.5346,False
KXSOL15M-26SEP301130-30,SOL,1790781878.594625,25.0,1.3074,SETTLEMENT,no,no,1.3074,False
KXSOL15M-26SEP301115-15,SOL,1790781025.352351,25.0,-6.7919,HARD_STOP,no,yes,-20.28,False
KXSOL15M-26SEP301015-15,SOL,1790777185.572343,25.0,-9.4541,HARD_STOP,no,yes,-20.5194,False
KXSOL15M-26SEP300945-45,SOL,1790775428.477413,25.0,1.084,SETTLEMENT,no,no,1.084,False
KXSOL15M-26SEP300915-15,SOL,1790773586.987237,25.0,4.4806,SETTLEMENT,yes,yes,4.4806,False
KXSOL15M-26SEP300900-00,SOL,1790772878.605336,25.0,1.1903,SETTLEMENT,yes,yes,1.1903,False
KXSOL15M-26SEP300800-00,SOL,1790769188.796233,25.0,1.4191,SETTLEMENT,no,no,1.4191,False
KXSOL15M-26SEP300715-15,SOL,1790766361.693485,25.0,1.1309,SETTLEMENT,no,no,1.1309,False
KXSOL15M-26SEP300645-45,SOL,1790764942.302833,25.0,0.9795,SETTLEMENT,yes,yes,0.9795,False
KXSOL15M-26SEP300630-30,SOL,1790763705.309214,25.0,1.9832,SETTLEMENT,yes,yes,1.9832,False
KXSOL15M-26SEP300600-00,SOL,1790762114.371429,25.0,1.1693,SETTLEMENT,yes,yes,1.1693,False
KXSOL15M-26SEP300530-30,SOL,1790760302.641617,25.0,1.284,SETTLEMENT,yes,yes,1.284,False
KXSOL15M-26SEP300515-15,SOL,1790759161.420594,25.0,1.0657,SETTLEMENT,yes,yes,1.0657,False
KXSOL15M-26SEP300500-00,SOL,1790758503.750222,25.0,1.0966,SETTLEMENT,yes,yes,1.0966,False
KXSOL15M-26SEP300345-45,SOL,1790753882.818304,20.0,1.4743,SETTLEMENT,yes,yes,1.4743,False
KXSOL15M-26SEP300245-45,SOL,1790750474.351448,20.0,0.7602,SETTLEMENT,no,no,0.7602,False
KXSOL15M-26SEP300200-00,SOL,1790747520.722323,20.0,1.2524,SETTLEMENT,no,no,1.2524,False
KXSOL15M-26SEP300130-30,SOL,1790745840.930146,20.0,1.2365,SETTLEMENT,yes,yes,1.2365,False
KXSOL15M-26SEP300100-00,SOL,1790744026.660644,20.0,1.0272,SETTLEMENT,no,no,1.0272,False
KXSOL15M-26SEP300045-45,SOL,1790743263.337662,20.0,1.0459,SETTLEMENT,no,no,1.0459,False
KXSOL15M-26SEP292330-30,SOL,1790738402.161679,20.0,0.7649,SETTLEMENT,no,no,0.7649,False
KXSOL15M-26SEP292245-45,SOL,1790736093.12018,20.0,1.1473,SETTLEMENT,yes,yes,1.1473,False
KXSOL15M-26SEP292215-15,SOL,1790734023.091864,20.0,0.8585,SETTLEMENT,yes,yes,0.8585,False
KXSOL15M-26SEP292130-30,SOL,1790731457.680133,20.0,1.2487,SETTLEMENT,yes,yes,1.2487,False
KXSOL15M-26SEP292030-30,SOL,1790727733.613897,20.0,-8.7408,HARD_STOP,yes,no,-19.193,False
KXSOL15M-26SEP292015-15,SOL,1790727070.541583,20.0,0.8023,SETTLEMENT,no,no,0.8023,False
KXSOL15M-26SEP291945-45,SOL,1790725232.926042,20.0,1.1022,SETTLEMENT,no,no,1.1022,False
KXSOL15M-26SEP291930-30,SOL,1790724185.766432,20.0,0.9522,SETTLEMENT,no,no,0.9522,False
KXSOL15M-26SEP291915-15,SOL,1790723107.140024,20.0,0.9335,SETTLEMENT,yes,yes,0.9335,False
KXSOL15M-26SEP291845-45,SOL,1790721404.175697,20.0,-7.0532,HARD_STOP,yes,no,-16.224,False
KXSOL15M-26SEP291815-15,SOL,1790719683.831156,20.0,0.8782,SETTLEMENT,yes,yes,0.8782,False
KXSOL15M-26SEP291800-00,SOL,1790718781.948368,20.0,1.2205,SETTLEMENT,yes,yes,1.2205,False
KXSOL15M-26SEP291630-30,SOL,1790713508.368355,20.0,0.8585,SETTLEMENT,yes,yes,0.8585,False
KXSOL15M-26SEP291615-15,SOL,1790712427.563642,20.0,-6.3555,HARD_STOP,yes,yes,3.3933,False
KXSOL15M-26SEP291515-15,SOL,1790708945.656636,20.0,0.8211,SETTLEMENT,yes,yes,0.8211,False
KXSOL15M-26SEP291445-45,SOL,1790707160.24456,20.0,0.7649,SETTLEMENT,yes,yes,0.7649,False
KXSOL15M-26SEP291430-30,SOL,1790706182.509324,20.0,1.874,SETTLEMENT,yes,yes,1.874,False
KXSOL15M-26SEP291400-00,SOL,1790704403.853374,20.0,0.8512,SETTLEMENT,no,no,0.8512,False
KXSOL15M-26SEP291130-30,SOL,1790695394.584185,20.0,1.1285,SETTLEMENT,no,no,1.1285,False
KXSOL15M-26SEP291115-15,SOL,1790694359.060068,20.0,0.8155,SETTLEMENT,no,no,0.8155,False
KXSOL15M-26SEP290930-30,SOL,1790688289.601611,20.0,0.8772,SETTLEMENT,yes,yes,0.8772,False
KXSOL15M-26SEP290915-15,SOL,1790687346.381756,20.0,1.0722,SETTLEMENT,yes,yes,1.0722,False
KXSOL15M-26SEP290900-00,SOL,1790686684.639667,20.0,1.4593,SETTLEMENT,yes,yes,1.4593,False
KXSOL15M-26SEP290845-45,SOL,1790685501.116915,20.0,0.7462,SETTLEMENT,yes,yes,0.7462,False
KXSOL15M-26SEP290800-00,SOL,1790682603.488203,20.0,1.29,SETTLEMENT,yes,yes,1.29,False
KXSOL15M-26SEP290630-30,SOL,1790677380.650282,20.0,0.8857,SETTLEMENT,no,no,0.8857,False
KXSOL15M-26SEP290545-45,SOL,1790674740.697987,20.0,1.1405,SETTLEMENT,yes,yes,1.1405,False
KXSOL15M-26SEP290530-30,SOL,1790673785.609114,20.0,1.4715,SETTLEMENT,yes,yes,1.4715,False
KXSOL15M-26SEP290415-15,SOL,1790669280.440608,20.0,1.5477,SETTLEMENT,no,no,1.5477,False
KXSOL15M-26SEP290345-45,SOL,1790667480.483195,20.0,1.0817,SETTLEMENT,yes,yes,1.0817,False
KXSOL15M-26SEP290315-15,SOL,1790665779.692339,20.0,1.0431,SETTLEMENT,yes,yes,1.0431,False
KXSOL15M-26SEP290300-00,SOL,1790664807.770605,20.0,2.0463,SETTLEMENT,yes,yes,2.0463,False
KXSOL15M-26SEP290215-15,SOL,1790662084.826932,20.0,1.0975,SETTLEMENT,yes,yes,1.0975,False
KXSOL15M-26SEP290130-30,SOL,1790659490.794182,20.0,1.0272,SETTLEMENT,yes,yes,1.0272,False
KXSOL15M-26SEP290045-45,SOL,1790656844.797426,20.0,0.9988,SETTLEMENT,no,no,0.9988,False
KXSOL15M-26SEP282330-30,SOL,1790652085.602864,20.0,1.8431,SETTLEMENT,yes,yes,1.8431,False
KXSOL15M-26SEP282130-30,SOL,1790644802.448857,20.0,1.0835,SETTLEMENT,no,no,1.0835,False
KXSOL15M-26SEP282030-30,SOL,1790641386.733956,20.0,-8.0803,HARD_STOP,no,no,1.0647,False
KXSOL15M-26SEP282000-00,SOL,1790639775.565589,15.0,0.8689,SETTLEMENT,yes,yes,0.8689,False
KXSOL15M-26SEP281945-45,SOL,1790638710.75555,15.0,1.3092,SETTLEMENT,no,no,1.3092,False
KXSOL15M-26SEP281930-30,SOL,1790637841.164027,15.0,1.1038,SETTLEMENT,yes,yes,1.1038,False
KXSOL15M-26SEP281900-00,SOL,1790636062.589051,15.0,1.4017,SETTLEMENT,yes,yes,1.4017,False
KXSOL15M-26SEP281830-30,SOL,1790634371.757294,15.0,0.882,SETTLEMENT,yes,yes,0.882,False
KXSOL15M-26SEP281800-00,SOL,1790632401.739763,15.0,1.1697,SETTLEMENT,no,no,1.1697,False
KXSOL15M-26SEP281745-45,SOL,1790631663.572916,15.0,0.7844,SETTLEMENT,no,no,0.7844,False
KXSOL15M-26SEP281730-30,SOL,1790630580.72884,15.0,0.6757,SETTLEMENT,no,no,0.6757,False
KXSOL15M-26SEP281545-45,SOL,1790624224.137063,15.0,0.7338,SETTLEMENT,no,no,0.7338,False
KXSOL15M-26SEP281530-30,SOL,1790623572.668122,15.0,0.7929,SETTLEMENT,no,no,0.7929,False
KXSOL15M-26SEP281500-00,SOL,1790621543.610879,15.0,0.9074,SETTLEMENT,yes,yes,0.9074,False
KXSOL15M-26SEP281445-45,SOL,1790620807.710424,15.0,0.5933,SETTLEMENT,no,no,0.5933,False
KXSOL15M-26SEP281400-00,SOL,1790618105.68192,15.0,0.672,SETTLEMENT,no,no,0.672,False
KXSOL15M-26SEP281315-15,SOL,1790615551.085201,15.0,0.6476,SETTLEMENT,yes,yes,0.6476,False
KXSOL15M-26SEP281200-00,SOL,1790610963.047362,15.0,0.5933,SETTLEMENT,yes,yes,0.5933,False
KXSOL15M-26SEP281015-15,SOL,1790604452.752585,15.0,2.6406,SETTLEMENT,no,no,2.6406,False
KXSOL15M-26SEP280930-30,SOL,1790601955.679628,15.0,0.7282,SETTLEMENT,yes,yes,0.7282,False
KXSOL15M-26SEP280900-00,SOL,1790599952.202526,15.0,0.8689,SETTLEMENT,yes,yes,0.8689,False
KXSOL15M-26SEP280815-15,SOL,1790597234.293924,15.0,0.5737,SETTLEMENT,yes,yes,0.5737,False
KXSOL15M-26SEP280800-00,SOL,1790596322.743543,15.0,-6.8373,HARD_STOP,yes,no,-14.0748,False
KXSOL15M-26SEP280745-45,SOL,1790595706.625266,15.0,0.9534,SETTLEMENT,yes,yes,0.9534,False
KXSOL15M-26SEP280700-00,SOL,1790593115.185392,15.0,0.672,SETTLEMENT,no,no,0.672,False
KXSOL15M-26SEP280545-45,SOL,1790588280.315124,15.0,1.3583,SETTLEMENT,no,no,1.3583,False
KXSOL15M-26SEP280500-00,SOL,1790585701.235473,15.0,0.5596,SETTLEMENT,yes,yes,0.5596,True
KXSOL15M-26SEP280445-45,SOL,1790584871.365659,15.0,1.2894,SETTLEMENT,no,no,1.2894,True
KXSOL15M-26SEP280430-30,SOL,1790583846.539184,15.0,0.8407,SETTLEMENT,no,no,0.8407,False
KXSOL15M-26SEP280400-00,SOL,1790582290.986657,15.0,-5.5742,HARD_STOP,no,no,0.9816,True
KXSOL15M-26SEP280330-30,SOL,1790580209.473091,15.0,1.5472,SETTLEMENT,no,no,1.5472,True
KXSOL15M-26SEP280300-00,SOL,1790578537.67576,15.0,0.7704,SETTLEMENT,no,no,0.7704,True
KXSOL15M-26SEP280230-30,SOL,1790576520.314653,15.0,0.8473,SETTLEMENT,no,no,0.8473,False
KXSOL15M-26SEP280115-15,SOL,1790572141.950207,15.0,0.5877,SETTLEMENT,no,no,0.5877,True
KXSOL15M-26SEP280100-00,SOL,1790571420.452637,15.0,0.6985,SETTLEMENT,no,no,0.6985,True
KXSOL15M-26SEP280030-30,SOL,1790569453.994363,15.0,0.5765,SETTLEMENT,yes,yes,0.5765,True
KXSOL15M-26SEP280000-00,SOL,1790567701.526369,15.0,0.5737,SETTLEMENT,no,no,0.5737,True
KXSOL15M-26SEP272315-15,SOL,1790565022.87468,15.0,0.5877,SETTLEMENT,yes,yes,0.5877,True
KXSOL15M-26SEP272245-45,SOL,1790563104.905359,15.0,0.5877,SETTLEMENT,no,no,0.5877,True
KXSOL15M-26SEP272230-30,SOL,1790562120.425735,15.0,0.7985,SETTLEMENT,no,no,0.7985,True
KXSOL15M-26SEP272015-15,SOL,1790554115.551777,15.0,2.832,SETTLEMENT,no,no,2.832,False
KXSOL15M-26SEP272000-00,SOL,1790553501.02406,15.0,0.7273,SETTLEMENT,yes,yes,0.7273,False
KXSOL15M-26SEP271800-00,SOL,1790546047.845151,15.0,0.6523,SETTLEMENT,yes,yes,0.6523,False
KXSOL15M-26SEP271745-45,SOL,1790545122.030887,15.0,0.686,SETTLEMENT,no,no,0.686,False
KXSOL15M-26SEP271715-15,SOL,1790543401.006908,10.0,0.4611,SETTLEMENT,yes,yes,0.4611,False
KXSOL15M-26SEP271700-00,SOL,1790542465.677119,10.0,0.3824,SETTLEMENT,no,no,0.3824,False
KXSOL15M-26SEP271545-45,SOL,1790538004.846759,10.0,0.388,SETTLEMENT,yes,yes,0.388,False
KXSOL15M-26SEP271515-15,SOL,1790536082.881972,10.0,0.5792,SETTLEMENT,no,no,0.5792,False
KXSOL15M-26SEP271415-15,SOL,1790532669.909454,10.0,0.7447,SETTLEMENT,yes,yes,0.7447,False
KXSOL15M-26SEP271400-00,SOL,1790531722.728756,10.0,0.3918,SETTLEMENT,yes,yes,0.3918,False
KXSOL15M-26SEP271200-00,SOL,1790524629.729944,10.0,0.4011,SETTLEMENT,yes,yes,0.4011,False
KXSOL15M-26SEP271030-30,SOL,1790518988.902682,10.0,0.5605,SETTLEMENT,no,no,0.5605,False
KXSOL15M-26SEP270900-00,SOL,1790513582.796543,10.0,0.5581,SETTLEMENT,no,no,0.5581,False
KXSOL15M-26SEP270845-45,SOL,1790512748.302972,10.0,0.8803,SETTLEMENT,yes,yes,0.8803,False
KXSOL15M-26SEP270830-30,SOL,1790511820.373662,10.0,0.6939,SETTLEMENT,no,no,0.6939,False
KXSOL15M-26SEP270800-00,SOL,1790510164.682694,10.0,0.4217,SETTLEMENT,yes,yes,0.4217,False
KXSOL15M-26SEP270745-45,SOL,1790509113.3327,10.0,0.5605,SETTLEMENT,no,no,0.5605,False
KXSOL15M-26SEP270645-45,SOL,1790505627.547146,10.0,0.8898,SETTLEMENT,no,no,0.8898,False
KXSOL15M-26SEP270445-45,SOL,1790498556.943797,10.0,0.4105,SETTLEMENT,no,no,0.4105,False
KXSOL15M-26SEP270345-45,SOL,1790494688.376658,10.0,0.3918,SETTLEMENT,yes,yes,0.3918,False
KXSOL15M-26SEP270330-30,SOL,1790493887.130102,10.0,0.6544,SETTLEMENT,yes,yes,0.6544,False
KXSOL15M-26SEP270315-15,SOL,1790493022.390501,10.0,0.3824,SETTLEMENT,yes,yes,0.3824,False
KXSOL15M-26SEP270245-45,SOL,1790491163.553583,10.0,0.4096,SETTLEMENT,no,no,0.4096,False
KXSOL15M-26SEP270230-30,SOL,1790490587.958369,10.0,0.4761,SETTLEMENT,no,no,0.4761,False
KXSOL15M-26SEP270215-15,SOL,1790489280.87924,10.0,0.6873,SETTLEMENT,yes,yes,0.6873,False
KXSOL15M-26SEP270145-45,SOL,1790487583.65549,10.0,0.4386,SETTLEMENT,yes,yes,0.4386,False
KXSOL15M-26SEP270130-30,SOL,1790486820.853428,10.0,0.4105,SETTLEMENT,yes,yes,0.4105,False
KXSOL15M-26SEP270045-45,SOL,1790483885.880174,10.0,0.4948,SETTLEMENT,no,no,0.4948,False
KXSOL15M-26SEP270030-30,SOL,1790482980.370871,10.0,0.5436,SETTLEMENT,no,no,0.5436,False
KXSOL15M-26SEP262345-45,SOL,1790480280.399892,10.0,1.3157,SETTLEMENT,yes,yes,1.3157,False
KXSOL15M-26SEP262300-00,SOL,1790477674.633536,10.0,0.7398,SETTLEMENT,no,no,0.7398,False
KXSOL15M-26SEP262245-45,SOL,1790476733.408283,10.0,0.4667,SETTLEMENT,no,no,0.4667,False
KXSOL15M-26SEP262230-30,SOL,1790475956.592456,10.0,0.4292,SETTLEMENT,yes,yes,0.4292,False
KXSOL15M-26SEP262215-15,SOL,1790475012.204498,10.0,0.7108,SETTLEMENT,yes,yes,0.7108,False
KXSOL15M-26SEP262130-30,SOL,1790472188.202951,10.0,0.5229,SETTLEMENT,no,no,0.5229,False
KXSOL15M-26SEP262115-15,SOL,1790471438.292592,10.0,0.448,SETTLEMENT,yes,yes,0.448,False
KXSOL15M-26SEP262100-00,SOL,1790470389.304914,10.0,0.3852,SETTLEMENT,no,no,0.3852,False
KXSOL15M-26SEP262030-30,SOL,1790468588.090981,10.0,0.4011,SETTLEMENT,no,no,0.4011,False
KXSOL15M-26SEP262015-15,SOL,1790467733.696471,10.0,0.4049,SETTLEMENT,no,no,0.4049,False
KXSOL15M-26SEP262000-00,SOL,1790466796.002345,10.0,0.5792,SETTLEMENT,yes,yes,0.5792,False
KXSOL15M-26SEP261945-45,SOL,1790466107.814931,10.0,0.6772,SETTLEMENT,no,no,0.6772,False
KXSOL15M-26SEP261900-00,SOL,1790463184.02014,10.0,-4.7862,HARD_STOP,yes,yes,0.5886,False
KXSOL15M-26SEP261830-30,SOL,1790461382.706706,10.0,0.8945,SETTLEMENT,no,no,0.8945,False
KXSOL15M-26SEP261800-00,SOL,1790459596.59855,10.0,0.6253,SETTLEMENT,no,no,0.6253,False
KXSOL15M-26SEP261730-30,SOL,1790457793.668159,10.0,0.4573,SETTLEMENT,yes,yes,0.4573,False
KXSOL15M-26SEP261715-15,SOL,1790456940.58592,10.0,0.8332,SETTLEMENT,yes,yes,0.8332,False
KXSOL15M-26SEP261645-45,SOL,1790455131.533531,10.0,0.4854,SETTLEMENT,no,no,0.4854,False
KXSOL15M-26SEP261630-30,SOL,1790454257.504803,10.0,0.5333,SETTLEMENT,yes,yes,0.5333,False
KXSOL15M-26SEP261615-15,SOL,1790453518.726345,10.0,0.6826,SETTLEMENT,no,no,0.6826,False
KXSOL15M-26SEP261545-45,SOL,1790451485.48946,10.0,0.8803,SETTLEMENT,no,no,0.8803,False
KXSOL15M-26SEP261515-15,SOL,1790449680.223751,10.0,0.3731,SETTLEMENT,yes,yes,0.3731,False
KXSOL15M-26SEP261445-45,SOL,1790447881.278597,10.0,0.5999,SETTLEMENT,no,no,0.5999,False
KXSOL15M-26SEP261400-00,SOL,1790445400.722159,10.0,0.5699,SETTLEMENT,yes,yes,0.5699,False
KXSOL15M-26SEP261345-45,SOL,1790444657.718312,10.0,0.5792,SETTLEMENT,yes,yes,0.5792,False
KXSOL15M-26SEP261330-30,SOL,1790443561.450274,10.0,0.7955,SETTLEMENT,yes,yes,0.7955,False
KXSOL15M-26SEP261315-15,SOL,1790442488.081355,10.0,0.3824,SETTLEMENT,no,no,0.3824,False
KXSOL15M-26SEP261245-45,SOL,1790440834.855078,10.0,0.4405,SETTLEMENT,yes,yes,0.4405,False
KXSOL15M-26SEP261230-30,SOL,1790439780.682539,10.0,0.937,SETTLEMENT,no,no,0.937,False
KXSOL15M-26SEP261215-15,SOL,1790438881.522506,10.0,1.0653,SETTLEMENT,no,no,1.0653,False
KXSOL15M-26SEP261200-00,SOL,1790438102.080656,10.0,1.3071,SETTLEMENT,yes,yes,1.3071,False
KXSOL15M-26SEP261145-45,SOL,1790437082.145714,10.0,0.5389,SETTLEMENT,yes,yes,0.5389,False
KXSOL15M-26SEP261130-30,SOL,1790436263.312566,10.0,0.937,SETTLEMENT,yes,yes,0.937,False
KXSOL15M-26SEP261115-15,SOL,1790435559.330855,10.0,0.3759,SETTLEMENT,yes,yes,0.3759,False
KXSOL15M-26SEP261100-00,SOL,1790434637.410863,10.0,-3.8924,HARD_STOP,yes,yes,0.5792,False
KXSOL15M-26SEP261045-45,SOL,1790433846.337522,10.0,1.3157,SETTLEMENT,no,no,1.3157,False
KXSOL15M-26SEP261015-15,SOL,1790432016.857451,10.0,0.4667,SETTLEMENT,yes,yes,0.4667,False
KXSOL15M-26SEP261000-00,SOL,1790430863.922285,10.0,1.126,SETTLEMENT,yes,yes,1.126,False
KXSOL15M-26SEP260945-45,SOL,1790429890.387064,10.0,0.5361,SETTLEMENT,yes,yes,0.5361,False
KXSOL15M-26SEP260930-30,SOL,1790429103.317963,10.0,0.6826,SETTLEMENT,no,no,0.6826,False
KXSOL15M-26SEP260915-15,SOL,1790428082.911618,10.0,-4.0378,HARD_STOP,no,yes,-9.063,False
KXSOL15M-26SEP260900-00,SOL,1790427425.476207,10.0,0.6431,SETTLEMENT,yes,yes,0.6431,False
KXSOL15M-26SEP260845-45,SOL,1790426512.696663,10.0,0.5183,SETTLEMENT,no,no,0.5183,False
KXSOL15M-26SEP260815-15,SOL,1790424672.497262,10.0,0.4667,SETTLEMENT,no,no,0.4667,False
KXSOL15M-26SEP260800-00,SOL,1790423580.927351,10.0,0.63,SETTLEMENT,yes,yes,0.63,False
KXSOL15M-26SEP260730-30,SOL,1790421798.090915,10.0,0.4854,SETTLEMENT,yes,yes,0.4854,False
KXSOL15M-26SEP260715-15,SOL,1790420880.300101,10.0,0.3824,SETTLEMENT,no,no,0.3824,False
KXSOL15M-26SEP260645-45,SOL,1790419176.546102,10.0,0.8426,SETTLEMENT,yes,yes,0.8426,False
KXSOL15M-26SEP260630-30,SOL,1790418194.382805,10.0,0.448,SETTLEMENT,yes,yes,0.448,False
KXSOL15M-26SEP260615-15,SOL,1790417281.966914,10.0,0.3918,SETTLEMENT,yes,yes,0.3918,False
KXSOL15M-26SEP260515-15,SOL,1790413681.454355,10.0,1.2208,SETTLEMENT,no,no,1.2208,False
KXSOL15M-26SEP260445-45,SOL,1790412023.472823,10.0,0.4292,SETTLEMENT,yes,yes,0.4292,False
KXSOL15M-26SEP260430-30,SOL,1790410980.308547,10.0,-4.0621,HARD_STOP,yes,no,-9.3888,False
KXSOL15M-26SEP260415-15,SOL,1790410082.326251,10.0,0.4283,SETTLEMENT,no,no,0.4283,False
KXSOL15M-26SEP260400-00,SOL,1790409180.219152,10.0,0.8888,SETTLEMENT,yes,yes,0.8888,False
KXSOL15M-26SEP260345-45,SOL,1790408468.547673,10.0,0.8782,SETTLEMENT,yes,yes,0.8782,False
KXSOL15M-26SEP260315-15,SOL,1790406501.340739,10.0,0.4283,SETTLEMENT,yes,yes,0.4283,False
KXSOL15M-26SEP260300-00,SOL,1790405804.08723,10.0,0.8709,SETTLEMENT,no,no,0.8709,False
KXSOL15M-26SEP260230-30,SOL,1790404088.27025,10.0,0.4011,SETTLEMENT,no,no,0.4011,False
KXSOL15M-26SEP260215-15,SOL,1790402893.321814,10.0,0.8247,SETTLEMENT,no,no,0.8247,False
KXSOL15M-26SEP260200-00,SOL,1790402045.68045,10.0,0.6638,SETTLEMENT,no,no,0.6638,False
KXSOL15M-26SEP260145-45,SOL,1790401140.427666,10.0,0.8332,SETTLEMENT,yes,yes,0.8332,False
KXSOL15M-26SEP260115-15,SOL,1790399465.246419,10.0,0.937,SETTLEMENT,no,no,0.937,False
KXSOL15M-26SEP260100-00,SOL,1790398380.792743,10.0,1.2208,SETTLEMENT,yes,yes,1.2208,False
KXSOL15M-26SEP260030-30,SOL,1790396654.472931,10.0,0.6544,SETTLEMENT,no,no,0.6544,False
KXSOL15M-26SEP260015-15,SOL,1790395680.444075,10.0,0.5136,SETTLEMENT,yes,yes,0.5136,False
KXSOL15M-26SEP260000-00,SOL,1790395084.813616,10.0,0.5605,SETTLEMENT,no,no,0.5605,False
KXSOL15M-26SEP252345-45,SOL,1790394067.990695,10.0,0.7353,SETTLEMENT,no,no,0.7353,False
KXSOL15M-26SEP252330-30,SOL,1790393186.381495,10.0,0.5605,SETTLEMENT,yes,yes,0.5605,False
KXSOL15M-26SEP252315-15,SOL,1790392080.418726,10.0,0.937,SETTLEMENT,no,no,0.937,False
KXSOL15M-26SEP252300-00,SOL,1790391366.4935,10.0,0.6732,SETTLEMENT,no,no,0.6732,False
KXSOL15M-26SEP252230-30,SOL,1790389436.433271,10.0,0.3899,SETTLEMENT,no,no,0.3899,False
KXSOL15M-26SEP252145-45,SOL,1790386681.846018,10.0,0.5792,SETTLEMENT,yes,yes,0.5792,False
KXSOL15M-26SEP252030-30,SOL,1790382209.037913,10.0,-3.7458,HARD_STOP,no,yes,-9.0725,False
KXSOL15M-26SEP252015-15,SOL,1790381583.300934,10.0,0.4021,SETTLEMENT,no,no,0.4021,False
KXSOL15M-26SEP252000-00,SOL,1790380742.94562,10.0,0.3731,SETTLEMENT,yes,yes,0.3731,False
KXSOL15M-26SEP251930-30,SOL,1790378752.590233,10.0,0.5699,SETTLEMENT,no,no,0.5699,False
KXSOL15M-26SEP251915-15,SOL,1790377981.583068,10.0,0.5605,SETTLEMENT,no,no,0.5605,False
KXSOL15M-26SEP251900-00,SOL,1790377088.414542,10.0,0.5405,SETTLEMENT,no,no,0.5405,False
KXSOL15M-26SEP251830-30,SOL,1790374994.334344,10.0,0.3908,SETTLEMENT,yes,yes,0.3908,False
KXSOL15M-26SEP251815-15,SOL,1790374082.811318,10.0,0.3908,SETTLEMENT,yes,yes,0.3908,False
KXSOL15M-26SEP251745-45,SOL,1790372601.565338,10.0,0.448,SETTLEMENT,no,no,0.448,False
KXSOL15M-26SEP251730-30,SOL,1790371576.501422,10.0,0.9247,SETTLEMENT,no,no,0.9247,False
KXSOL15M-26SEP251715-15,SOL,1790370602.363359,10.0,0.4667,SETTLEMENT,no,no,0.4667,False
KXSOL15M-26SEP251645-45,SOL,1790368741.140651,10.0,0.4667,SETTLEMENT,yes,yes,0.4667,False
KXSOL15M-26SEP251600-00,SOL,1790366238.505393,10.0,0.5567,SETTLEMENT,yes,yes,0.5567,False
KXSOL15M-26SEP251545-45,SOL,1790365270.352592,10.0,0.692,SETTLEMENT,no,no,0.692,False
KXSOL15M-26SEP251530-30,SOL,1790364301.385944,10.0,1.0314,SETTLEMENT,no,no,1.0314,False
KXSOL15M-26SEP251500-00,SOL,1790362631.327927,10.0,0.5511,SETTLEMENT,no,no,0.5511,False
KXSOL15M-26SEP251445-45,SOL,1790361740.492978,10.0,0.4367,SETTLEMENT,yes,yes,0.4367,False
KXSOL15M-26SEP251415-15,SOL,1790359787.574882,10.0,0.6732,SETTLEMENT,yes,yes,0.6732,False
KXSOL15M-26SEP251400-00,SOL,1790358783.239625,10.0,0.3918,SETTLEMENT,no,no,0.3918,False
KXSOL15M-26SEP251345-45,SOL,1790358020.437038,10.0,0.3824,SETTLEMENT,yes,yes,0.3824,False
KXSOL15M-26SEP251330-30,SOL,1790357049.386399,10.0,0.692,SETTLEMENT,no,no,0.692,False
KXSOL15M-26SEP251315-15,SOL,1790356135.49667,10.0,0.5173,SETTLEMENT,yes,yes,0.5173,False
KXSOL15M-26SEP251300-00,SOL,1790355307.69259,10.0,0.4574,SETTLEMENT,no,no,0.4574,False
KXSOL15M-26SEP251230-30,SOL,1790353528.296088,10.0,0.4667,SETTLEMENT,yes,yes,0.4667,False
KXSOL15M-26SEP251215-15,SOL,1790352566.732927,10.0,0.4601,SETTLEMENT,yes,yes,0.4601,False
KXSOL15M-26SEP251145-45,SOL,1790350714.405743,10.0,0.3731,SETTLEMENT,no,no,0.3731,False
KXSOL15M-26SEP251045-45,SOL,1790347157.663572,10.0,-4.1879,HARD_STOP,no,yes,-9.5146,False
KXSOL15M-26SEP250930-30,SOL,1790342583.959432,10.0,0.3824,SETTLEMENT,no,no,0.3824,False
KXSOL15M-26SEP250845-45,SOL,1790339901.311873,10.0,0.5136,SETTLEMENT,yes,yes,0.5136,False
KXSOL15M-26SEP250815-15,SOL,1790338299.395848,10.0,0.4667,SETTLEMENT,no,no,0.4667,False
KXSOL15M-26SEP250700-00,SOL,1790333582.47968,10.0,1.0314,SETTLEMENT,yes,yes,1.0314,False
KXSOL15M-26SEP250630-30,SOL,1790331905.531969,10.0,0.6572,SETTLEMENT,yes,yes,0.6572,False
KXSOL15M-26SEP250615-15,SOL,1790330941.352805,10.0,0.4105,SETTLEMENT,no,no,0.4105,False
KXSOL15M-26SEP250600-00,SOL,1790329980.314293,10.0,-4.3308,HARD_STOP,no,no,0.5436,False
KXSOL15M-26SEP250530-30,SOL,1790328381.452445,10.0,0.4667,SETTLEMENT,yes,yes,0.4667,False
KXSOL15M-26SEP250500-00,SOL,1790326411.557477,10.0,0.7946,SETTLEMENT,yes,yes,0.7946,False
KXSOL15M-26SEP250400-00,SOL,1790322925.37357,10.0,0.4292,SETTLEMENT,yes,yes,0.4292,False
KXSOL15M-26SEP250315-15,SOL,1790320121.466075,10.0,0.8898,SETTLEMENT,no,no,0.8898,False
KXSOL15M-26SEP250245-45,SOL,1790318283.75554,10.0,0.5699,SETTLEMENT,no,no,0.5699,False
KXSOL15M-26SEP250215-15,SOL,1790316597.556597,10.0,1.2208,SETTLEMENT,no,no,1.2208,False
KXSOL15M-26SEP250130-30,SOL,1790313989.688749,10.0,1.7922,SETTLEMENT,yes,yes,1.7922,False
KXSOL15M-26SEP250015-15,SOL,1790309437.960873,10.0,-5.212,HARD_STOP,no,yes,-9.4395,False
KXSOL15M-26SEP250000-00,SOL,1790308660.656676,10.0,1.888,SETTLEMENT,yes,yes,1.888,False
KXSOL15M-26SEP242345-45,SOL,1790307491.914675,10.0,0.5492,SETTLEMENT,yes,yes,0.5492,False
KXSOL15M-26SEP242245-45,SOL,1790303896.068152,10.0,0.3806,SETTLEMENT,no,no,0.3806,False
KXSOL15M-26SEP242145-45,SOL,1790300294.912684,10.0,0.4667,SETTLEMENT,no,no,0.4667,False
KXSOL15M-26SEP242115-15,SOL,1790298502.113868,10.0,0.4311,SETTLEMENT,yes,yes,0.4311,False
KXSOL15M-26SEP242030-30,SOL,1790295888.735766,10.0,0.4133,SETTLEMENT,no,no,0.4133,False
KXSOL15M-26SEP242015-15,SOL,1790294882.836094,10.0,0.3974,SETTLEMENT,yes,yes,0.3974,False
KXXRP15M-26OCT030015-15,XRP,1791000501.602063,15.0,0.8313,SETTLEMENT,no,no,0.8313,True
KXXRP15M-26OCT030000-00,XRP,1790999522.12876,15.0,1.2498,SETTLEMENT,yes,yes,1.2498,True
KXXRP15M-26OCT022330-30,XRP,1790997885.822809,15.0,1.8597,SETTLEMENT,yes,yes,1.8597,True
KXXRP15M-26OCT022200-00,XRP,1790992421.640709,15.0,0.8407,SETTLEMENT,no,no,0.8407,True
KXXRP15M-26OCT022115-15,XRP,1790989860.572704,15.0,0.5596,SETTLEMENT,yes,yes,0.5596,True
KXXRP15M-26OCT022100-00,XRP,1790988925.517231,15.0,1.4055,SETTLEMENT,no,no,1.4055,True
KXXRP15M-26OCT022045-45,XRP,1790987815.436691,15.0,-6.086,HARD_STOP,yes,yes,2.1256,True
KXXRP15M-26OCT021930-30,XRP,1790983480.258349,15.0,1.0662,SETTLEMENT,yes,yes,1.0662,True
KXXRP15M-26OCT021900-00,XRP,1790981779.011176,15.0,0.5737,SETTLEMENT,yes,yes,0.5737,True
KXXRP15M-26OCT021800-00,XRP,1790977957.416386,15.0,1.5472,SETTLEMENT,yes,yes,1.5472,True
KXXRP15M-26OCT021745-45,XRP,1790977198.86669,15.0,1.1227,SETTLEMENT,yes,yes,1.1227,True
KXXRP15M-26OCT021730-30,XRP,1790976531.618123,15.0,0.5877,SETTLEMENT,no,no,0.5877,True
KXXRP15M-26OCT021700-00,XRP,1790974682.132739,15.0,1.1227,SETTLEMENT,yes,yes,1.1227,True
KXXRP15M-26OCT021545-45,XRP,1790970075.570353,15.0,0.8548,SETTLEMENT,yes,yes,0.8548,True
KXXRP15M-26OCT021445-45,XRP,1790966294.742467,15.0,0.686,SETTLEMENT,no,no,0.686,True
KXXRP15M-26OCT021215-15,XRP,1790957101.637455,15.0,-5.0674,HARD_STOP,no,yes,-12.455,True
KXXRP15M-26OCT020945-45,XRP,1790948173.128907,15.0,0.6439,SETTLEMENT,yes,yes,0.6439,False
KXXRP15M-26OCT020115-15,XRP,1790917772.717313,15.0,0.9957,SETTLEMENT,no,no,0.9957,False
KXXRP15M-26OCT020030-30,XRP,1790914832.679435,15.0,0.7282,SETTLEMENT,yes,yes,0.7282,False
KXXRP15M-26OCT012300-00,XRP,1790909587.805293,15.0,0.6383,SETTLEMENT,yes,yes,0.6383,False
KXXRP15M-26OCT012200-00,XRP,1790905912.431942,15.0,0.6017,SETTLEMENT,yes,yes,0.6017,False
KXXRP15M-26OCT011930-30,XRP,1790897137.881292,15.0,0.6439,SETTLEMENT,yes,yes,0.6439,False
KXXRP15M-26OCT011915-15,XRP,1790896142.13794,15.0,0.6017,SETTLEMENT,no,no,0.6017,False
KXXRP15M-26OCT011715-15,XRP,1790889072.805506,15.0,0.9957,SETTLEMENT,no,no,0.9957,False
KXXRP15M-26OCT011645-45,XRP,1790887033.789879,15.0,0.8295,SETTLEMENT,no,no,0.8295,False
KXXRP15M-26OCT011530-30,XRP,1790882581.605966,15.0,0.8548,SETTLEMENT,no,no,0.8548,False
KXXRP15M-26OCT011500-00,XRP,1790880903.752361,15.0,0.7985,SETTLEMENT,no,no,0.7985,False
KXXRP15M-26OCT011330-30,XRP,1790875302.495074,15.0,0.7554,SETTLEMENT,yes,yes,0.7554,False
KXXRP15M-26OCT011315-15,XRP,1790874402.241802,15.0,0.5596,SETTLEMENT,yes,yes,0.5596,False
KXXRP15M-26OCT011145-45,XRP,1790869097.365065,15.0,0.9675,SETTLEMENT,no,no,0.9675,False
KXXRP15M-26OCT010600-00,XRP,1790848457.72948,15.0,0.5737,SETTLEMENT,no,no,0.5737,False
KXXRP15M-26OCT010230-30,XRP,1790835666.254995,15.0,-4.9623,HARD_STOP,no,no,2.6501,False
KXXRP15M-26OCT010215-15,XRP,1790835000.545627,20.0,-8.3897,HARD_STOP,no,no,1.3088,False
KXXRP15M-26OCT010200-00,XRP,1790834310.6661,20.0,0.9709,SETTLEMENT,no,no,0.9709,False
KXXRP15M-26OCT010145-45,XRP,1790833074.393167,20.0,1.5157,SETTLEMENT,yes,yes,1.5157,False
KXXRP15M-26OCT010100-00,XRP,1790830201.011406,20.0,1.3323,SETTLEMENT,yes,yes,1.3323,False
KXXRP15M-26OCT010015-15,XRP,1790827740.423412,20.0,-7.6859,HARD_STOP,no,no,2.0629,False
KXXRP15M-26OCT010000-00,XRP,1790826680.739081,20.0,3.5845,SETTLEMENT,yes,yes,3.5845,False
KXXRP15M-26SEP302115-15,XRP,1790817022.751138,20.0,0.9335,SETTLEMENT,yes,yes,0.9335,False
KXXRP15M-26SEP302100-00,XRP,1790816101.852247,20.0,1.1914,SETTLEMENT,no,no,1.1914,False
KXXRP15M-26SEP302015-15,XRP,1790813218.957095,20.0,-5.7517,HARD_STOP,yes,yes,3.3933,False
KXXRP15M-26SEP301915-15,XRP,1790810093.95718,20.0,1.5722,SETTLEMENT,no,no,1.5722,False
KXXRP15M-26SEP301900-00,XRP,1790808903.820355,20.0,0.7649,SETTLEMENT,no,no,0.7649,False
KXXRP15M-26SEP301845-45,XRP,1790807905.093892,20.0,1.0563,SETTLEMENT,yes,yes,1.0563,False
KXXRP15M-26SEP301830-30,XRP,1790806980.934532,20.0,1.4216,SETTLEMENT,yes,yes,1.4216,False
KXXRP15M-26SEP301815-15,XRP,1790806146.328202,20.0,1.0835,SETTLEMENT,no,no,1.0835,False
KXXRP15M-26SEP301800-00,XRP,1790805116.357449,20.0,-8.7364,HARD_STOP,no,no,2.0629,False
KXXRP15M-26SEP301600-00,XRP,1790797879.850932,20.0,0.763,SETTLEMENT,no,no,0.763,False
KXXRP15M-26SEP301445-45,XRP,1790793581.547432,20.0,0.7462,SETTLEMENT,no,no,0.7462,False
KXXRP15M-26SEP301315-15,XRP,1790788106.136699,20.0,-6.4239,HARD_STOP,no,yes,-16.224,False
KXXRP15M-26SEP301215-15,XRP,1790784409.503265,20.0,0.7649,SETTLEMENT,yes,yes,0.7649,False
KXXRP15M-26SEP301130-30,XRP,1790781909.832648,20.0,0.7649,SETTLEMENT,no,no,0.7649,False
KXXRP15M-26SEP300945-45,XRP,1790775484.928128,20.0,0.7649,SETTLEMENT,no,no,0.7649,False
KXXRP15M-26SEP300830-30,XRP,1790770840.910949,20.0,0.9081,SETTLEMENT,no,no,0.9081,False
KXXRP15M-26SEP300715-15,XRP,1790766398.85199,20.0,0.8744,SETTLEMENT,no,no,0.8744,False
KXXRP15M-26SEP300430-30,XRP,1790756643.698739,15.0,1.8312,SETTLEMENT,yes,yes,1.8312,False
KXXRP15M-26SEP300345-45,XRP,1790753880.957865,15.0,1.6891,SETTLEMENT,yes,yes,1.6891,False
KXXRP15M-26SEP300100-00,XRP,1790744102.542925,15.0,0.9816,SETTLEMENT,no,no,0.9816,False
KXXRP15M-26SEP292330-30,XRP,1790738774.726796,15.0,0.5596,SETTLEMENT,no,no,0.5596,False
KXXRP15M-26SEP292115-15,XRP,1790730599.557931,15.0,0.6823,SETTLEMENT,yes,yes,0.6823,False
KXXRP15M-26SEP291945-45,XRP,1790725263.940428,15.0,0.5737,SETTLEMENT,no,no,0.5737,False
KXXRP15M-26SEP291930-30,XRP,1790724240.948637,15.0,0.9666,SETTLEMENT,no,no,0.9666,False
KXXRP15M-26SEP291915-15,XRP,1790723130.805649,15.0,0.9863,SETTLEMENT,yes,yes,0.9863,False
KXXRP15M-26SEP291845-45,XRP,1790721358.597052,15.0,1.4055,SETTLEMENT,no,no,1.4055,False
KXXRP15M-26SEP291800-00,XRP,1790718791.158841,15.0,0.6841,SETTLEMENT,yes,yes,0.6841,False
KXXRP15M-26SEP291745-45,XRP,1790718046.492249,15.0,0.9534,SETTLEMENT,yes,yes,0.9534,False
KXXRP15M-26SEP291730-30,XRP,1790716815.927857,15.0,1.198,SETTLEMENT,no,no,1.198,False
KXXRP15M-26SEP291700-00,XRP,1790715402.989568,15.0,1.4055,SETTLEMENT,no,no,1.4055,False
KXXRP15M-26SEP291630-30,XRP,1790713391.00314,15.0,0.5737,SETTLEMENT,yes,yes,0.5737,False
KXXRP15M-26SEP291615-15,XRP,1790712355.460206,15.0,-4.5021,HARD_STOP,yes,yes,2.6884,False
KXXRP15M-26SEP291545-45,XRP,1790710854.751701,15.0,1.2922,SETTLEMENT,no,no,1.2922,False
KXXRP15M-26SEP291530-30,XRP,1790709985.992911,15.0,0.7704,SETTLEMENT,yes,yes,0.7704,False
KXXRP15M-26SEP291115-15,XRP,1790694314.284491,15.0,0.9487,SETTLEMENT,no,no,0.9487,False
KXXRP15M-26SEP291015-15,XRP,1790690780.322293,15.0,-4.7003,HARD_STOP,no,no,2.832,False
KXXRP15M-26SEP290800-00,XRP,1790682600.978832,15.0,0.6205,SETTLEMENT,yes,yes,0.6205,False
KXXRP15M-26SEP290745-45,XRP,1790681705.737218,15.0,0.761,SETTLEMENT,yes,yes,0.761,False
KXXRP15M-26SEP290645-45,XRP,1790678265.535284,15.0,0.7001,SETTLEMENT,no,no,0.7001,False
KXXRP15M-26SEP290600-00,XRP,1790675431.823457,15.0,0.672,SETTLEMENT,yes,yes,0.672,False
KXXRP15M-26SEP290430-30,XRP,1790670108.513751,15.0,0.583,SETTLEMENT,yes,yes,0.583,False
KXXRP15M-26SEP290415-15,XRP,1790669340.818479,15.0,1.4055,SETTLEMENT,no,no,1.4055,False
KXXRP15M-26SEP290400-00,XRP,1790668693.357423,15.0,0.6158,SETTLEMENT,no,no,0.6158,False
KXXRP15M-26SEP290300-00,XRP,1790664780.568405,15.0,1.5472,SETTLEMENT,yes,yes,1.5472,False
KXXRP15M-26SEP290215-15,XRP,1790662055.254782,15.0,0.8966,SETTLEMENT,yes,yes,0.8966,False
KXXRP15M-26SEP290145-45,XRP,1790660112.749188,15.0,-6.8884,HARD_STOP,no,no,0.5737,False
KXXRP15M-26SEP290130-30,XRP,1790659536.730233,15.0,0.5737,SETTLEMENT,yes,yes,0.5737,False
KXXRP15M-26SEP290045-45,XRP,1790656561.284595,15.0,1.0662,SETTLEMENT,no,no,1.0662,False
KXXRP15M-26SEP290015-15,XRP,1790654917.474268,15.0,0.672,SETTLEMENT,no,no,0.672,False
KXXRP15M-26SEP282330-30,XRP,1790652061.175919,15.0,0.9525,SETTLEMENT,yes,yes,0.9525,False
KXXRP15M-26SEP282100-00,XRP,1790643001.41452,15.0,0.7366,SETTLEMENT,no,no,0.7366,False
KXXRP15M-26SEP282030-30,XRP,1790641380.395146,15.0,-5.9475,HARD_STOP,no,no,0.7094,False
KXXRP15M-26SEP281930-30,XRP,1790637893.607862,15.0,0.686,SETTLEMENT,yes,yes,0.686,False
KXXRP15M-26SEP281845-45,XRP,1790634969.450251,15.0,0.5671,SETTLEMENT,yes,yes,0.5671,False
KXXRP15M-26SEP281815-15,XRP,1790633373.500497,15.0,0.6017,SETTLEMENT,no,no,0.6017,False
KXXRP15M-26SEP281800-00,XRP,1790632440.49271,15.0,1.1509,SETTLEMENT,no,no,1.1509,False
KXXRP15M-26SEP281745-45,XRP,1790631615.457612,15.0,0.5877,SETTLEMENT,no,no,0.5877,False
KXXRP15M-26SEP281730-30,XRP,1790630640.628205,15.0,0.8004,SETTLEMENT,no,no,0.8004,False
KXXRP15M-26SEP281700-00,XRP,1790629021.450802,15.0,1.1227,SETTLEMENT,yes,yes,1.1227,False
KXXRP15M-26SEP281645-45,XRP,1790628212.541146,15.0,-4.6216,HARD_STOP,no,no,0.5606,False
KXXRP15M-26SEP281615-15,XRP,1790626081.392397,15.0,0.7985,SETTLEMENT,yes,yes,0.7985,False
KXXRP15M-26SEP281545-45,XRP,1790624227.530196,15.0,0.9957,SETTLEMENT,no,no,0.9957,False
KXXRP15M-26SEP281500-00,XRP,1790621580.701142,15.0,0.5995,SETTLEMENT,yes,yes,0.5995,False
KXXRP15M-26SEP281415-15,XRP,1790619093.381185,15.0,0.8407,SETTLEMENT,yes,yes,0.8407,False
KXXRP15M-26SEP281330-30,XRP,1790616166.389099,15.0,1.6891,SETTLEMENT,no,no,1.6891,False
KXXRP15M-26SEP281315-15,XRP,1790615571.823522,15.0,0.5985,SETTLEMENT,yes,yes,0.5985,False
KXXRP15M-26SEP280800-00,XRP,1790596447.49345,15.0,-6.794,HARD_STOP,yes,no,-14.2718,False
KXXRP15M-26SEP280445-45,XRP,1790584963.093034,15.0,0.791,SETTLEMENT,no,no,0.791,True
KXXRP15M-26SEP280330-30,XRP,1790580294.75581,15.0,0.6064,SETTLEMENT,no,no,0.6064,True
KXXRP15M-26SEP280230-30,XRP,1790576582.299409,15.0,0.5643,SETTLEMENT,no,no,0.5643,False
KXXRP15M-26SEP280145-45,XRP,1790573881.394975,15.0,-7.5719,HARD_STOP,yes,no,-14.3603,True
KXXRP15M-26SEP280100-00,XRP,1790571424.196247,15.0,0.7001,SETTLEMENT,no,no,0.7001,True
KXXRP15M-26SEP272015-15,XRP,1790554129.402202,15.0,2.4686,SETTLEMENT,no,no,2.4686,False
KXXRP15M-26SEP271800-00,XRP,1790545985.008853,15.0,0.6448,SETTLEMENT,yes,yes,0.6448,False
KXXRP15M-26SEP271745-45,XRP,1790545091.056882,15.0,0.8126,SETTLEMENT,no,no,0.8126,False
KXXRP15M-26SEP271615-15,XRP,1790539780.119168,10.0,0.5043,SETTLEMENT,yes,yes,0.5043,False
KXXRP15M-26SEP270800-00,XRP,1790510079.463528,10.0,0.4292,SETTLEMENT,yes,yes,0.4292,False
KXXRP15M-26SEP270615-15,XRP,1790503994.148452,10.0,0.4126,SETTLEMENT,yes,yes,0.4126,False
KXXRP15M-26SEP270600-00,XRP,1790502994.460682,10.0,0.4161,SETTLEMENT,yes,yes,0.4161,False
KXXRP15M-26SEP270500-00,XRP,1790499445.2919,10.0,0.4386,SETTLEMENT,no,no,0.4386,False
KXXRP15M-26SEP270330-30,XRP,1790493904.56217,10.0,0.4832,SETTLEMENT,yes,yes,0.4832,False
KXXRP15M-26SEP270030-30,XRP,1790483031.931324,10.0,0.4573,SETTLEMENT,no,no,0.4573,False
KXXRP15M-26SEP270000-00,XRP,1790481388.168591,10.0,0.4667,SETTLEMENT,no,no,0.4667,False
KXXRP15M-26SEP262300-00,XRP,1790477746.986458,10.0,0.4105,SETTLEMENT,no,no,0.4105,False
KXXRP15M-26SEP262245-45,XRP,1790476690.515409,10.0,0.5229,SETTLEMENT,no,no,0.5229,False
KXXRP15M-26SEP262130-30,XRP,1790472202.50787,10.0,0.5502,SETTLEMENT,no,no,0.5502,False
KXXRP15M-26SEP262015-15,XRP,1790467687.222694,10.0,0.3918,SETTLEMENT,no,no,0.3918,False
KXXRP15M-26SEP261900-00,XRP,1790463241.79289,10.0,0.4569,SETTLEMENT,yes,yes,0.4569,False
KXXRP15M-26SEP261845-45,XRP,1790462418.619772,10.0,0.4165,SETTLEMENT,no,no,0.4165,False
KXXRP15M-26SEP261830-30,XRP,1790461419.026716,10.0,0.3918,SETTLEMENT,no,no,0.3918,False
KXXRP15M-26SEP261715-15,XRP,1790456880.783035,10.0,0.5417,SETTLEMENT,yes,yes,0.5417,False
KXXRP15M-26SEP261645-45,XRP,1790455104.66299,10.0,0.4465,SETTLEMENT,no,no,0.4465,False
KXXRP15M-26SEP261630-30,XRP,1790454330.038068,10.0,0.4761,SETTLEMENT,yes,yes,0.4761,False
KXXRP15M-26SEP261600-00,XRP,1790452466.667289,10.0,1.5059,SETTLEMENT,yes,yes,1.5059,False
KXXRP15M-26SEP261545-45,XRP,1790451480.362342,10.0,0.3731,SETTLEMENT,no,no,0.3731,False
KXXRP15M-26SEP261530-30,XRP,1790450809.54956,10.0,1.126,SETTLEMENT,no,no,1.126,False
KXXRP15M-26SEP261500-00,XRP,1790448789.423877,10.0,0.8976,SETTLEMENT,no,no,0.8976,False
KXXRP15M-26SEP261430-30,XRP,1790447282.165143,10.0,0.4105,SETTLEMENT,no,no,0.4105,False
KXXRP15M-26SEP261415-15,XRP,1790446236.233442,10.0,-3.6839,HARD_STOP,yes,no,-9.1104,False
KXXRP15M-26SEP261400-00,XRP,1790445182.069729,10.0,0.6309,SETTLEMENT,no,no,0.6309,False
KXXRP15M-26SEP261345-45,XRP,1790444515.353409,10.0,0.7484,SETTLEMENT,no,no,0.7484,False
KXXRP15M-26SEP261330-30,XRP,1790443380.944764,10.0,0.5089,SETTLEMENT,no,no,0.5089,False
KXXRP15M-26SEP261300-00,XRP,1790441637.345623,10.0,0.852,SETTLEMENT,no,no,0.852,False
KXXRP15M-26SEP261245-45,XRP,1790440680.448886,10.0,0.9134,SETTLEMENT,yes,yes,0.9134,False
KXXRP15M-26SEP261230-30,XRP,1790439804.589152,10.0,1.2208,SETTLEMENT,no,no,1.2208,False
KXXRP15M-26SEP261215-15,XRP,1790438880.481207,10.0,0.5605,SETTLEMENT,no,no,0.5605,False
KXXRP15M-26SEP261145-45,XRP,1790437080.33667,10.0,0.937,SETTLEMENT,yes,yes,0.937,False
KXXRP15M-26SEP261130-30,XRP,1790436369.409031,10.0,1.2208,SETTLEMENT,yes,yes,1.2208,False
KXXRP15M-26SEP261115-15,XRP,1790435530.588955,10.0,0.6018,SETTLEMENT,yes,yes,0.6018,False
KXXRP15M-26SEP261100-00,XRP,1790434635.868754,10.0,0.4199,SETTLEMENT,yes,yes,0.4199,False
KXXRP15M-26SEP261045-45,XRP,1790433512.344161,10.0,0.8356,SETTLEMENT,yes,yes,0.8356,False
KXXRP15M-26SEP261030-30,XRP,1790432877.359529,10.0,0.7014,SETTLEMENT,no,no,0.7014,False
KXXRP15M-26SEP261015-15,XRP,1790431865.36133,10.0,1.888,SETTLEMENT,yes,yes,1.888,False
KXXRP15M-26SEP261000-00,XRP,1790430814.789489,10.0,0.937,SETTLEMENT,yes,yes,0.937,False
KXXRP15M-26SEP260930-30,XRP,1790429100.666082,10.0,0.9292,SETTLEMENT,no,no,0.9292,False
KXXRP15M-26SEP260915-15,XRP,1790428080.263199,10.0,-5.2253,HARD_STOP,no,yes,-9.552,False
KXXRP15M-26SEP260900-00,XRP,1790427240.51793,10.0,1.126,SETTLEMENT,yes,yes,1.126,False
KXXRP15M-26SEP260845-45,XRP,1790426520.774787,10.0,0.8096,SETTLEMENT,no,no,0.8096,False
KXXRP15M-26SEP260830-30,XRP,1790425505.121623,10.0,0.6403,SETTLEMENT,no,no,0.6403,False
KXXRP15M-26SEP260815-15,XRP,1790424676.556121,10.0,1.0314,SETTLEMENT,no,no,1.0314,False
KXXRP15M-26SEP260800-00,XRP,1790423805.394183,10.0,0.8787,SETTLEMENT,no,no,0.8787,False
KXXRP15M-26SEP260745-45,XRP,1790423033.686,10.0,0.4011,SETTLEMENT,no,no,0.4011,False
KXXRP15M-26SEP260730-30,XRP,1790422081.3913,10.0,0.937,SETTLEMENT,no,no,0.937,False
KXXRP15M-26SEP260715-15,XRP,1790420980.33069,10.0,0.937,SETTLEMENT,no,no,0.937,False
KXXRP15M-26SEP260700-00,XRP,1790419981.358527,10.0,0.6544,SETTLEMENT,yes,yes,0.6544,False
KXXRP15M-26SEP260645-45,XRP,1790419120.356144,10.0,-3.0666,HARD_STOP,no,no,1.5059,False
KXXRP15M-26SEP260630-30,XRP,1790418180.35241,10.0,0.4433,SETTLEMENT,yes,yes,0.4433,False
KXXRP15M-26SEP260545-45,XRP,1790415601.342263,10.0,0.6732,SETTLEMENT,yes,yes,0.6732,False
KXXRP15M-26SEP260515-15,XRP,1790413825.301392,10.0,0.6965,SETTLEMENT,no,no,0.6965,False
KXXRP15M-26SEP260430-30,XRP,1790411118.554588,10.0,-4.6244,HARD_STOP,yes,no,-9.3494,False
KXXRP15M-26SEP260415-15,XRP,1790410080.194448,10.0,0.4896,SETTLEMENT,no,no,0.4896,False
KXXRP15M-26SEP260345-45,XRP,1790408322.874464,10.0,1.0324,SETTLEMENT,yes,yes,1.0324,False
KXXRP15M-26SEP260330-30,XRP,1790407591.36664,10.0,1.0512,SETTLEMENT,no,no,1.0512,False
KXXRP15M-26SEP260315-15,XRP,1790406480.401375,10.0,0.3955,SETTLEMENT,yes,yes,0.3955,False
KXXRP15M-26SEP260300-00,XRP,1790405580.342853,10.0,-3.5531,HARD_STOP,yes,yes,1.2208,False
KXXRP15M-26SEP260245-45,XRP,1790404873.38988,10.0,0.3731,SETTLEMENT,yes,yes,0.3731,False
KXXRP15M-26SEP260230-30,XRP,1790403921.395632,10.0,1.0314,SETTLEMENT,no,no,1.0314,False
KXXRP15M-26SEP260200-00,XRP,1790401980.260617,10.0,1.3157,SETTLEMENT,no,no,1.3157,False
KXXRP15M-26SEP260145-45,XRP,1790401295.291143,10.0,0.7343,SETTLEMENT,yes,yes,0.7343,False
KXXRP15M-26SEP260130-30,XRP,1790400522.454945,10.0,0.4668,SETTLEMENT,no,no,0.4668,False
KXXRP15M-26SEP260115-15,XRP,1790399409.395683,10.0,0.7767,SETTLEMENT,no,no,0.7767,False
KXXRP15M-26SEP260100-00,XRP,1790398717.578579,10.0,0.3731,SETTLEMENT,yes,yes,0.3731,False
KXXRP15M-26SEP260045-45,XRP,1790397680.394337,10.0,0.8238,SETTLEMENT,yes,yes,0.8238,False
KXXRP15M-26SEP260030-30,XRP,1790396584.447089,10.0,0.9275,SETTLEMENT,no,no,0.9275,False
KXXRP15M-26SEP260015-15,XRP,1790395710.612929,10.0,0.6732,SETTLEMENT,yes,yes,0.6732,False
KXXRP15M-26SEP260000-00,XRP,1790395146.622066,10.0,0.4011,SETTLEMENT,yes,yes,0.4011,False
KXXRP15M-26SEP252345-45,XRP,1790394060.318159,10.0,0.9182,SETTLEMENT,no,no,0.9182,False
KXXRP15M-26SEP252330-30,XRP,1790393100.613544,10.0,0.8667,SETTLEMENT,yes,yes,0.8667,False
KXXRP15M-26SEP252315-15,XRP,1790392140.366111,10.0,0.7644,SETTLEMENT,no,no,0.7644,False
KXXRP15M-26SEP252300-00,XRP,1790391302.602649,10.0,0.8534,SETTLEMENT,no,no,0.8534,False
KXXRP15M-26SEP252245-45,XRP,1790390357.500039,10.0,0.8313,SETTLEMENT,no,no,0.8313,False
KXXRP15M-26SEP252230-30,XRP,1790389400.368739,10.0,0.5961,SETTLEMENT,no,no,0.5961,False
KXXRP15M-26SEP252215-15,XRP,1790388570.978077,10.0,0.7371,SETTLEMENT,no,no,0.7371,False
KXXRP15M-26SEP252200-00,XRP,1790387889.482994,10.0,0.5501,SETTLEMENT,no,no,0.5501,False
KXXRP15M-26SEP252145-45,XRP,1790386680.488138,10.0,0.5042,SETTLEMENT,yes,yes,0.5042,False
KXXRP15M-26SEP252130-30,XRP,1790385780.520631,10.0,0.852,SETTLEMENT,yes,yes,0.852,False
KXXRP15M-26SEP252115-15,XRP,1790384880.497332,10.0,0.5183,SETTLEMENT,yes,yes,0.5183,False
KXXRP15M-26SEP252100-00,XRP,1790384125.487695,10.0,0.4152,SETTLEMENT,yes,yes,0.4152,False
KXXRP15M-26SEP252030-30,XRP,1790382533.106975,10.0,0.4564,SETTLEMENT,no,no,0.4564,False
KXXRP15M-26SEP252015-15,XRP,1790381280.338725,10.0,-4.6586,HARD_STOP,no,no,0.5164,False
KXXRP15M-26SEP251945-45,XRP,1790379548.464138,10.0,0.937,SETTLEMENT,yes,yes,0.937,False
KXXRP15M-26SEP251930-30,XRP,1790378672.457698,10.0,0.937,SETTLEMENT,no,no,0.937,False
KXXRP15M-26SEP251915-15,XRP,1790377920.414691,10.0,0.937,SETTLEMENT,yes,yes,0.937,False
KXXRP15M-26SEP251900-00,XRP,1790377096.557935,10.0,0.4761,SETTLEMENT,no,no,0.4761,False
KXXRP15M-26SEP251830-30,XRP,1790375282.286741,10.0,-3.6733,HARD_STOP,yes,yes,0.8992,False
KXXRP15M-26SEP251815-15,XRP,1790374080.39624,10.0,0.6725,SETTLEMENT,yes,yes,0.6725,False
KXXRP15M-26SEP251800-00,XRP,1790373240.322497,10.0,1.6012,SETTLEMENT,no,no,1.6012,False
KXXRP15M-26SEP251745-45,XRP,1790372280.317126,10.0,0.8285,SETTLEMENT,no,no,0.8285,False
KXXRP15M-26SEP251730-30,XRP,1790371675.546072,10.0,0.5605,SETTLEMENT,yes,yes,0.5605,False
KXXRP15M-26SEP251715-15,XRP,1790370480.455515,10.0,0.4667,SETTLEMENT,no,no,0.4667,False
KXXRP15M-26SEP251700-00,XRP,1790369673.193064,10.0,0.6309,SETTLEMENT,no,no,0.6309,False
KXXRP15M-26SEP251645-45,XRP,1790368686.35829,10.0,-3.4402,HARD_STOP,no,no,1.0314,False
KXXRP15M-26SEP251630-30,XRP,1790367822.363394,10.0,0.7484,SETTLEMENT,yes,yes,0.7484,False
KXXRP15M-26SEP251615-15,XRP,1790367057.640588,10.0,0.5699,SETTLEMENT,no,no,0.5699,False
KXXRP15M-26SEP251600-00,XRP,1790366232.374716,10.0,1.126,SETTLEMENT,yes,yes,1.126,False
KXXRP15M-26SEP251530-30,XRP,1790364302.866646,10.0,1.6966,SETTLEMENT,no,no,1.6966,False
KXXRP15M-26SEP251500-00,XRP,1790362620.412637,10.0,0.6925,SETTLEMENT,no,no,0.6925,False
KXXRP15M-26SEP251430-30,XRP,1790360713.42238,10.0,-3.6761,HARD_STOP,no,yes,-9.2045,False
KXXRP15M-26SEP251415-15,XRP,1790359793.441129,10.0,0.6992,SETTLEMENT,yes,yes,0.6992,False
KXXRP15M-26SEP251400-00,XRP,1790358780.271385,10.0,0.5042,SETTLEMENT,no,no,0.5042,False
KXXRP15M-26SEP251345-45,XRP,1790358035.400322,10.0,0.5605,SETTLEMENT,yes,yes,0.5605,False
KXXRP15M-26SEP251330-30,XRP,1790356981.425492,10.0,1.3157,SETTLEMENT,no,no,1.3157,False
KXXRP15M-26SEP251315-15,XRP,1790356084.418834,10.0,0.448,SETTLEMENT,yes,yes,0.448,False
KXXRP15M-26SEP251300-00,XRP,1790355422.44488,10.0,0.4033,SETTLEMENT,no,no,0.4033,False
KXXRP15M-26SEP251245-45,XRP,1790354281.451952,10.0,1.126,SETTLEMENT,no,no,1.126,False
KXXRP15M-26SEP251215-15,XRP,1790352617.579981,10.0,-4.0214,HARD_STOP,yes,yes,0.5511,False
KXXRP15M-26SEP251145-45,XRP,1790350713.438912,10.0,0.4854,SETTLEMENT,no,no,0.4854,False
KXXRP15M-26SEP251130-30,XRP,1790349955.45428,10.0,0.4864,SETTLEMENT,no,no,0.4864,False
KXXRP15M-26SEP251045-45,XRP,1790347080.420201,10.0,0.4011,SETTLEMENT,yes,yes,0.4011,False
KXXRP15M-26SEP251030-30,XRP,1790346485.040643,10.0,0.4386,SETTLEMENT,no,no,0.4386,False
KXXRP15M-26SEP251015-15,XRP,1790345280.449766,10.0,0.8596,SETTLEMENT,no,no,0.8596,False
KXXRP15M-26SEP250900-00,XRP,1790341024.469013,10.0,0.4047,SETTLEMENT,no,no,0.4047,False
KXXRP15M-26SEP250845-45,XRP,1790339989.497428,10.0,-4.8529,HARD_STOP,yes,yes,0.6215,False
KXXRP15M-26SEP250745-45,XRP,1790336463.346512,10.0,0.7484,SETTLEMENT,no,no,0.7484,False
KXXRP15M-26SEP250730-30,XRP,1790335574.326151,10.0,0.5276,SETTLEMENT,yes,yes,0.5276,False
KXXRP15M-26SEP250700-00,XRP,1790333580.274816,10.0,0.538,SETTLEMENT,yes,yes,0.538,False
KXXRP15M-26SEP250645-45,XRP,1790333005.858218,10.0,-4.1339,HARD_STOP,yes,yes,0.4386,False
KXXRP15M-26SEP250630-30,XRP,1790332029.369795,10.0,0.404,SETTLEMENT,yes,yes,0.404,False
KXXRP15M-26SEP250600-00,XRP,1790330109.312187,10.0,0.5461,SETTLEMENT,no,no,0.5461,False
KXXRP15M-26SEP250530-30,XRP,1790328180.247259,10.0,0.8059,SETTLEMENT,yes,yes,0.8059,False
KXXRP15M-26SEP250500-00,XRP,1790326604.35455,10.0,0.4573,SETTLEMENT,yes,yes,0.4573,False
KXXRP15M-26SEP250445-45,XRP,1790325506.36852,10.0,0.6968,SETTLEMENT,no,no,0.6968,False
KXXRP15M-26SEP250400-00,XRP,1790322810.348545,10.0,0.6074,SETTLEMENT,yes,yes,0.6074,False
KXXRP15M-26SEP250315-15,XRP,1790320140.334419,10.0,-3.3517,HARD_STOP,no,no,1.2208,False
KXXRP15M-26SEP250300-00,XRP,1790319306.287268,10.0,0.6753,SETTLEMENT,yes,yes,0.6753,False
KXXRP15M-26SEP250230-30,XRP,1790317384.706776,10.0,-4.2909,HARD_STOP,yes,yes,0.3824,False
KXXRP15M-26SEP250215-15,XRP,1790316580.373683,10.0,-4.238,HARD_STOP,no,yes,-9.063,False
KXXRP15M-26SEP250200-00,XRP,1790315701.24508,10.0,1.4107,SETTLEMENT,no,no,1.4107,False
KXXRP15M-26SEP250130-30,XRP,1790313781.768954,10.0,1.6966,SETTLEMENT,no,no,1.6966,False
KXXRP15M-26SEP250030-30,XRP,1790310502.88985,10.0,0.4333,SETTLEMENT,yes,yes,0.4333,False
KXXRP15M-26SEP250015-15,XRP,1790309408.819432,10.0,-5.5363,HARD_STOP,no,yes,-8.7792,False
KXXRP15M-26SEP250000-00,XRP,1790308676.689675,10.0,-4.0826,HARD_STOP,yes,yes,1.888,False
KXXRP15M-26SEP242345-45,XRP,1790307480.778711,10.0,0.4172,SETTLEMENT,yes,yes,0.4172,False
KXXRP15M-26SEP242315-15,XRP,1790305798.802353,10.0,0.6653,SETTLEMENT,yes,yes,0.6653,False
KXXRP15M-26SEP242300-00,XRP,1790304785.838505,10.0,0.8803,SETTLEMENT,no,no,0.8803,False
KXXRP15M-26SEP242245-45,XRP,1790303881.013434,10.0,0.4734,SETTLEMENT,no,no,0.4734,False
KXXRP15M-26SEP242230-30,XRP,1790303029.895823,10.0,0.4714,SETTLEMENT,no,no,0.4714,False
KXXRP15M-26SEP242145-45,XRP,1790300280.759964,10.0,0.5745,SETTLEMENT,no,no,0.5745,False
KXXRP15M-26SEP242130-30,XRP,1790299394.49591,10.0,0.3918,SETTLEMENT,no,no,0.3918,False
KXXRP15M-26SEP242115-15,XRP,1790298480.73796,10.0,0.5745,SETTLEMENT,yes,yes,0.5745,False
KXXRP15M-26SEP242100-00,XRP,1790297803.831078,10.0,0.4826,SETTLEMENT,no,no,0.4826,False
KXXRP15M-26SEP242045-45,XRP,1790297006.07747,10.0,0.6168,SETTLEMENT,no,no,0.6168,False
KXXRP15M-26SEP242030-30,XRP,1790295886.599143,10.0,1.4107,SETTLEMENT,yes,yes,1.4107,False
KXDOGE15M-26OCT030015-15,DOGE,1791000503.396704,10.0,0.5183,SETTLEMENT,no,no,0.5183,False
KXDOGE15M-26OCT030000-00,DOGE,1790999411.659072,10.0,1.145,SETTLEMENT,yes,yes,1.145,False
KXDOGE15M-26OCT022345-45,DOGE,1790998892.061079,10.0,0.4564,SETTLEMENT,yes,yes,0.4564,False
KXDOGE15M-26OCT022330-30,DOGE,1790997720.967891,10.0,0.6732,SETTLEMENT,yes,yes,0.6732,False
KXDOGE15M-26OCT022300-00,DOGE,1790996193.823081,10.0,0.3777,SETTLEMENT,no,no,0.3777,False
KXDOGE15M-26OCT022200-00,DOGE,1790992457.590639,10.0,0.6403,SETTLEMENT,no,no,0.6403,True
KXDOGE15M-26OCT022100-00,DOGE,1790989086.709102,10.0,0.4386,SETTLEMENT,no,no,0.4386,False
KXDOGE15M-26OCT022045-45,DOGE,1790988163.993782,10.0,0.3918,SETTLEMENT,no,no,0.3918,False
KXDOGE15M-26OCT021945-45,DOGE,1790984361.520077,10.0,0.3731,SETTLEMENT,yes,yes,0.3731,False
KXDOGE15M-26OCT021930-30,DOGE,1790983252.838956,10.0,0.6168,SETTLEMENT,yes,yes,0.6168,False
KXDOGE15M-26OCT021900-00,DOGE,1790981705.702632,10.0,0.4573,SETTLEMENT,yes,yes,0.4573,False
KXDOGE15M-26OCT021800-00,DOGE,1790977990.589975,10.0,0.4826,SETTLEMENT,yes,yes,0.4826,False
KXDOGE15M-26OCT021745-45,DOGE,1790976952.612483,10.0,0.5999,SETTLEMENT,yes,yes,0.5999,False
KXDOGE15M-26OCT021730-30,DOGE,1790976385.837194,10.0,0.3824,SETTLEMENT,no,no,0.3824,False
KXDOGE15M-26OCT021715-15,DOGE,1790975105.562621,10.0,1.3157,SETTLEMENT,yes,yes,1.3157,False
KXDOGE15M-26OCT021700-00,DOGE,1790974616.146462,10.0,1.7922,SETTLEMENT,no,no,1.7922,False
KXDOGE15M-26OCT021545-45,DOGE,1790969883.710463,10.0,0.4996,SETTLEMENT,yes,yes,0.4996,False
KXDOGE15M-26OCT021445-45,DOGE,1790966186.996437,10.0,0.389,SETTLEMENT,no,no,0.389,False
KXDOGE15M-26OCT021230-30,DOGE,1790958186.156772,10.0,-1.298,HARD_STOP,no,yes,-8.874,False
KXDOGE15M-26OCT021215-15,DOGE,1790957113.299609,15.0,-5.0674,HARD_STOP,yes,yes,2.545,False
KXDOGE15M-26OCT020900-00,DOGE,1790945403.195785,15.0,1.8312,SETTLEMENT,yes,yes,1.8312,False
KXDOGE15M-26OCT020845-45,DOGE,1790944627.718473,15.0,-8.655,HARD_STOP,no,yes,-12.7888,False
KXDOGE15M-26OCT020700-00,DOGE,1790938202.63313,15.0,2.4018,SETTLEMENT,no,no,2.4018,False
KXDOGE15M-26OCT020645-45,DOGE,1790937365.126016,15.0,2.1161,SETTLEMENT,yes,yes,2.1161,False
KXDOGE15M-26OCT020630-30,DOGE,1790936612.441101,15.0,-9.8404,HARD_STOP,yes,no,-13.9742,False
KXDOGE15M-26OCT020530-30,DOGE,1790933165.013069,15.0,0.6017,SETTLEMENT,no,no,0.6017,False
KXDOGE15M-26OCT020445-45,DOGE,1790930461.146271,15.0,0.7282,SETTLEMENT,yes,yes,0.7282,False
KXDOGE15M-26OCT020230-30,DOGE,1790922136.393502,15.0,2.1161,SETTLEMENT,yes,yes,2.1161,False
KXDOGE15M-26OCT020115-15,DOGE,1790917510.473959,15.0,1.2612,SETTLEMENT,no,no,1.2612,False
KXDOGE15M-26OCT020045-45,DOGE,1790915850.463585,15.0,-5.8346,HARD_STOP,no,no,1.5472,False
KXDOGE15M-26OCT020015-15,DOGE,1790914350.861317,15.0,2.5928,SETTLEMENT,no,no,2.5928,False
KXDOGE15M-26OCT020000-00,DOGE,1790913245.026767,15.0,0.9957,SETTLEMENT,yes,yes,0.9957,False
KXDOGE15M-26OCT012345-45,DOGE,1790912313.713322,15.0,1.3885,SETTLEMENT,yes,yes,1.3885,False
KXDOGE15M-26OCT012315-15,DOGE,1790910301.021551,15.0,-4.6159,HARD_STOP,yes,yes,2.545,False
KXDOGE15M-26OCT012300-00,DOGE,1790909440.091742,15.0,0.8304,SETTLEMENT,yes,yes,0.8304,False
KXDOGE15M-26OCT012130-30,DOGE,1790904108.813662,15.0,0.686,SETTLEMENT,no,no,0.686,False
KXDOGE15M-26OCT012115-15,DOGE,1790903400.596075,15.0,0.6036,SETTLEMENT,no,no,0.6036,False
KXDOGE15M-26OCT012015-15,DOGE,1790899746.527675,15.0,0.7282,SETTLEMENT,no,no,0.7282,False
KXDOGE15M-26OCT011945-45,DOGE,1790897956.301484,15.0,0.6523,SETTLEMENT,yes,yes,0.6523,False
KXDOGE15M-26OCT011930-30,DOGE,1790896977.915782,15.0,0.9224,SETTLEMENT,yes,yes,0.9224,False
KXDOGE15M-26OCT011900-00,DOGE,1790895094.502546,15.0,-8.6644,HARD_STOP,yes,no,-13.9696,False
KXDOGE15M-26OCT011745-45,DOGE,1790890671.542475,15.0,0.686,SETTLEMENT,no,no,0.686,False
KXDOGE15M-26OCT011715-15,DOGE,1790889116.983209,15.0,1.9735,SETTLEMENT,no,no,1.9735,False
KXDOGE15M-26OCT011645-45,DOGE,1790887042.547754,15.0,1.0333,SETTLEMENT,no,no,1.0333,False
KXDOGE15M-26OCT011600-00,DOGE,1790884269.632914,15.0,-7.1748,HARD_STOP,yes,yes,0.7376,False
KXDOGE15M-26OCT011500-00,DOGE,1790880780.717066,15.0,0.5793,SETTLEMENT,no,no,0.5793,False
KXDOGE15M-26OCT011400-00,DOGE,1790877356.442138,15.0,0.6298,SETTLEMENT,no,no,0.6298,False
KXDOGE15M-26OCT011330-30,DOGE,1790875297.397448,15.0,0.5774,SETTLEMENT,yes,yes,0.5774,False
KXDOGE15M-26OCT011245-45,DOGE,1790872549.91507,15.0,-8.0252,HARD_STOP,no,yes,-14.3664,False
KXDOGE15M-26OCT011145-45,DOGE,1790869120.456247,15.0,0.5877,SETTLEMENT,no,no,0.5877,False
KXDOGE15M-26OCT011015-15,DOGE,1790863506.702914,15.0,0.9252,SETTLEMENT,no,no,0.9252,False
KXDOGE15M-26OCT010745-45,DOGE,1790854648.721835,15.0,0.8135,SETTLEMENT,yes,yes,0.8135,False
KXDOGE15M-26OCT010600-00,DOGE,1790848487.287908,15.0,0.6823,SETTLEMENT,no,no,0.6823,False
KXDOGE15M-26OCT010300-00,DOGE,1790837510.458275,15.0,0.5868,SETTLEMENT,yes,yes,0.5868,False
KXDOGE15M-26OCT010130-30,DOGE,1790832359.670315,10.0,0.8332,SETTLEMENT,no,no,0.8332,False
KXDOGE15M-26SEP302300-00,DOGE,1790823225.552001,10.0,0.4667,SETTLEMENT,yes,yes,0.4667,False
KXDOGE15M-26SEP302130-30,DOGE,1790817649.802962,10.0,0.5581,SETTLEMENT,yes,yes,0.5581,False
KXDOGE15M-26SEP302015-15,DOGE,1790813391.500391,10.0,0.4761,SETTLEMENT,no,no,0.4761,False
KXDOGE15M-26SEP302000-00,DOGE,1790812566.533936,10.0,0.6431,SETTLEMENT,no,no,0.6431,False
KXDOGE15M-26SEP301830-30,DOGE,1790806975.392077,10.0,0.4545,SETTLEMENT,yes,yes,0.4545,False
KXDOGE15M-26SEP301815-15,DOGE,1790805901.89587,10.0,0.8956,SETTLEMENT,no,no,0.8956,False
KXDOGE15M-26SEP301800-00,DOGE,1790805122.665216,10.0,0.7202,SETTLEMENT,no,no,0.7202,False
KXDOGE15M-26SEP301700-00,DOGE,1790801764.969359,10.0,0.5042,SETTLEMENT,no,no,0.5042,False
KXDOGE15M-26SEP301630-30,DOGE,1790799678.607957,10.0,1.0314,SETTLEMENT,yes,yes,1.0314,False
KXDOGE15M-26SEP301615-15,DOGE,1790798714.423363,10.0,1.4107,SETTLEMENT,yes,yes,1.4107,False
KXDOGE15M-26SEP301600-00,DOGE,1790797883.127449,10.0,0.4639,SETTLEMENT,no,no,0.4639,False
KXDOGE15M-26SEP301445-45,DOGE,1790793637.521118,10.0,1.4107,SETTLEMENT,no,no,1.4107,False
KXDOGE15M-26SEP301215-15,DOGE,1790784369.661919,10.0,1.0314,SETTLEMENT,yes,yes,1.0314,False
KXDOGE15M-26SEP301200-00,DOGE,1790783431.785481,10.0,0.6168,SETTLEMENT,yes,yes,0.6168,False
KXDOGE15M-26SEP301030-30,DOGE,1790778232.664219,10.0,0.3918,SETTLEMENT,no,no,0.3918,False
KXDOGE15M-26SEP300915-15,DOGE,1790773769.186906,10.0,1.888,SETTLEMENT,yes,yes,1.888,False
KXDOGE15M-26SEP300700-00,DOGE,1790765813.417061,10.0,0.598,SETTLEMENT,yes,yes,0.598,False
KXDOGE15M-26SEP300645-45,DOGE,1790764799.824536,10.0,0.4199,SETTLEMENT,yes,yes,0.4199,False
KXDOGE15M-26SEP300615-15,DOGE,1790762868.680107,10.0,0.3908,SETTLEMENT,yes,yes,0.3908,False
KXDOGE15M-26SEP300515-15,DOGE,1790759201.949128,10.0,0.7014,SETTLEMENT,yes,yes,0.7014,False
KXDOGE15M-26SEP300345-45,DOGE,1790753887.826746,10.0,1.888,SETTLEMENT,yes,yes,1.888,False
KXDOGE15M-26SEP300315-15,DOGE,1790752498.404897,10.0,0.6544,SETTLEMENT,yes,yes,0.6544,False
KXDOGE15M-26SEP300200-00,DOGE,1790747701.31578,10.0,0.388,SETTLEMENT,no,no,0.388,False
KXDOGE15M-26SEP300100-00,DOGE,1790743860.661161,10.0,1.3157,SETTLEMENT,no,no,1.3157,False
KXDOGE15M-26SEP300015-15,DOGE,1790741164.551193,10.0,-3.9874,HARD_STOP,yes,yes,0.3731,False
KXDOGE15M-26SEP300000-00,DOGE,1790740341.831867,10.0,0.4864,SETTLEMENT,no,no,0.4864,False
KXDOGE15M-26SEP292215-15,DOGE,1790734039.228763,10.0,0.3731,SETTLEMENT,yes,yes,0.3731,False
KXDOGE15M-26SEP292130-30,DOGE,1790731468.606009,10.0,0.4105,SETTLEMENT,yes,yes,0.4105,False
KXDOGE15M-26SEP292030-30,DOGE,1790727907.961432,10.0,-4.939,HARD_STOP,yes,no,-9.6082,False
KXDOGE15M-26SEP292015-15,DOGE,1790727009.75498,10.0,0.448,SETTLEMENT,no,no,0.448,False
KXDOGE15M-26SEP291945-45,DOGE,1790724966.87235,10.0,0.5304,SETTLEMENT,no,no,0.5304,False
KXDOGE15M-26SEP291930-30,DOGE,1790724125.335672,10.0,0.6262,SETTLEMENT,no,no,0.6262,False
KXDOGE15M-26SEP291915-15,DOGE,1790723110.765707,10.0,0.6168,SETTLEMENT,yes,yes,0.6168,False
KXDOGE15M-26SEP291800-00,DOGE,1790718792.896486,10.0,0.4105,SETTLEMENT,yes,yes,0.4105,False
KXDOGE15M-26SEP291745-45,DOGE,1790718031.733415,10.0,0.5323,SETTLEMENT,yes,yes,0.5323,False
KXDOGE15M-26SEP291730-30,DOGE,1790716861.197645,10.0,0.661,SETTLEMENT,no,no,0.661,False
KXDOGE15M-26SEP291630-30,DOGE,1790713211.789423,10.0,0.448,SETTLEMENT,yes,yes,0.448,False
KXDOGE15M-26SEP291615-15,DOGE,1790712389.591203,10.0,-3.2828,HARD_STOP,yes,yes,1.7922,False
KXDOGE15M-26SEP291415-15,DOGE,1790705145.344925,10.0,0.4105,SETTLEMENT,yes,yes,0.4105,False
KXDOGE15M-26SEP291400-00,DOGE,1790704264.718311,10.0,0.3731,SETTLEMENT,no,no,0.3731,False
KXDOGE15M-26SEP291330-30,DOGE,1790702520.646832,10.0,0.4152,SETTLEMENT,no,no,0.4152,False
KXDOGE15M-26SEP291215-15,DOGE,1790697929.731202,10.0,1.5059,SETTLEMENT,yes,yes,1.5059,False
KXDOGE15M-26SEP291115-15,DOGE,1790694302.06255,10.0,0.645,SETTLEMENT,no,no,0.645,False
KXDOGE15M-26SEP291015-15,DOGE,1790690783.511615,10.0,0.418,SETTLEMENT,no,no,0.418,False
KXDOGE15M-26SEP290845-45,DOGE,1790685300.456595,10.0,0.4854,SETTLEMENT,yes,yes,0.4854,False
KXDOGE15M-26SEP290800-00,DOGE,1790682601.724279,10.0,0.5699,SETTLEMENT,yes,yes,0.5699,False
KXDOGE15M-26SEP290645-45,DOGE,1790678264.390371,10.0,0.4667,SETTLEMENT,no,no,0.4667,False
KXDOGE15M-26SEP290630-30,DOGE,1790677321.390297,10.0,0.3731,SETTLEMENT,no,no,0.3731,False
KXDOGE15M-26SEP290600-00,DOGE,1790675450.187231,10.0,0.5136,SETTLEMENT,yes,yes,0.5136,False
KXDOGE15M-26SEP290530-30,DOGE,1790673720.702296,10.0,-4.052,HARD_STOP,yes,yes,0.6213,False
KXDOGE15M-26SEP290415-15,DOGE,1790669472.404215,10.0,0.4021,SETTLEMENT,no,no,0.4021,False
KXDOGE15M-26SEP290300-00,DOGE,1790664699.690832,10.0,1.126,SETTLEMENT,yes,yes,1.126,False
KXDOGE15M-26SEP290230-30,DOGE,1790663202.858389,10.0,0.5417,SETTLEMENT,no,no,0.5417,False
KXDOGE15M-26SEP290215-15,DOGE,1790662028.399024,10.0,0.7343,SETTLEMENT,yes,yes,0.7343,False
KXDOGE15M-26SEP290145-45,DOGE,1790660139.534574,10.0,0.3824,SETTLEMENT,no,no,0.3824,False
KXDOGE15M-26SEP290045-45,DOGE,1790656506.541295,10.0,0.7889,SETTLEMENT,no,no,0.7889,False
KXDOGE15M-26SEP282330-30,DOGE,1790652035.509358,10.0,0.6271,SETTLEMENT,yes,yes,0.6271,False
KXDOGE15M-26SEP282100-00,DOGE,1790643017.988176,10.0,0.3824,SETTLEMENT,no,no,0.3824,False
KXDOGE15M-26SEP282030-30,DOGE,1790641388.476822,10.0,-4.6795,HARD_STOP,no,no,0.3955,False
KXDOGE15M-26SEP282015-15,DOGE,1790640525.859734,10.0,1.888,SETTLEMENT,yes,yes,1.888,False
KXDOGE15M-26SEP281930-30,DOGE,1790637632.313869,10.0,0.6835,SETTLEMENT,yes,yes,0.6835,False
KXDOGE15M-26SEP281900-00,DOGE,1790636210.518265,10.0,0.5229,SETTLEMENT,yes,yes,0.5229,False
KXDOGE15M-26SEP281845-45,DOGE,1790634967.582535,10.0,0.5042,SETTLEMENT,yes,yes,0.5042,False
KXDOGE15M-26SEP281815-15,DOGE,1790633153.483455,10.0,0.6704,SETTLEMENT,no,no,0.6704,False
KXDOGE15M-26SEP281800-00,DOGE,1790632419.877339,10.0,0.4854,SETTLEMENT,no,no,0.4854,False
KXDOGE15M-26SEP281730-30,DOGE,1790630635.56802,10.0,0.3731,SETTLEMENT,no,no,0.3731,False
KXDOGE15M-26SEP281700-00,DOGE,1790629066.019024,10.0,1.2872,SETTLEMENT,yes,yes,1.2872,False
KXDOGE15M-26SEP281630-30,DOGE,1790627223.047821,10.0,0.5136,SETTLEMENT,yes,yes,0.5136,False
KXDOGE15M-26SEP281545-45,DOGE,1790624220.283087,10.0,0.4854,SETTLEMENT,no,no,0.4854,False
KXDOGE15M-26SEP281500-00,DOGE,1790621577.892212,10.0,0.4133,SETTLEMENT,yes,yes,0.4133,False
KXDOGE15M-26SEP281400-00,DOGE,1790618110.685576,10.0,0.4124,SETTLEMENT,no,no,0.4124,False
KXDOGE15M-26SEP281315-15,DOGE,1790615276.483253,10.0,-4.1278,HARD_STOP,yes,no,-9.5998,False
KXDOGE15M-26SEP280900-00,DOGE,1790600040.852543,10.0,0.8803,SETTLEMENT,yes,yes,0.8803,False
KXDOGE15M-26SEP280800-00,DOGE,1790596421.83745,10.0,0.4105,SETTLEMENT,no,no,0.4105,False
KXDOGE15M-26SEP280745-45,DOGE,1790595730.057403,10.0,0.3824,SETTLEMENT,yes,yes,0.3824,False
KXDOGE15M-26SEP280700-00,DOGE,1790592930.415851,10.0,0.5136,SETTLEMENT,no,no,0.5136,False
KXDOGE15M-26SEP280615-15,DOGE,1790590023.87655,10.0,0.3918,SETTLEMENT,yes,yes,0.3918,False
KXDOGE15M-26SEP280430-30,DOGE,1790583900.530275,10.0,0.3731,SETTLEMENT,no,no,0.3731,False
KXDOGE15M-26SEP280230-30,DOGE,1790576521.428296,10.0,0.5042,SETTLEMENT,no,no,0.5042,False
KXDOGE15M-26SEP280145-45,DOGE,1790573821.015508,10.0,0.4292,SETTLEMENT,no,no,0.4292,True
KXDOGE15M-26SEP280015-15,DOGE,1790568756.45943,10.0,0.4667,SETTLEMENT,no,no,0.4667,True
KXDOGE15M-26SEP272015-15,DOGE,1790554117.744164,10.0,1.4471,SETTLEMENT,no,no,1.4471,False
KXDOGE15M-26SEP271745-45,DOGE,1790545101.478415,10.0,0.3824,SETTLEMENT,no,no,0.3824,False
KXDOGE15M-26SEP271645-45,DOGE,1790541663.678366,10.0,0.4761,SETTLEMENT,yes,yes,0.4761,False
KXDOGE15M-26SEP271615-15,DOGE,1790539742.781126,10.0,0.403,SETTLEMENT,yes,yes,0.403,False
KXDOGE15M-26SEP271600-00,DOGE,1790539031.404226,10.0,0.6074,SETTLEMENT,no,no,0.6074,False
KXDOGE15M-26SEP271415-15,DOGE,1790532702.793492,10.0,0.8049,SETTLEMENT,yes,yes,0.8049,False
KXDOGE15M-26SEP271400-00,DOGE,1790531585.724178,10.0,0.5774,SETTLEMENT,yes,yes,0.5774,False
KXDOGE15M-26SEP271330-30,DOGE,1790530041.811792,10.0,0.6356,SETTLEMENT,no,no,0.6356,False
KXDOGE15M-26SEP271200-00,DOGE,1790524588.863201,10.0,0.4948,SETTLEMENT,yes,yes,0.4948,False
KXDOGE15M-26SEP271015-15,DOGE,1790518208.036391,10.0,-4.0826,HARD_STOP,no,yes,-8.112,False
KXDOGE15M-26SEP270830-30,DOGE,1790511960.986471,10.0,0.6732,SETTLEMENT,no,no,0.6732,False
KXDOGE15M-26SEP270815-15,DOGE,1790510884.149721,10.0,0.4011,SETTLEMENT,yes,yes,0.4011,False
KXDOGE15M-26SEP270800-00,DOGE,1790509983.238978,10.0,0.4573,SETTLEMENT,yes,yes,0.4573,False
KXDOGE15M-26SEP270745-45,DOGE,1790509202.117146,10.0,0.3824,SETTLEMENT,no,no,0.3824,False
KXDOGE15M-26SEP270730-30,DOGE,1790508410.755669,10.0,0.937,SETTLEMENT,yes,yes,0.937,False
KXDOGE15M-26SEP270645-45,DOGE,1790505494.392547,10.0,0.6262,SETTLEMENT,no,no,0.6262,False
KXDOGE15M-26SEP270500-00,DOGE,1790499444.560376,10.0,0.4854,SETTLEMENT,no,no,0.4854,False
KXDOGE15M-26SEP270415-15,DOGE,1790496787.935067,10.0,0.5483,SETTLEMENT,no,no,0.5483,False
KXDOGE15M-26SEP270330-30,DOGE,1790493840.775903,10.0,0.4797,SETTLEMENT,yes,yes,0.4797,False
KXDOGE15M-26SEP270300-00,DOGE,1790492107.760502,10.0,0.598,SETTLEMENT,yes,yes,0.598,False
KXDOGE15M-26SEP270230-30,DOGE,1790490588.788372,10.0,1.6012,SETTLEMENT,no,no,1.6012,False
KXDOGE15M-26SEP270215-15,DOGE,1790489287.302357,10.0,0.8709,SETTLEMENT,yes,yes,0.8709,False
KXDOGE15M-26SEP270130-30,DOGE,1790486585.905079,10.0,0.4948,SETTLEMENT,yes,yes,0.4948,False
KXDOGE15M-26SEP270045-45,DOGE,1790483882.066041,10.0,0.4854,SETTLEMENT,no,no,0.4854,False
KXDOGE15M-26SEP270030-30,DOGE,1790483105.076894,10.0,0.4667,SETTLEMENT,no,no,0.4667,False
KXDOGE15M-26SEP270015-15,DOGE,1790482141.464173,10.0,-4.311,HARD_STOP,yes,no,-9.3362,False
KXDOGE15M-26SEP262330-30,DOGE,1790479391.494861,10.0,0.4095,SETTLEMENT,no,no,0.4095,False
KXDOGE15M-26SEP262315-15,DOGE,1790478483.844318,10.0,-4.4278,HARD_STOP,yes,yes,0.4948,False
KXDOGE15M-26SEP262300-00,DOGE,1790477764.798187,10.0,0.6544,SETTLEMENT,no,no,0.6544,False
KXDOGE15M-26SEP262245-45,DOGE,1790476858.470169,10.0,0.5792,SETTLEMENT,no,no,0.5792,False
KXDOGE15M-26SEP262130-30,DOGE,1790472180.351179,10.0,0.4461,SETTLEMENT,no,no,0.4461,False
KXDOGE15M-26SEP262100-00,DOGE,1790470385.074804,10.0,0.4714,SETTLEMENT,no,no,0.4714,False
KXDOGE15M-26SEP262015-15,DOGE,1790467741.199083,10.0,0.4292,SETTLEMENT,no,no,0.4292,False
KXDOGE15M-26SEP262000-00,DOGE,1790466798.993147,10.0,0.433,SETTLEMENT,yes,yes,0.433,False
KXDOGE15M-26SEP261945-45,DOGE,1790465939.773867,10.0,0.8426,SETTLEMENT,yes,yes,0.8426,False
KXDOGE15M-26SEP261930-30,DOGE,1790465280.892608,10.0,0.4199,SETTLEMENT,no,no,0.4199,False
KXDOGE15M-26SEP261915-15,DOGE,1790464098.419805,10.0,0.8577,SETTLEMENT,yes,yes,0.8577,False
KXDOGE15M-26SEP261845-45,DOGE,1790462319.848144,10.0,0.5568,SETTLEMENT,no,no,0.5568,False
KXDOGE15M-26SEP261830-30,DOGE,1790461462.519054,10.0,0.4105,SETTLEMENT,no,no,0.4105,False
KXDOGE15M-26SEP261745-45,DOGE,1790458901.958917,10.0,0.4105,SETTLEMENT,no,no,0.4105,False
KXDOGE15M-26SEP261730-30,DOGE,1790457806.044178,10.0,0.3918,SETTLEMENT,yes,yes,0.3918,False
KXDOGE15M-26SEP261715-15,DOGE,1790456883.007413,10.0,0.6206,SETTLEMENT,yes,yes,0.6206,False
KXDOGE15M-26SEP261645-45,DOGE,1790455140.575429,10.0,0.5971,SETTLEMENT,no,no,0.5971,False
KXDOGE15M-26SEP261630-30,DOGE,1790454212.446272,10.0,-4.4465,HARD_STOP,yes,no,-9.1715,False
KXDOGE15M-26SEP261615-15,DOGE,1790453283.453793,10.0,1.6012,SETTLEMENT,no,no,1.6012,False
KXBNB15M-26OCT022315-15,BNB,1790996880.299265,10.0,0.3955,SETTLEMENT,no,no,0.3955,True
KXBNB15M-26OCT022215-15,BNB,1790993463.219371,10.0,0.5699,SETTLEMENT,no,no,0.5699,True
KXBNB15M-26OCT022200-00,BNB,1790992387.489113,10.0,0.4414,SETTLEMENT,no,no,0.4414,True
KXBNB15M-26OCT022045-45,BNB,1790987880.584916,10.0,0.5736,SETTLEMENT,yes,yes,0.5736,True
KXBNB15M-26OCT021945-45,BNB,1790984608.670853,10.0,0.5267,SETTLEMENT,yes,yes,0.5267,True
KXBNB15M-26OCT021930-30,BNB,1790983384.243098,10.0,0.6149,SETTLEMENT,yes,yes,0.6149,True
KXBNB15M-26OCT021800-00,BNB,1790977980.798226,10.0,0.7955,SETTLEMENT,yes,yes,0.7955,True
KXBNB15M-26OCT021745-45,BNB,1790977083.508464,10.0,0.707,SETTLEMENT,yes,yes,0.707,True
KXBNB15M-26OCT021730-30,BNB,1790976381.557495,10.0,0.448,SETTLEMENT,no,no,0.448,True
KXBNB15M-26OCT021700-00,BNB,1790974555.619839,10.0,1.6107,SETTLEMENT,no,no,1.6107,True
KXBNB15M-26OCT021545-45,BNB,1790970168.846198,10.0,1.5059,SETTLEMENT,yes,yes,1.5059,True
KXBNB15M-26OCT021515-15,BNB,1790968388.950085,10.0,0.7626,SETTLEMENT,yes,yes,0.7626,True
KXBNB15M-26OCT021230-30,BNB,1790958454.958338,10.0,-3.277,HARD_STOP,no,yes,-8.112,True
KXBNB15M-26OCT021215-15,BNB,1790957220.936869,10.0,-4.0001,HARD_STOP,yes,yes,0.6732,True
KXBNB15M-26OCT021115-15,BNB,1790953570.91147,10.0,-3.1862,HARD_STOP,no,no,1.3157,False
KXBNB15M-26OCT020930-30,BNB,1790947430.160066,10.0,0.4826,SETTLEMENT,no,no,0.4826,False
KXBNB15M-26OCT020745-45,BNB,1790941081.018,10.0,0.6487,SETTLEMENT,yes,yes,0.6487,False
KXBNB15M-26OCT020730-30,BNB,1790940376.666695,10.0,0.5877,SETTLEMENT,yes,yes,0.5877,False
KXBNB15M-26OCT012045-45,BNB,1790901522.053318,10.0,0.6356,SETTLEMENT,no,no,0.6356,False
KXBNB15M-26OCT012015-15,BNB,1790899747.828275,10.0,-4.1316,HARD_STOP,yes,no,-9.4583,False
KXBNB15M-26OCT011945-45,BNB,1790897941.44197,10.0,0.4199,SETTLEMENT,yes,yes,0.4199,False
KXBNB15M-26OCT011930-30,BNB,1790897122.848131,10.0,0.4189,SETTLEMENT,yes,yes,0.4189,False
KXBNB15M-26OCT011915-15,BNB,1790896080.832213,10.0,0.5605,SETTLEMENT,no,no,0.5605,False
KXBNB15M-26OCT011745-45,BNB,1790890824.690174,10.0,0.3731,SETTLEMENT,no,no,0.3731,False
KXBNB15M-26OCT011730-30,BNB,1790890022.189345,10.0,0.4667,SETTLEMENT,yes,yes,0.4667,False
KXBNB15M-26OCT011145-45,BNB,1790869136.699649,10.0,0.3918,SETTLEMENT,no,no,0.3918,False
KXBNB15M-26OCT010515-15,BNB,1790845816.669665,10.0,0.7202,SETTLEMENT,yes,yes,0.7202,False
KXBNB15M-26OCT010230-30,BNB,1790835974.561947,10.0,0.6103,SETTLEMENT,yes,yes,0.6103,False
KXBNB15M-26OCT010200-00,BNB,1790833980.761838,10.0,0.6356,SETTLEMENT,yes,yes,0.6356,False
KXBNB15M-26OCT010145-45,BNB,1790833083.731904,10.0,0.5136,SETTLEMENT,yes,yes,0.5136,False
KXBNB15M-26SEP302300-00,BNB,1790823304.86203,10.0,0.3787,SETTLEMENT,yes,yes,0.3787,False
KXBNB15M-26SEP301900-00,BNB,1790809041.555495,10.0,0.6046,SETTLEMENT,yes,yes,0.6046,False
KXBNB15M-26SEP301800-00,BNB,1790805362.069625,10.0,0.5287,SETTLEMENT,no,no,0.5287,False
KXBNB15M-26SEP300930-30,BNB,1790774645.776837,10.0,0.4105,SETTLEMENT,no,no,0.4105,False
KXBNB15M-26SEP300915-15,BNB,1790773752.508127,10.0,0.4199,SETTLEMENT,yes,yes,0.4199,False
KXBNB15M-26SEP300630-30,BNB,1790763995.540961,10.0,0.3731,SETTLEMENT,yes,yes,0.3731,False
KXBNB15M-26SEP300430-30,BNB,1790756558.53037,10.0,0.4939,SETTLEMENT,yes,yes,0.4939,False
KXBNB15M-26SEP300345-45,BNB,1790753884.57616,10.0,1.1829,SETTLEMENT,yes,yes,1.1829,False
KXBNB15M-26SEP300300-00,BNB,1790751300.541187,10.0,0.3871,SETTLEMENT,no,no,0.3871,False
KXBNB15M-26SEP300100-00,BNB,1790744112.391962,10.0,0.3918,SETTLEMENT,no,no,0.3918,False
KXBNB15M-26SEP300030-30,BNB,1790742240.671516,10.0,0.4011,SETTLEMENT,yes,yes,0.4011,False
KXBNB15M-26SEP300000-00,BNB,1790740385.861424,10.0,0.3824,SETTLEMENT,no,no,0.3824,False
KXBNB15M-26SEP292330-30,BNB,1790738584.396627,10.0,0.4133,SETTLEMENT,no,no,0.4133,False
KXBNB15M-26SEP292130-30,BNB,1790731682.828945,10.0,0.4105,SETTLEMENT,no,no,0.4105,False
KXBNB15M-26SEP291900-00,BNB,1790722471.779844,10.0,0.3731,SETTLEMENT,yes,yes,0.3731,False
KXBNB15M-26SEP291845-45,BNB,1790721790.646843,10.0,-4.6424,HARD_STOP,yes,yes,1.5059,False
KXBNB15M-26SEP291700-00,BNB,1790715321.789035,10.0,0.9625,SETTLEMENT,yes,yes,0.9625,False
KXBNB15M-26SEP291615-15,BNB,1790712401.515352,10.0,-3.4584,HARD_STOP,yes,yes,1.6966,False
KXBNB15M-26SEP291545-45,BNB,1790710853.720294,10.0,0.5323,SETTLEMENT,no,no,0.5323,False
KXBNB15M-26SEP291515-15,BNB,1790708831.698982,10.0,-2.5728,HARD_STOP,yes,yes,1.6966,False
KXBNB15M-26SEP291445-45,BNB,1790707125.419302,10.0,0.4086,SETTLEMENT,yes,yes,0.4086,False
KXBNB15M-26SEP291400-00,BNB,1790704252.457035,10.0,0.7531,SETTLEMENT,no,no,0.7531,False
KXBNB15M-26SEP291330-30,BNB,1790702585.237696,10.0,0.4292,SETTLEMENT,no,no,0.4292,False
KXBNB15M-26SEP291130-30,BNB,1790695451.907579,10.0,0.5417,SETTLEMENT,no,no,0.5417,False
KXBNB15M-26SEP291045-45,BNB,1790692820.850952,10.0,0.4789,SETTLEMENT,yes,yes,0.4789,False
KXBNB15M-26SEP291000-00,BNB,1790690071.634515,10.0,0.4573,SETTLEMENT,yes,yes,0.4573,False
KXBNB15M-26SEP290930-30,BNB,1790688312.112766,10.0,-4.4886,HARD_STOP,yes,yes,0.4761,False
KXBNB15M-26SEP290800-00,BNB,1790682618.861555,10.0,0.5286,SETTLEMENT,yes,yes,0.5286,False
KXBNB15M-26SEP290645-45,BNB,1790678357.665303,10.0,-4.1843,HARD_STOP,no,no,0.5896,False
KXBNB15M-26SEP290600-00,BNB,1790675425.418867,10.0,0.4761,SETTLEMENT,yes,yes,0.4761,False
KXBNB15M-26SEP290530-30,BNB,1790674080.661221,10.0,-0.8143,HARD_STOP,no,yes,-8.4941,False
KXBNB15M-26SEP290430-30,BNB,1790670078.793163,10.0,0.937,SETTLEMENT,yes,yes,0.937,False
KXBNB15M-26SEP290415-15,BNB,1790669299.895698,10.0,0.7202,SETTLEMENT,no,no,0.7202,False
KXBNB15M-26SEP290400-00,BNB,1790668388.604523,10.0,1.126,SETTLEMENT,no,no,1.126,False
KXBNB15M-26SEP290315-15,BNB,1790665685.405368,10.0,0.4367,SETTLEMENT,yes,yes,0.4367,False
KXBNB15M-26SEP290300-00,BNB,1790664723.045094,10.0,1.3256,SETTLEMENT,yes,yes,1.3256,False
KXBNB15M-26SEP290245-45,BNB,1790663965.548829,10.0,0.937,SETTLEMENT,yes,yes,0.937,False
KXBNB15M-26SEP290215-15,BNB,1790662141.498195,10.0,0.4761,SETTLEMENT,yes,yes,0.4761,False
KXBNB15M-26SEP290200-00,BNB,1790661318.762836,10.0,0.3731,SETTLEMENT,yes,yes,0.3731,False
KXBNB15M-26SEP290145-45,BNB,1790660426.830546,10.0,1.3157,SETTLEMENT,no,no,1.3157,False
KXBNB15M-26SEP290130-30,BNB,1790659258.929985,10.0,0.557,SETTLEMENT,yes,yes,0.557,False
KXBNB15M-26SEP290100-00,BNB,1790657400.849933,10.0,0.4386,SETTLEMENT,no,no,0.4386,False
KXBNB15M-26SEP290045-45,BNB,1790656503.021639,10.0,0.6732,SETTLEMENT,no,no,0.6732,False
KXBNB15M-26SEP290030-30,BNB,1790655847.806693,10.0,0.3824,SETTLEMENT,yes,yes,0.3824,False
KXBNB15M-26SEP290015-15,BNB,1790654899.683949,10.0,-4.5013,HARD_STOP,no,no,0.3731,False
KXBNB15M-26SEP290000-00,BNB,1790654170.701387,10.0,0.8215,SETTLEMENT,no,no,0.8215,False
KXBNB15M-26SEP282330-30,BNB,1790652092.145959,10.0,0.538,SETTLEMENT,yes,yes,0.538,False
KXBNB15M-26SEP282130-30,BNB,1790644800.37136,10.0,-4.5295,HARD_STOP,no,no,0.5455,False
KXBNB15M-26SEP282115-15,BNB,1790644120.829303,10.0,0.4564,SETTLEMENT,no,no,0.4564,False
KXBNB15M-26SEP282100-00,BNB,1790643005.673915,10.0,0.3731,SETTLEMENT,no,no,0.3731,False
KXBNB15M-26SEP282030-30,BNB,1790641323.373235,10.0,-4.3142,HARD_STOP,yes,no,-9.4498,False
KXBNB15M-26SEP282015-15,BNB,1790640575.887104,10.0,-3.529,HARD_STOP,no,yes,-8.4941,False
KXBNB15M-26SEP282000-00,BNB,1790639970.78318,10.0,1.6943,SETTLEMENT,no,no,1.6943,False
KXBNB15M-26SEP281945-45,BNB,1790638576.380273,10.0,0.8049,SETTLEMENT,yes,yes,0.8049,False
KXBNB15M-26SEP281930-30,BNB,1790637649.543531,10.0,0.4292,SETTLEMENT,yes,yes,0.4292,False
KXBNB15M-26SEP281915-15,BNB,1790637012.353866,10.0,0.7997,SETTLEMENT,no,no,0.7997,False
KXBNB15M-26SEP281900-00,BNB,1790636113.598747,10.0,1.1609,SETTLEMENT,yes,yes,1.1609,False
KXBNB15M-26SEP281815-15,BNB,1790633185.705559,10.0,0.4311,SETTLEMENT,no,no,0.4311,False
KXBNB15M-26SEP281800-00,BNB,1790632441.479135,10.0,1.0314,SETTLEMENT,no,no,1.0314,False
KXBNB15M-26SEP281745-45,BNB,1790631601.573853,10.0,0.7033,SETTLEMENT,no,no,0.7033,False
KXBNB15M-26SEP281730-30,BNB,1790630525.177115,10.0,0.5361,SETTLEMENT,no,no,0.5361,False
KXBNB15M-26SEP281700-00,BNB,1790628753.603559,10.0,-5.4383,HARD_STOP,yes,no,-9.4677,False
KXBNB15M-26SEP281645-45,BNB,1790628223.644563,10.0,0.4676,SETTLEMENT,no,no,0.4676,False
KXBNB15M-26SEP281530-30,BNB,1790623456.37657,10.0,0.8257,SETTLEMENT,no,no,0.8257,False
KXBNB15M-26SEP281415-15,BNB,1790619121.761463,10.0,0.5042,SETTLEMENT,yes,yes,0.5042,False
KXBNB15M-26SEP281345-45,BNB,1790617324.575677,10.0,0.7014,SETTLEMENT,yes,yes,0.7014,False
KXBNB15M-26SEP281315-15,BNB,1790615485.116914,10.0,-5.8353,HARD_STOP,yes,no,-8.4941,False
KXBNB15M-26SEP281245-45,BNB,1790613493.534283,10.0,0.4105,SETTLEMENT,no,no,0.4105,False
KXBNB15M-26SEP281215-15,BNB,1790611802.531773,10.0,0.6765,SETTLEMENT,yes,yes,0.6765,False
KXBNB15M-26SEP280945-45,BNB,1790602750.136887,10.0,0.433,SETTLEMENT,yes,yes,0.433,False
KXBNB15M-26SEP280845-45,BNB,1790599239.582219,10.0,0.5323,SETTLEMENT,no,no,0.5323,False
KXBNB15M-26SEP280745-45,BNB,1790595579.372761,10.0,1.0409,SETTLEMENT,yes,yes,1.0409,False
KXBNB15M-26SEP280700-00,BNB,1790592963.570576,10.0,0.4105,SETTLEMENT,no,no,0.4105,False
KXBNB15M-26SEP280545-45,BNB,1790588304.429882,10.0,0.5354,SETTLEMENT,no,no,0.5354,True
KXBNB15M-26SEP280500-00,BNB,1790585585.443081,10.0,0.3955,SETTLEMENT,yes,yes,0.3955,True
KXBNB15M-26SEP280430-30,BNB,1790583880.431772,10.0,0.5511,SETTLEMENT,no,no,0.5511,False
KXBNB15M-26SEP280400-00,BNB,1790582172.324106,10.0,-4.233,HARD_STOP,yes,yes,0.4302,True
KXBNB15M-26SEP280330-30,BNB,1790580233.419427,10.0,0.5323,SETTLEMENT,no,no,0.5323,True
KXBNB15M-26SEP280300-00,BNB,1790578511.525679,10.0,0.5323,SETTLEMENT,no,no,0.5323,True
KXBNB15M-26SEP280230-30,BNB,1790576522.380084,10.0,0.4096,SETTLEMENT,no,no,0.4096,False
KXBNB15M-26SEP280130-30,BNB,1790573008.363578,10.0,0.508,SETTLEMENT,no,no,0.508,True
KXBNB15M-26SEP280100-00,BNB,1790571297.409826,10.0,0.3731,SETTLEMENT,no,no,0.3731,True
KXBNB15M-26SEP280045-45,BNB,1790570478.25926,10.0,0.6826,SETTLEMENT,no,no,0.6826,True
KXBNB15M-26SEP272330-30,BNB,1790565975.396016,10.0,1.126,SETTLEMENT,no,no,1.126,True
KXBNB15M-26SEP272300-00,BNB,1790564062.462374,10.0,0.7023,SETTLEMENT,no,no,0.7023,True
KXBNB15M-26SEP272245-45,BNB,1790563145.621855,10.0,0.5323,SETTLEMENT,no,no,0.5323,True
KXBNB15M-26SEP272230-30,BNB,1790562181.293741,10.0,-4.1159,HARD_STOP,no,no,0.5473,False
KXBNB15M-26SEP272100-00,BNB,1790556962.535061,10.0,-6.7745,HARD_STOP,no,yes,-9.6082,False
KXBNB15M-26SEP272015-15,BNB,1790554233.929151,10.0,1.6012,SETTLEMENT,no,no,1.6012,False
KXBNB15M-26SEP271745-45,BNB,1790545094.513996,10.0,0.5136,SETTLEMENT,no,no,0.5136,False
KXBNB15M-26SEP271715-15,BNB,1790543284.929576,10.0,0.8153,SETTLEMENT,yes,yes,0.8153,False
KXBNB15M-26SEP271645-45,BNB,1790541541.44765,10.0,0.5511,SETTLEMENT,yes,yes,0.5511,False
KXBNB15M-26SEP271615-15,BNB,1790539881.657373,10.0,0.9105,SETTLEMENT,yes,yes,0.9105,False
KXBNB15M-26SEP271600-00,BNB,1790539082.97538,10.0,-4.4562,HARD_STOP,no,no,0.9086,False
KXBNB15M-26SEP271545-45,BNB,1790538095.31424,10.0,0.5605,SETTLEMENT,yes,yes,0.5605,False
KXBNB15M-26SEP271500-00,BNB,1790535503.911795,10.0,0.4424,SETTLEMENT,no,no,0.4424,False
KXBNB15M-26SEP271430-30,BNB,1790533393.068293,10.0,0.5455,SETTLEMENT,yes,yes,0.5455,False
KXBNB15M-26SEP271400-00,BNB,1790531594.347791,10.0,0.568,SETTLEMENT,yes,yes,0.568,False
KXBNB15M-26SEP271345-45,BNB,1790530742.687693,10.0,0.3731,SETTLEMENT,yes,yes,0.3731,False
KXBNB15M-26SEP271330-30,BNB,1790529962.97637,10.0,-3.5233,HARD_STOP,no,yes,-9.0629,False
KXBNB15M-26SEP271130-30,BNB,1790522864.577241,10.0,-5.8889,HARD_STOP,yes,no,-9.5239,False
KXBNB15M-26SEP271000-00,BNB,1790517184.122271,10.0,0.4948,SETTLEMENT,yes,yes,0.4948,False
KXBNB15M-26SEP270845-45,BNB,1790512680.412631,10.0,0.5389,SETTLEMENT,yes,yes,0.5389,False
KXBNB15M-26SEP270800-00,BNB,1790510308.916418,10.0,0.7494,SETTLEMENT,yes,yes,0.7494,False
KXBNB15M-26SEP270745-45,BNB,1790509280.841674,10.0,-4.0471,HARD_STOP,yes,yes,0.6262,False
KXBNB15M-26SEP270730-30,BNB,1790508242.083941,10.0,0.6225,SETTLEMENT,no,no,0.6225,False
KXBNB15M-26SEP270715-15,BNB,1790507333.150456,10.0,0.553,SETTLEMENT,yes,yes,0.553,False
KXBNB15M-26SEP270700-00,BNB,1790506380.44307,10.0,0.7081,SETTLEMENT,no,no,0.7081,False
KXBNB15M-26SEP270630-30,BNB,1790504832.117304,10.0,0.8615,SETTLEMENT,no,no,0.8615,False
KXBNB15M-26SEP270600-00,BNB,1790502908.379207,10.0,0.6957,SETTLEMENT,yes,yes,0.6957,False
KXBNB15M-26SEP270545-45,BNB,1790501896.37941,10.0,0.7955,SETTLEMENT,yes,yes,0.7955,False
KXBNB15M-26SEP270530-30,BNB,1790501280.481218,10.0,0.4077,SETTLEMENT,yes,yes,0.4077,False
KXBNB15M-26SEP270430-30,BNB,1790497713.532371,10.0,0.3824,SETTLEMENT,yes,yes,0.3824,False
KXBNB15M-26SEP270400-00,BNB,1790495582.16759,10.0,0.8295,SETTLEMENT,yes,yes,0.8295,False
KXBNB15M-26SEP270345-45,BNB,1790494684.23229,10.0,0.5097,SETTLEMENT,yes,yes,0.5097,False
KXBNB15M-26SEP270330-30,BNB,1790493964.402841,10.0,0.5004,SETTLEMENT,yes,yes,0.5004,False
KXBNB15M-26SEP270315-15,BNB,1790492891.68794,10.0,0.8891,SETTLEMENT,yes,yes,0.8891,False
KXBNB15M-26SEP270300-00,BNB,1790491980.464281,10.0,0.8954,SETTLEMENT,yes,yes,0.8954,False
KXBNB15M-26SEP270215-15,BNB,1790489290.976335,10.0,0.4049,SETTLEMENT,yes,yes,0.4049,False
KXBNB15M-26SEP270130-30,BNB,1790486858.04655,10.0,1.0314,SETTLEMENT,yes,yes,1.0314,False
KXBNB15M-26SEP270100-00,BNB,1790485080.881104,10.0,0.4958,SETTLEMENT,no,no,0.4958,False
KXBNB15M-26SEP270045-45,BNB,1790484081.562434,10.0,0.692,SETTLEMENT,no,no,0.692,False
KXBNB15M-26SEP270030-30,BNB,1790483018.418275,10.0,0.5323,SETTLEMENT,no,no,0.5323,False
KXBNB15M-26SEP262345-45,BNB,1790480419.343003,10.0,0.6094,SETTLEMENT,yes,yes,0.6094,False
KXBNB15M-26SEP262330-30,BNB,1790479382.769424,10.0,0.4577,SETTLEMENT,no,no,0.4577,False
KXBNB15M-26SEP262315-15,BNB,1790478496.939782,10.0,-4.1007,HARD_STOP,yes,yes,0.6732,False
KXBNB15M-26SEP262245-45,BNB,1790476722.608167,10.0,0.7108,SETTLEMENT,no,no,0.7108,False
KXBNB15M-26SEP262230-30,BNB,1790475901.598439,10.0,0.5624,SETTLEMENT,no,no,0.5624,False
KXBNB15M-26SEP262130-30,BNB,1790472244.060522,10.0,0.5323,SETTLEMENT,no,no,0.5323,False
KXBNB15M-26SEP262115-15,BNB,1790471498.408611,10.0,0.5051,SETTLEMENT,yes,yes,0.5051,False
KXBNB15M-26SEP262100-00,BNB,1790470387.539859,10.0,0.5492,SETTLEMENT,no,no,0.5492,False
KXBNB15M-26SEP262045-45,BNB,1790469513.361879,10.0,0.5981,SETTLEMENT,yes,yes,0.5981,False
KXBNB15M-26SEP262015-15,BNB,1790467727.725717,10.0,0.4105,SETTLEMENT,no,no,0.4105,False
KXBNB15M-26SEP262000-00,BNB,1790466898.834418,10.0,0.6679,SETTLEMENT,yes,yes,0.6679,False
KXBNB15M-26SEP261845-45,BNB,1790462424.42316,10.0,0.3908,SETTLEMENT,no,no,0.3908,False
KXBNB15M-26SEP261830-30,BNB,1790461403.740597,10.0,-4.3644,HARD_STOP,no,no,1.1,False
KXBNB15M-26SEP261815-15,BNB,1790460487.136918,10.0,0.3731,SETTLEMENT,yes,yes,0.3731,False
KXBNB15M-26SEP261745-45,BNB,1790458682.164052,10.0,0.4958,SETTLEMENT,yes,yes,0.4958,False
KXBNB15M-26SEP261730-30,BNB,1790457876.562633,10.0,0.6929,SETTLEMENT,yes,yes,0.6929,False
KXBNB15M-26SEP261445-45,BNB,1790447912.451355,10.0,0.7776,SETTLEMENT,no,no,0.7776,False
KXBNB15M-26SEP261430-30,BNB,1790447041.914121,10.0,0.5417,SETTLEMENT,no,no,0.5417,False
KXBNB15M-26SEP261345-45,BNB,1790444280.94449,10.0,0.6694,SETTLEMENT,no,no,0.6694,False
KXBNB15M-26SEP261330-30,BNB,1790443385.127699,10.0,0.8049,SETTLEMENT,no,no,0.8049,False
KXBNB15M-26SEP261315-15,BNB,1790442485.183257,10.0,0.4105,SETTLEMENT,no,no,0.4105,False
KXBNB15M-26SEP261300-00,BNB,1790441880.47762,10.0,0.6967,SETTLEMENT,yes,yes,0.6967,False
KXBNB15M-26SEP261245-45,BNB,1790440722.70111,10.0,0.4761,SETTLEMENT,yes,yes,0.4761,False
KXBNB15M-26SEP261230-30,BNB,1790439915.498267,10.0,0.937,SETTLEMENT,no,no,0.937,False
KXBNB15M-26SEP261145-45,BNB,1790437383.876618,10.0,-4.5013,HARD_STOP,yes,yes,0.3731,False
KXBNB15M-26SEP261115-15,BNB,1790435312.760979,10.0,1.0314,SETTLEMENT,yes,yes,1.0314,False
KXBNB15M-26SEP261100-00,BNB,1790434383.329548,10.0,0.5774,SETTLEMENT,yes,yes,0.5774,False
KXBNB15M-26SEP261045-45,BNB,1790433482.7114,10.0,0.8388,SETTLEMENT,yes,yes,0.8388,False
KXBNB15M-26SEP261000-00,BNB,1790430977.685031,10.0,0.3731,SETTLEMENT,yes,yes,0.3731,False
KXBNB15M-26SEP260915-15,BNB,1790428264.477448,10.0,1.2208,SETTLEMENT,no,no,1.2208,False
KXBNB15M-26SEP260845-45,BNB,1790426421.544736,10.0,0.937,SETTLEMENT,no,no,0.937,False
KXBNB15M-26SEP260800-00,BNB,1790423700.557739,10.0,0.5774,SETTLEMENT,no,no,0.5774,False
KXBNB15M-26SEP260715-15,BNB,1790420949.572304,10.0,0.8568,SETTLEMENT,yes,yes,0.8568,False
KXBNB15M-26SEP260700-00,BNB,1790419984.484244,10.0,0.3731,SETTLEMENT,yes,yes,0.3731,False
KXBNB15M-26SEP260645-45,BNB,1790419436.440052,10.0,-2.3363,HARD_STOP,no,no,1.2208,False
KXBNB15M-26SEP260530-30,BNB,1790414700.442629,10.0,0.3824,SETTLEMENT,no,no,0.3824,False
KXBNB15M-26SEP260515-15,BNB,1790413833.365965,10.0,0.8285,SETTLEMENT,no,no,0.8285,False
KXBNB15M-26SEP260430-30,BNB,1790411256.440422,10.0,0.9086,SETTLEMENT,yes,yes,0.9086,False
KXBNB15M-26SEP260315-15,BNB,1790406566.509285,10.0,0.4948,SETTLEMENT,yes,yes,0.4948,False
KXBNB15M-26SEP260300-00,BNB,1790405925.38862,10.0,0.4199,SETTLEMENT,no,no,0.4199,False
KXBNB15M-26SEP260230-30,BNB,1790404031.439933,10.0,0.8869,SETTLEMENT,no,no,0.8869,False
KXBNB15M-26SEP260215-15,BNB,1790403154.362024,10.0,0.5323,SETTLEMENT,no,no,0.5323,False
KXBNB15M-26SEP260200-00,BNB,1790401985.892865,10.0,0.8558,SETTLEMENT,no,no,0.8558,False
KXBNB15M-26SEP260130-30,BNB,1790400436.384961,10.0,1.0314,SETTLEMENT,no,no,1.0314,False
KXBNB15M-26SEP260115-15,BNB,1790399447.756894,10.0,0.5886,SETTLEMENT,no,no,0.5886,False
KXBNB15M-26SEP260100-00,BNB,1790398669.49286,10.0,0.5858,SETTLEMENT,yes,yes,0.5858,False
KXBNB15M-26SEP260015-15,BNB,1790395708.680901,10.0,-2.1316,HARD_STOP,yes,yes,1.2208,False
KXBNB15M-26SEP260000-00,BNB,1790394785.589974,10.0,1.0314,SETTLEMENT,no,no,1.0314,False
KXBNB15M-26SEP252345-45,BNB,1790394199.725754,10.0,0.6309,SETTLEMENT,no,no,0.6309,False
KXBNB15M-26SEP252330-30,BNB,1790393193.424522,10.0,0.4761,SETTLEMENT,yes,yes,0.4761,False
KXBNB15M-26SEP252315-15,BNB,1790392281.051737,10.0,0.7023,SETTLEMENT,no,no,0.7023,False
KXBNB15M-26SEP252300-00,BNB,1790391248.582844,10.0,1.0314,SETTLEMENT,no,no,1.0314,False
KXBNB15M-26SEP252245-45,BNB,1790390366.453857,10.0,0.645,SETTLEMENT,no,no,0.645,False
KXBNB15M-26SEP252200-00,BNB,1790387726.982495,10.0,1.7922,SETTLEMENT,no,no,1.7922,False
KXBNB15M-26SEP252145-45,BNB,1790386687.350648,10.0,0.5389,SETTLEMENT,yes,yes,0.5389,False
KXBNB15M-26SEP252130-30,BNB,1790386115.32256,10.0,-2.8583,HARD_STOP,no,no,1.4108,False
KXHYPE15M-26OCT030030-30,HYPE,1791001380.674054,10.0,0.7578,SETTLEMENT,no,no,0.7578,True
KXHYPE15M-26OCT030015-15,HYPE,1791000541.282258,10.0,0.9058,SETTLEMENT,no,no,0.9058,True
KXHYPE15M-26OCT030000-00,HYPE,1790999594.532525,10.0,0.8389,SETTLEMENT,yes,yes,0.8389,True
KXHYPE15M-26OCT022345-45,HYPE,1790998981.495378,10.0,-4.2355,HARD_STOP,no,no,0.5384,True
KXHYPE15M-26OCT022330-30,HYPE,1790998104.31718,10.0,0.4292,SETTLEMENT,no,no,0.4292,True
KXHYPE15M-26OCT022245-45,HYPE,1790995321.086093,10.0,0.3731,SETTLEMENT,no,no,0.3731,True
KXHYPE15M-26OCT022215-15,HYPE,1790993198.463995,10.0,0.6037,SETTLEMENT,no,no,0.6037,True
KXHYPE15M-26OCT022200-00,HYPE,1790992490.997112,10.0,0.6544,SETTLEMENT,no,no,0.6544,True
KXHYPE15M-26OCT022045-45,HYPE,1790987903.658973,10.0,0.5136,SETTLEMENT,no,no,0.5136,True
KXHYPE15M-26OCT022000-00,HYPE,1790985240.633727,10.0,0.3955,SETTLEMENT,yes,yes,0.3955,True
KXHYPE15M-26OCT021930-30,HYPE,1790983485.566053,10.0,0.3843,SETTLEMENT,yes,yes,0.3843,True
KXHYPE15M-26OCT021900-00,HYPE,1790981734.312821,10.0,0.4199,SETTLEMENT,yes,yes,0.4199,True
KXHYPE15M-26OCT021830-30,HYPE,1790979601.174966,10.0,0.5042,SETTLEMENT,yes,yes,0.5042,True
KXHYPE15M-26OCT021745-45,HYPE,1790977200.308098,10.0,0.5674,SETTLEMENT,yes,yes,0.5674,True
KXHYPE15M-26OCT021730-30,HYPE,1790976319.484485,10.0,0.5633,SETTLEMENT,no,no,0.5633,True
KXHYPE15M-26OCT021545-45,HYPE,1790969940.582608,10.0,0.4105,SETTLEMENT,yes,yes,0.4105,True
KXHYPE15M-26OCT021400-00,HYPE,1790963580.561506,10.0,0.3731,SETTLEMENT,yes,yes,0.3731,True
KXHYPE15M-26OCT021315-15,HYPE,1790961073.961088,10.0,0.6262,SETTLEMENT,no,no,0.6262,True
KXHYPE15M-26OCT021300-00,HYPE,1790960207.739385,10.0,0.4948,SETTLEMENT,no,no,0.4948,True
KXHYPE15M-26OCT021230-30,HYPE,1790958173.533623,10.0,-3.4165,HARD_STOP,no,yes,-8.3415,True
KXHYPE15M-26OCT021215-15,HYPE,1790957300.328962,10.0,1.6966,SETTLEMENT,no,no,1.6966,True
KXHYPE15M-26OCT020830-30,HYPE,1790943796.730909,10.0,1.1355,SETTLEMENT,no,no,1.1355,False
KXHYPE15M-26OCT020730-30,HYPE,1790940246.368061,10.0,0.5286,SETTLEMENT,no,no,0.5286,False
KXHYPE15M-26OCT020615-15,HYPE,1790935756.361904,10.0,0.5455,SETTLEMENT,yes,yes,0.5455,False
KXHYPE15M-26OCT020230-30,HYPE,1790922369.803384,10.0,0.4948,SETTLEMENT,no,no,0.4948,False
KXHYPE15M-26OCT020145-45,HYPE,1790919543.074851,10.0,-4.4008,HARD_STOP,yes,no,-9.6269,False
KXHYPE15M-26OCT020130-30,HYPE,1790918660.540897,10.0,0.6356,SETTLEMENT,no,no,0.6356,False
KXHYPE15M-26OCT020030-30,HYPE,1790914864.50854,10.0,0.4854,SETTLEMENT,yes,yes,0.4854,False
KXHYPE15M-26OCT020015-15,HYPE,1790914086.690551,10.0,0.5305,SETTLEMENT,no,no,0.5305,False
KXHYPE15M-26OCT020000-00,HYPE,1790913339.537897,10.0,0.4367,SETTLEMENT,yes,yes,0.4367,False
KXHYPE15M-26OCT012300-00,HYPE,1790909438.884609,10.0,0.4695,SETTLEMENT,yes,yes,0.4695,False
KXHYPE15M-26OCT012215-15,HYPE,1790906981.291347,10.0,-4.4648,HARD_STOP,yes,yes,0.6102,False
KXHYPE15M-26OCT012100-00,HYPE,1790902381.230716,10.0,0.5736,SETTLEMENT,yes,yes,0.5736,False
KXHYPE15M-26OCT011900-00,HYPE,1790895257.357984,10.0,0.493,SETTLEMENT,yes,yes,0.493,False
KXHYPE15M-26OCT011830-30,HYPE,1790893581.025,10.0,0.3796,SETTLEMENT,yes,yes,0.3796,False
KXHYPE15M-26OCT011800-00,HYPE,1790891708.97144,10.0,0.7061,SETTLEMENT,no,no,0.7061,False
KXHYPE15M-26OCT011730-30,HYPE,1790889781.225671,10.0,0.6544,SETTLEMENT,no,no,0.6544,False
KXHYPE15M-26OCT011645-45,HYPE,1790887339.004186,10.0,0.3731,SETTLEMENT,no,no,0.3731,False
KXHYPE15M-26OCT011400-00,HYPE,1790877275.141553,10.0,0.6366,SETTLEMENT,no,no,0.6366,False
KXHYPE15M-26OCT011200-00,HYPE,1790870224.020266,10.0,0.6826,SETTLEMENT,no,no,0.6826,False
KXHYPE15M-26OCT011145-45,HYPE,1790869105.752524,10.0,0.4086,SETTLEMENT,no,no,0.4086,False
KXHYPE15M-26OCT010515-15,HYPE,1790845704.783459,10.0,0.485,SETTLEMENT,yes,yes,0.485,False
KXHYPE15M-26OCT010145-45,HYPE,1790833082.192847,10.0,0.8992,SETTLEMENT,yes,yes,0.8992,False
KXHYPE15M-26SEP302345-45,HYPE,1790826035.722082,10.0,0.7391,SETTLEMENT,no,no,0.7391,False
KXHYPE15M-26SEP302300-00,HYPE,1790823128.54086,10.0,-3.7101,HARD_STOP,yes,no,-9.1376,False
KXHYPE15M-26SEP302230-30,HYPE,1790821262.668712,10.0,0.4536,SETTLEMENT,no,no,0.4536,False
KXHYPE15M-26SEP302115-15,HYPE,1790816916.676238,10.0,0.8627,SETTLEMENT,yes,yes,0.8627,False
KXHYPE15M-26SEP302000-00,HYPE,1790812440.6206,10.0,0.8596,SETTLEMENT,yes,yes,0.8596,False
KXHYPE15M-26SEP301815-15,HYPE,1790806080.820948,10.0,0.6582,SETTLEMENT,no,no,0.6582,False
KXHYPE15M-26SEP301715-15,HYPE,1790802515.725801,10.0,0.5136,SETTLEMENT,yes,yes,0.5136,False
KXHYPE15M-26SEP301615-15,HYPE,1790798708.000716,10.0,1.0088,SETTLEMENT,yes,yes,1.0088,False
KXHYPE15M-26SEP301600-00,HYPE,1790797993.072866,10.0,0.3731,SETTLEMENT,no,no,0.3731,False
KXHYPE15M-26SEP301545-45,HYPE,1790797196.812134,10.0,0.5605,SETTLEMENT,no,no,0.5605,False
KXHYPE15M-26SEP301300-00,HYPE,1790787060.507955,10.0,-4.9608,HARD_STOP,yes,yes,0.5136,False
KXHYPE15M-26SEP300700-00,HYPE,1790765765.791371,10.0,0.3731,SETTLEMENT,yes,yes,0.3731,False
KXHYPE15M-26SEP300630-30,HYPE,1790764057.608002,10.0,0.7578,SETTLEMENT,yes,yes,0.7578,False
KXHYPE15M-26SEP300200-00,HYPE,1790747700.442751,10.0,0.6224,SETTLEMENT,no,no,0.6224,False
KXHYPE15M-26SEP300115-15,HYPE,1790745136.429409,10.0,0.4011,SETTLEMENT,yes,yes,0.4011,False
KXHYPE15M-26SEP300030-30,HYPE,1790742330.914047,10.0,0.7578,SETTLEMENT,yes,yes,0.7578,False
KXHYPE15M-26SEP292330-30,HYPE,1790738616.826072,10.0,0.54,SETTLEMENT,no,no,0.54,False
KXHYPE15M-26SEP292300-00,HYPE,1790736977.818239,10.0,1.888,SETTLEMENT,no,no,1.888,False
KXHYPE15M-26SEP292215-15,HYPE,1790734080.904714,10.0,-4.9599,HARD_STOP,no,yes,-9.4855,False
KXHYPE15M-26SEP292130-30,HYPE,1790731487.760402,10.0,-3.543,HARD_STOP,no,yes,-8.9402,False
KXHYPE15M-26SEP292045-45,HYPE,1790728832.393905,10.0,0.4452,SETTLEMENT,yes,yes,0.4452,False
KXHYPE15M-26SEP291930-30,HYPE,1790724181.995128,10.0,0.4386,SETTLEMENT,no,no,0.4386,False
KXHYPE15M-26SEP291915-15,HYPE,1790723288.984266,10.0,-3.4122,HARD_STOP,yes,yes,0.6544,False
KXHYPE15M-26SEP291900-00,HYPE,1790722703.590435,10.0,0.4948,SETTLEMENT,no,no,0.4948,False
KXHYPE15M-26SEP291845-45,HYPE,1790721455.973694,10.0,1.6966,SETTLEMENT,yes,yes,1.6966,False
KXHYPE15M-26SEP291815-15,HYPE,1790719787.703351,10.0,0.3824,SETTLEMENT,yes,yes,0.3824,False
KXHYPE15M-26SEP291730-30,HYPE,1790716836.863057,10.0,0.6337,SETTLEMENT,no,no,0.6337,False
KXHYPE15M-26SEP291700-00,HYPE,1790715316.996567,10.0,0.7861,SETTLEMENT,yes,yes,0.7861,False
KXHYPE15M-26SEP291600-00,HYPE,1790711605.104288,10.0,0.598,SETTLEMENT,no,no,0.598,False
KXHYPE15M-26SEP291545-45,HYPE,1790710663.526896,10.0,0.5821,SETTLEMENT,no,no,0.5821,False
KXHYPE15M-26SEP291515-15,HYPE,1790708708.723799,10.0,-3.3061,HARD_STOP,no,yes,-8.5322,False
KXHYPE15M-26SEP291445-45,HYPE,1790707153.395037,10.0,0.3731,SETTLEMENT,yes,yes,0.3731,False
KXHYPE15M-26SEP291430-30,HYPE,1790706283.711408,10.0,0.4199,SETTLEMENT,yes,yes,0.4199,False
KXHYPE15M-26SEP291400-00,HYPE,1790704200.862869,10.0,0.3824,SETTLEMENT,no,no,0.3824,False
KXHYPE15M-26SEP291330-30,HYPE,1790702481.26999,10.0,0.8389,SETTLEMENT,no,no,0.8389,False
KXHYPE15M-26SEP291230-30,HYPE,1790698837.889088,10.0,0.3731,SETTLEMENT,yes,yes,0.3731,False
KXHYPE15M-26SEP291115-15,HYPE,1790694301.078975,10.0,0.4218,SETTLEMENT,no,no,0.4218,False
KXHYPE15M-26SEP291100-00,HYPE,1790693462.30978,10.0,0.5497,SETTLEMENT,no,no,0.5497,False
KXHYPE15M-26SEP291015-15,HYPE,1790690796.314409,10.0,0.5811,SETTLEMENT,no,no,0.5811,False
KXHYPE15M-26SEP290930-30,HYPE,1790688186.252396,10.0,-3.028,HARD_STOP,yes,yes,0.937,False
KXHYPE15M-26SEP290900-00,HYPE,1790686609.449332,10.0,0.5229,SETTLEMENT,no,no,0.5229,False
KXHYPE15M-26SEP290845-45,HYPE,1790685519.078586,10.0,-4.0639,HARD_STOP,no,yes,-9.4914,False
KXHYPE15M-26SEP290800-00,HYPE,1790682615.741591,10.0,0.5717,SETTLEMENT,yes,yes,0.5717,False
KXHYPE15M-26SEP290745-45,HYPE,1790681796.616717,10.0,0.3824,SETTLEMENT,yes,yes,0.3824,False
KXHYPE15M-26SEP290630-30,HYPE,1790677200.526749,10.0,0.4161,SETTLEMENT,no,no,0.4161,False
KXHYPE15M-26SEP290600-00,HYPE,1790675400.795818,10.0,0.3918,SETTLEMENT,yes,yes,0.3918,False
KXHYPE15M-26SEP290530-30,HYPE,1790673900.691078,10.0,0.937,SETTLEMENT,yes,yes,0.937,False
KXHYPE15M-26SEP290515-15,HYPE,1790672974.625372,10.0,0.4761,SETTLEMENT,no,no,0.4761,False
KXHYPE15M-26SEP290315-15,HYPE,1790665550.566837,10.0,0.63,SETTLEMENT,yes,yes,0.63,False
KXHYPE15M-26SEP290300-00,HYPE,1790664846.248273,10.0,0.3749,SETTLEMENT,yes,yes,0.3749,False
KXHYPE15M-26SEP290215-15,HYPE,1790662036.500659,10.0,0.7131,SETTLEMENT,yes,yes,0.7131,False
KXHYPE15M-26SEP290130-30,HYPE,1790659391.745054,10.0,0.4761,SETTLEMENT,yes,yes,0.4761,False
KXHYPE15M-26SEP290115-15,HYPE,1790658479.541034,10.0,-4.5383,HARD_STOP,yes,no,-9.4733,False
KXHYPE15M-26SEP290100-00,HYPE,1790657420.556426,10.0,0.6149,SETTLEMENT,no,no,0.6149,False
KXHYPE15M-26SEP290045-45,HYPE,1790656500.461967,10.0,0.7288,SETTLEMENT,no,no,0.7288,False
KXHYPE15M-26SEP290030-30,HYPE,1790655607.496002,10.0,0.937,SETTLEMENT,yes,yes,0.937,False
KXHYPE15M-26SEP282330-30,HYPE,1790652066.193847,10.0,0.629,SETTLEMENT,yes,yes,0.629,False
KXHYPE15M-26SEP282130-30,HYPE,1790645041.916763,10.0,0.717,SETTLEMENT,no,no,0.717,False
KXHYPE15M-26SEP282115-15,HYPE,1790644030.949205,10.0,1.888,SETTLEMENT,no,no,1.888,False
KXHYPE15M-26SEP282015-15,HYPE,1790640503.514529,10.0,0.5727,SETTLEMENT,no,no,0.5727,False
KXHYPE15M-26SEP281945-45,HYPE,1790638684.436659,10.0,-4.3719,HARD_STOP,no,no,0.6929,False
KXHYPE15M-26SEP281930-30,HYPE,1790637740.616591,10.0,0.6309,SETTLEMENT,yes,yes,0.6309,False
KXHYPE15M-26SEP281915-15,HYPE,1790636700.33828,10.0,-4.5407,HARD_STOP,yes,yes,0.4564,False
KXHYPE15M-26SEP281830-30,HYPE,1790634487.408325,10.0,0.3731,SETTLEMENT,yes,yes,0.3731,False
KXHYPE15M-26SEP281815-15,HYPE,1790633131.76887,10.0,0.8936,SETTLEMENT,no,no,0.8936,False
KXHYPE15M-26SEP281800-00,HYPE,1790632450.879886,10.0,0.8549,SETTLEMENT,no,no,0.8549,False
KXHYPE15M-26SEP281645-45,HYPE,1790628145.394148,10.0,0.6065,SETTLEMENT,no,no,0.6065,False
KXHYPE15M-26SEP281615-15,HYPE,1790626085.101292,10.0,0.5052,SETTLEMENT,yes,yes,0.5052,False
KXHYPE15M-26SEP281600-00,HYPE,1790625185.282541,10.0,-4.477,HARD_STOP,no,yes,-9.6026,False
KXHYPE15M-26SEP281545-45,HYPE,1790624376.818116,10.0,0.5511,SETTLEMENT,no,no,0.5511,False
KXHYPE15M-26SEP281530-30,HYPE,1790623320.402779,10.0,0.3731,SETTLEMENT,no,no,0.3731,False
KXHYPE15M-26SEP281500-00,HYPE,1790621546.428325,10.0,0.5136,SETTLEMENT,yes,yes,0.5136,False
KXHYPE15M-26SEP281445-45,HYPE,1790620743.044966,10.0,0.7127,SETTLEMENT,no,no,0.7127,False
KXHYPE15M-26SEP281430-30,HYPE,1790619740.80577,10.0,0.3731,SETTLEMENT,no,no,0.3731,False
KXHYPE15M-26SEP281400-00,HYPE,1790617923.073199,10.0,0.4761,SETTLEMENT,no,no,0.4761,False
KXHYPE15M-26SEP281345-45,HYPE,1790617235.674544,10.0,0.6318,SETTLEMENT,no,no,0.6318,False
KXHYPE15M-26SEP281315-15,HYPE,1790615509.033476,10.0,0.6458,SETTLEMENT,yes,yes,0.6458,False
KXHYPE15M-26SEP281200-00,HYPE,1790610873.315177,10.0,0.8049,SETTLEMENT,yes,yes,0.8049,False
KXHYPE15M-26SEP281145-45,HYPE,1790610186.202399,10.0,0.4667,SETTLEMENT,no,no,0.4667,False
KXHYPE15M-26SEP280900-00,HYPE,1790599975.158537,10.0,0.4011,SETTLEMENT,yes,yes,0.4011,False
KXHYPE15M-26SEP280815-15,HYPE,1790597265.571787,10.0,0.6074,SETTLEMENT,yes,yes,0.6074,False
KXHYPE15M-26SEP280730-30,HYPE,1790594575.442138,10.0,0.3918,SETTLEMENT,yes,yes,0.3918,False
KXHYPE15M-26SEP280700-00,HYPE,1790592907.469991,10.0,0.5605,SETTLEMENT,no,no,0.5605,True
KXHYPE15M-26SEP280630-30,HYPE,1790591052.552534,10.0,0.6882,SETTLEMENT,yes,yes,0.6882,True
KXHYPE15M-26SEP280615-15,HYPE,1790590108.327773,10.0,-2.3945,HARD_STOP,yes,yes,0.3815,False
KXHYPE15M-26SEP280330-30,HYPE,1790580346.62812,10.0,-4.0798,HARD_STOP,yes,yes,0.3918,True
KXHYPE15M-26SEP280300-00,HYPE,1790578320.201206,10.0,0.3731,SETTLEMENT,no,no,0.3731,True
KXHYPE15M-26SEP280130-30,HYPE,1790572995.505438,10.0,0.692,SETTLEMENT,no,no,0.692,True
KXHYPE15M-26SEP280115-15,HYPE,1790572213.801217,10.0,0.3731,SETTLEMENT,no,no,0.3731,True
KXHYPE15M-26SEP280100-00,HYPE,1790571291.655021,10.0,-4.3555,HARD_STOP,no,no,0.5089,True
KXHYPE15M-26SEP280045-45,HYPE,1790570583.359177,10.0,0.5699,SETTLEMENT,yes,yes,0.5699,True
KXHYPE15M-26SEP280015-15,HYPE,1790568679.161199,10.0,0.3731,SETTLEMENT,yes,yes,0.3731,True
KXHYPE15M-26SEP272300-00,HYPE,1790564280.447052,10.0,0.3731,SETTLEMENT,no,no,0.3731,True
KXHYPE15M-26SEP272230-30,HYPE,1790562300.493687,10.0,0.9936,SETTLEMENT,yes,yes,0.9936,False
KXHYPE15M-26SEP271900-00,HYPE,1790549583.309518,10.0,0.598,SETTLEMENT,yes,yes,0.598,False
KXHYPE15M-26SEP271800-00,HYPE,1790546313.98364,10.0,0.5017,SETTLEMENT,yes,yes,0.5017,False
KXHYPE15M-26SEP271745-45,HYPE,1790545082.442808,10.0,0.388,SETTLEMENT,no,no,0.388,False
KXHYPE15M-26SEP271615-15,HYPE,1790539834.489566,10.0,0.3731,SETTLEMENT,yes,yes,0.3731,False
KXHYPE15M-26SEP271430-30,HYPE,1790533381.165592,10.0,-4.0738,HARD_STOP,yes,yes,0.7927,False
KXHYPE15M-26SEP271400-00,HYPE,1790531622.982744,10.0,0.6836,SETTLEMENT,yes,yes,0.6836,False
KXHYPE15M-26SEP271345-45,HYPE,1790530760.388474,10.0,0.4199,SETTLEMENT,yes,yes,0.4199,False
KXHYPE15M-26SEP271330-30,HYPE,1790529841.356698,10.0,-4.2787,HARD_STOP,no,yes,-9.6054,False
KXHYPE15M-26SEP271315-15,HYPE,1790528933.069246,10.0,0.6713,SETTLEMENT,yes,yes,0.6713,False
KXHYPE15M-26SEP271200-00,HYPE,1790524531.704707,10.0,0.5278,SETTLEMENT,yes,yes,0.5278,False
KXHYPE15M-26SEP271130-30,HYPE,1790522790.608869,10.0,0.4845,SETTLEMENT,no,no,0.4845,False
KXHYPE15M-26SEP271100-00,HYPE,1790520963.353652,10.0,0.8143,SETTLEMENT,no,no,0.8143,False
KXHYPE15M-26SEP271045-45,HYPE,1790520015.464386,10.0,0.4704,SETTLEMENT,no,no,0.4704,False
KXHYPE15M-26SEP270945-45,HYPE,1790516330.707208,10.0,0.6638,SETTLEMENT,no,no,0.6638,False
KXHYPE15M-26SEP270900-00,HYPE,1790513608.61173,10.0,0.7861,SETTLEMENT,no,no,0.7861,False
KXHYPE15M-26SEP270815-15,HYPE,1790511064.173926,10.0,0.4105,SETTLEMENT,yes,yes,0.4105,False
KXHYPE15M-26SEP270745-45,HYPE,1790509123.961817,10.0,0.4817,SETTLEMENT,no,no,0.4817,False
KXHYPE15M-26SEP270715-15,HYPE,1790507493.824518,10.0,0.901,SETTLEMENT,yes,yes,0.901,False
KXHYPE15M-26SEP270700-00,HYPE,1790506595.04859,10.0,0.5605,SETTLEMENT,yes,yes,0.5605,False
KXHYPE15M-26SEP270645-45,HYPE,1790505483.700181,10.0,0.6788,SETTLEMENT,no,no,0.6788,False
KXHYPE15M-26SEP270615-15,HYPE,1790503811.315298,10.0,0.3824,SETTLEMENT,yes,yes,0.3824,False
KXHYPE15M-26SEP270500-00,HYPE,1790499234.189016,10.0,0.5823,SETTLEMENT,yes,yes,0.5823,False
KXHYPE15M-26SEP270345-45,HYPE,1790494878.355664,10.0,0.5117,SETTLEMENT,yes,yes,0.5117,False
KXHYPE15M-26SEP270245-45,HYPE,1790491107.203664,10.0,0.4367,SETTLEMENT,no,no,0.4367,False
KXHYPE15M-26SEP270215-15,HYPE,1790489350.986406,10.0,0.5699,SETTLEMENT,yes,yes,0.5699,False
KXHYPE15M-26SEP270100-00,HYPE,1790484780.576299,10.0,0.4105,SETTLEMENT,no,no,0.4105,False
KXHYPE15M-26SEP270045-45,HYPE,1790483898.773829,10.0,0.3759,SETTLEMENT,no,no,0.3759,False
KXHYPE15M-26SEP270015-15,HYPE,1790482200.324137,10.0,-4.2325,HARD_STOP,yes,no,-9.3681,False
KXHYPE15M-26SEP270000-00,HYPE,1790481485.049042,10.0,0.5652,SETTLEMENT,no,no,0.5652,False
KXHYPE15M-26SEP262345-45,HYPE,1790480551.696788,10.0,0.8709,SETTLEMENT,yes,yes,0.8709,False
KXHYPE15M-26SEP262330-30,HYPE,1790479535.412158,10.0,0.9181,SETTLEMENT,no,no,0.9181,False
KXHYPE15M-26SEP262315-15,HYPE,1790478491.902663,10.0,-3.2198,HARD_STOP,yes,yes,1.3727,False
KXHYPE15M-26SEP262230-30,HYPE,1790475780.2386,10.0,-1.7582,HARD_STOP,yes,yes,0.645,False
KXHYPE15M-26SEP262215-15,HYPE,1790475064.070301,10.0,-4.4477,HARD_STOP,yes,yes,0.937,False
KXHYPE15M-26SEP262200-00,HYPE,1790473987.484226,10.0,0.4386,SETTLEMENT,yes,yes,0.4386,False
KXHYPE15M-26SEP262145-45,HYPE,1790473417.798103,10.0,0.4686,SETTLEMENT,no,no,0.4686,False
KXHYPE15M-26SEP262130-30,HYPE,1790472197.03971,10.0,-3.9032,HARD_STOP,no,yes,-9.5427,False
KXHYPE15M-26SEP262115-15,HYPE,1790471341.609107,10.0,-3.9134,HARD_STOP,yes,no,-9.2704,False
KXHYPE15M-26SEP262030-30,HYPE,1790468692.252205,10.0,-4.3955,HARD_STOP,yes,no,-9.5211,False
KXHYPE15M-26SEP262000-00,HYPE,1790466783.920506,10.0,0.6769,SETTLEMENT,yes,yes,0.6769,False
KXHYPE15M-26SEP261945-45,HYPE,1790465883.963266,10.0,0.4555,SETTLEMENT,yes,yes,0.4555,False
KXHYPE15M-26SEP261930-30,HYPE,1790464981.225235,10.0,-1.6558,HARD_STOP,yes,yes,0.8926,False
KXHYPE15M-26SEP261900-00,HYPE,1790463244.88608,10.0,0.6638,SETTLEMENT,yes,yes,0.6638,False
KXHYPE15M-26SEP261845-45,HYPE,1790462283.575676,10.0,0.9332,SETTLEMENT,no,no,0.9332,False
KXHYPE15M-26SEP261830-30,HYPE,1790461384.502906,10.0,0.7231,SETTLEMENT,no,no,0.7231,False
KXHYPE15M-26SEP261800-00,HYPE,1790459690.288268,10.0,-4.3924,HARD_STOP,yes,no,-9.3174,False
KXHYPE15M-26SEP261745-45,HYPE,1790458684.499439,10.0,0.6119,SETTLEMENT,yes,yes,0.6119,False
KXHYPE15M-26SEP261715-15,HYPE,1790456981.046221,10.0,1.126,SETTLEMENT,yes,yes,1.126,False
KXHYPE15M-26SEP261700-00,HYPE,1790455980.622914,10.0,0.5643,SETTLEMENT,yes,yes,0.5643,False
KXHYPE15M-26SEP261645-45,HYPE,1790455180.534092,10.0,0.6014,SETTLEMENT,no,no,0.6014,False
KXHYPE15M-26SEP261630-30,HYPE,1790454305.949945,10.0,0.5691,SETTLEMENT,yes,yes,0.5691,False
KXHYPE15M-26SEP261615-15,HYPE,1790453563.030877,10.0,-3.287,HARD_STOP,no,no,1.888,False
KXHYPE15M-26SEP261545-45,HYPE,1790451506.944654,10.0,0.6328,SETTLEMENT,no,no,0.6328,False
KXHYPE15M-26SEP261515-15,HYPE,1790449681.854877,10.0,0.5427,SETTLEMENT,yes,yes,0.5427,False
KXHYPE15M-26SEP261445-45,HYPE,1790447883.691553,10.0,0.6694,SETTLEMENT,no,no,0.6694,False
KXHYPE15M-26SEP261430-30,HYPE,1790446980.495054,10.0,-3.66,HARD_STOP,no,no,0.6094,False
KXHYPE15M-26SEP261330-30,HYPE,1790443609.558479,10.0,0.6074,SETTLEMENT,no,no,0.6074,False
KXHYPE15M-26SEP261315-15,HYPE,1790442537.381356,10.0,0.3824,SETTLEMENT,no,no,0.3824,False
KXHYPE15M-26SEP261245-45,HYPE,1790440697.363657,10.0,0.5136,SETTLEMENT,yes,yes,0.5136,False
KXHYPE15M-26SEP261230-30,HYPE,1790439960.668147,10.0,0.3731,SETTLEMENT,no,no,0.3731,False
KXHYPE15M-26SEP261200-00,HYPE,1790438262.284159,10.0,0.5136,SETTLEMENT,yes,yes,0.5136,False
KXHYPE15M-26SEP261130-30,HYPE,1790436210.444491,10.0,-4.4237,HARD_STOP,yes,no,-9.4489,False
KXHYPE15M-26SEP261030-30,HYPE,1790432990.466733,10.0,1.6012,SETTLEMENT,yes,yes,1.6012,False
KXHYPE15M-26SEP261015-15,HYPE,1790431753.156893,10.0,0.5269,SETTLEMENT,yes,yes,0.5269,False
KXHYPE15M-26SEP261000-00,HYPE,1790430904.043008,10.0,0.4667,SETTLEMENT,yes,yes,0.4667,False
KXHYPE15M-26SEP260815-15,HYPE,1790424718.690327,10.0,-3.7828,HARD_STOP,yes,no,-9.6148,False
KXHYPE15M-26SEP260745-45,HYPE,1790422706.398495,10.0,0.5567,SETTLEMENT,yes,yes,0.5567,False
KXHYPE15M-26SEP260730-30,HYPE,1790421932.439076,10.0,0.9275,SETTLEMENT,yes,yes,0.9275,False
KXHYPE15M-26SEP260700-00,HYPE,1790420161.364265,10.0,0.8521,SETTLEMENT,yes,yes,0.8521,False
KXHYPE15M-26SEP260645-45,HYPE,1790419177.281849,10.0,0.937,SETTLEMENT,yes,yes,0.937,False
KXHYPE15M-26SEP260600-00,HYPE,1790416503.603588,10.0,0.7207,SETTLEMENT,yes,yes,0.7207,False
KXHYPE15M-26SEP260545-45,HYPE,1790415655.855091,10.0,0.3918,SETTLEMENT,yes,yes,0.3918,False
KXHYPE15M-26SEP260515-15,HYPE,1790413680.572587,10.0,0.724,SETTLEMENT,no,no,0.724,False
KXHYPE15M-26SEP260500-00,HYPE,1790412782.276839,10.0,0.4349,SETTLEMENT,no,no,0.4349,False
KXHYPE15M-26SEP260430-30,HYPE,1790411185.618646,10.0,1.1355,SETTLEMENT,no,no,1.1355,False
KXHYPE15M-26SEP260400-00,HYPE,1790409264.254853,10.0,0.6469,SETTLEMENT,yes,yes,0.6469,False
KXHYPE15M-26SEP260345-45,HYPE,1790408280.375464,10.0,0.937,SETTLEMENT,yes,yes,0.937,False
KXHYPE15M-26SEP260330-30,HYPE,1790407381.476634,10.0,0.7823,SETTLEMENT,no,no,0.7823,False
KXHYPE15M-26SEP260300-00,HYPE,1790405820.305427,10.0,-3.463,HARD_STOP,no,no,0.4002,False
KXHYPE15M-26SEP260245-45,HYPE,1790404931.500353,10.0,1.126,SETTLEMENT,yes,yes,1.126,False
KXHYPE15M-26SEP260215-15,HYPE,1790402895.56639,10.0,0.8537,SETTLEMENT,no,no,0.8537,False
KXHYPE15M-26SEP260200-00,HYPE,1790401981.187556,10.0,0.5511,SETTLEMENT,no,no,0.5511,False
KXHYPE15M-26SEP260130-30,HYPE,1790400427.34199,10.0,0.7767,SETTLEMENT,no,no,0.7767,False
KXHYPE15M-26SEP260115-15,HYPE,1790399280.567211,10.0,0.5547,SETTLEMENT,no,no,0.5547,False
KXHYPE15M-26SEP260100-00,HYPE,1790398381.808308,10.0,0.9275,SETTLEMENT,yes,yes,0.9275,False
KXHYPE15M-26SEP260045-45,HYPE,1790397547.392182,10.0,0.6215,SETTLEMENT,yes,yes,0.6215,False
KXHYPE15M-26SEP260030-30,HYPE,1790396684.345687,10.0,0.3731,SETTLEMENT,no,no,0.3731,False
KXHYPE15M-26SEP260015-15,HYPE,1790395876.606869,10.0,0.3731,SETTLEMENT,yes,yes,0.3731,False
KXHYPE15M-26SEP260000-00,HYPE,1790394781.842107,10.0,0.3918,SETTLEMENT,no,no,0.3918,False
KXHYPE15M-26SEP252315-15,HYPE,1790392246.087388,10.0,0.4386,SETTLEMENT,no,no,0.4386,False
KXHYPE15M-26SEP252230-30,HYPE,1790389443.049216,10.0,0.5521,SETTLEMENT,no,no,0.5521,False
KXHYPE15M-26SEP252200-00,HYPE,1790387818.25488,10.0,1.888,SETTLEMENT,no,no,1.888,False
KXHYPE15M-26SEP252130-30,HYPE,1790385781.82967,10.0,0.937,SETTLEMENT,yes,yes,0.937,False
