ticker,asset,side,opened,entry_et,requested,remaining,qty,entry,pnl,fees,check_id,decision_id,buy_ids,exit_reasons,fill_remaining,planned_qty,exact_check_id,check_delta,check_stage,config_hash,entry_path,check_time,source,ask,bid,confidence,raw_probability,net_ev,quality,lead_sigma,safety_ratio,sigma_multiplier,atr_floor,volatility_disagreement,model_age,book_age,regime,queue_depth,spread,bid_top_qty,bid_top_cover,bid5_cover,signed_imbalance,momentum_5,momentum_z_5,momentum_15,momentum_z_15,momentum_30,momentum_z_30,momentum_60,momentum_z_60,momentum_180,momentum_z_180,momentum_300,momentum_z_300,return_acceleration,consecutive_direction,stoch,stoch_delta,distance_atr,edge,reference_ready,split
KXBNB15M-26SEP271545-45,BNB,yes,1790538095.31424,2026-09-27T15:41:35.314240-04:00,1790538092.5170674,207.4906873703003,10.0,0.94,0.5605,0.0395,dbd10e57-e0d2-4ad5-b4af-6ae6db736604,BNB-live-signals:158a42c8-5c95-4ef5-828f-ca93dea2fff1:KXBNB15M-26SEP271545-45:decision,['54f2e778-58b2-43ff-8e35-024b43db5f72'],[],204.68576002120972,10,True,0.007754802703857422,live_entry,df1839794870d211,standard,1790538092.5093126,research-logs/BNB/20260926T200022Z-f40396c10d63451099f032815596aac7/events-1790538059695019131.jsonl.gz,0.94,0.92,0.8364957846597283,0.8364957846597283,-0.1095522153402717,99.15970443575996,1.2993361815650253,1.258405679339025,1.0,False,0.08402955642400378,0.39735841751098633,0.005440473556518555,NORMAL,0,0.019999999999999907,1.0,0.1,5.5,0.3431223043693077,0.00011684447999704695,0.8549292377539275,9.886662891767095e-05,0.7790319115515906,0.0003082202336308626,1.718810095367707,0.00017463480779889018,0.7731281041025848,0.00014766515705799677,0.3906941727784135,0.0007271905007850687,1.1339040027481233,1.3094888211713969e-05,-1,89.99546925228697,0.0,2.34239322273234,-0.10350421534027165,True,discovery
KXETH15M-26SEP271545-45,ETH,yes,1790538125.790685,2026-09-27T15:42:05.790685-04:00,1790538124.5211275,175.48517155647278,10.0,0.96,0.3731,0.0269,34eee130-e4d2-45ef-9de2-ebc9bdbb8dbc,ETH-no-takeprofit-20260924T232108Z-signals:c88bb16e-56f7-4a02-bfaf-6dea0719cd6a:KXETH15M-26SEP271545-45:decision,['89a665d6-67a8-49be-aeb9-65aaccdae4f6'],[],174.2093150615692,10,True,0.006299018859863281,live_entry,0d43111ed71ba52f,standard,1790538124.5148284,research-logs/ETH/20260926T200022Z-b19ed96582c74a01b04bcac86e56a2a5/events-1790538110522577558.jsonl.gz,0.957,0.952,0.9018607551791608,0.9018607551791608,-0.0601202448208392,98.48366290143593,1.3450136067558103,1.8166617401233736,0.8,False,0.15163370985640645,0.4099445343017578,0.004659414291381836,NORMAL,0,0.0050000000000000044,50.0,5.0,13.882,0.307140649312165,-1.484984945965273e-05,-0.4276094144456644,0.00010396129669443255,0.3891895492617549,0.00025994377787452727,0.938715392556342,0.00033795326589136643,1.1630948485304795,0.00013738201855040266,0.30921917985733754,0.0012377985770892774,1.2498358699468284,-1.1634762487748122e-05,2,93.2358346589953,1.2724680339234595,2.4883720930235502,-0.055139244820839206,True,discovery
KXDOGE15M-26SEP271600-00,DOGE,no,1790539031.404226,2026-09-27T15:57:11.404226-04:00,1790539029.2783115,170.7305235862732,10.0,0.935,0.6074,0.0426,e6dba7b3-9bbc-460e-8026-ad294d4aeaf0,DOGE-live-signals:7bc06644-3ffa-4e9b-90cd-ada8d964bb9a:KXDOGE15M-26SEP271600-00:decision,['c57ad778-f0ef-4fa8-b634-ddce9f344f1d'],[],168.595773935318,10,True,0.008835077285766602,live_entry,0e86f765eabfa491,standard,1790539029.2694764,research-logs/DOGE/20260926T200022Z-45f2c7c2467343a3b51fc2e394007f20/events-1790538631736821432.jsonl.gz,0.919,0.915,0.8334843964850991,0.8334843964850991,-0.0928266035149009,98.46719670857033,1.3302557528655399,1.1999616476609645,1.1,False,0.15328032914296788,0.1605358123779297,0.0579836368560791,NORMAL,0,0.0040000000000000036,2.0,0.2,19.41,0.7188255529093576,-2.058290795314832e-05,-0.1807098162235303,5.145356315916505e-05,0.3036857124949368,-0.0,-0.0,0.00011319085006322727,0.2260700631091526,0.00026750072019421367,0.36794967047245525,0.00047317314022377044,0.5488764423047732,-4.116581590629664e-06,1,99.30575004018652,3.254308488425105,2.2276353276352374,-0.08551560351490095,True,discovery
KXETH15M-26SEP271600-00,ETH,no,1790539075.094299,2026-09-27T15:57:55.094299-04:00,1790539074.4864602,125.51923561096191,10.0,0.9546,0.4237,0.0303,97fc02eb-ebb4-4fa1-b828-82257b38dceb,ETH-no-takeprofit-20260924T232108Z-signals:4dced850-a7e0-4561-b940-3af66027c3b0:KXETH15M-26SEP271600-00:decision,['6b22927b-a91e-4906-a848-dc3a4f84afae'],[],124.90570092201233,10,True,0.005695819854736328,live_entry,0d43111ed71ba52f,standard,1790539074.4807644,research-logs/ETH/20260926T200022Z-b19ed96582c74a01b04bcac86e56a2a5/events-1790538710746739487.jsonl.gz,0.937,0.923,0.8427055317809553,0.8427055317809553,-0.1005274682190447,99.12043895535736,1.1444872490109466,1.3537538545930492,0.8,False,0.08795610446426382,0.36102914810180664,0.02956223487854004,NORMAL,0,0.014000000000000012,1.0,0.1,42.319,0.23566983016665044,8.544373158780871e-05,1.1239210774426152,3.343624265805811e-05,0.24564351552182734,2.600615974479581e-05,0.18908200266201494,0.0001783007934385017,0.8859512532301212,0.00012630296366189508,0.4817147531842902,0.00042336059181347085,0.9816788411631713,1.622187432606855e-05,2,85.84974604328825,6.884584145302288,1.5686746987958953,-0.09429446821904475,True,discovery
KXBNB15M-26SEP271600-00,BNB,no,1790539082.97538,2026-09-27T15:58:02.975380-04:00,1790539082.4490435,117.56675171852112,10.0,0.903,-4.4562,0.2362,def3af14-5939-4a72-b254-688be73e6407,BNB-live-signals:3a23b883-b2f2-45df-a168-d9135712de04:KXBNB15M-26SEP271600-00:decision,['37bc3261-cd28-410e-9898-e0c98b5220db'],['HARD_STOP'],117.02462005615234,10,True,0.015795230865478516,live_entry,df1839794870d211,late_settlement,1790539082.4332483,research-logs/BNB/20260926T200022Z-f40396c10d63451099f032815596aac7/events-1790538659988631645.jsonl.gz,0.903,0.87,0.8888555983922395,0.8888555983922395,-0.0223764016077605,98.71511908282727,1.50926911938811,1.5643758320321892,1.0,False,0.1284880917172724,0.3174605369567871,0.03766822814941406,NORMAL,1,0.03300000000000003,30.94,3.0940000000000003,23.994,0.1578880598952289,8.350183575578374e-05,0.6898997722382165,8.607090186885102e-05,0.6780375018403044,8.350183575578374e-05,0.530706581350454,0.00014130263041267632,0.812628082683748,-2.955014402483691e-05,-0.10952096324356098,3.982569193938801e-05,0.12067883198197209,1.3916972625963954e-05,1,81.25306610718413,2.7980792629806075,2.1927710843375903,-0.014144401607760537,True,discovery
KXETH15M-26SEP271615-15,ETH,yes,1790539688.77373,2026-09-27T16:08:08.773730-04:00,1790539688.2380273,411.7679560184479,10.0,0.87,1.2208,0.0792,f932978e-a7c6-4ad2-860b-a6543d25161a,ETH-no-takeprofit-20260924T232108Z-signals:4d618ced-243a-4ced-97c9-9e706dc9f2a3:KXETH15M-26SEP271615-15:decision,['0e78af71-dffa-492d-b440-aad1dc84faa4'],[],411.22626996040344,10,True,0.0059833526611328125,live_entry,0d43111ed71ba52f,standard,1790539688.232044,research-logs/ETH/20260926T200022Z-b19ed96582c74a01b04bcac86e56a2a5/events-1790539311274589438.jsonl.gz,0.87,0.86,0.890889868018323,0.890889868018323,0.010872868018323,97.53038906109005,0.43233816732655667,1.6278661437667343,0.8,False,0.2469610938909951,0.1265730857849121,0.1262814998626709,NORMAL,135,0.010000000000000009,171.0,17.1,37.6,0.4599630854710456,0.0005498159231149824,0.8884867128686524,0.0005052137314121019,0.8756144975215613,0.0004940638048114288,0.8700374440277233,0.0005052137314121019,0.8950336616869282,1.4851944676541606e-05,0.023505571609347548,0.00033799092252939644,0.48933760539883253,9.349439112928218e-05,2,65.32494662157671,13.743210768380827,3.4121338912136268,0.020889868018323043,True,discovery
KXDOGE15M-26SEP271615-15,DOGE,yes,1790539742.781126,2026-09-27T16:09:02.781126-04:00,1790539742.4731207,357.5655505657196,10.0,0.9568,0.403,0.029,f224da4e-86d9-42ba-8757-da9e60358f5a,DOGE-live-signals:19b72af7-920e-4322-afb5-66ec472af0f5:KXDOGE15M-26SEP271615-15:decision,['7677b583-6d98-44b5-ad6c-98ec8c89e776'],[],357.21887397766113,10,True,0.038671255111694336,live_entry,0e86f765eabfa491,standard,1790539742.4344494,research-logs/DOGE/20260926T200022Z-45f2c7c2467343a3b51fc2e394007f20/events-1790539232144623055.jsonl.gz,0.955,0.951,0.8357140293540296,0.8357140293540296,-0.1243949706459704,97.40127205215634,0.6654792009783651,1.3394093328061747,1.1,False,0.2598727947843654,0.31368398666381836,0.01861715316772461,NORMAL,0,0.0040000000000000036,69.81,6.981,14.781,0.8279485506195933,0.0002875392799195353,1.3313013060231949,0.0002875392799195353,1.3699718180463631,0.00026699527623752495,1.2534871988832497,0.0010894141829393966,0.6684572437293073,0.0006266372181418234,0.36742308893094455,0.0002772671725939091,0.1467948492587273,4.860801344265623e-05,3,77.90003140928007,7.9721443969934995,3.5983104540656847,-0.11928597064597035,True,discovery
KXBTC15M-26SEP271615-15,BTC,yes,1790539762.482339,2026-09-27T16:09:22.482339-04:00,1790539761.1420991,338.86284732818604,10.0,0.908,0.8615,0.0585,e7b7776e-9667-4019-9f9e-863aeca20e93,BTC-no-takeprofit-20260924T232108Z-signals:51f266ed-acd8-4e0f-99b8-b3bb4993f949:KXBTC15M-26SEP271615-15:decision,['29c320d0-794a-4d3a-8046-4469222d8267'],[],337.5176610946655,10,True,0.004946470260620117,live_entry,c46350764255c1b3,standard,1790539761.1371527,research-logs/BTC/20260926T200022Z-03f17a17ea7049109fd8712714dfcf87/events-1790539544237038607.jsonl.gz,0.909,0.908,0.8582708387909882,0.8582708387909882,-0.0586201612090118,97.78570327574354,0.9511077363839476,1.3398202711143783,0.8,False,0.22142967242564532,1.0730998516082764,0.07513570785522461,NORMAL,2,0.0010000000000000009,30.93,3.093,322.075,0.38841442322216085,4.365419085106126e-06,0.5517958135183794,-2.2416416556425567e-05,-0.937333114542413,8.106143040520486e-05,0.9512761416275753,5.687141832488862e-05,0.5593145520391571,0.00037403045969996995,0.9663353392332342,-3.362424796704566e-05,-0.06997148422730608,-1.8289638631522703e-06,-2,69.55836432236389,22.248373349047014,2.551287799531883,-0.05072916120901183,True,discovery
KXXRP15M-26SEP271615-15,XRP,yes,1790539780.119168,2026-09-27T16:09:40.119168-04:00,1790539776.442986,323.5633935928345,10.0,0.94599,0.5043,0.0358,2d6f22d3-a3d3-4368-816d-747f388d2cc6,XRP-no-takeprofit-20260924T232108Z-signals:f567e8f8-abcb-44b6-b905-0b052b929f00:KXXRP15M-26SEP271615-15:decision,['6a568cf0-6ab0-474c-ae2d-3af237524b7b'],[],319.8808319568634,10,True,0.006379604339599609,live_entry,ddea64c3e3bc8c38,standard,1790539776.4366064,research-logs/XRP/20260926T200022Z-3b4239a4e3c241799540a03ad5d775dc/events-1790539267343976390.jsonl.gz,0.942,0.935,0.8314064470615884,0.8314064470615884,-0.1165185529384116,98.61936635294684,1.231847557537111,1.1506723052381476,1.25,False,0.13806336470531608,0.3750874996185303,0.07711529731750488,NORMAL,0,0.006999999999999895,43.0,4.3,18.107,0.7211134060376,0.000130351754208613,0.9759624651844695,0.00024769739200714014,0.6969002602871811,0.0002607374960075237,0.6984056517269663,0.0007499869567486606,1.3995476196796228,0.0016449193532594997,1.1423093686182395,0.0004368121838000949,0.27977923785027514,1.737910097480514e-05,1,69.07311580371186,22.520599788341137,3.3420836751435448,-0.11059355293841155,True,discovery
KXHYPE15M-26SEP271615-15,HYPE,yes,1790539834.489566,2026-09-27T16:10:34.489566-04:00,1790539830.3800967,269.6280052661896,10.0,0.96,0.3731,0.0269,18de6682-593e-4777-b6c8-0f9282508e63,HYPE-live-signals:07929f01-3f7e-4fb7-9551-bbc113d3bab3:KXHYPE15M-26SEP271615-15:decision,['c01030bb-f64c-4f25-99a5-ef51c410282b'],[],265.5104339122772,10,True,0.008101940155029297,live_entry,e5e368113934464d,standard,1790539830.3719947,research-logs/HYPE/20260926T200022Z-1390f248c5fa452399477f789e35f0ad/events-1790539267582201709.jsonl.gz,0.919,0.918,0.8605410165230039,0.8605410165230039,-0.0657699834769961,98.94418357789337,1.0727506326309897,1.3367166975165163,1.0,False,0.10558164221066305,0.24619150161743164,0.11868000030517578,NORMAL,0,0.0010000000000000009,4.0,0.4,5.8,0.7200986924437973,0.0004026641128329622,1.1512382600440878,0.000532238525579487,1.4230429058023466,0.0005442176870746884,1.4787152226089617,0.0005169927348915859,1.3667374864986046,0.0008862893005066041,1.081390945102835,0.0008012942644315402,0.9030360127487712,6.239223299743616e-05,2,89.83049591169902,14.81109852599846,2.8349436392914233,-0.058458983476996185,True,discovery
KXBNB15M-26SEP271615-15,BNB,yes,1790539881.657373,2026-09-27T16:11:21.657373-04:00,1790539879.2444654,220.76127552986145,10.0,0.9028,0.9105,0.0615,667b6fc7-2d46-4e71-8fbb-9e6f6ab84b50,BNB-live-signals:907b69f1-59a8-4d42-b3eb-38068960b083:KXBNB15M-26SEP271615-15:decision,['9e70df4e-fe39-4ebc-ac2f-3f83a3cf013b'],[],218.34262704849243,10,True,0.0057408809661865234,live_entry,df1839794870d211,standard,1790539879.2387245,research-logs/BNB/20260926T200022Z-f40396c10d63451099f032815596aac7/events-1790539860379627077.jsonl.gz,0.9,0.87,0.8379679112807749,0.8379679112807749,-0.0704320887192251,98.84267047692143,1.48003371794853,1.2680467626817329,1.0,False,0.11573295230785674,0.17362189292907715,0.09492111206054688,NORMAL,0,0.030000000000000027,3.81,0.381,26.438,0.5247617099387095,4.621748407407367e-05,0.8937584645889007,7.703151359206295e-05,1.236432318690669,0.00012197204400754558,1.3735014448359586,0.0001027113221259146,0.5776546130346008,2.8243510411529726e-05,0.10865042633065339,-3.0809282836941065e-05,-0.07369128695712175,5.1777620145632145e-06,2,57.016450684602766,-4.023348125673309,2.433278418451322,-0.062032088719225165,True,discovery
KXBNB15M-26SEP271645-45,BNB,yes,1790541541.44765,2026-09-27T16:39:01.447650-04:00,1790541540.3046508,359.7051317691803,10.0,0.941,0.5511,0.0389,21618f9f-b1df-41c0-abfc-b77c6fe402fc,BNB-live-signals:d4344e93-e873-4e13-80be-23df003bc2f5:KXBNB15M-26SEP271645-45:decision,['66c6c6ff-0926-4fe5-8194-73793342113c'],[],358.5523500442505,10,True,0.009782552719116211,live_entry,df1839794870d211,standard,1790541540.2948682,research-logs/BNB/20260926T200022Z-f40396c10d63451099f032815596aac7/events-1790541061121305849.jsonl.gz,0.942,0.941,0.8337077376345663,0.8337077376345663,-0.1142172623654337,98.33837419297883,1.3061746763265396,1.3444429305893035,1.0,False,0.1661625807021161,0.2480170726776123,0.06183052062988281,NORMAL,0,0.0010000000000000009,1.0,0.1,14.2,0.7609300663889353,-5.139822444877318e-06,-0.7016440921621804,-1.0279592054462938e-05,-0.5234586195565551,5.782664343323418e-05,0.6262934276975476,6.168199078615544e-05,0.5559712308725483,0.0001889251316691265,0.5577948272610307,0.000442222476471521,1.1016895806124207,-2.9555192700832694e-06,0,81.02428701670887,-5.8050026463936035,3.2929848693257666,-0.10829226236543366,True,discovery
KXETH15M-26SEP271645-45,ETH,yes,1790541645.723178,2026-09-27T16:40:45.723178-04:00,1790541641.4693043,258.53784942626953,10.0,0.901,0.9275,0.0625,8822e572-1dd8-4d87-9f02-e31b2987e3a1,ETH-no-takeprofit-20260924T232108Z-signals:77fb140c-c865-4c21-8c76-9d386efc5c5d:KXETH15M-26SEP271645-45:decision,['b9773698-6afd-4027-98d5-42452a122abe'],[],254.27682209014893,10,True,0.007153749465942383,live_entry,0d43111ed71ba52f,standard,1790541641.4621506,research-logs/ETH/20260926T200022Z-b19ed96582c74a01b04bcac86e56a2a5/events-1790541313500245761.jsonl.gz,0.903,0.902,0.8352340067302862,0.8352340067302862,-0.0759979932697138,98.89846404303952,0.9625306643052937,1.188826120927815,0.8,False,0.110153595696048,0.3650553226470947,0.030367612838745117,NORMAL,4,0.0010000000000000009,1.0,0.1,97.884,0.5528049478683686,0.00013013861621757883,1.10342750816702,0.00012270121139557055,1.0840469801622594,8.92342585190331e-05,0.7101811658089024,-5.576332557610808e-05,-0.268286142591641,8.551584645810628e-05,0.2087105767031024,0.0001859226784763912,0.3131093696640158,2.3053247959547996e-05,2,78.01311133608505,3.792688488140243,1.9756097560972683,-0.06776599326971378,True,discovery
KXDOGE15M-26SEP271645-45,DOGE,yes,1790541663.678366,2026-09-27T16:41:03.678366-04:00,1790541663.3914516,236.61918139457703,10.0,0.949,0.4761,0.0339,10e217be-89d7-4199-8e7b-7578c0f65353,DOGE-live-signals:2aa06d79-d18c-4b29-9cd6-f89bc11abfdd:KXDOGE15M-26SEP271645-45:decision,['45c236ed-ec9c-414b-ba40-dadadeebe830'],[],236.32163405418396,10,True,0.010632991790771484,live_entry,0e86f765eabfa491,standard,1790541663.3808186,research-logs/DOGE/20260926T200022Z-45f2c7c2467343a3b51fc2e394007f20/events-1790541318015981180.jsonl.gz,0.954,0.953,0.8327339319462513,0.8327339319462513,-0.1264380680537487,99.49494049546988,1.4269425483595588,1.318161942598591,1.1,False,0.05050595045301287,0.30852293968200684,0.03515481948852539,NORMAL,1,0.0010000000000000009,1.0,0.1,6.3,0.7136162504732256,0.00029878733553800885,0.9582084514951017,0.00025756467448978526,0.8721853709774713,0.0004018588548053703,1.3147453557857598,0.000618378200107017,1.4860664635522878,0.0008659436724256508,1.0666111976914687,0.0004946413849957754,0.511459249056986,4.636217194742276e-05,2,98.52125148867712,5.9542600711513245,2.8813349814585756,-0.12126606805374862,True,discovery
KXETH15M-26SEP271700-00,ETH,no,1790542394.599428,2026-09-27T16:53:14.599428-04:00,1790542392.640005,407.36693692207336,10.0,0.936,0.598,0.042,f364bfa0-d520-4576-98b3-3149a452c210,ETH-no-takeprofit-20260924T232108Z-signals:a8bab179-d5f1-4d6e-99d3-5b570ae93a9f:KXETH15M-26SEP271700-00:decision,['901ad49a-a0a7-4ac0-a517-65fd0bd8cf98'],[],405.4005720615387,10,True,0.006942033767700195,live_entry,0d43111ed71ba52f,standard,1790542392.633063,research-logs/ETH/20260926T200022Z-b19ed96582c74a01b04bcac86e56a2a5/events-1790541925602715078.jsonl.gz,0.936,0.935,0.868715639478202,0.868715639478202,-0.073578360521798,97.5782039362753,1.2848596786969038,1.5045736094103337,0.8,False,0.24217960637246927,0.555898904800415,0.20229125022888184,NORMAL,0,0.0010000000000000009,254.71,25.471,28.171000000000003,0.6749382535167803,-2.9767663387136878e-05,-1.0119427829607184,4.836867347057794e-05,0.6987861644201778,5.9530010566577474e-05,0.7448608212274931,-7.442248154321263e-05,-0.3066332705421895,-0.0003014794826463607,-0.5310935217365522,-8.186533895959691e-05,-0.11361635809474133,-7.937866362979958e-06,-2,67.73922874237533,-4.047468770250873,3.1384615384614616,-0.06728436052179809,True,discovery
KXBTC15M-26SEP271700-00,BTC,no,1790542402.91694,2026-09-27T16:53:22.916940-04:00,1790542401.6845148,398.32103514671326,10.0,0.88,1.126,0.074,75c70455-ed0b-4be4-99b9-171ee6ecacde,BTC-no-takeprofit-20260924T232108Z-signals:0363f6f3-98f3-425d-ad10-d62d6d1a6847:KXBTC15M-26SEP271700-00:decision,['33533460-1079-483a-b73d-d06b8acfae95'],[],397.0830600261688,10,True,0.005549907684326172,live_entry,c46350764255c1b3,standard,1790542401.6789649,research-logs/BTC/20260926T200022Z-03f17a17ea7049109fd8712714dfcf87/events-1790541976778297793.jsonl.gz,0.88,0.87,0.8446175907624973,0.8446175907624973,-0.0448744092375027,97.65455585363267,1.1453323733644534,1.3131424549749058,0.8,False,0.23454441463673287,0.5943377017974854,0.046315908432006836,NORMAL,4,0.010000000000000009,3152.36,315.236,931.076,0.25569513262643356,3.807832640767561e-05,0.9286171808169313,7.083282731401574e-05,1.4899764722302924,8.383943459344678e-05,1.6689275643686843,1.3008450052587328e-05,0.1573147938658699,7.118755745549876e-05,0.3137750841126064,-1.9040250735180564e-05,-0.04147680916413862,4.821017461753563e-06,2,41.06556497310976,1.4310246852778334,2.7087354461113127,-0.03538240923750269,True,discovery
KXSOL15M-26SEP271700-00,SOL,no,1790542465.677119,2026-09-27T16:54:25.677119-04:00,1790542464.578689,335.43031764030457,10.0,0.959,0.3824,0.0276,154462ec-e56e-4981-a1ba-a228e715c14f,SOL-no-takeprofit-20260924T232108Z-signals:c22664d9-3901-464e-8a5a-4768c9ec7e9f:KXSOL15M-26SEP271700-00:decision,['972027bf-5168-47c2-95dc-b89255883ece'],[],334.32288098335266,10,True,0.009006738662719727,live_entry,60c595a579c271bd,standard,1790542464.5696824,research-logs/SOL/20260926T200022Z-91b557ee5eb74343a14c0ab22cd6acf4/events-1790541950007807426.jsonl.gz,0.959,0.958,0.8839007863048838,0.8839007863048838,-0.0799522136951162,97.772584422802,0.6969323606220532,1.528650736388151,1.0,False,0.22274155771979973,0.4992952346801758,0.050637245178222656,NORMAL,2,0.0010000000000000009,3.0,0.3,2.3,0.8459960698222219,-0.000244778067885143,-1.2001272780166945,0.000815062352269913,0.7278817636036168,0.000733615911314045,0.6574783107015352,0.000815062352269913,0.7229090180413332,0.0012220954863939593,0.9398014407569113,0.001140715391509839,0.7644484674781508,-7.340947728749677e-05,-2,93.95986162926957,7.417001396538754,3.617068965517269,-0.07509921369511618,True,discovery
KXBTC15M-26SEP271715-15,BTC,yes,1790543280.473867,2026-09-27T17:08:00.473867-04:00,1790543280.0570076,419.9472453594208,10.0,0.943,0.5323,0.0377,0f5cae32-7e09-44a5-8396-45cc321afe26,BTC-no-takeprofit-20260924T232108Z-signals:363be1f9-9ef4-4b77-9b5a-3990804ccb27:KXBTC15M-26SEP271715-15:decision,['3fde4cb3-91bc-4e41-95bd-7fb53e47597e'],[],419.5261330604553,10,True,0.004252910614013672,live_entry,c46350764255c1b3,standard,1790543280.0527546,research-logs/BTC/20260926T200022Z-03f17a17ea7049109fd8712714dfcf87/events-1790542831627498337.jsonl.gz,0.943,0.942,0.8713558438049144,0.8713558438049144,-0.0775071561950856,97.15017268801618,1.3745791147728903,1.661692105330854,0.8,False,0.284982731198382,0.978003978729248,0.04993462562561035,NORMAL,14,0.0010000000000000009,610.41,61.041,284.222,0.3943310782489016,-2.363782316439078e-06,-0.3538302251605916,-3.1911034870102384e-06,-0.2607272944243771,1.2882810041192627e-05,0.3282885704897755,0.00012375961131683155,1.069972366604156,0.00012860659950453268,0.34976230854643886,0.0006347251044247493,1.024167542158674,-9.021834646609031e-07,-1,78.83618749031642,3.3865166008288696,3.5210112059767247,-0.07164415619508557,True,discovery
KXBNB15M-26SEP271715-15,BNB,yes,1790543284.929576,2026-09-27T17:08:04.929576-04:00,1790543281.7045429,418.30279541015625,10.0,0.9129,0.8153,0.0557,dfb9668a-7fc0-4cf7-be9d-ea955ab74d5c,BNB-live-signals:3ab5d5d8-6740-4203-9634-540a99173863:KXBNB15M-26SEP271715-15:decision,['362f2110-5078-432b-a743-2bc93f187efc'],[],415.070424079895,10,True,0.007338285446166992,live_entry,df1839794870d211,standard,1790543281.6972046,research-logs/BNB/20260926T200022Z-f40396c10d63451099f032815596aac7/events-1790543122428952321.jsonl.gz,0.907,0.906,0.8492160315994676,0.8492160315994676,-0.0657889684005324,97.6643717792363,1.410265370357157,1.4442520987393275,1.0,False,0.23356282207636986,0.6479358673095703,0.18337225914001465,NORMAL,0,0.0010000000000000009,68.78,6.878,63.211,0.733668697185724,2.570462811823937e-05,1.1313875716638324,5.912262031460003e-05,1.7512347606166674,8.997198015481267e-05,1.48988314408528,4.626928208084635e-05,0.4716826311688682,0.00011825223201089585,0.42140138243161385,0.0006468729544089058,1.287921937096471,2.141859618487452e-06,0,100.0,2.8731723962132065,3.81635581061725,-0.05778396840053246,True,discovery
KXETH15M-26SEP271715-15,ETH,yes,1790543291.559642,2026-09-27T17:08:11.559642-04:00,1790543287.2422752,412.76415181159973,10.0,0.9,0.937,0.063,b9855f51-f52a-4e39-8917-3e016209b287,ETH-no-takeprofit-20260924T232108Z-signals:3b6461a7-0107-4870-af37-6edf881ece84:KXETH15M-26SEP271715-15:decision,['30b1ac27-eac2-42dc-aeac-d2ba2ba81650'],[],408.4403579235077,10,True,0.00642704963684082,live_entry,0d43111ed71ba52f,standard,1790543287.2358482,research-logs/ETH/20260926T200022Z-b19ed96582c74a01b04bcac86e56a2a5/events-1790542814125017413.jsonl.gz,0.9,0.89,0.8423206874997093,0.8423206874997093,-0.0660793125002907,97.1867414903183,0.9728883119786261,1.2323093591567675,0.8,False,0.2813258509681699,0.14861750602722168,0.0020766258239746094,NORMAL,0,0.010000000000000009,465.81,46.581,227.715,0.6352814026788269,2.604127914773713e-05,1.436388395213149,-2.2320016963228717e-05,-0.7361406781414508,-2.603992292171675e-05,-0.5795901168461449,6.696602962130704e-05,0.40341937685900425,3.348189373597599e-05,0.07916958423772179,0.0006551640702068262,0.8055104182345575,6.076253260271317e-06,1,79.8066200098784,4.019250406769103,2.5862068965518556,-0.05767931250029068,True,discovery
KXSOL15M-26SEP271715-15,SOL,yes,1790543401.006908,2026-09-27T17:10:01.006908-04:00,1790543399.164905,300.8393745422363,10.0,0.9506,0.4611,0.0329,3906fb45-d459-41e3-a9af-479e21b1f400,SOL-no-takeprofit-20260924T232108Z-signals:b7b501fa-dd2e-479e-b22b-e6b9b5729e69:KXSOL15M-26SEP271715-15:decision,['845ee63c-dd89-426b-a220-6a47bbd0dae8'],[],298.9930920600891,10,True,0.004279613494873047,live_entry,60c595a579c271bd,standard,1790543399.1606255,research-logs/SOL/20260926T200022Z-91b557ee5eb74343a14c0ab22cd6acf4/events-1790542835530699755.jsonl.gz,0.94,0.939,0.8403044378940139,0.8403044378940139,-0.1057435621059861,98.55488416716226,1.2612949737919843,1.2423510372152,1.0,False,0.14451158328377486,0.09752154350280762,0.003664731979370117,NORMAL,0,0.0010000000000000009,35.0,3.5,4.1,0.8284379072701528,0.00016282667100875337,0.8945000073230089,0.00016282667100875337,0.9661704336973922,0.00016282667100875337,0.8028274338311016,8.140670791267901e-05,0.33053042824691153,0.00016282667100875337,0.3911497906906185,0.0002442598925256334,0.27220682205384966,2.7137778501458896e-05,1,88.45691206326505,1.0034498082427774,2.7823157894736834,-0.09969556210598607,True,discovery
KXHYPE15M-26SEP271745-45,HYPE,no,1790545082.442808,2026-09-27T17:38:02.442808-04:00,1790545080.1101992,419.9006860256195,10.0,0.9584,0.388,0.028,09a53065-d831-4aeb-a100-8b178595cc26,HYPE-live-signals:d8a42baf-7529-4b1e-a427-b70dd48952f8:KXHYPE15M-26SEP271745-45:decision,['ed9ced5c-09bd-478e-90ae-838a014b9f0e'],[],417.55719208717346,10,True,0.010885238647460938,live_entry,e5e368113934464d,standard,1790545080.099314,research-logs/HYPE/20260927T213210Z-55722b5115a94b34b2871ca649cde7ab/events-1790544734633098543.jsonl.gz,0.959,0.944,0.8401774400956572,0.8401774400956572,-0.1236755599043428,98.71839548643007,0.8721588232968329,1.3724116701807199,1.0,False,0.12816045135699367,0.042632341384887695,0.08113265037536621,NORMAL,0,0.015000000000000013,20.0,2.0,4.6,0.8560334407238995,1.968848442424065e-05,1.0435808761168663,-0.00020349307904732328,-0.6696389581527952,-0.00047494604875542024,-0.8291469996954223,0.00015201873220749285,0.1345281431479304,0.0019323312867360887,1.3065638813020566,0.0020968342278443464,1.342772766638345,1.976923184336214e-05,3,100.0,-0.0,3.6308149502802904,-0.11882255990434276,True,discovery
KXBTC15M-26SEP271745-45,BTC,no,1790545085.598441,2026-09-27T17:38:05.598441-04:00,1790545084.583978,415.42088627815247,15.0,0.956,0.6158,0.0442,25a7bc14-a6c7-4484-afdf-65dbad2c9506,BTC-no-takeprofit-20260924T232108Z-signals:cddffa5b-eedf-4f5f-915a-835fa6a52ec4:KXBTC15M-26SEP271745-45:decision,['ec32ca2d-c309-44ae-a615-1210d6182126'],[],414.4015591144562,15,True,0.004864215850830078,live_entry,c46350764255c1b3,standard,1790545084.5791137,research-logs/BTC/20260927T213209Z-148fad892849464b8ca2f68c5f7d6c3c/events-1790544731737181850.jsonl.gz,0.959,0.958,0.9040785520658855,0.9040785520658855,-0.0597744479341145,98.58972573007087,1.069390340152136,2.4776004677759205,0.8,False,0.1410274269929136,0.49431872367858887,0.3403332233428955,NORMAL,252,0.0010000000000000009,12.68,0.8453333333333333,157.14066666666668,0.5047739671408168,-8.737919944068473e-05,-0.31746410370841854,-1.7640369689875257e-05,-0.06400606256103371,-0.00015795674542795624,-0.46777887056908996,0.00032830508181713736,0.5317557198073652,0.001475323093393155,1.878826364353133,0.001517461804279585,1.8490854439551,-1.2210615040538403e-05,1,97.96293984532524,-2.0370601546747635,5.2185282032124585,-0.054921447934114465,True,discovery
KXXRP15M-26SEP271745-45,XRP,no,1790545091.056882,2026-09-27T17:38:11.056882-04:00,1790545086.7717965,413.2339503765106,15.0,0.942,0.8126,0.0574,ecdcfc08-afcd-4ef2-9beb-54e93aa220eb,XRP-no-takeprofit-20260924T232108Z-signals:110a79e1-4527-479f-8525-03f9c844d5e4:KXXRP15M-26SEP271745-45:decision,['0c3b65ac-8a46-489a-9a3a-12c632040825'],[],408.94311809539795,15,True,0.0057468414306640625,live_entry,ddea64c3e3bc8c38,standard,1790545086.7660496,research-logs/XRP/20260927T213209Z-e3ba5f3a14c542ce9d603c5d85171727/events-1790544732013278566.jsonl.gz,0.934,0.931,0.830396299727495,0.830396299727495,-0.110019700272505,98.7769408547701,0.9919767437374847,1.1449161483522383,1.25,False,0.12230591452298965,0.6801424026489258,0.09844613075256348,NORMAL,1,0.0030000000000000027,8.0,0.5333333333333333,13.148,0.7384183401851666,0.0008959806046551222,1.2004974029797186,0.0011460412179652435,1.5409233050067745,0.0006392092257002657,0.7060200663508437,0.00027028096035441873,0.16463974405412551,0.004137034337384993,1.836030589356551,0.00379686134887125,1.5970335075907847,0.00015788914674101558,3,100.0,2.0573335479602557,3.7589208006962265,-0.1036037002725051,True,discovery
KXBNB15M-26SEP271745-45,BNB,no,1790545094.513996,2026-09-27T17:38:14.513996-04:00,1790545092.9882238,407.0206561088562,10.0,0.945,0.5136,0.0364,52f73fff-63cb-4e03-972c-634caa4ad3dc,BNB-live-signals:3a0738a7-d88b-4807-94a7-126555d64a2e:KXBNB15M-26SEP271745-45:decision,['cc4aea80-cb20-4270-8106-01e52372fafe'],[],405.486004114151,10,True,0.008879899978637695,live_entry,df1839794870d211,standard,1790545092.979344,research-logs/BNB/20260927T213210Z-a002389ad9be47b6883c2a246d5f63a2/events-1790544734700231732.jsonl.gz,0.945,0.941,0.880106773967734,0.880106773967734,-0.070632226032266,99.1732214464339,0.8865540147192656,1.814302080647225,1.0,False,0.08267785535660972,0.8846135139465332,0.03739309310913086,NORMAL,0,0.0040000000000000036,3.0,0.3,9.0,0.8595944467231447,-0.0002110413216334095,-1.0319917562224237,-0.0001351076615050406,-0.4123411116676266,-0.00024450727280456164,-0.7045407413417843,-0.0003346190426549711,-0.6582881968284251,0.001088535040032923,1.0580494599018526,0.000906206939102816,0.8634202301474683,-3.405802189986318e-05,-2,95.14636743560546,-2.40060624576433,4.730571722012953,-0.064893226032266,True,discovery
KXDOGE15M-26SEP271745-45,DOGE,no,1790545101.478415,2026-09-27T17:38:21.478415-04:00,1790545099.3251505,400.6836223602295,10.0,0.959,0.3824,0.0276,d122cb25-8701-4095-87cf-3c5bf2bff67f,DOGE-live-signals:fc4a63b7-05aa-4b8b-8ef3-50d13dc0bb9e:KXDOGE15M-26SEP271745-45:decision,['0308c821-90ec-4eec-a15a-cfad6e84ee80'],[],398.5215849876404,10,True,0.008772850036621094,live_entry,0e86f765eabfa491,standard,1790545099.3163776,research-logs/DOGE/20260927T213210Z-00bed11f2ad245a88799ebdd55798547/events-1790544734763304255.jsonl.gz,0.959,0.958,0.8671321474241058,0.8671321474241058,-0.0967208525758942,99.23687151180911,1.2638195019921736,1.5670593797614336,1.1,False,0.07631284881908812,0.22034478187561035,0.0265045166015625,NORMAL,1,0.0010000000000000009,3.0,0.3,3.562,0.8932069643232784,-0.00018624671481504151,-0.7837815121053975,-0.0002379942260530843,-0.7764765658793685,8.275405494861943e-05,0.08065829489900095,0.0003309340613882883,0.21151985554956604,0.004274868921187891,1.4590247089118926,0.004264611961515508,1.4190613915617267,-4.000781146129562e-05,-1,100.0,-0.0,4.455769230769186,-0.09186785257589414,True,discovery
KXETH15M-26SEP271745-45,ETH,no,1790545112.14234,2026-09-27T17:38:32.142340-04:00,1790545110.846643,389.16047382354736,10.0,0.95,0.4667,0.0333,a4c18872-08ef-4d3a-a062-86427cda75e8,ETH-no-takeprofit-20260924T232108Z-signals:840bb255-2dc5-4255-a833-c121091ce545:KXETH15M-26SEP271745-45:decision,['dd547fe6-a896-485c-aa0d-e1483e62d6dc'],[],387.8576600551605,10,True,0.007116794586181641,live_entry,0d43111ed71ba52f,standard,1790545110.8395262,research-logs/ETH/20260927T213209Z-c5b36f5c692b42feb5a85a373bddf03b/events-1790544731581809659.jsonl.gz,0.949,0.947,0.9028605683841862,0.9028605683841862,-0.0516274316158138,98.78609468756544,1.441318080533005,2.406804294217394,0.8,False,0.12139053124345635,0.7878515720367432,0.1114358901977539,NORMAL,0,0.0020000000000000018,10.68,1.068,13.068000000000001,0.7856956592842151,-3.7328614996834375e-06,-0.0834055476765425,-0.0003360691854430442,-1.2082510501461126,-0.000261367624765807,-0.48432828220958246,-0.0006499376209294638,-0.9224327819876739,0.002791819596340117,1.4736239210807713,0.002699010114773026,1.3977644146856125,7.965681858923545e-06,1,96.04807016303916,-3.9519298369608404,4.908611599296977,-0.0461394316158138,True,discovery
KXSOL15M-26SEP271745-45,SOL,no,1790545122.030887,2026-09-27T17:38:42.030887-04:00,1790545118.3178923,381.6872215270996,15.0,0.951,0.686,0.049,aff16a07-5f8d-4c01-b850-344fb1dcb076,SOL-no-takeprofit-20260924T232108Z-signals:33cf8378-c98e-455a-bd59-a491a0467e3e:KXSOL15M-26SEP271745-45:decision,['63b21665-5fa2-4b5d-9483-5e2b85bf2445'],[],377.969113111496,15,True,0.005113840103149414,live_entry,60c595a579c271bd,standard,1790545118.3127785,research-logs/SOL/20260927T213209Z-3ec28b83322c4596a290ab527ebe1361/events-1790544731940316763.jsonl.gz,0.95,0.945,0.8580685066355169,0.8580685066355169,-0.0973564933644831,98.50086762501041,1.4494977497754225,1.5485670220248267,1.0,False,0.14991323749895788,0.20757603645324707,0.10836005210876465,NORMAL,1,0.0050000000000000044,3.0,0.2,2.066666666666667,0.7738509937859023,-0.0,-0.0,-0.0002450980392156854,-0.8039051364791833,-0.001062959934587271,-2.102488478551625,-0.0013085793735176932,-1.5873733340141962,0.0026881720430107503,1.2428324832661342,0.003337675024421949,1.3876221844736123,3.54319978195757e-05,1,90.42595334377077,-9.574046656229234,3.9068456375838885,-0.09193149336448303,True,discovery
KXETH15M-26SEP271800-00,ETH,yes,1790545981.220765,2026-09-27T17:53:01.220765-04:00,1790545980.463021,419.54382061958313,10.0,0.932,0.6356,0.0444,3a71191c-e287-4f2c-9034-908703c51720,ETH-no-takeprofit-20260924T232108Z-signals:3d7cead9-349c-43c6-8aaf-30f3c1ddfa0e:KXETH15M-26SEP271800-00:decision,['0f391485-1df6-4f9c-b3b6-f177fd3d9317'],[],418.77923488616943,10,True,0.0068416595458984375,live_entry,0d43111ed71ba52f,standard,1790545980.4561794,research-logs/ETH/20260927T213209Z-c5b36f5c692b42feb5a85a373bddf03b/events-1790545932363994143.jsonl.gz,0.929,0.92,0.8332585619751645,0.8332585619751645,-0.1024594380248355,96.95260585914718,0.8920911196278462,1.198594619336114,0.8,False,0.3047394140852821,0.35890817642211914,0.01701951026916504,NORMAL,1,0.009000000000000008,995.7,99.57000000000001,109.67,0.676535838951061,3.724852588815608e-06,0.3999998509755911,1.1174641014521924e-05,0.6649130294629065,1.4899576852078766e-05,0.5676454192097818,1.8624540439438064e-05,0.22107126836425894,0.0002682603317485377,0.8637394229742921,0.00016391976872420777,0.35011505726177145,2.483179560271627e-07,1,100.0,1.091968305482581,2.53665283540783,-0.09574143802483559,True,discovery
KXXRP15M-26SEP271800-00,XRP,yes,1790545985.008853,2026-09-27T17:53:05.008853-04:00,1790545983.2317126,416.7755227088928,15.0,0.9539333333333333,0.6448,0.0462,321e7a34-93cf-4f32-b553-c3d3eaf02951,XRP-no-takeprofit-20260924T232108Z-signals:ac5fb87e-f0c0-422d-aa08-61d4b800c6e7:KXXRP15M-26SEP271800-00:decision,['a08dbc46-59fd-45ad-a419-1bf8c7b1f89f'],[],414.9911470413208,15,True,0.007235288619995117,live_entry,ddea64c3e3bc8c38,standard,1790545983.2244773,research-logs/XRP/20260927T213209Z-e3ba5f3a14c542ce9d603c5d85171727/events-1790545933038911322.jsonl.gz,0.953,0.952,0.8507171393627712,0.8507171393627712,-0.1075188606372288,98.62710917543963,1.271156048503511,1.356994113593799,1.25,False,0.13728908245603727,0.13049936294555664,0.1881694793701172,NORMAL,0,0.0010000000000000009,21.5,1.4333333333333333,12.766666666666667,0.7881237369835647,1.3134908646739163e-05,0.2760319210407588,-5.910281920440408e-05,-0.9321437603003664,-0.00014446122529376826,-0.934205552196162,0.0002496222820731475,0.9911643204464354,0.0011966913456860073,2.087020610959659,0.0007360866479140249,0.9615157565251946,7.442355905806775e-06,-3,99.56831840658003,0.0,4.471275559882892,-0.1022828606372288,True,discovery
KXSOL15M-26SEP271800-00,SOL,yes,1790546047.845151,2026-09-27T17:54:07.845151-04:00,1790546046.9709039,353.03703594207764,15.0,0.9534,0.6523,0.0467,fd94f7d0-b7bd-42dc-b1d8-e48fe6532ea8,SOL-no-takeprofit-20260924T232108Z-signals:7da00e13-411e-4347-9e7b-452338d18cbd:KXSOL15M-26SEP271800-00:decision,['32725a9f-054f-46c9-b956-66d59a4f38de'],[],352.1548490524292,15,True,0.007939815521240234,live_entry,60c595a579c271bd,standard,1790546046.962964,research-logs/SOL/20260927T213209Z-3ec28b83322c4596a290ab527ebe1361/events-1790545936728158361.jsonl.gz,0.956,0.955,0.8589383117855194,0.8589383117855194,-0.1021066882144806,98.61408547577597,1.301061043849653,1.5571316016952768,1.0,False,0.1385914524224038,0.8848328590393066,0.04369473457336426,NORMAL,0,0.0010000000000000009,175.0,11.666666666666666,13.8,0.844640163966124,-8.138683161074134e-05,-0.8943907932104928,-0.0004881223560039283,-1.548878221204262,-0.0006507239303725765,-1.9657343107309806,-0.0006507239303725765,-1.9826078761045112,0.0,0.0,0.0004071329696277992,0.584532175964195,5.413431356937613e-06,-1,87.57220268170244,-9.887555863657909,3.781842105263093,-0.09706168821448058,True,discovery
KXHYPE15M-26SEP271800-00,HYPE,yes,1790546313.98364,2026-09-27T17:58:33.983640-04:00,1790546311.8704789,88.1387665271759,10.0,0.946264,0.5017,0.03566,b0de12ab-a8a4-4461-897a-7e791c64ca1e,HYPE-live-signals:39ee89e3-0e74-4b31-a4a8-854c25b65e0b:KXHYPE15M-26SEP271800-00:decision,['5ad1b896-226d-4c1a-b77b-28e787049c18'],[],86.01636004447937,10,True,0.00924539566040039,live_entry,e5e368113934464d,late_settlement,1790546311.8612335,research-logs/HYPE/20260927T213210Z-55722b5115a94b34b2871ca649cde7ab/events-1790546128010595219.jsonl.gz,0.948,0.922,0.8681131380499979,0.8681131380499979,-0.0854378619500021,99.15889732533391,1.374042656480729,1.303946587845816,1.0,False,0.08411026746660938,0.8004937171936035,0.029110431671142578,NORMAL,100,0.025999999999999912,225.0,22.5,70.8,0.6361132029086939,5.3523483701578556e-05,0.543922197501939,0.00023926163204834872,1.4526938938192702,0.0003452725522525846,1.8039626277166108,3.9322817392495324e-05,0.12481354375545667,8.848068827060906e-05,0.13870802599427934,-0.00010812180412700378,-0.1525542946871034,-8.043883347704405e-07,-1,83.27426392674447,9.733796746589675,1.587562871513388,-0.07988686195000205,True,discovery
KXHYPE15M-26SEP271900-00,HYPE,yes,1790549583.309518,2026-09-27T18:53:03.309518-04:00,1790549583.1848931,416.8229856491089,10.0,0.936,0.598,0.042,cf8f333d-8fd9-47a6-91d7-7225fa898e04,HYPE-live-signals:873ca8e2-1163-4b1d-83b5-9262081096ee:KXHYPE15M-26SEP271900-00:decision,['dbb2813b-05b2-4307-9413-14920eff0c89'],[],416.6904819011688,10,True,0.007878780364990234,live_entry,e5e368113934464d,standard,1790549583.1770144,research-logs/HYPE/20260927T213210Z-55722b5115a94b34b2871ca649cde7ab/events-1790549139641033351.jsonl.gz,0.936,0.932,0.8436621902981345,0.8436621902981345,-0.0986318097018655,99.15660399369234,1.305248049128153,1.3647738512051184,1.0,False,0.08433960063076518,1.0714325904846191,0.10053563117980957,NORMAL,0,0.0040000000000000036,11.0,1.1,1.7,0.8552413614390006,8.294444032141968e-05,0.9061483665720816,-3.601106521822217e-05,-0.26206881705931,2.1825721612245275e-06,0.012212378875007025,0.000655199224244063,2.2075225370830887,0.001457894817369576,2.6938953302209354,0.0023583564137230617,3.183546578885272,1.6516135658909784e-05,2,97.79356187938136,0.0,3.601789709172114,-0.09233780970186556,True,discovery
KXETH15M-26SEP271900-00,ETH,yes,1790549608.248587,2026-09-27T18:53:28.248587-04:00,1790549607.1950188,392.8116054534912,10.0,0.86,1.3157,0.0843,b2fad2a9-6fbe-48c9-8b59-cb40cdbc17a1,ETH-no-takeprofit-20260924T232108Z-signals:e78ad249-cf06-47b8-986e-86ac6046a56c:KXETH15M-26SEP271900-00:decision,['9b0a883e-43b6-4e49-8356-e04d16cc30a1'],[],391.75141310691833,10,True,0.0066242218017578125,live_entry,0d43111ed71ba52f,standard,1790549607.1883945,research-logs/ETH/20260927T213209Z-c5b36f5c692b42feb5a85a373bddf03b/events-1790549535127597776.jsonl.gz,0.86,0.85,0.833352476835238,0.833352476835238,-0.037175523164762,98.4496682253182,0.8782399115296297,1.2913501887461525,0.8,False,0.15503317746817918,0.09319734573364258,-0.0004215240478515625,NORMAL,0,0.010000000000000009,150.0,15.0,200.006,0.6135640134751426,0.00014958919068508436,0.8354740439073414,0.00012340785173114988,0.6929206173171245,0.00015332949386293038,0.7152087907984325,-7.103919120010627e-05,-0.21912237569832632,0.0011867236693345884,1.3111125023449273,0.0013666624231487567,1.361711048957473,2.480685500825253e-05,1,98.84707644189177,0.0,2.6436384571097022,-0.026647523164761933,True,discovery
KXETH15M-26SEP271930-30,ETH,yes,1790551381.310915,2026-09-27T19:23:01.310915-04:00,1790551380.071086,419.93961906433105,10.0,0.944,0.5229,0.0371,67973788-26d6-4a63-823b-3e3fdd08066d,ETH-no-takeprofit-20260924T232108Z-signals:a2f1c90a-51f4-4c05-9fb5-21455d5e7a39:KXETH15M-26SEP271930-30:decision,['9a596eb8-ef47-4ad1-97e6-776f342d6bba'],[],418.68908500671387,10,True,0.010704994201660156,live_entry,0d43111ed71ba52f,standard,1790551380.060381,research-logs/ETH/20260927T213209Z-c5b36f5c692b42feb5a85a373bddf03b/events-1790551337222847936.jsonl.gz,0.945,0.942,0.8331442758340278,0.8331442758340278,-0.1175947241659722,99.01670091632812,1.1718833618403248,1.3403518228421232,0.8,False,0.09832990836718736,0.9567646980285645,0.029633045196533203,NORMAL,1,0.0030000000000000027,14.0,1.4,12.4,0.7643733627147279,7.4577054878233184e-06,0.2138125584167723,-5.592924577546565e-05,-0.3626349639367623,-3.728685899229145e-05,-0.09498405301509501,-5.220082402723758e-05,-0.11675401063858314,0.0006567041659668593,0.9248113359292361,0.0013292261738075961,1.1435459188683146,2.734436397307712e-06,-2,99.06768999925505,-0.9323100007449483,2.840015879317203,-0.11185572416597211,True,discovery
KXBTC15M-26SEP271945-45,BTC,no,1790552554.764302,2026-09-27T19:42:34.764302-04:00,1790552553.1333318,146.8710343837738,15.0,0.924,1.0662,0.0738,2c591b9a-b779-4db2-9218-f644981b9de5,BTC-no-takeprofit-20260924T232108Z-signals:8dd53aa4-0954-450e-be78-b0ef365a10b8:KXBTC15M-26SEP271945-45:decision,['fb7f5435-5408-4b13-afc0-e617864edba4'],[],145.23569798469543,15,True,0.004366159439086914,live_entry,c46350764255c1b3,standard,1790552553.1289656,research-logs/BTC/20260927T213209Z-148fad892849464b8ca2f68c5f7d6c3c/events-1790552538710603918.jsonl.gz,0.921,0.917,0.8559632449713204,0.8559632449713204,-0.0722307550286796,99.01488587697608,1.148936469390524,1.3492308449907398,0.8,False,0.09851141230239242,1.055863618850708,0.5977106094360352,NORMAL,0,0.0040000000000000036,40.0,2.6666666666666665,166.16733333333335,0.13207950655682657,-6.699872737980783e-05,-1.2467831826677263,-2.8577120280148804e-05,-0.22731522773668733,0.00019774211227685523,0.8673315065976681,0.00011073573462305752,0.36670341876848805,0.0007566398225012927,1.854717220019233,0.0007373411452236134,1.3101551125802697,-1.9991149218523407e-05,-3,99.47833973492726,8.573930389589579,1.6948224106576617,-0.06503675502867967,True,discovery
KXETH15M-26SEP271945-45,ETH,no,1790552597.802222,2026-09-27T19:43:17.802222-04:00,1790552597.3649633,102.64050889015198,10.0,0.958,0.3918,0.0282,144bde8d-ed68-4bbe-bf45-f562cf92bd20,ETH-no-takeprofit-20260924T232108Z-signals:6b0e6c9c-b6c2-4c20-a7c1-7ebf8cf91b2a:KXETH15M-26SEP271945-45:decision,['77394535-b25d-48ad-9c31-1f1bfba5720f'],[],102.19777798652649,10,True,0.0054721832275390625,live_entry,0d43111ed71ba52f,late_settlement,1790552597.359491,research-logs/ETH/20260927T213209Z-c5b36f5c692b42feb5a85a373bddf03b/events-1790552537876046669.jsonl.gz,0.958,0.949,0.831277039784698,0.831277039784698,-0.131639960215302,99.31963904986583,1.1472589726389082,1.1998137296128009,0.8,False,0.06803609501341673,0.2725961208343506,0.026417970657348633,NORMAL,0,0.009000000000000008,9.87,0.9869999999999999,8.72,0.36509695031281275,-0.0,-0.0,-0.0,-0.0,0.0002235619378350151,1.156296564768187,-3.726879372001335e-06,-0.011524844963551256,0.001087061731704253,1.883229844334897,0.001105655221708135,1.4631681818377997,-7.452064594500504e-06,3,100.0,2.9559086104259094,1.25708177445238,-0.12672296021530194,True,discovery
KXETH15M-26SEP272000-00,ETH,yes,1790553262.160124,2026-09-27T19:54:22.160124-04:00,1790553261.621824,338.38591742515564,10.0,0.9572,0.3993,0.0287,c2ee858e-1797-40f1-9b3b-157ac7f18f61,ETH-no-takeprofit-20260924T232108Z-signals:55b45df1-a016-4eb1-983f-31265a1b6bb3:KXETH15M-26SEP272000-00:decision,['419ddfa0-d69a-42c6-96c3-198e9a42439d'],[],337.8398759365082,10,True,0.007741451263427734,live_entry,0d43111ed71ba52f,standard,1790553261.6140826,research-logs/ETH/20260927T213209Z-c5b36f5c692b42feb5a85a373bddf03b/events-1790553138161721152.jsonl.gz,0.959,0.958,0.8913542660812269,0.8913542660812269,-0.0724987339187731,99.20420664965586,1.6654189661581833,2.0220946893316643,0.8,False,0.07957933503441407,0.5130250453948975,0.05944323539733887,NORMAL,6,0.0010000000000000009,21.0,2.1,16.2,0.7382795935046582,1.1158680151446276e-05,0.20169095330305614,6.695581660043359e-05,0.653568365826861,-0.0004907355084318166,-1.402074248841571,-0.00039039697795562045,-0.9100861965169009,0.00048749446451901157,0.7024570078144793,0.0006848601247637642,0.8111589483024213,1.8589586311349807e-05,-2,87.09662582223687,-10.188157269980493,3.844598190526682,-0.06764573391877304,True,discovery
KXSOL15M-26SEP272000-00,SOL,yes,1790553501.02406,2026-09-27T19:58:21.024060-04:00,1790553498.8878984,101.11753392219543,15.0,0.9480666666666666,0.7273,0.0517,4550a21e-7151-4620-a35c-9cb5dffaf264,SOL-no-takeprofit-20260924T232108Z-signals:8666f4e3-9ecd-45dc-b460-79554dab679a:KXSOL15M-26SEP272000-00:decision,['d0d12025-eea4-422a-9647-0f2f41b02909'],[],98.97593998908997,15,True,0.0054323673248291016,live_entry,60c595a579c271bd,late_settlement,1790553498.882466,research-logs/SOL/20260927T213209Z-3ec28b83322c4596a290ab527ebe1361/events-1790553140820277299.jsonl.gz,0.942,0.936,0.8692566705752811,0.8692566705752811,-0.0786683294247189,97.89292766052989,0.9265537307855447,1.3812546184356993,1.0,False,0.21070723394701096,0.7765042781829834,0.01155543327331543,NORMAL,0,0.005999999999999894,53.0,3.533333333333333,16.233333333333334,0.27633812525710727,8.202772537124758e-05,0.8944638744075195,-0.0013924154312392467,-1.4228554860181954,-0.0016377333770062341,-1.6484006635265358,-0.0017194792434290784,-1.681737284614651,-0.0012288031457360349,-1.0245852228362173,-0.0018012117242508507,-1.2931814218295814,7.099665764112398e-05,0,56.43111029153399,-19.84885133587465,1.8000000000000609,-0.07274332942471884,True,discovery
KXSOL15M-26SEP272015-15,SOL,no,1790554115.551777,2026-09-27T20:08:35.551777-04:00,1790554113.370808,386.63557624816895,15.0,0.8,2.832,0.168,65cb7134-367a-4f2b-b56f-29569dedde8a,SOL-eight-minute-20260927-signals:107319ae-1369-45b3-b051-601ddf1c91c3:KXSOL15M-26SEP272015-15:decision,['a30294eb-eec2-4e4a-8f94-ea45542ce7b0'],[],384.4482231140137,15,True,0.006384134292602539,live_entry,b18891dcb63067ed,standard,1790554113.3644238,research-logs/SOL/20260928T000706Z-096196ff8eb8430fb5547904dc91ee2a/events-1790554029555140301.jsonl.gz,0.8,0.77,0.885,0.9168356044638497,0.0717,99.4368646518284,0.6577899962717029,3.788648838552721,1.0,True,0.056313534817159915,0.2705521583557129,0.07681846618652344,NORMAL,0,0.030000000000000027,1036.25,69.08333333333333,118.15,0.5020454447136872,0.00016424406668302804,1.2648071830866388,0.00016424406668302804,0.7887890406250418,0.0004925703965191763,1.4745761538716389,0.0005746182892791829,1.1113613941021387,0.0018855550090178808,2.0333996679869646,0.0019673743749487604,1.5393934290594333,1.642980011929973e-05,0,100.0,-0.0,9.620807665982545,0.08499999999999996,False,discovery
KXDOGE15M-26SEP272015-15,DOGE,no,1790554117.744164,2026-09-27T20:08:37.744164-04:00,1790554117.6094975,382.40003395080566,10.0,0.84618,1.4471,0.0911,176039f6-166b-4b4f-98dd-190150eb52b0,DOGE-eight-minute-20260927-signals:aea41ba1-d2ae-4451-b520-c491b76f908d:KXDOGE15M-26SEP272015-15:decision,['ca8e6b9d-a0fc-4dc7-a824-466a37b58e4e'],[],382.25583600997925,10,True,0.009531497955322266,live_entry,01559030c43f99e5,standard,1790554117.599966,research-logs/DOGE/20260928T000707Z-0e46526dd6584a18b8b5b6e2542a3867/events-1790554031094215750.jsonl.gz,0.84,0.83,0.895,0.9123991684151251,0.043492,99.08140358375418,0.7039288142376705,4.758097955731842,1.1,True,0.09185964162458189,0.49983787536621094,0.09389567375183105,NORMAL,0,0.010000000000000009,117.24,11.724,181.036,0.6764468592992123,7.241504163868484e-05,0.8441851581456945,0.0003723085196600806,1.4413793359974052,0.0008579609472715299,1.5288183641909427,0.0006410256410257498,0.9471990624162956,0.002085484204005894,1.546913172418641,0.0030221452073727617,1.4655470848811452,-1.4115689914647363e-05,-2,95.12431904229496,-0.0,13.221875064661178,0.05500000000000005,False,discovery
KXXRP15M-26SEP272015-15,XRP,no,1790554129.402202,2026-09-27T20:08:49.402202-04:00,1790554125.825415,374.1808657646179,15.0,0.8253333333333334,2.4686,0.1514,0c9be687-7537-4e87-af88-d2047762faf2,XRP-eight-minute-20260927-signals:ea1fc053-08b3-4f70-8d40-edf5c33c2fd8:KXXRP15M-26SEP272015-15:decision,['dfb8c1e4-a265-439e-bc29-47cf0cd0b488'],[],370.59779810905457,15,True,0.006280660629272461,live_entry,2bd02930725ec686,standard,1790554125.8191342,research-logs/XRP/20260928T000706Z-e4aa7377a17147ff81ba5564f1fd81d4/events-1790554030314434697.jsonl.gz,0.8,0.79,0.89,0.9162857074727749,0.0767,98.76927299061543,0.6125386354769654,3.1854552640522558,1.25,True,0.1230727009384566,0.7230613231658936,0.01476144790649414,NORMAL,4,0.010000000000000009,412.07,27.471333333333334,60.07266666666667,0.5023042997401259,0.0004424165186441842,1.6623874322696919,0.0003698078320014675,1.3687526684043057,0.0006139951276514788,1.7334508185413957,0.00035660511926460803,0.6954515430399358,0.00183314430406456,1.4543972732493584,0.0021884434366471472,1.4620124303292146,6.801679947378755e-05,4,100.0,-0.0,9.953272468631463,0.08999999999999997,False,discovery
KXBTC15M-26SEP272015-15,BTC,no,1790554151.061818,2026-09-27T20:09:11.061818-04:00,1790554150.8846574,349.1189956665039,15.0,0.8,2.832,0.168,fcc7c22b-7778-46fd-821a-7c2022e27b2c,BTC-eight-minute-20260927-signals:e3b86732-37c0-4102-9e1f-72690b3a1c8a:KXBTC15M-26SEP272015-15:decision,['27147c83-c9db-4b42-8e6e-9a6175f327ae'],[],348.9381821155548,15,True,0.0036530494689941406,live_entry,63f2bb9940fdbd9f,standard,1790554150.8810043,research-logs/BTC/20260928T000706Z-dd281176519448e38d45e271136af8e8/events-1790554029363660454.jsonl.gz,0.8,0.79,0.85,0.8904956574011128,0.0367,99.20200789927202,0.42997288984563,1.5944568541423447,0.8,True,0.07979921007279757,0.7735385894775391,0.20785737037658691,NORMAL,5,0.010000000000000009,4775.55,318.37,728.264,0.08025303999102767,0.00018075784205928702,1.550958084707383,2.736662354740904e-05,0.12035388226966696,0.0002587975472387871,0.8697002084220911,0.0005387638838268982,1.6104822032463468,0.001299266927592746,2.2683385556742897,0.0016694613240276768,2.1161215549589056,2.7524983503897832e-05,4,100.0,13.09465300284163,3.0803103246789254,0.04999999999999993,False,discovery
KXETH15M-26SEP272015-15,ETH,no,1790554156.894536,2026-09-27T20:09:16.894536-04:00,1790554154.774632,345.260458946228,10.0,0.8192,1.7043,0.1037,388c5117-c27f-49ff-a6b4-689ad179c49b,ETH-eight-minute-20260927-signals:61492a08-c4a3-4bbc-966e-c4c1730c706a:KXETH15M-26SEP272015-15:decision,['02e221f2-996b-47a5-a4ad-0d16780cd6e6'],[],343.1054639816284,10,True,0.03509092330932617,live_entry,a9595861d02a4ec9,standard,1790554154.739541,research-logs/ETH/20260928T000706Z-a2de181fa9b4436d906d678a249a2a5a/events-1790554029938194793.jsonl.gz,0.8,0.79,0.85,0.934779362368129,0.0367,99.63607460192729,0.5750885001203841,2.714544813889286,0.8,True,0.03639253980727157,0.6349010467529297,0.0680704116821289,NORMAL,1,0.010000000000000009,447.0,44.7,240.42,0.3314439738988493,0.00030158499670485117,1.363405876320033,0.00032391738989601127,1.2583295902806995,0.0005397457611344691,1.81941496445414,0.000997142516966254,2.5113169423529276,0.0016917328177576962,2.2244598743739146,0.0018438935894957709,1.922932149027409,4.232547396982126e-05,4,100.0,8.867201734646295,5.214152700185995,0.04999999999999993,False,discovery
KXBNB15M-26SEP272015-15,BNB,no,1790554233.929151,2026-09-27T20:10:33.929151-04:00,1790554233.513584,266.49483823776245,10.0,0.83,1.6012,0.0988,829daeed-f6a4-4931-af3a-4325c5dc6bde,BNB-eight-minute-20260927-signals:691c08c3-3966-44cf-8dda-cb79bfbee266:KXBNB15M-26SEP272015-15:decision,['d6a511e1-5fe7-4e97-9d8e-3c4db5d32796'],[],266.070848941803,10,True,0.008422136306762695,live_entry,b4b5954cf3804a01,standard,1790554233.5051618,research-logs/BNB/20260928T000707Z-32195b71a44e4245adf02cae8ef8e4a9/events-1790554031503239125.jsonl.gz,0.84,0.82,0.8712867285893868,0.8712867285893868,0.0197787285893868,99.2836306296578,0.6165898227013796,1.6608819979532652,1.0,True,0.07163693703422068,0.42180705070495605,0.055722951889038086,NORMAL,0,0.020000000000000018,20.0,2.0,28.668,0.2578375000607255,8.863995478070041e-05,0.6794860542932812,0.000304393281256754,1.778450690993312,0.000336491472766709,1.890564808154676,5.9095049248059084e-05,0.22612473643239775,0.0010228990782357172,1.910620961593066,0.0015111495383810514,2.336231277435508,6.511608530583118e-06,1,100.0,5.268959598824327,3.503087470552369,0.03128672858938686,False,discovery
KXETH15M-26SEP272030-30,ETH,yes,1790555115.760481,2026-09-27T20:25:15.760481-04:00,1790555115.6006942,284.40514397621155,10.0,0.958,0.3918,0.0282,dea16491-7540-4781-9628-9d658a2e0d43,ETH-eight-minute-20260927-signals:10e97297-c586-47c0-a6c3-7354f6ac46c9:KXETH15M-26SEP272030-30:decision,['77d53fcd-5c13-4eee-a257-80e3a256fbc3'],[],284.2395188808441,10,True,0.005838155746459961,live_entry,a9595861d02a4ec9,standard,1790555115.594856,research-logs/ETH/20260928T000706Z-a2de181fa9b4436d906d678a249a2a5a/events-1790554630226426998.jsonl.gz,0.957,0.95,0.8768596348403304,0.8768596348403304,-0.0851213651596696,98.88280921661232,1.5763950148023544,1.6955169993388999,0.8,False,0.11171907833876892,0.4886462688446045,0.025636672973632812,NORMAL,8,0.007000000000000006,60.0,6.0,25.7,0.7530065964679518,-0.0003005867007084273,-0.7577922250310685,-0.0005342514543511534,-1.2951392001719446,-0.0010271851788674624,-1.869598746856517,-0.0012716184403209763,-1.7712599212048095,-0.0025843237439372446,-1.7371002735910215,-0.0002523565649817927,-0.10611445017216982,-2.5877834179436718e-05,2,51.28744770795813,-10.47280069428411,2.955684007707089,-0.0801403651596696,True,discovery
KXETH15M-26SEP272100-00,ETH,yes,1790556759.61953,2026-09-27T20:52:39.619530-04:00,1790556759.4441938,440.5624785423279,10.0,0.96,-4.4008,0.2008,f95ba3ab-9826-4122-877d-a4d2eb13b6c9,ETH-eight-minute-20260927-signals:2ff1f06b-5c6b-4ab5-aad6-fcbeb3a04a1b:KXETH15M-26SEP272100-00:decision,['3580c36e-f85a-4f07-929f-454a4bd00194'],['HARD_STOP'],440.3804700374603,10,True,0.006672382354736328,live_entry,a9595861d02a4ec9,standard,1790556759.4375215,research-logs/ETH/20260928T000706Z-a2de181fa9b4436d906d678a249a2a5a/events-1790556615370687252.jsonl.gz,0.96,0.959,0.8753948212406005,0.8753948212406005,-0.0893931787593995,99.69391004160451,1.2622998325803392,1.7465343037628989,0.8,False,0.03060899583954923,0.36899638175964355,0.002932310104370117,NORMAL,0,0.0010000000000000009,1.0,0.1,48.7,0.7921581124467701,-0.0002791653328767518,-1.6120993581858265,-0.0007217879506059566,-1.9530079712643431,-0.0009931188395015944,-1.9605220370407663,-0.001052568937686349,-1.6259056201687279,-0.00023450935431756914,-0.198343435346943,0.0009354083746999642,0.6178562672857711,-2.2729105258630553e-05,-7,93.10515964753522,-6.894840352464783,3.7877127199308616,-0.08460517875939944,True,discovery
KXBTC15M-26SEP272100-00,BTC,yes,1790556784.096327,2026-09-27T20:53:04.096327-04:00,1790556783.8905385,416.11340045928955,15.0,0.957,-6.5592,0.3042,16d04c68-1086-4fb4-a0ea-0ba5d35c30e7,BTC-eight-minute-20260927-signals:04f6c25c-18a4-4e89-a7f5-3c44f1e46f92:KXBTC15M-26SEP272100-00:decision,['cc80ee2c-fa58-426a-a61b-99a7db7c9486'],['HARD_STOP'],415.9036729335785,15,True,0.003938913345336914,live_entry,63f2bb9940fdbd9f,standard,1790556783.8865995,research-logs/BTC/20260928T000706Z-dd281176519448e38d45e271136af8e8/events-1790556430801544567.jsonl.gz,0.957,0.956,0.8823140588622619,0.8823140588622619,-0.0796669411377381,99.1118881560197,1.2647388695496007,1.849139786860271,0.8,False,0.08881118439802992,0.8024959564208984,0.04687762260437012,NORMAL,280,0.0010000000000000009,83.96,5.597333333333333,29.930666666666664,0.4067915176886812,-9.325468066312403e-05,-0.6611618763546849,-0.0003296270599916218,-1.9037964140570411,-0.0008931334439274963,-2.852245550641738,-0.0010564988036356748,-1.8177786816609707,-0.00017927498356651306,-0.1767650490304201,0.0004506603844183221,0.36284536205473433,1.1120178664958403e-05,-2,80.12470855617156,-10.290847649913502,3.8994946801755663,-0.07468594113773808,True,discovery
KXBNB15M-26SEP272100-00,BNB,yes,1790556962.535061,2026-09-27T20:56:02.535061-04:00,1790556962.1869566,237.82183003425598,10.0,0.958,-6.7745,0.1745,acad9886-1a30-440f-9ed2-946fe5265493,BNB-eight-minute-20260927-signals:f4acc817-64d6-4956-badd-427c1d81cc2a:KXBNB15M-26SEP272100-00:decision,['4414d323-c160-4267-a6cc-100bace1c1ac'],['HARD_STOP'],237.46493911743164,10,True,0.008786678314208984,live_entry,b4b5954cf3804a01,standard,1790556962.17817,research-logs/BNB/20260928T000707Z-32195b71a44e4245adf02cae8ef8e4a9/events-1790556432756985484.jsonl.gz,0.958,0.949,0.836570570882798,0.836570570882798,-0.126346429117202,99.23539278632279,1.3344381908319423,1.3261953494295582,1.0,False,0.07646072136772132,0.11312723159790039,0.11487054824829102,NORMAL,1,0.009000000000000008,2.0,0.2,3.6,0.675667551978781,1.537779395288652e-05,0.0782457330339952,-0.0003625225936122467,-1.1128770319063142,-0.0008079499199094009,-1.9487698238908604,-0.0005315245276157343,-0.934633849474696,-0.0018738256613070048,-2.2473386227258447,-0.002502824945418536,-2.202720599859412,3.0007222787557333e-05,2,36.947767741094715,-12.133356953651813,2.640955004591409,-0.121429429117202,True,discovery
KXBTC15M-26SEP272145-45,BTC,no,1790559480.465386,2026-09-27T21:38:00.465386-04:00,1790559480.2506394,419.7537558078766,15.0,0.918,1.1509,0.0791,c8134832-edb5-469a-ae87-5a37ef91c838,BTC-eight-minute-20260927-signals:b0405dd9-827c-4b0b-84fb-40bc94dc2975:KXBTC15M-26SEP272145-45:decision,['1ddde83a-14a0-4c6a-9c4f-b96d5b4cdbc6'],[],419.5346140861511,15,True,0.004395246505737305,live_entry,63f2bb9940fdbd9f,standard,1790559480.2462442,research-logs/BTC/20260928T000706Z-dd281176519448e38d45e271136af8e8/events-1790559030325097336.jsonl.gz,0.923,0.922,0.8337948785775715,0.8337948785775715,-0.0962801214224285,99.42338470192608,0.9679914738996437,1.2943593361730648,0.8,False,0.0576615298073911,1.184023141860962,0.21389293670654297,NORMAL,13,0.0010000000000000009,46.0,3.066666666666667,48.07333333333334,0.4367122963887782,0.0001295266094365477,1.3760173188407554,0.0002935613676099402,1.0223905069485062,0.0004681390851942746,1.4850113603662058,0.00034584581162011574,0.7202771815487243,0.0012293278488108017,1.351698590248908,0.0017270777041014096,1.4676409167850415,1.0300685714167054e-05,4,100.0,-0.0,2.742699169468387,-0.08920512142242853,True,discovery
KXETH15M-26SEP272145-45,ETH,no,1790559511.605636,2026-09-27T21:38:31.605636-04:00,1790559511.4272387,388.57881784439087,10.0,0.934,0.6168,0.0432,3285bf53-b623-45a5-b8b9-a66affee667a,ETH-eight-minute-20260927-signals:9056fcfc-6979-44c0-9507-bc36704ec367:KXETH15M-26SEP272145-45:decision,['c332ee68-314b-4314-9bf2-2918a201c690'],[],388.39436411857605,10,True,0.006056547164916992,live_entry,a9595861d02a4ec9,standard,1790559511.4211822,research-logs/ETH/20260928T000706Z-a2de181fa9b4436d906d678a249a2a5a/events-1790559025091152154.jsonl.gz,0.935,0.929,0.8312351935691452,0.8312351935691452,-0.1101198064308548,99.4921126183291,0.9342532560739656,1.2771080114279716,0.8,False,0.05078873816709002,0.3677949905395508,0.05608105659484863,NORMAL,2,0.006000000000000005,46.0,4.6,12.4,0.7028877395543006,0.0001985635984220746,1.6383495028591875,0.0004606965882234526,0.9621769103904,0.0006104251629985846,1.14462293328582,0.0009658508097423191,1.4489398148276116,0.0015788331599860816,1.4285661285735076,0.002030612512013641,1.327701614363647,1.936521425112877e-05,5,100.0,-0.0,2.601279317697123,-0.10376480643085484,True,discovery
KXSOL15M-26SEP272230-30,SOL,no,1790562120.425735,2026-09-27T22:22:00.425735-04:00,1790562120.2437122,479.76385378837585,15.0,0.943,0.7985,0.0565,c52802cb-6322-42dd-aeb6-583ec1eba9de,SOL-eight-minute-20260927-signals:48c78398-f65c-4bfb-9252-20b422f2b006:KXSOL15M-26SEP272230-30:decision,['dedfbc3c-6efc-4969-a10d-20a053ef8a94'],[],479.57426500320435,15,True,0.007565975189208984,live_entry,b18891dcb63067ed,standard,1790562120.2361462,research-logs/SOL/20260928T000706Z-096196ff8eb8430fb5547904dc91ee2a/events-1790561833776065720.jsonl.gz,0.941,0.94,0.8348542427631266,0.8348542427631266,-0.1121327572368734,99.1407691994966,1.145707304316406,1.2083021386522268,1.0,False,0.08592308005033991,0.13780856132507324,0.0668489933013916,NORMAL,2,0.0010000000000000009,3.0,0.2,2.2,0.7741368855644002,0.00016567263088129724,0.7302059956902974,0.0005796141425850054,1.0827042955246289,0.0010758917487379005,1.2353598005091015,0.0005796141425850054,0.5132409708793886,0.0003312903760145369,0.18728560800253405,0.0019844551017033085,0.9491137197107811,-2.7285321150038997e-06,-1,88.96025658758279,8.339840752705511,3.417244444444482,-0.10614575723687336,True,discovery
KXETH15M-26SEP272230-30,ETH,no,1790562127.393088,2026-09-27T22:22:07.393088-04:00,1790562127.1975229,472.80908250808716,10.0,0.93,0.6544,0.0456,dee813f3-6098-44c5-8993-08c99fb957c5,ETH-eight-minute-20260927-signals:a60883a0-acdf-49d1-9f58-7bbf4c89f9de:KXETH15M-26SEP272230-30:decision,['76ca8179-6830-4ce1-9399-81a40cbc9d05'],[],472.6069118976593,10,True,0.006605386734008789,live_entry,a9595861d02a4ec9,standard,1790562127.1909175,research-logs/ETH/20260928T000706Z-a2de181fa9b4436d906d678a249a2a5a/events-1790561728580065949.jsonl.gz,0.93,0.929,0.8653555564171511,0.8653555564171511,-0.0713014435828489,99.41571288521268,1.0220457829225111,1.4215280677335378,0.8,False,0.058428711478730966,0.1391127109527588,0.0006859302520751953,NORMAL,0,0.0010000000000000009,35.1,3.5100000000000002,13.809999999999999,0.5975755036015667,0.00043311238324783563,1.4390628441300557,0.0008808947481354634,2.391222234411811,0.0017677480018805092,3.122838537558251,0.0009297878427415585,1.1565456871129307,0.0006250682491687476,0.5139379026636338,0.0019629447179112525,1.2580850901459768,2.769754325355016e-05,5,80.81230707599944,19.32452105076842,3.1928358208955556,-0.06464444358284893,True,discovery
KXBTC15M-26SEP272230-30,BTC,no,1790562174.834871,2026-09-27T22:22:54.834871-04:00,1790562174.1568754,425.84879422187805,15.0,0.927,1.0239,0.0711,176e980e-de77-4897-adae-f1e2e9f54a7e,BTC-eight-minute-20260927-signals:0f2b4def-dcc4-4835-9f0b-c0edc0e77348:KXBTC15M-26SEP272230-30:decision,['8c33aa58-ef3b-431f-a3f8-4a34c0f79cb0'],[],425.1651289463043,15,True,0.005669593811035156,live_entry,63f2bb9940fdbd9f,standard,1790562174.1512058,research-logs/BTC/20260928T000706Z-dd281176519448e38d45e271136af8e8/events-1790561749602694931.jsonl.gz,0.924,0.923,0.871463590407277,0.871463590407277,-0.059552409592723,99.17219677581217,1.0985398738534287,1.4728500235129227,0.8,False,0.08278032241878272,0.04341459274291992,0.050122976303100586,NORMAL,0,0.0010000000000000009,324.76,21.650666666666666,151.636,0.550750027447594,8.460851448877094e-05,0.840114330717936,0.00012924061802865872,0.6747365967600433,4.4519984805813095e-05,0.15865092356427687,0.0007192540997722485,1.3940005851658936,0.0011727104889809326,1.3557053545330235,0.0018436578611585874,1.8593426034619656,1.5437703404227085e-05,2,82.3641567794186,19.465377011556562,3.1392271042880036,-0.0525364095927231,True,discovery
KXBNB15M-26SEP272230-30,BNB,no,1790562181.293741,2026-09-27T22:23:01.293741-04:00,1790562180.1971142,419.81231665611267,10.0,0.9414,-4.1159,0.2119,f7b8a1bc-ab82-4478-b02a-92b0f40967bf,BNB-eight-minute-20260927-signals:cb56561c-c6d9-4f7f-8274-898ae8304a64:KXBNB15M-26SEP272230-30:decision,['a209a2fb-8572-4241-adb4-d2caa48f1526'],['HARD_STOP'],418.7062590122223,10,True,0.009430885314941406,live_entry,b4b5954cf3804a01,standard,1790562180.1876833,research-logs/BNB/20260928T000707Z-32195b71a44e4245adf02cae8ef8e4a9/events-1790561949767207817.jsonl.gz,0.936,0.931,0.8579561329553436,0.8579561329553436,-0.0843378670446564,99.61942534297096,1.1579238820127813,1.3639805531871514,1.0,False,0.038057465702904636,0.12319755554199219,0.15845465660095215,NORMAL,0,0.0050000000000000044,35.0,3.5,12.5,0.8768033618624047,-1.291670918446286e-06,-0.14322309102097103,0.0002840865069240195,1.1880666668709179,6.845378400888169e-05,0.21322683470152443,0.00047252755765225807,1.010596897578761,0.0011005812565720863,1.2418047741307225,0.0016518950369645014,1.5580264787738853,-2.5401269839853134e-06,-2,99.9541627439191,20.197918085921952,3.608476286579229,-0.07804386704465649,True,discovery
KXHYPE15M-26SEP272230-30,HYPE,yes,1790562300.493687,2026-09-27T22:25:00.493687-04:00,1790562300.2836099,299.72903275489807,10.0,0.894,0.9936,0.0664,f923692c-4ccf-4290-9569-9647588a7eb1,HYPE-eight-minute-20260927-signals:39cca4bc-8e52-4f73-a170-4329c224dd44:KXHYPE15M-26SEP272230-30:decision,['1ef71e10-ac9c-4216-ae5c-d8c6da860be9'],[],299.50631308555603,10,True,0.012642621994018555,live_entry,5fbc0fa4753752cc,standard,1790562300.2709672,research-logs/HYPE/20260928T000707Z-bf77cfa11b494503ad83c7256f2c46fa/events-1790561834491609098.jsonl.gz,0.914,0.913,0.831058468291899,0.831058468291899,-0.090544531708101,98.79079127841008,1.1624476019883379,1.18539247387686,1.0,False,0.12092087215899121,0.17374181747436523,0.08993887901306152,NORMAL,2,0.0010000000000000009,25.0,2.5,88.9,0.8664930682324976,-9.561290620374585e-05,-0.7806557122047606,-0.00015165335120936874,-0.6399807055825181,-0.00023075858037324704,-0.3879808107155379,0.002271500490212297,1.7684741206855317,0.0032440538543814235,1.5047612051169024,0.005129315535208567,2.010792290130911,-1.1430628561640935e-05,-2,80.1808877033015,10.568133708322776,2.650188604327939,-0.08294153170810104,True,discovery
KXBTC15M-26SEP272245-45,BTC,no,1790563080.396006,2026-09-27T22:38:00.396006-04:00,1790563080.2126255,419.7939124107361,15.0,0.923,1.0803,0.0747,362e790e-a30d-4be9-bf5d-fcba31c83923,BTC-eight-minute-20260927-signals:d601a216-bbeb-4a3e-9aec-c62160efc2ed:KXBTC15M-26SEP272245-45:decision,['3d5d9078-887c-4450-959b-f9c7da8febc5'],[],419.6039938926697,15,True,0.006537914276123047,live_entry,63f2bb9940fdbd9f,standard,1790563080.2060876,research-logs/BTC/20260928T000706Z-dd281176519448e38d45e271136af8e8/events-1790562609390612928.jsonl.gz,0.918,0.917,0.8841401818717515,0.8841401818717515,-0.0412298181282485,98.57578539977106,1.2315778204717545,1.5938739175758179,0.8,False,0.14242146002289377,0.11402583122253418,0.09843087196350098,NORMAL,16,0.0010000000000000009,170.37,11.358,296.57733333333334,0.46664975669591985,-4.635654894058483e-05,-0.5667426033208989,-3.8091112984028896e-05,-0.25208943897572256,-9.319660026463339e-05,-0.43839086311902875,0.000378956276587461,1.0841858427914566,6.6353058636337e-05,0.08557767465921516,0.00047960378932487835,0.4376353560016484,-6.16475644596252e-06,1,81.8423161410271,9.527473962069504,3.3732254483845616,-0.033859818128248564,True,discovery
KXSOL15M-26SEP272245-45,SOL,no,1790563104.905359,2026-09-27T22:38:24.905359-04:00,1790563104.7640514,395.242862701416,15.0,0.958,0.5877,0.0423,9cba0249-abf7-45cb-86a7-f5d5820233b9,SOL-eight-minute-20260927-signals:818d63ca-1303-47ab-bcf5-d50370853dc5:KXSOL15M-26SEP272245-45:decision,['48bb0b56-f971-46fb-8db2-d85f63618118'],[],395.0946409702301,15,True,0.0069141387939453125,live_entry,b18891dcb63067ed,standard,1790563104.7571373,research-logs/SOL/20260928T000706Z-096196ff8eb8430fb5547904dc91ee2a/events-1790562615149530116.jsonl.gz,0.96,0.951,0.8518191512726228,0.8518191512726228,-0.1129688487273772,98.18793777961115,1.228563449386409,1.2945247746484758,1.0,False,0.18120622203888512,0.6743080615997314,0.04033923149108887,NORMAL,0,0.009000000000000008,42.0,2.8,5.148666666666667,0.8813803567291116,-0.00024937655860357566,-1.200129668985019,-0.00024937655860357566,-0.6648735839139633,-0.00033252971984354396,-0.7432277483325594,-0.00024937655860357566,-0.4011077680501403,0.0006643966447968941,0.39112146286515576,0.0012450199203187795,0.48106641775871095,-3.879098772593033e-05,-2,73.40754640459075,4.463964512763354,3.3253465346534767,-0.10818084872737721,True,discovery
KXETH15M-26SEP272245-45,ETH,no,1790563144.494277,2026-09-27T22:39:04.494277-04:00,1790563144.2834146,355.7213714122772,10.0,0.912,0.8238,0.0562,3f4054f0-a8f7-4eae-ae82-ca388f929ce0,ETH-eight-minute-20260927-signals:fa7344f7-1011-49db-b4a4-64afe8067dfe:KXETH15M-26SEP272245-45:decision,['34128e4b-b24c-45bf-a362-f24f11769dfc'],[],355.50572299957275,10,True,0.004786014556884766,live_entry,a9595861d02a4ec9,standard,1790563144.2786286,research-logs/ETH/20260928T000706Z-a2de181fa9b4436d906d678a249a2a5a/events-1790562629062129573.jsonl.gz,0.912,0.911,0.830346691653057,0.830346691653057,-0.089371308346943,99.52072349381791,0.9296723401181122,1.1601010384569326,0.8,False,0.04792765061820871,0.20211505889892578,0.04179215431213379,NORMAL,0,0.0010000000000000009,49.0,4.9,12.774000000000001,0.711251614987151,0.00016214972830486118,0.9424866625207224,0.00016592002654725047,0.5242948043697244,0.0005880135695438549,1.2436907403664241,0.00028655455847970135,0.36623566736283253,0.00103609764184176,0.8189191001576879,-0.00013202116865129732,-0.07865412423178965,1.2829493342843742e-05,1,68.03731167726995,7.548501517971022,2.260416666666636,-0.08165330834694307,True,discovery
KXBNB15M-26SEP272245-45,BNB,no,1790563145.621855,2026-09-27T22:39:05.621855-04:00,1790563145.4652734,354.5405321121216,10.0,0.943,0.5323,0.0377,b91b1ea6-9619-4bd8-89e9-43e9d39f13f0,BNB-eight-minute-20260927-signals:3b8dc649-999d-43d9-9fc1-3515f2a91f78:KXBNB15M-26SEP272245-45:decision,['40afeef0-2f7f-41b5-b252-0968a54adf54'],[],354.37814497947693,10,True,0.005805492401123047,live_entry,b4b5954cf3804a01,standard,1790563145.459468,research-logs/BNB/20260928T000707Z-32195b71a44e4245adf02cae8ef8e4a9/events-1790562626618220328.jsonl.gz,0.943,0.934,0.8334447448783509,0.8334447448783509,-0.1154182551216491,99.35209482360143,1.2381053168969276,1.1781968751816518,1.0,False,0.06479051763985597,0.40222811698913574,0.0916135311126709,NORMAL,0,0.008999999999999897,2.0,0.2,17.0,0.8157585945282261,0.0001319324350719242,0.981335414638779,0.0003090810335463212,1.9188359825625227,0.0006386430773805962,1.9216217492462841,0.00034915704437277206,0.7120157704687411,0.0010493220113383384,1.1172253550708833,-0.0002756182648211425,-0.22284536598609453,5.098384435031634e-06,3,70.51158277457706,8.792774964139785,2.8656384947563027,-0.1095552551216491,True,discovery
KXBNB15M-26SEP272300-00,BNB,no,1790564062.462374,2026-09-27T22:54:22.462374-04:00,1790564062.2655244,337.7425274848938,10.0,0.9249,0.7023,0.0487,991eefd9-3902-4319-907a-c7975e419f27,BNB-eight-minute-20260927-signals:d0c3c3a1-8b65-40c6-93b6-3394653d3561:KXBNB15M-26SEP272300-00:decision,['ac6be6b5-b419-4a39-95c0-f39e4aa4ae8e'],[],337.5376260280609,10,True,0.008051872253417969,live_entry,b4b5954cf3804a01,standard,1790564062.2574725,research-logs/BNB/20260928T000707Z-32195b71a44e4245adf02cae8ef8e4a9/events-1790563529144211743.jsonl.gz,0.919,0.91,0.8304122336713908,0.8304122336713908,-0.0958987663286092,98.1278650700186,1.149166340064347,1.2197508974376665,1.0,False,0.18721349299813933,0.1454300880432129,0.11359953880310059,NORMAL,0,0.009000000000000008,10.0,1.0,3.7,0.8413788688374532,1.8128985139420628e-05,0.9333247120084047,-9.064739071584782e-06,-0.13807401901121916,0.00017478782699886786,1.1209769687471391,4.661606234113158e-05,0.1829758677224532,0.00018514370647348954,0.26957436151892505,-8.806442171449547e-05,-0.09414642096445296,-2.200463872078136e-06,1,73.42971319780173,-9.216134799276027,2.8945554789798624,-0.08858776632860921,True,discovery
KXBTC15M-26SEP272300-00,BTC,no,1790564164.555316,2026-09-27T22:56:04.555316-04:00,1790564164.3153274,235.69091844558716,15.0,0.905,1.3347,0.0903,e30698b5-1998-43d1-b6a0-ff45d5f77a72,BTC-eight-minute-20260927-signals:1969038b-b108-4630-8061-d8d2b86b4c84:KXBTC15M-26SEP272300-00:decision,['62e977b8-b6f2-40ff-bb41-6f2c4f60d00a'],[],235.4446840286255,15,True,0.006245851516723633,live_entry,63f2bb9940fdbd9f,standard,1790564164.3090816,research-logs/BTC/20260928T000706Z-dd281176519448e38d45e271136af8e8/events-1790564124395828309.jsonl.gz,0.905,0.904,0.8364647624720181,0.8364647624720181,-0.0766542375279819,97.65368454219919,0.9781184370285005,1.196216203870557,0.8,False,0.23463154578008172,0.2676703929901123,0.017589092254638672,NORMAL,0,0.0010000000000000009,2825.66,188.37733333333333,290.38199999999995,0.26799548154207176,1.7622917753423728e-05,0.8618892794078282,5.718230762619125e-05,0.5844894896405219,4.2437810026663136e-05,0.4038354964628209,0.0002767399530152481,1.1672756715037327,0.0003565334118545982,0.5355802249057999,0.0006061351807256088,0.7043627725888866,2.109989883129308e-06,3,45.44880786349527,13.086356150662816,1.89776283760289,-0.06853523752798196,True,discovery
KXHYPE15M-26SEP272300-00,HYPE,no,1790564280.447052,2026-09-27T22:58:00.447052-04:00,1790564280.2328844,119.7772524356842,10.0,0.96,0.3731,0.0269,17e5c946-02ac-4060-9e81-4db7fcf9ccab,HYPE-eight-minute-20260927-signals:05c27e1e-1fc9-4331-a854-fe7a5eabc117:KXHYPE15M-26SEP272300-00:decision,['dfa0a5fb-fe31-4053-b9f7-10f8401d9088'],[],119.55294799804688,10,True,0.010136842727661133,live_entry,5fbc0fa4753752cc,late_settlement,1790564280.2227476,research-logs/HYPE/20260928T000707Z-bf77cfa11b494503ad83c7256f2c46fa/events-1790563842890070054.jsonl.gz,0.96,0.958,0.8324669180501798,0.8324669180501798,-0.1323210819498202,99.21286532889245,1.2407371095148416,1.1164571751907302,1.0,False,0.07871346711075455,0.1152048110961914,0.0026464462280273438,NORMAL,0,0.0020000000000000018,2.0,0.2,10.3,0.8772907284542126,2.221257209378269e-05,0.6463319348406382,0.0004507219877949442,1.8382593445461461,3.887135358937588e-05,0.0788882130351253,-6.55328375052111e-05,-0.11647632220841407,0.0009132328888119545,0.9606873537475568,0.0007990313963850415,0.6138883726361664,3.146802632444009e-06,1,22.637657225621652,3.4978150883789283,1.5782012195123243,-0.12753308194982016,True,discovery
KXETH15M-26SEP272315-15,ETH,yes,1790564863.345971,2026-09-27T23:07:43.345971-04:00,1790564863.2284267,436.7755470275879,10.0,0.9,0.937,0.063,f85783ad-5b0f-45f0-ad53-aac54c593112,ETH-eight-minute-20260927-signals:3f0c3387-cda4-453a-83ec-59dc1924bada:KXETH15M-26SEP272315-15:decision,['3df7d6c2-202e-44a3-b0f5-59da3318455a'],[],436.6540288925171,10,True,0.003973722457885742,live_entry,a9595861d02a4ec9,standard,1790564863.224453,research-logs/ETH/20260928T000706Z-a2de181fa9b4436d906d678a249a2a5a/events-1790564738001793797.jsonl.gz,0.9,0.89,0.8718287697304342,0.8718287697304342,-0.0365712302695658,98.96705105390679,0.8812418707697218,1.4229324448562066,0.8,False,0.10329489460932102,0.12481379508972168,0.03852248191833496,NORMAL,0,0.010000000000000009,121.01,12.101,179.203,0.611375760594467,0.00044795278050679954,1.1575165957810016,0.00040276287806051414,0.7057805288709729,0.0008360007531538205,1.3247630243784911,0.0011112073738968054,1.4742345350101433,0.0010772696112035796,0.8908366762724423,0.0009641603519185971,0.6788409605488929,6.172386432956589e-05,2,78.60307293159502,0.33435359489391203,3.0717781402934428,-0.028171230269565806,True,discovery
KXBTC15M-26SEP272315-15,BTC,yes,1790565006.341925,2026-09-27T23:10:06.341925-04:00,1790565006.1660254,293.8386723995209,15.0,0.92,-6.3394,0.3394,ee666c35-88ff-4ac4-909f-9d371665e944,BTC-eight-minute-20260927-signals:2c7d9d69-e7cf-4580-9ea9-92d6da075e33:KXBTC15M-26SEP272315-15:decision,['221c9aa4-3da8-4174-b3ac-bedada303a73'],['HARD_STOP'],293.658075094223,15,True,0.0046977996826171875,live_entry,63f2bb9940fdbd9f,standard,1790565006.1613276,research-logs/BTC/20260928T000706Z-dd281176519448e38d45e271136af8e8/events-1790564724707091460.jsonl.gz,0.92,0.919,0.8509402875101195,0.8509402875101195,-0.0763117124898805,99.65754918010383,1.06016811134375,1.288557025659304,0.8,False,0.034245081989616837,0.09501266479492188,0.02230215072631836,NORMAL,27,0.0010000000000000009,3038.8,202.58666666666667,336.7866666666667,0.317341463492013,0.00020534473775346562,1.1192150967439722,0.000196237816752598,1.0257526295356962,0.00036018777214041897,1.4026618391398962,0.00034748212653790134,0.9698826005593313,0.0004013035354974992,0.6589158530985187,0.00024297245892790365,0.27861567747844085,2.906268847934582e-05,2,75.16598140956444,1.2062098802898191,2.2816166883964595,-0.06905971248988052,True,discovery
KXSOL15M-26SEP272315-15,SOL,yes,1790565022.87468,2026-09-27T23:10:22.874680-04:00,1790565022.7473173,277.25866293907166,15.0,0.958,0.5877,0.0423,9ae4d59c-65d2-4147-b687-52d6d7b12d35,SOL-eight-minute-20260927-signals:42a8d681-7500-4ad1-9a3d-5bc101be8568:KXSOL15M-26SEP272315-15:decision,['5d7dd7d9-91ef-4470-80e9-335c470d935c'],[],277.12531995773315,15,True,0.005980253219604492,live_entry,b18891dcb63067ed,standard,1790565022.741337,research-logs/SOL/20260928T000706Z-096196ff8eb8430fb5547904dc91ee2a/events-1790564705886254101.jsonl.gz,0.959,0.949,0.839034105817082,0.839034105817082,-0.124818894182918,99.73974419757563,1.3653841569229836,1.2751036474325195,1.0,False,0.0260255802424369,0.6330728530883789,0.0068323612213134766,NORMAL,0,0.010000000000000009,1.0,0.06666666666666667,78.96333333333334,0.785065203028995,-8.309098462810915e-05,-0.8943900310666949,-0.0004983388704319358,-1.2354648174576421,8.310479514661573e-05,0.14049305034537415,0.0009149130832570851,1.0970703475770158,0.0010814408119126373,0.773967671811786,0.0001662234042554278,0.08635976423976348,-1.9388356763842357e-05,0,95.48392324590382,0.0,2.7441489361702,-0.11996589418291792,True,discovery
KXETH15M-26SEP272330-30,ETH,no,1790565919.427826,2026-09-27T23:25:19.427826-04:00,1790565919.2609062,280.7440905570984,10.0,0.954,0.4292,0.0308,8c3e268d-f942-4c37-b7e2-63ee2a073ed6,ETH-eight-minute-20260927-signals:ac27c668-82c1-42c0-a281-df5dc7a3853a:KXETH15M-26SEP272330-30:decision,['2724c3b6-095b-48b6-91d4-ee410accf80e'],[],280.5721740722656,10,True,0.004996776580810547,live_entry,a9595861d02a4ec9,standard,1790565919.2559094,research-logs/ETH/20260928T000706Z-a2de181fa9b4436d906d678a249a2a5a/events-1790565338301188691.jsonl.gz,0.96,0.95,0.8323814745560453,0.8323814745560453,-0.1324065254439547,99.05533730787711,1.1993938095442083,1.2847862588507901,0.8,False,0.09446626921228905,0.18843817710876465,0.02617025375366211,NORMAL,0,0.010000000000000009,4.42,0.442,9.742,0.7223445090913067,0.00017724344953451432,0.9179211004057839,0.0003770383636535479,1.3970524281366061,0.000384576230926692,1.130855817403466,0.0006746977052739522,1.1667770601189813,0.0006709309732646496,0.5889715583301844,0.0020964912941034974,1.475479005692294,2.2629482209346465e-05,1,99.04059600191945,-0.0,2.2240587695133334,-0.1276185254439547,True,discovery
KXBNB15M-26SEP272330-30,BNB,no,1790565975.396016,2026-09-27T23:26:15.396016-04:00,1790565975.192281,224.81458377838135,10.0,0.88,1.126,0.074,4bb77208-dbed-402a-b1a8-213ccda3cf52,BNB-eight-minute-20260927-signals:35e1e365-c592-4452-9d83-fc1653b37fc0:KXBNB15M-26SEP272330-30:decision,['6a888eae-772a-4e40-8f54-2baffdc2a99c'],[],224.60398411750793,10,True,0.006864786148071289,live_entry,b4b5954cf3804a01,standard,1790565975.1854162,research-logs/BNB/20260928T000707Z-32195b71a44e4245adf02cae8ef8e4a9/events-1790565635293283953.jsonl.gz,0.87,0.86,0.8449111127777708,0.8449111127777708,-0.0351058872222292,97.52553363440958,0.48314225890319784,1.231619192918243,1.0,False,0.24744663655904148,0.12165164947509766,0.014892578125,ELEVATED,8,0.010000000000000009,1.0,0.1,30.7,0.20154717277204165,0.0012445228032876843,0.7745152597648421,0.000990684454034274,0.6608869522827909,0.0007444934720634011,0.5029878357149449,0.0010658133244818568,0.7101350902195671,0.0013739824752424523,0.8121343295399354,0.002356780275562076,1.3381643048120857,0.00022408811158875684,1,80.84456936687738,13.47694416081281,2.384682332463051,-0.02508888722222924,True,discovery
KXBTC15M-26SEP272330-30,BTC,no,1790566012.836303,2026-09-27T23:26:52.836303-04:00,1790566012.5925238,187.41246223449707,15.0,0.94,0.8407,0.0593,f9298d47-3d32-4fea-962c-00423601614c,BTC-eight-minute-20260927-signals:9049cced-28a6-4c5c-9cbc-cb4e80f8faa9:KXBTC15M-26SEP272330-30:decision,['a2d38897-ac7e-4324-a9eb-2ec82f6389a5'],[],187.16369700431824,15,True,0.0049860477447509766,live_entry,63f2bb9940fdbd9f,standard,1790566012.5875378,research-logs/BTC/20260928T000706Z-dd281176519448e38d45e271136af8e8/events-1790565925318032314.jsonl.gz,0.926,0.925,0.8381754749778509,0.8381754749778509,-0.0947215250221491,99.55555915638008,1.1375250805241663,1.1902708960340853,0.8,False,0.0444440843619913,1.5277857780456543,1.1264965534210205,NORMAL,3350,0.0010000000000000009,1056.7,70.44666666666667,207.502,0.31674521519997784,6.539548248007954e-05,0.6836437849574687,0.000296550939821727,0.8975886211942002,0.00029019469436764034,0.7894846860668039,0.0003428411575411294,0.6558958376870626,0.0006524915740325765,0.7745465686906158,0.0012888120709702022,1.2024632690363652,3.4059400170945633e-06,1,82.002670241709,8.922260656435846,1.6897498513279123,-0.0878245250221491,True,discovery
KXSOL15M-26SEP280000-00,SOL,no,1790567701.526369,2026-09-27T23:55:01.526369-04:00,1790567701.322586,298.6843993663788,15.0,0.959,0.5737,0.0413,62b210b1-a546-47b9-97c2-1c7e7a4da635,SOL-eight-minute-20260927-signals:2c62ad89-7791-4427-b7dd-a96480804283:KXSOL15M-26SEP280000-00:decision,['ef268697-177d-4086-b4cc-ae800cde8f15'],[],298.47363090515137,15,True,0.00698542594909668,live_entry,b18891dcb63067ed,standard,1790567701.3156006,research-logs/SOL/20260928T000706Z-096196ff8eb8430fb5547904dc91ee2a/events-1790567133564679066.jsonl.gz,0.959,0.958,0.83000108445213,0.83000108445213,-0.13385191554787,99.24795411932392,1.136399455969306,1.2172036784212252,1.0,False,0.07520458806760795,0.21583104133605957,0.018495798110961914,NORMAL,0,0.0010000000000000009,56.0,3.7333333333333334,53.20933333333333,0.8689164757275347,-0.0,-0.0,8.331944675876723e-05,0.36515054366757355,0.0002499166944351927,0.5898395646350276,8.331944675876723e-05,0.14784875497069122,0.0004997085033728865,0.5810029404026442,0.0007493755203995534,0.5284331791645827,-8.33055648117309e-06,1,100.0,-0.0,2.7167567567566575,-0.12899891554787002,True,discovery
KXBTC15M-26SEP280000-00,BTC,no,1790567741.794856,2026-09-27T23:55:41.794856-04:00,1790567741.6144063,258.39052271842957,15.0,0.93,0.9816,0.0684,687f87a0-e3c2-40e6-a816-42bd3078e430,BTC-eight-minute-20260927-signals:eb902dba-719d-4651-9b10-72204fc9c8fe:KXBTC15M-26SEP280000-00:decision,['dff14719-943a-437b-bd84-e0dcf2427a36'],[],258.20514392852783,15,True,0.004929065704345703,live_entry,63f2bb9940fdbd9f,standard,1790567741.6094773,research-logs/BTC/20260928T000706Z-dd281176519448e38d45e271136af8e8/events-1790567726324647305.jsonl.gz,0.925,0.924,0.8309563177462136,0.8309563177462136,-0.1047616822537864,97.28493631800542,0.8922749351014096,1.184784505277564,0.8,False,0.2715063681994575,1.5130784511566162,0.9350218772888184,NORMAL,1196,0.0010000000000000009,40.02,2.668,216.63666666666668,0.40104390266637097,2.758270674618757e-05,1.125319069890006,1.4391353674314544e-06,0.03532225864226705,3.297914530764334e-05,0.5916289603044371,0.00013621978582800676,0.8843506049350881,-4.0537347730129625e-05,-0.08440726654580459,0.000395606229383505,0.5513947725161932,4.417236505649402e-06,3,96.52625115210878,0.020465117369784736,1.972694692530925,-0.09404368225378645,True,discovery
KXHYPE15M-26SEP280015-15,HYPE,yes,1790568679.161199,2026-09-28T00:11:19.161199-04:00,1790568678.9626563,221.0469138622284,10.0,0.96,0.3731,0.0269,151a3223-08a0-43fe-bc46-7b4cb2047a9a,HYPE-eight-minute-20260927-signals:4c9a5f42-f60c-4eba-b16e-48c7dfe3f902:KXHYPE15M-26SEP280015-15:decision,['95253bea-a224-4753-a712-26b2e51282ac'],[],220.838800907135,10,True,0.009570121765136719,live_entry,5fbc0fa4753752cc,standard,1790568678.9530861,research-logs/HYPE/20260928T000707Z-bf77cfa11b494503ad83c7256f2c46fa/events-1790568645897456121.jsonl.gz,0.96,0.959,0.8321171404900994,0.8321171404900994,-0.1326708595099006,99.06245162739881,1.2365208036264896,1.1917193432929103,1.0,False,0.09375483726011782,0.8556745052337646,0.08702611923217773,NORMAL,0,0.0010000000000000009,1.0,0.1,3.0,0.8916161799914394,7.797635756845445e-05,0.38410785642127204,8.354656272713257e-05,0.32202075119891366,3.230301565348981e-05,0.11095379206242023,0.0011162195283778154,2.1884952255420824,2.450554493660384e-05,0.025587516433508387,0.002054831980373706,1.6547137864717423,1.451850432524123e-05,-3,96.37772371965004,7.795684753121321,2.2918149466191498,-0.12788285950990053,True,discovery
KXDOGE15M-26SEP280015-15,DOGE,no,1790568756.45943,2026-09-28T00:12:36.459430-04:00,1790568756.1645312,143.85758447647095,10.0,0.95,0.4667,0.0333,0a5ea179-d77d-42ed-9639-09fb1f2c5da1,DOGE-eight-minute-20260927-signals:71e1207c-29a6-41ac-8809-4f033fd3ad31:KXDOGE15M-26SEP280015-15:decision,['061ce9f8-fa0a-40f1-a6a2-67f6857a0023'],[],143.54057002067566,10,True,0.022115707397460938,live_entry,01559030c43f99e5,standard,1790568756.1424155,research-logs/DOGE/20260928T000707Z-0e46526dd6584a18b8b5b6e2542a3867/events-1790568446749768506.jsonl.gz,0.953,0.951,0.8325060680291829,0.8325060680291829,-0.1257299319708171,98.20464748273592,1.9120082553014053,1.2735889848729796,1.1,False,0.1795352517264073,1.0458176136016846,0.34965014457702637,NORMAL,272,0.0020000000000000018,143.0,14.3,24.1,0.8463047571775196,4.271633152153065e-05,0.18498304732793344,5.3394844193865865e-05,0.21842378369580864,-0.0,-0.0,-0.0002563746488200014,-0.2585405917970224,-0.00027774513678946455,-0.1715314773959172,0.000821648846490497,0.23085050067661483,8.54326630430613e-06,-1,6.7605693864017695,-10.759154840066728,2.1771364317840947,-0.12049393197081704,True,discovery
KXETH15M-26SEP280030-30,ETH,yes,1790569424.441936,2026-09-28T00:23:44.441936-04:00,1790569424.25261,375.75302815437317,10.0,0.919,0.7578,0.0522,e22e946b-56af-41df-a77d-6e818db3bb8e,ETH-eight-minute-20260927-signals:085a2f84-ee55-46a7-9b12-a0b9522cf70b:KXETH15M-26SEP280030-30:decision,['d83d9b20-1336-4e03-a076-dbc2af959968'],[],375.55806398391724,10,True,0.00563812255859375,live_entry,a9595861d02a4ec9,standard,1790569424.2469718,research-logs/ETH/20260928T000706Z-a2de181fa9b4436d906d678a249a2a5a/events-1790569240809075901.jsonl.gz,0.924,0.919,0.8332278819322904,0.8332278819322904,-0.0977881180677096,99.4952125111096,1.0615847422958098,1.3409574415569279,0.8,False,0.050478748889039755,0.16443467140197754,0.053087711334228516,NORMAL,0,0.0050000000000000044,33.22,3.322,13.822,0.6574014775869472,0.00018809084035220636,0.7066247689807531,0.0002896893176123072,0.9944719725129322,0.0002445318907207117,0.6829445661501752,0.00044777242624927105,0.7469649845285772,0.00013165615925125884,0.13739385513401825,0.0006021398545079659,0.49313689667221194,2.946710504641755e-05,2,81.77073542718524,-3.006509022921577,2.6851936218678714,-0.09077211806770968,True,discovery
KXSOL15M-26SEP280030-30,SOL,yes,1790569453.994363,2026-09-28T00:24:13.994363-04:00,1790569453.7673979,346.2532958984375,15.0,0.9588,0.5765,0.0415,123cf490-a240-44d9-be6a-98733ee076a5,SOL-eight-minute-20260927-signals:5f1fdaf0-cc64-4d9f-b6ee-f8a51d8ba51b:KXSOL15M-26SEP280030-30:decision,['e670082e-6eb1-464a-8484-aeab77f64b13'],[],346.0056369304657,15,True,0.02069377899169922,live_entry,b18891dcb63067ed,standard,1790569453.746704,research-logs/SOL/20260928T000706Z-096196ff8eb8430fb5547904dc91ee2a/events-1790569222117660672.jsonl.gz,0.96,0.957,0.834171524591355,0.834171524591355,-0.130616475408645,98.48665610541256,1.2040294782474295,1.204134848016177,1.0,False,0.15133438945874342,0.670830249786377,0.020424842834472656,NORMAL,0,0.0030000000000000027,14.0,0.9333333333333333,8.927333333333333,0.8171956179606702,8.326394671120951e-05,0.8944644272516434,0.00033313900224873905,1.3664165348699893,0.00024983344437035093,0.8893407834334512,0.00024983344437035093,0.5724719951967963,0.000499791753436174,0.47008838494520977,0.0005831389536821163,0.40286819283484193,8.325007863230204e-06,0,97.86165618620679,1.5276179557193643,2.8954545454545624,-0.12582847540864495,True,discovery
KXBTC15M-26SEP280030-30,BTC,yes,1790569558.734653,2026-09-28T00:25:58.734653-04:00,1790569558.4311056,241.57469868659973,15.0,0.928,1.0098,0.0702,952e903f-a1fe-4cf2-8f0d-789d10e1f554,BTC-eight-minute-20260927-signals:1f9afee9-c8b6-44d3-8cbe-fbad8e8ba311:KXBTC15M-26SEP280030-30:decision,['70d556b7-536b-4967-8a17-f5d3e7c612f2'],[],241.26534700393677,15,True,0.005804300308227539,live_entry,63f2bb9940fdbd9f,standard,1790569558.4253013,research-logs/BTC/20260928T000706Z-dd281176519448e38d45e271136af8e8/events-1790569540714843818.jsonl.gz,0.928,0.927,0.8360953918422817,0.8360953918422817,-0.0986826081577183,99.5273156055427,1.0609796679293786,1.2159322966241717,0.8,False,0.047268439445730406,0.32502222061157227,0.04225897789001465,NORMAL,0,0.0010000000000000009,928.64,61.90933333333333,250.01266666666666,0.23256671550672464,6.660247593504032e-05,0.6534475650100673,0.0002013918199459397,1.2347491312371255,0.00020151164885895412,1.0010586240143442,9.631291635270323e-05,0.29169578481152314,0.00027077756533588904,0.5026054244131395,0.00013129682690560252,0.18789252184536248,6.603440225042926e-06,1,90.96527312095539,5.18797736240893,1.9531762710617377,-0.09190460815771839,True,discovery
KXETH15M-26SEP280045-45,ETH,no,1790570461.597109,2026-09-28T00:41:01.597109-04:00,1790570461.2160997,238.78813672065735,10.0,0.89,-4.2436,0.2436,4aa1fa1f-4b89-46d3-a0eb-dd6b0d6c84f1,ETH-eight-minute-20260927-signals:496479c2-1690-400c-83ca-565114bc661f:KXETH15M-26SEP280045-45:decision,['f19ccce6-6129-4e81-9804-25c8c090c34a'],['HARD_STOP'],238.40289092063904,10,True,0.004236459732055664,live_entry,a9595861d02a4ec9,standard,1790570461.2118633,research-logs/ETH/20260928T000706Z-a2de181fa9b4436d906d678a249a2a5a/events-1790570442652700667.jsonl.gz,0.89,0.88,0.8347148725797636,0.8347148725797636,-0.0642381274202364,99.53736120060233,0.9203083409664238,1.3322184719018657,0.8,False,0.046263879939766696,0.16106581687927246,0.0524601936340332,NORMAL,0,0.010000000000000009,33.8,3.38,201.59,0.5418682805194771,9.78525136804409e-05,1.3470754523661248,7.527286413244738e-05,0.6520792142517425,5.269219478043485e-05,0.24572397877459656,3.0110505555347444e-05,0.09286753226395619,0.0001204311434935823,0.20918146209811814,0.0002897383700146694,0.36751309987531977,1.7814096243407018e-05,2,100.0,0.7885560214938718,2.126878130216685,-0.05528512742023639,True,discovery
KXBNB15M-26SEP280045-45,BNB,no,1790570478.25926,2026-09-28T00:41:18.259260-04:00,1790570478.0890846,221.91761946678162,10.0,0.927,0.6826,0.0474,03ebee44-b652-4bdc-902f-cd6f0ec07637,BNB-eight-minute-20260927-signals:cb5199b9-02b4-4fb0-9b3a-c204566d60d1:KXBNB15M-26SEP280045-45:decision,['64925dd7-6ad4-4d95-a7a7-a6e7681b3814'],[],221.74074006080627,10,True,0.006704092025756836,live_entry,b4b5954cf3804a01,standard,1790570478.0823805,research-logs/BNB/20260928T000707Z-32195b71a44e4245adf02cae8ef8e4a9/events-1790570447809469400.jsonl.gz,0.928,0.92,0.830412580386386,0.830412580386386,-0.104365419613614,99.193691244881,1.1785701601491623,1.302014456285966,1.0,False,0.08063087551190073,0.037206172943115234,0.06846237182617188,NORMAL,1,0.008000000000000007,0.25,0.025,3.825,0.70940925073773,5.1819311243539445e-05,1.697861556276242,5.5705543090200926e-05,0.42952134594897207,0.0002745811665814113,1.2673445053963994,0.0005684231243331395,1.4366962558746201,0.00031342481366114505,0.5815780345629508,0.00030695108209966016,0.4161025377632981,1.21115669599418e-06,5,86.0341822005705,3.9371948313422696,2.5042199836643717,-0.09758741961361406,True,discovery
KXHYPE15M-26SEP280045-45,HYPE,yes,1790570583.359177,2026-09-28T00:43:03.359177-04:00,1790570583.1174467,116.88922548294067,10.0,0.939,0.5699,0.0401,9405e04f-7eea-4605-9b35-4e724987735f,HYPE-eight-minute-20260927-signals:c138b498-76af-4945-8f36-746130986a20:KXHYPE15M-26SEP280045-45:decision,['3b07520e-e3c7-4d37-ad67-3c8d37f2ce56'],[],116.64082288742065,10,True,0.0066721439361572266,live_entry,5fbc0fa4753752cc,late_settlement,1790570583.1107745,research-logs/HYPE/20260928T000707Z-bf77cfa11b494503ad83c7256f2c46fa/events-1790570447785594410.jsonl.gz,0.925,0.923,0.8439116398998634,0.8439116398998634,-0.0880453601001366,99.0374839202189,1.2127331930525467,1.1887198858061507,1.0,False,0.09625160797811022,0.047791242599487305,0.054871320724487305,NORMAL,0,0.0020000000000000018,225.0,22.5,47.7,0.7390879116040416,0.0002039698745364138,1.1231793028071626,0.00043908183110441534,1.5414241157958108,0.0004779081152346265,1.449745113424489,0.001025124423922108,2.0852035099411084,0.0015951760632564316,2.4405313891548466,0.0017119333522808144,2.0395806830067658,2.4863704399461874e-05,2,85.68432599709313,17.94762648407223,1.659510130027221,-0.08108836010013665,True,discovery
KXBTC15M-26SEP280045-45,BTC,yes,1790570600.689245,2026-09-28T00:43:20.689245-04:00,1790570599.2211552,100.78432703018188,15.0,0.906,1.3205,0.0895,daf7cd63-f522-42f9-98a0-a633fe9206bc,BTC-eight-minute-20260927-signals:06d055fe-6313-4172-a984-dffa1e847564:KXBTC15M-26SEP280045-45:decision,['0a3a8917-b440-4c40-8d1b-8a74c7d7d86a'],[],99.31075501441956,15,True,0.005482196807861328,live_entry,63f2bb9940fdbd9f,late_settlement,1790570599.215673,research-logs/BTC/20260928T000706Z-dd281176519448e38d45e271136af8e8/events-1790570141080666975.jsonl.gz,0.926,0.925,0.8345737292417895,0.8345737292417895,-0.0983232707582105,98.63043568644913,0.7578493683607459,1.1087266607239399,0.8,False,0.13695643135508692,0.152374267578125,0.050772905349731445,NORMAL,53,0.0010000000000000009,638.88,42.592,48.992,0.1951915502725854,4.862800165628123e-05,1.0819169724798348,5.605436890521176e-05,0.19751796619577786,7.641755462151067e-05,0.27065930121968945,0.000272665336005673,0.8143738060601278,0.0005615460323344923,1.1986516357254124,0.0006938155613158692,1.1656749203346441,7.178348510539224e-06,1,85.44438294062878,16.57802076817623,1.150438497863723,-0.09142627075821053,True,discovery
KXHYPE15M-26SEP280100-00,HYPE,no,1790571291.655021,2026-09-28T00:54:51.655021-04:00,1790571291.4275308,308.5816435813904,10.0,0.9455,-4.3555,0.2105,9fdb3779-e6b1-4836-b725-da11867dcaf3,HYPE-eight-minute-20260927-signals:7f4b76a6-7e67-4497-820f-e92570bf6311:KXHYPE15M-26SEP280100-00:decision,['2a891f8c-0a54-4ea4-9b6d-2e3a8bbbddaa'],['HARD_STOP'],308.34497904777527,10,True,0.009174346923828125,live_entry,5fbc0fa4753752cc,standard,1790571291.4183564,research-logs/HYPE/20260928T000707Z-bf77cfa11b494503ad83c7256f2c46fa/events-1790571048112774017.jsonl.gz,0.945,0.94,0.8420887950727731,0.8420887950727731,-0.1086502049272269,99.48477430968246,1.342651203652226,1.2538168475308105,1.0,False,0.051522569031753666,0.33850669860839844,0.07458066940307617,NORMAL,0,0.0050000000000000044,2.0,0.2,3.9,0.7587819808879113,0.000164237505187792,0.962599995886039,0.0003439491576573417,1.4352633973216926,0.0003450582882223996,1.3718788020131343,0.00021194504520194446,0.662287807787495,0.00041603752547525463,0.68746821237039,0.0003239843866152947,0.37944520858365005,2.1345558096811745e-05,2,93.79697176213246,0.11314357086701321,2.8449955713020705,-0.10291120492722683,True,discovery
KXBNB15M-26SEP280100-00,BNB,no,1790571297.409826,2026-09-28T00:54:57.409826-04:00,1790571297.2373583,302.76988458633423,10.0,0.96,0.3731,0.0269,ce5e0f6e-2069-4d28-9f62-b662edc1ea3a,BNB-eight-minute-20260927-signals:2da325d0-3654-4346-a0e1-871fcdba80cb:KXBNB15M-26SEP280100-00:decision,['94c8cd6c-196c-48f1-a9a6-1ea828365af3'],[],302.59017395973206,10,True,0.007242918014526367,live_entry,b4b5954cf3804a01,standard,1790571297.2301154,research-logs/BNB/20260928T000707Z-32195b71a44e4245adf02cae8ef8e4a9/events-1790571048141273020.jsonl.gz,0.959,0.95,0.8316075399347335,0.8316075399347335,-0.1322454600652665,98.97405186424508,1.2302263732390273,1.2917240822859062,1.0,False,0.10259481357549123,0.187455415725708,0.0013213157653808594,NORMAL,0,0.009000000000000008,60.0,6.0,8.7,0.800730601160691,0.00011666040157110036,1.2471066529993793,0.0001918271274665706,1.9225182684057203,0.0003589677797259938,1.7698934724079314,0.0004172595120914835,2.031212433149929,-7.130586976944464e-05,-0.19812139768684953,-0.0005097362212334033,-0.9977132461321795,1.1366487656686944e-05,3,34.860099540208566,-5.856184265707434,2.902584493041763,-0.1273924600652665,True,discovery
KXSOL15M-26SEP280100-00,SOL,no,1790571420.452637,2026-09-28T00:57:00.452637-04:00,1790571420.1632373,179.8458788394928,15.0,0.9501153333333333,0.6985,0.04977,6afc47d9-f6c3-4d4f-823f-de1dcd73b197,SOL-eight-minute-20260927-signals:14899b32-cc15-417d-9e92-797a92086d09:KXSOL15M-26SEP280100-00:decision,['1c1793c8-e948-49c7-a0b9-d4aa1e03bfb1'],[],179.54736304283142,15,True,0.009116172790527344,live_entry,b18891dcb63067ed,standard,1790571420.1541212,research-logs/SOL/20260928T000706Z-096196ff8eb8430fb5547904dc91ee2a/events-1790571034874803641.jsonl.gz,0.948,0.946,0.8384323686761882,0.8384323686761882,-0.1151186313238118,99.15139252518912,1.2351562864905672,1.2081682943929677,1.0,False,0.08486074748108767,0.08761072158813477,0.10479044914245605,NORMAL,0,0.0020000000000000018,3.0,0.2,3.4,0.7173172407067413,-0.0,,0.0003333888981497113,1.9318614555914688,0.0005832847262728924,2.293573120175056,8.336807002917723e-05,0.17266866182385185,0.0010827017573081799,1.3731177841978077,0.0003333888981497113,0.3424757391160332,-1.9442824209096414e-05,0,64.18402252093874,4.632403718653066,2.0922222222222513,-0.10956763132381175,True,discovery
KXXRP15M-26SEP280100-00,XRP,no,1790571424.196247,2026-09-28T00:57:04.196247-04:00,1790571423.4552355,176.55178356170654,15.0,0.95,0.7001,0.0499,4db03a0e-4628-4021-99c7-2ea6abf92d70,XRP-eight-minute-20260927-signals:129375de-ad8e-4ece-bff0-f0d0d690d222:KXXRP15M-26SEP280100-00:decision,['a772df73-a35a-4307-894d-2aa7c1da3d7d'],[],175.80375289916992,15,True,0.00701904296875,live_entry,2bd02930725ec686,standard,1790571423.4482164,research-logs/XRP/20260928T000706Z-e4aa7377a17147ff81ba5564f1fd81d4/events-1790570851016993820.jsonl.gz,0.957,0.952,0.8327209594949164,0.8327209594949164,-0.1292600405050836,98.81430460999084,1.5411837194178004,1.1739347707212517,1.25,False,0.1185695390009164,0.36836838722229004,0.018987655639648438,NORMAL,0,0.0050000000000000044,38.0,2.533333333333333,6.8,0.6240645779023364,0.00010698262201047637,1.6202790848128745,0.0003810211366462868,1.7246714101571439,0.0007817824640180548,2.5218371622707174,6.686682135192967e-05,0.09872759813017876,0.0011955650547690322,1.39570790465219,8.692512403563057e-05,0.07769863024617792,-4.66289106517322e-06,4,68.61394117012198,2.1308109987481423,2.5198054204309615,-0.12427904050508354,True,discovery
KXBTC15M-26SEP280100-00,BTC,no,1790571464.385452,2026-09-28T00:57:44.385452-04:00,1790571464.121428,135.88286185264587,15.0,0.8,-2.9628,0.4128,5a645337-ef02-4a49-a9f3-7193df3180bf,BTC-eight-minute-20260927-signals:68973368-6cee-473c-a086-521150f2d156:KXBTC15M-26SEP280100-00:decision,['7af2825e-729d-433b-adac-ba68553456b4'],['HARD_STOP'],135.61454796791077,15,True,0.004289865493774414,live_entry,63f2bb9940fdbd9f,standard,1790571464.1171381,research-logs/BTC/20260928T000706Z-dd281176519448e38d45e271136af8e8/events-1790571341748632323.jsonl.gz,0.8,0.78,0.85,0.9090609049994829,0.0367,98.85066401714158,1.5496195693335146,1.9404302732525633,0.8,False,0.11493359828584165,0.058621883392333984,0.008959770202636719,NORMAL,0,0.020000000000000018,5058.84,337.25600000000003,732.3226666666667,0.29041918359470575,2.5167257398206466e-05,0.8608659695708929,5.308944624959899e-05,1.1108648131355896,5.872473368362385e-06,0.07777952535721389,0.0001845304747886134,1.3223844604131827,0.00028563387416480346,1.0118936530370313,0.0004746088460045872,1.4186884985083197,4.837702367362547e-06,-1,82.46163491826825,6.185681738351114,2.3366217032421313,0.04999999999999993,True,discovery
KXETH15M-26SEP280115-15,ETH,no,1790572080.468822,2026-09-28T01:08:00.468822-04:00,1790572080.2706652,419.73600578308105,10.0,0.9307,0.6478,0.0452,3d9eae87-d1ed-48ef-a399-959b96523cfe,ETH-eight-minute-20260927-signals:efa2c701-49bc-45e3-ba15-1ce8f887af87:KXETH15M-26SEP280115-15:decision,['da7601b0-d9fd-4faf-b7a9-725d69c9ba08'],[],419.5311779975891,10,True,0.006670951843261719,live_entry,a9595861d02a4ec9,standard,1790572080.2639942,research-logs/ETH/20260928T000706Z-a2de181fa9b4436d906d678a249a2a5a/events-1790571642999021478.jsonl.gz,0.928,0.923,0.8447485132845958,0.8447485132845958,-0.0900294867154042,99.38775298118789,1.2258347143331074,1.407835229064403,0.8,False,0.06122470188121076,0.2038428783416748,0.06308436393737793,NORMAL,0,0.0050000000000000044,69.0,6.9,20.5,0.6747154126660587,-1.1301435658861436e-05,-0.12260663178334234,4.896993622616197e-05,0.29577698938390107,-3.3905073329121294e-05,-0.09180443652465978,0.0001468954217592744,0.2819831152278709,0.00013183121085080796,0.12821251897520758,0.0007039522968795842,0.5974862769668015,-1.1301180208015773e-06,1,95.05672923119752,8.44001359625076,2.979612133267152,-0.08325148671540428,True,discovery
KXBTC15M-26SEP280115-15,BTC,no,1790572081.254065,2026-09-28T01:08:01.254065-04:00,1790572081.1012635,418.9056158065796,15.0,0.928,1.0098,0.0702,dad63d19-3d57-405c-b92f-6e5805ae490f,BTC-eight-minute-20260927-signals:ce96d9e2-1711-464e-8b0c-615cff40d3af:KXBTC15M-26SEP280115-15:decision,['98e419d7-9eeb-4ac3-866f-3eae88665092'],[],418.7459349632263,15,True,0.006879329681396484,live_entry,63f2bb9940fdbd9f,standard,1790572081.0943842,research-logs/BTC/20260928T000706Z-dd281176519448e38d45e271136af8e8/events-1790571942014319442.jsonl.gz,0.928,0.927,0.8589353554013384,0.8589353554013384,-0.0758426445986616,98.14406957078084,1.4834191736007054,1.5308797084703059,0.8,False,0.18559304292191584,1.0184049606323242,0.05829572677612305,NORMAL,0,0.0010000000000000009,91.98,6.132000000000001,42.088,0.5666431346706349,-5.553862873575177e-05,-0.8967719750134158,-3.502580334147076e-05,-0.3577501166095377,-8.864882398151863e-05,-0.5680970141630968,3.7901872292578354e-05,0.12881147264477552,-5.361926435809572e-05,-0.07246173343550484,0.00046254217640118167,0.5020659340219431,-8.1527649477664e-06,-3,84.14732481572234,6.480567406292243,3.2399684969409077,-0.06906464459866168,True,discovery
KXSOL15M-26SEP280115-15,SOL,no,1790572141.950207,2026-09-28T01:09:01.950207-04:00,1790572141.8236396,358.1813886165619,15.0,0.958,0.5877,0.0423,fb784565-dd8c-4ffb-a922-8cce136c6857,SOL-eight-minute-20260927-signals:92b7cb59-68be-4d4b-b0c6-c0662f249a0d:KXSOL15M-26SEP280115-15:decision,['4784e628-2551-4776-a454-1f3f84d764ab'],[],358.0497930049896,15,True,0.005028247833251953,live_entry,b18891dcb63067ed,standard,1790572141.8186114,research-logs/SOL/20260928T000706Z-096196ff8eb8430fb5547904dc91ee2a/events-1790571635279476800.jsonl.gz,0.958,0.957,0.8448266865701238,0.8448266865701238,-0.1180903134298762,98.61238864806391,1.6551611694076604,1.4084565336443389,1.0,False,0.13876113519360803,0.6981697082519531,0.009437799453735352,NORMAL,14,0.0010000000000000009,3.0,0.2,7.6,0.8754042435257643,8.35840855901715e-05,0.8943898105451323,0.00016715419974933088,0.9660312232556685,0.0005847953216374657,1.9082729868926243,0.0004177807486631657,0.83805867587025,0.0010020876826722924,0.9517845951956038,0.0011689070718877703,0.7304250767839979,-2.7763602698812243e-06,0,99.12294565666576,4.087361885436626,3.4446268656717693,-0.11317331342987613,True,discovery
KXHYPE15M-26SEP280115-15,HYPE,no,1790572213.801217,2026-09-28T01:10:13.801217-04:00,1790572213.6221302,286.3866996765137,10.0,0.96,0.3731,0.0269,d60bd7a9-6388-4a32-b0dd-78131ca6a58a,HYPE-eight-minute-20260927-signals:92a65822-2a68-4caf-a61a-a9aa871670d7:KXHYPE15M-26SEP280115-15:decision,['d6179c8d-ddc8-4975-89cf-951bafc4384b'],[],286.1987829208374,10,True,0.008829832077026367,live_entry,5fbc0fa4753752cc,standard,1790572213.6133003,research-logs/HYPE/20260928T000707Z-bf77cfa11b494503ad83c7256f2c46fa/events-1790571648147124225.jsonl.gz,0.96,0.954,0.8373183708756655,0.8373183708756655,-0.1274696291243345,97.91807108634927,1.6652470999027158,1.3712096870429045,1.0,False,0.2081928913650729,0.5124843120574951,0.03893780708312988,NORMAL,0,0.006000000000000005,1.0,0.1,1.0,0.8875219077031491,-1.8883098072075555e-05,-0.17075470433718476,8.885917043288671e-06,0.0814006344807,7.774642005486943e-05,0.6158592698378764,-3.110195331390564e-05,-0.09296827433072029,0.0008711787436824769,1.2834252132867014,0.002242008342975166,2.1284588601580516,-6.3681669495774255e-06,-1,99.7125220131798,-0.1095447393787542,2.998423023851684,-0.12268162912433445,True,discovery
KXBTC15M-26SEP280130-30,BTC,no,1790572986.420257,2026-09-28T01:23:06.420257-04:00,1790572986.2152598,413.78958773612976,15.0,0.89,1.5472,0.1028,acf4a1d3-33ab-4a74-8e23-7997d826fac7,BTC-eight-minute-20260927-signals:0e3b18f9-f66c-470f-b965-7cdac271b17d:KXBTC15M-26SEP280130-30:decision,['ceedd5ae-7b48-4eac-9afb-b50893f3d8dc'],[],413.5797429084778,15,True,0.004847526550292969,live_entry,63f2bb9940fdbd9f,standard,1790572986.2104123,research-logs/BTC/20260928T000706Z-dd281176519448e38d45e271136af8e8/events-1790572542295584468.jsonl.gz,0.89,0.88,0.8345670985036946,0.8345670985036946,-0.0643859014963054,98.72253566778801,1.0283369732059047,1.3311607845979532,0.8,False,0.1277464332211993,0.16528844833374023,0.07921552658081055,NORMAL,0,0.010000000000000009,2720.84,181.38933333333335,754.4746666666667,0.2377447659126408,7.322587766456223e-05,0.7917072689249356,0.00037515428084577973,1.435584044372378,0.0005623256027484924,1.4009476868129207,0.0006378710584754588,1.4700668908633627,0.0008446318360362248,1.3851153347403327,0.0007752408359191776,0.8746394458236754,-4.0990112253706316e-06,2,94.14167356907186,6.544879207677626,2.7971862078054026,-0.05543290149630542,True,discovery
KXHYPE15M-26SEP280130-30,HYPE,no,1790572995.505438,2026-09-28T01:23:15.505438-04:00,1790572995.2940407,404.71428990364075,10.0,0.926,0.692,0.048,ee80f114-b49c-4e20-a0fb-76a80dd6b7a2,HYPE-eight-minute-20260927-signals:f5b3e905-21aa-4038-a780-1c77b39f613a:KXHYPE15M-26SEP280130-30:decision,['cd3243dc-eb2a-475d-9bd9-5a630fa80a30'],[],404.4945619106293,10,True,0.008330583572387695,live_entry,5fbc0fa4753752cc,standard,1790572995.28571,research-logs/HYPE/20260928T000707Z-bf77cfa11b494503ad83c7256f2c46fa/events-1790572524231295285.jsonl.gz,0.927,0.91,0.8344818303272418,0.8344818303272418,-0.0993551696727582,98.99819588503385,1.4685229609919004,1.3305511578172675,1.0,False,0.10018041149661432,0.2243824005126953,0.026573657989501953,NORMAL,2,0.017000000000000015,2.0,0.2,13.9,0.8556360711338303,0.00046609233980576814,0.8480221838043173,0.0005474466796968613,1.063175782347436,0.0007401924500369805,1.326776724472237,0.0012879419222867616,1.4590475227242545,0.0007557871221901546,0.6833929102839383,0.0008292983066263693,0.5272399253635436,6.854538629325429e-05,1,92.06333391955407,1.5215386936027633,3.456611570247864,-0.09251816967275828,True,discovery
KXBNB15M-26SEP280130-30,BNB,no,1790573008.363578,2026-09-28T01:23:28.363578-04:00,1790573008.1519206,391.8561096191406,10.0,0.9456,0.508,0.036,4e642894-44d3-4924-aa3a-965e44b6db70,BNB-eight-minute-20260927-signals:5add0f14-3aa4-4d7f-9735-c58a4cb746a6:KXBNB15M-26SEP280130-30:decision,['21d37ba4-bfab-4067-8ad8-fd8175a9a91f'],[],391.636421918869,10,True,0.008030176162719727,live_entry,b4b5954cf3804a01,standard,1790573008.1438904,research-logs/BNB/20260928T000707Z-32195b71a44e4245adf02cae8ef8e4a9/events-1790572849469038519.jsonl.gz,0.95,0.922,0.8502695143419291,0.8502695143419291,-0.1042184856580709,97.99034314230617,0.6872715024567239,1.2660830175641709,1.0,False,0.2009656857693823,0.048868417739868164,0.0017445087432861328,NORMAL,1,0.027999999999999914,5.0,0.5,4.607,0.80297497073627,0.0007169888553858472,1.2993220240381884,0.0011766238842921828,1.0500237549192337,0.0010868134603280177,0.984771517464169,0.0009683431297161649,0.852142884469985,0.002363466226249833,1.53212326391478,0.0028021298268117167,1.7524866572760074,0.00010717065573290219,2,88.04108008018355,13.174138320230382,3.235764815029582,-0.09973048565807086,True,discovery
KXETH15M-26SEP280130-30,ETH,no,1790573097.430331,2026-09-28T01:24:57.430331-04:00,1790573096.366502,303.63897800445557,10.0,0.915,0.7955,0.0545,8925c1af-1730-4c9e-a8ea-e64c2a1d83c9,ETH-eight-minute-20260927-signals:7eb2a8a6-7cc8-4931-8c20-0a83077c17f3:KXETH15M-26SEP280130-30:decision,['ff66784e-e129-40b5-8a4a-cd49b27a70e6'],[],302.569669008255,10,True,0.005480051040649414,live_entry,a9595861d02a4ec9,standard,1790573096.361022,research-logs/ETH/20260928T000706Z-a2de181fa9b4436d906d678a249a2a5a/events-1790573130193602266.jsonl.gz,0.917,0.915,0.8407361920708116,0.8407361920708116,-0.0836918079291884,98.06541900683895,1.1801325077099671,1.2057478851362138,0.8,False,0.1934580993161047,0.3045918941497803,0.005484104156494141,NORMAL,0,0.0020000000000000018,49.65,4.965,18.365000000000002,0.6757772176731159,0.00013227063327414523,1.182283086469201,7.936657911145062e-05,0.5726911476034452,0.0005364239411294047,2.0162169124243006,0.0003362766990475663,1.0679233393401406,0.0014756665974752226,1.2713811836305013,0.0015547991214631685,1.2057958923225636,8.573328617182224e-06,2,100.0,4.84631672940005,2.1710376282784667,-0.07626380792918841,True,discovery
KXETH15M-26SEP280145-45,ETH,no,1790573820.283233,2026-09-28T01:37:00.283233-04:00,1790573820.0959406,479.90955781936646,10.0,0.945,-5.0603,0.2103,d6120eb6-5079-43c4-9ce1-eb3c843fc1ba,ETH-eight-minute-20260927-signals:71d93bee-a7d8-44f5-a28c-14e5f1511b1f:KXETH15M-26SEP280145-45:decision,['94e4281f-68f8-4bf0-a8a2-79e3699f1ee6'],['HARD_STOP'],479.7167670726776,10,True,0.005498409271240234,live_entry,a9595861d02a4ec9,standard,1790573820.0904422,research-logs/ETH/20260928T000706Z-a2de181fa9b4436d906d678a249a2a5a/events-1790573730519395231.jsonl.gz,0.942,0.941,0.8658655764107304,0.8658655764107304,-0.0820594235892696,99.25946371736201,1.4076350427075928,1.60047718256242,0.8,False,0.07405362826379842,0.044545888900756836,0.044545888900756836,NORMAL,0,0.0010000000000000009,10.0,1.0,4.5,0.744753784450679,0.00018171011936085613,1.0549209766422052,-2.6504910981328678e-05,-0.08456306954563843,-6.815832421414036e-05,-0.14552846274460204,0.0002990294790073955,0.5052131087694539,0.0004314537341563174,0.3495243177793622,0.001749996220310357,1.049221759427056,3.861396801264257e-05,3,64.51318120732634,-5.691083822231992,3.6212933190423753,-0.07613442358926958,True,discovery
KXDOGE15M-26SEP280145-45,DOGE,no,1790573821.015508,2026-09-28T01:37:01.015508-04:00,1790573820.8757944,479.13094329833984,10.0,0.954,0.4292,0.0308,6151819a-1e3a-46cd-b595-d3b2a4c61eb4,DOGE-eight-minute-20260927-signals:3a10f292-7f7b-4447-b4ec-fb06d846a5d1:KXDOGE15M-26SEP280145-45:decision,['89496a0c-2d8b-4f94-96b3-1e90743c5bdd'],[],478.98449206352234,10,True,0.006737709045410156,live_entry,01559030c43f99e5,standard,1790573820.8690567,research-logs/DOGE/20260928T000707Z-0e46526dd6584a18b8b5b6e2542a3867/events-1790573253281901244.jsonl.gz,0.954,0.921,0.8650411396003467,0.8650411396003467,-0.0941308603996533,98.30236162648782,1.9105128197106644,1.5917868276551042,1.1,False,0.16976383735121725,0.8361196517944336,0.020848989486694336,ELEVATED,0,0.03299999999999992,63.0,6.3,90.4,0.872257298088801,0.00018313045351703305,1.1493280966036428,-0.0004419436899065765,-0.7058195369398733,0.00019390074436331783,0.20149570296462627,0.0003446604555978894,0.250768320379043,0.0020322143609814436,0.6133846893230878,0.005400945165403792,1.020041048907422,3.0162732557962682e-05,3,73.61545619137497,-8.325808810530503,4.952308424559814,-0.08895886039965328,True,discovery
KXBTC15M-26SEP280145-45,BTC,no,1790573822.177461,2026-09-28T01:37:02.177461-04:00,1790573822.0269213,477.9784619808197,15.0,0.952,-7.8379,0.3079,20526215-0de8-49ca-8211-691feade4ecf,BTC-eight-minute-20260927-signals:716fb79a-a6a2-44b3-a011-ea62c046f1e8:KXBTC15M-26SEP280145-45:decision,['7773c79e-20fa-404d-8c64-7cadc946386a'],['HARD_STOP'],477.82253909111023,15,True,0.00538325309753418,live_entry,63f2bb9940fdbd9f,standard,1790573822.021538,research-logs/BTC/20260928T000706Z-dd281176519448e38d45e271136af8e8/events-1790573413001500543.jsonl.gz,0.952,0.951,0.8840602114267608,0.8840602114267608,-0.0732387885732392,99.53123956418737,1.5046393384771077,1.792612538399497,0.8,False,0.04687604358126206,0.9811534881591797,0.05150127410888672,NORMAL,28,0.0010000000000000009,2014.68,134.312,383.14866666666666,0.5531198880268641,2.4003690054730242e-05,0.7754388394851929,-0.00019038162588080887,-0.8679920313816054,1.8093635287819154e-06,0.007109856140501215,0.0002087573402748122,0.5410969052217778,0.00043381850350476814,0.6924920279054252,0.0015634983003490754,1.6926844781713346,4.740425893319985e-06,1,54.47050781568612,-3.3799765730790625,4.0518208955226935,-0.06793978857323912,True,discovery
KXXRP15M-26SEP280145-45,XRP,no,1790573881.394975,2026-09-28T01:38:01.394975-04:00,1790573880.3418455,419.6664550304413,15.0,0.954296,-7.5719,0.30746,4aa9dd9c-4ff3-47d0-a223-30e94a9fc06d,XRP-eight-minute-20260927-signals:2c2a2f8b-786f-49d4-a98d-946d83c2a056:KXXRP15M-26SEP280145-45:decision,['870eb617-3ca1-46f3-903b-8c8095a34d7c'],['HARD_STOP'],418.6050250530243,15,True,0.008300542831420898,live_entry,2bd02930725ec686,standard,1790573880.333545,research-logs/XRP/20260928T000706Z-e4aa7377a17147ff81ba5564f1fd81d4/events-1790573423460777101.jsonl.gz,0.956,0.952,0.8505783580812932,0.8505783580812932,-0.1104666419187068,99.3925326451382,1.7163176055933569,1.2861127065447564,1.25,False,0.06074673548617904,0.24080538749694824,0.06531357765197754,NORMAL,0,0.0040000000000000036,15.0,1.0,2.5133333333333336,0.779049624482481,-6.106083015589014e-05,-0.9834772720662158,-5.427592523488123e-05,-0.19810609641350396,-9.498673578089978e-05,-0.1680683451390873,0.0002984123108642489,0.3109289671372698,-0.0002985905170365122,-0.1984695418820288,0.0012331876545720322,0.5928541877691745,-9.045941505148037e-06,-1,66.43745351594742,1.3881092061899238,4.252948352989012,-0.10542164191870673,True,discovery
KXETH15M-26SEP280215-15,ETH,yes,1790575800.614996,2026-09-28T02:10:00.614996-04:00,1790575800.4188445,299.58702397346497,10.0,0.9182,0.7654,0.0526,ae3e70bb-cc9f-408b-b0f4-ae40701a851d,ETH-eight-minute-20260927-signals:249e9c41-782e-496e-aea4-e7fb770cd08c:KXETH15M-26SEP280215-15:decision,['082db80d-3d7b-4888-930d-b90f3df765f7'],[],299.3850040435791,10,True,0.005868434906005859,live_entry,a9595861d02a4ec9,standard,1790575800.412976,research-logs/ETH/20260928T000706Z-a2de181fa9b4436d906d678a249a2a5a/events-1790575550381168174.jsonl.gz,0.905,0.903,0.8381157124462887,0.8381157124462887,-0.0750032875537113,96.98351164675742,0.966496281629747,1.3569835471667042,0.8,False,0.3016488353242581,0.3320765495300293,0.12162661552429199,NORMAL,2,0.0020000000000000018,7.0,0.7,101.312,0.6451030240577432,-4.142751690983104e-05,-0.6741179058379708,0.0,0.0,-4.895942393590147e-05,-0.3353042368068074,0.0003466191446797051,1.363092634940677,0.00013183766639790484,0.10672559815653668,0.0019660970897235064,1.283293314215289,-6.653522584102826e-06,-1,98.04609593029029,0.4490948781870685,2.42711864406763,-0.06688428755371134,True,discovery
KXBTC15M-26SEP280215-15,BTC,yes,1790575864.867756,2026-09-28T02:11:04.867756-04:00,1790575864.6831229,235.32199430465698,15.0,0.91,1.264,0.086,ae618d34-0845-46b0-8c6e-251b887fe23e,BTC-eight-minute-20260927-signals:cdb3c79e-131e-431b-89b2-4bd5be052264:KXBTC15M-26SEP280215-15:decision,['86162b57-213d-4584-8bf8-659f20f4cab4'],[],235.13224411010742,15,True,0.005117177963256836,live_entry,63f2bb9940fdbd9f,standard,1790575864.6780057,research-logs/BTC/20260928T000706Z-dd281176519448e38d45e271136af8e8/events-1790575441493752537.jsonl.gz,0.89,0.88,0.9101745863147956,0.9101745863147956,0.0017745863147956,98.33511728657378,0.9099699011539212,1.8484967992165486,0.8,False,0.16648827134262223,1.4727027416229248,1.441678524017334,NORMAL,2796,0.010000000000000009,2148.02,143.20133333333334,830.0446666666667,0.00323707366668361,0.0005395372668843823,0.9531753830685846,0.0005525221711837336,1.0497597391319005,0.0005133280238169835,0.9903207253106358,0.0006142050695052692,1.1472542136439865,0.0008948199493401532,1.2402467532221593,0.0011045719564244383,1.0081350121578379,9.079651924964366e-05,1,95.42171397247103,11.765924089395625,2.9377785181794573,0.02017458631479563,True,discovery
KXSOL15M-26SEP280230-30,SOL,no,1790576520.314653,2026-09-28T02:22:00.314653-04:00,1790576520.1212728,479.88360810279846,15.0,0.9395333333333333,0.8473,0.0597,9ad47642-2d79-4c30-b5ab-fc7617ea1102,SOL-eight-minute-20260927-signals:0a5d26d3-6dd1-44a4-9f6c-a134f9ee34ab:KXSOL15M-26SEP280230-30:decision,['c0734631-6a56-4a6e-9f6a-a07c85c29c90'],[],479.6853470802307,15,True,0.0048809051513671875,live_entry,b18891dcb63067ed,standard,1790576520.116392,research-logs/SOL/20260928T000706Z-096196ff8eb8430fb5547904dc91ee2a/events-1790576132716397975.jsonl.gz,0.936,0.93,0.8549564140974995,0.8549564140974995,-0.0873375859025005,98.89249572583908,1.4097774452223557,1.5188176908554745,1.0,False,0.11075042741609127,0.024637222290039062,0.08326458930969238,NORMAL,0,0.006000000000000005,101.04,6.736000000000001,7.669333333333333,0.8617153315291489,-0.0002524614996213259,-1.5493888824319346,-0.0005050505050505638,-2.0497566329536068,-0.0004208399966332266,-1.072855818195484,-8.413967185538773e-05,-0.10513265023936635,0.0009246028410523355,0.6759975352540865,0.0026013258370395365,1.5827182450313169,-3.646430003649096e-05,0,97.01751331332606,-1.4912433433369787,4.295454545454533,-0.0810435859025006,True,discovery
KXDOGE15M-26SEP280230-30,DOGE,no,1790576521.428296,2026-09-28T02:22:01.428296-04:00,1790576521.2747402,478.73590779304504,10.0,0.946,0.5042,0.0358,b5c4ef9e-2951-4795-a992-5426e50249d7,DOGE-eight-minute-20260927-signals:3f58d0bd-2478-4b55-9ccd-0547990af625:KXDOGE15M-26SEP280230-30:decision,['bf96df60-e7d3-4a7b-bfb8-80ebad20ffdc'],[],478.57170391082764,10,True,0.010648012161254883,live_entry,01559030c43f99e5,standard,1790576521.2640922,research-logs/DOGE/20260928T000707Z-0e46526dd6584a18b8b5b6e2542a3867/events-1790576132816428750.jsonl.gz,0.948,0.945,0.8418452728860242,0.8418452728860242,-0.1117057271139758,99.27554544987632,1.402812535935466,1.4062224557124503,1.1,False,0.07244545501236818,0.1737990379333496,0.05764889717102051,NORMAL,0,0.0030000000000000027,13.0,1.3,11.2,0.8492442724452112,-9.655512761375107e-05,-0.21313743808020938,-0.0006225714347052325,-1.1396077920073449,-0.0009126536747732228,-1.418547930147573,-0.0007514761137950021,-0.768301195167755,0.0013926084627745583,0.6987733919053243,0.003900197681252382,1.6714610625392592,1.1110763636357213e-05,2,87.73591495974883,-5.66973792414741,4.370165745856542,-0.10615472711397578,True,discovery
KXBNB15M-26SEP280230-30,BNB,no,1790576522.380084,2026-09-28T02:22:02.380084-04:00,1790576522.2099419,477.79676032066345,10.0,0.9561,0.4096,0.0294,fe88ebe4-6c0f-4b99-b124-5cb05d634d5c,BNB-eight-minute-20260927-signals:dc91ec4e-ec1f-4016-b0d8-61adb7084154:KXBNB15M-26SEP280230-30:decision,['f1470ab0-31b6-4da9-9f56-7310e5c1c119'],[],477.61991596221924,10,True,0.0067021846771240234,live_entry,b4b5954cf3804a01,standard,1790576522.2032397,research-logs/BNB/20260928T000707Z-32195b71a44e4245adf02cae8ef8e4a9/events-1790576454175594133.jsonl.gz,0.953,0.949,0.8789364374451897,0.8789364374451897,-0.0792995625548103,99.6050237314775,1.5981034087067043,1.7966893029523707,1.0,False,0.0394976268522498,0.1508486270904541,0.012024402618408203,NORMAL,0,0.0040000000000000036,2.0,0.2,10.4,0.9065284827181123,-6.541334693910272e-06,-0.2174446537470487,-0.00022114456049804332,-1.1733907117560292,-0.00019496850408118327,-0.6422800752803842,-7.850166488942989e-05,-0.18637304742039637,0.00043938167490731317,0.5423604151427344,0.001459192258051023,1.5480534498973917,5.190683197257388e-06,1,95.7935985844103,-2.0516714581673425,5.0709286930204875,-0.07406356255481028,True,discovery
KXETH15M-26SEP280230-30,ETH,no,1790576544.497991,2026-09-28T02:22:24.497991-04:00,1790576544.1901028,455.8145275115967,10.0,0.925,0.7014,0.0486,10786b39-5707-4d1e-9fb4-c285b8c0f3f7,ETH-eight-minute-20260927-signals:3e0502db-2182-4603-b8f2-a2ae9d8007e9:KXETH15M-26SEP280230-30:decision,['607f465c-520f-4ead-957d-5e14537c8499'],[],455.5020089149475,10,True,0.004630327224731445,live_entry,a9595861d02a4ec9,standard,1790576544.1854725,research-logs/ETH/20260928T000706Z-a2de181fa9b4436d906d678a249a2a5a/events-1790576150733984276.jsonl.gz,0.925,0.924,0.8611311337685905,0.8611311337685905,-0.0708258662314095,99.71521684562093,1.1750468892466284,1.5792458552850075,0.8,False,0.028478315437907513,0.07538104057312012,0.07963371276855469,NORMAL,0,0.0010000000000000009,14.8,1.48,11.58,0.627947738625481,0.0004340408828769071,1.4570645870359276,0.0004981714842113849,1.7482035499797148,0.00017366157888576428,0.3806941777447205,0.00030952857288457647,0.5111218577843681,0.000705596474281478,0.6302069951293063,0.002087486011206119,1.5427976012115554,8.101945727918928e-05,7,90.87844743333989,-2.12836543286358,3.4825238311392637,-0.06386886623140953,True,discovery
KXBTC15M-26SEP280230-30,BTC,no,1790576580.466527,2026-09-28T02:23:00.466527-04:00,1790576580.1878293,419.8161449432373,15.0,0.904,1.3488,0.0912,0621b42b-0fd4-467b-aa56-ec6aca427d0a,BTC-eight-minute-20260927-signals:9c1533f6-aa2c-4b85-801e-2701484608e3:KXBTC15M-26SEP280230-30:decision,['26962b61-14b3-4182-9338-25a7205c11fc'],[],419.53347301483154,15,True,0.003974199295043945,live_entry,63f2bb9940fdbd9f,standard,1790576580.183855,research-logs/BTC/20260928T000706Z-dd281176519448e38d45e271136af8e8/events-1790576730609388224.jsonl.gz,0.905,0.904,0.8602315534847662,0.8602315534847662,-0.0528874465152338,98.06795796634118,1.2145684558668652,1.5700807357915858,0.8,False,0.19320420336588207,0.0724954605102539,0.07631754875183105,NORMAL,748,0.0010000000000000009,286.3,19.086666666666666,249.34000000000003,0.42524250928366925,-7.027110930879488e-05,-0.7987380928500836,-0.00010252211625849661,-1.0321478454604838,0.00018140781607844936,1.063747052149386,0.0005478720653792069,1.5604445179671698,0.0006294723650810408,0.642630799490548,0.0007952758092247825,0.7829424726463446,-2.0101149064373952e-05,-2,89.93435440877414,-1.2863922668078303,3.3227939385993,-0.04476844651523382,True,discovery
KXXRP15M-26SEP280230-30,XRP,no,1790576582.299409,2026-09-28T02:23:02.299409-04:00,1790576581.9962797,418.00890493392944,15.0,0.9596666666666667,0.5643,0.0407,749698a3-8039-4cdf-b4e3-da9eb51c67f0,XRP-eight-minute-20260927-signals:fe974ab6-c78d-418d-ba58-51a6cf564ff0:KXXRP15M-26SEP280230-30:decision,['59f57b3c-cc21-426d-930b-5337eddc885c'],[],417.7005910873413,15,True,0.005184650421142578,live_entry,2bd02930725ec686,standard,1790576581.991095,research-logs/XRP/20260928T000706Z-e4aa7377a17147ff81ba5564f1fd81d4/events-1790576653904585093.jsonl.gz,0.96,0.954,0.8384841933425937,0.8384841933425937,-0.1263038066574063,97.98621753496181,1.6875275460435821,1.380065460804418,1.25,False,0.20137824650381903,0.9445772171020508,0.06486654281616211,NORMAL,0,0.006000000000000005,200.0,13.333333333333334,35.294666666666664,0.7853608515743886,-0.00016202203499671164,-1.292221993989725,-0.0004524428537664438,-2.518209561970896,-0.0002565591368810516,-1.037781427445588,0.0007419298269281116,1.3449405806009107,0.0017720580803828323,1.1790369697277328,0.0029208673764689053,1.778775894411812,-2.385243576997394e-05,-3,93.76542101406763,-1.1150314579228517,4.5584477046853555,-0.12151580665740624,True,discovery
KXETH15M-26SEP280245-45,ETH,yes,1790577616.48002,2026-09-28T02:40:16.480020-04:00,1790577616.2948797,283.71003103256226,10.0,0.926,0.692,0.048,faa4f991-d755-4d95-bd10-db967a561777,ETH-eight-minute-20260927-signals:28250c21-393d-4fa1-afac-b4a5dd34aee9:KXETH15M-26SEP280245-45:decision,['6c069484-15c0-4adf-b2d2-34b36c11711b'],[],283.51997995376587,10,True,0.004910707473754883,live_entry,a9595861d02a4ec9,standard,1790577616.289969,research-logs/ETH/20260928T000706Z-a2de181fa9b4436d906d678a249a2a5a/events-1790577611190377934.jsonl.gz,0.924,0.919,0.8344289811853287,0.8344289811853287,-0.0965870188146713,99.39799903923898,0.9483179889264723,1.1840272499253328,0.8,False,0.06020009607610245,0.21162748336791992,0.005659818649291992,NORMAL,0,0.0050000000000000044,4.0,0.4,7.5,0.5433943523153182,0.00033977650256700187,1.562782866918975,0.00044553184419982017,1.8924877923848884,0.0004833070283414287,1.9887738729697404,0.000543753256855295,1.7583117701863762,0.00021138935654585467,0.3336110095789156,-9.811468852372052e-05,-0.12465080378976959,5.184506623535275e-05,5,60.96404393488603,11.420404604767228,2.0605128205128382,-0.08957101881467133,True,discovery
KXBTC15M-26SEP280245-45,BTC,yes,1790577632.55222,2026-09-28T02:40:32.552220-04:00,1790577632.3797503,267.6263997554779,15.0,0.93,0.9816,0.0684,3ab03b06-53b5-49b2-88a1-e25b2b39f04d,BTC-eight-minute-20260927-signals:b3dd8039-4ef6-4c2f-b4ec-cede3e4c1c47:KXBTC15M-26SEP280245-45:decision,['45c0ad3c-849e-444e-a4e3-3694a3be806d'],[],267.4477798938751,15,True,0.006150007247924805,live_entry,63f2bb9940fdbd9f,standard,1790577632.3736002,research-logs/BTC/20260928T000706Z-dd281176519448e38d45e271136af8e8/events-1790577331069866199.jsonl.gz,0.93,0.929,0.8325239041069232,0.8325239041069232,-0.1041330958930768,98.64874007265828,1.0086732791793034,1.17277807144401,0.8,False,0.13512599273417156,0.30982112884521484,0.02000737190246582,NORMAL,851,0.0010000000000000009,316.02,21.067999999999998,110.20133333333334,0.35009455143094786,0.00011598477086272041,0.6436022718841674,7.952607751526841e-05,0.4710989153205274,0.000426171631989547,1.39691859231894,0.0004544675508242335,1.4024965837321368,0.0005167242068500055,1.109976164198363,0.0003561009699688533,0.5647374764435185,8.99123310622585e-06,1,69.90393884849634,17.08133452554592,1.9826493525467856,-0.09747609589307682,True,discovery
KXHYPE15M-26SEP280300-00,HYPE,no,1790578320.201206,2026-09-28T02:52:00.201206-04:00,1790578320.0436509,479.9635262489319,10.0,0.96,0.3731,0.0269,a806a0a3-ec4c-4909-a3c4-636de73e86f8,HYPE-eight-minute-20260927-signals:65316e0a-57b1-4a03-a4d1-f8041a255c5f:KXHYPE15M-26SEP280300-00:decision,['1b76828a-d7da-460c-9f94-95280b8290ca'],[],479.7987940311432,10,True,0.007177114486694336,live_entry,5fbc0fa4753752cc,standard,1790578320.0364738,research-logs/HYPE/20260928T000707Z-bf77cfa11b494503ad83c7256f2c46fa/events-1790578251607895588.jsonl.gz,0.957,0.936,0.8462530975731258,0.8462530975731258,-0.1157279024268742,98.17600277072826,1.2870513548345506,1.2812375937288505,1.0,False,0.18239972292717366,0.9577710628509521,0.016321182250976562,NORMAL,0,0.020999999999999908,2.0,0.2,1.0,0.8664423127814187,1.2361536741223311e-05,0.38267642334550017,9.326586727709252e-05,1.3859701024182967,9.776016846219093e-05,0.5796756208881823,0.0005638244821126737,1.1126208011202265,0.0006266818208364722,0.822613626737233,0.0011864366827814,1.1602005318115451,-7.86364933828369e-07,1,94.3050213702269,8.592194887255488,3.6273632852207074,-0.11074690242687413,True,discovery
KXETH15M-26SEP280300-00,ETH,no,1790578497.557402,2026-09-28T02:54:57.557402-04:00,1790578497.3214157,302.6837944984436,10.0,0.94,0.5605,0.0395,d5a6a9de-f11a-4859-880b-f6b23a779c5a,ETH-eight-minute-20260927-signals:56b8b440-430a-405d-9e73-62b7148b06e5:KXETH15M-26SEP280300-00:decision,['e5901368-c302-40e1-befe-d85f2757a01e'],[],302.44259810447693,10,True,0.005210161209106445,live_entry,a9595861d02a4ec9,standard,1790578497.3162055,research-logs/ETH/20260928T000706Z-a2de181fa9b4436d906d678a249a2a5a/events-1790578211433352551.jsonl.gz,0.941,0.937,0.8424333436582474,0.8424333436582474,-0.1045536563417526,99.17215221886033,1.0577302050736725,1.2980377790095539,0.8,False,0.08278477811396669,0.25171375274658203,0.05245780944824219,NORMAL,4,0.0039999999999998925,19.62,1.9620000000000002,21.562,0.591333306513804,0.00033971237685426203,1.24488769580198,0.0004151726740894146,1.5655090698938878,0.0004793049700528851,1.4527385952315262,0.0006414852269724935,1.7384348789394561,6.796094511019035e-05,0.09889419030774108,0.0005132540305538003,0.626347790933277,5.1965643035756236e-05,1,73.16155274236873,-0.6286104928782343,2.3333333333331523,-0.09856665634175255,True,discovery
KXBTC15M-26SEP280300-00,BTC,no,1790578498.724041,2026-09-28T02:54:58.724041-04:00,1790578498.5433135,301.46308183670044,15.0,0.9,1.4055,0.0945,31d774d1-375b-4926-8c1e-d761d9738545,BTC-eight-minute-20260927-signals:6b44f6dc-e271-4f5b-84fe-43c94f908346:KXBTC15M-26SEP280300-00:decision,['fa8abf98-24fd-434f-ac66-83fdee597aba'],[],301.2759590148926,15,True,0.0063953399658203125,live_entry,63f2bb9940fdbd9f,standard,1790578498.5369182,research-logs/BTC/20260928T000706Z-dd281176519448e38d45e271136af8e8/events-1790577937770363249.jsonl.gz,0.904,0.903,0.8315165557789124,0.8315165557789124,-0.0806584442210876,99.49918141705614,0.96255185166734,1.1668893745581712,0.8,False,0.0500818582943866,0.4582974910736084,0.04317784309387207,NORMAL,0,0.0010000000000000009,5.02,0.3346666666666666,411.024,0.337846741512488,0.000188880246915768,1.0844923323388556,0.0002951992588982044,1.4809803661308574,0.0003155223777900895,1.2165261533944574,0.0007004232600644755,1.911393398857198,3.970828608479415e-06,0.006852001034210222,0.0006059684829046175,0.8415236653078596,2.7258636790150614e-05,-1,71.02321805702074,0.7234891775234757,2.0940689655173377,-0.07248344422108766,True,discovery
KXBNB15M-26SEP280300-00,BNB,no,1790578511.525679,2026-09-28T02:55:11.525679-04:00,1790578511.2865214,288.72023367881775,10.0,0.943,0.5323,0.0377,8b1c22b6-0356-4d9e-9176-7123bc275c9b,BNB-eight-minute-20260927-signals:3d5bea9c-785d-4c6d-a94d-9edff4bd7da4:KXBNB15M-26SEP280300-00:decision,['50e1eaac-01f1-43fc-a155-2e43520ce8cf'],[],288.4743208885193,10,True,0.00675511360168457,live_entry,b4b5954cf3804a01,standard,1790578511.2797663,research-logs/BNB/20260928T000707Z-32195b71a44e4245adf02cae8ef8e4a9/events-1790578255038034426.jsonl.gz,0.943,0.939,0.8356424128743845,0.8356424128743845,-0.1132205871256155,98.6311533605704,1.0742616906880407,1.1912711886516136,1.0,False,0.1368846639429603,0.23806977272033691,0.020579814910888672,NORMAL,0,0.0040000000000000036,2.0,0.2,8.6,0.7699634111868295,7.727287015013573e-05,0.5125786161566602,-2.2267280719745486e-05,-0.09919026087943233,0.0003823185525313466,0.9124945519313773,0.0007538822975085013,1.6201487485687678,0.000112631048188927,0.1675203784840919,0.0005000975321102219,0.6108639825205818,2.7106222789822606e-06,1,76.84625244827096,14.762518701505936,2.614283022423168,-0.1073575871256155,True,discovery
KXSOL15M-26SEP280300-00,SOL,no,1790578537.67576,2026-09-28T02:55:37.675760-04:00,1790578536.3452,263.6610436439514,15.0,0.945,0.7704,0.0546,6c3e76a4-79da-41c3-a401-72d2f5e0311b,SOL-eight-minute-20260927-signals:e5e4518a-da32-474e-a36b-5081574e5c07:KXSOL15M-26SEP280300-00:decision,['16aabcc1-06a9-4ebb-9ef4-9b1dfa8485e7'],[],262.32423996925354,15,True,0.006243705749511719,live_entry,b18891dcb63067ed,standard,1790578536.3389564,research-logs/SOL/20260928T000706Z-096196ff8eb8430fb5547904dc91ee2a/events-1790578220489778398.jsonl.gz,0.945,0.939,0.8350644374210389,0.8350644374210389,-0.1156745625789611,99.32711143588082,1.1830725628054084,1.1878130195079035,1.0,False,0.06728885641191815,0.27632713317871094,0.05599498748779297,NORMAL,0,0.006000000000000005,1.0,0.06666666666666667,3.842,0.7035986252138111,0.00016860563142817586,1.2648044243828935,0.00016860563142817586,1.3661449181040908,0.000252887128045165,0.8893340912078741,0.0008424599831509116,1.6999978536662763,0.0003371544167228846,0.4072902765651779,0.0007582778667116763,0.6993907538509322,2.529155535079634e-05,2,65.81718583375664,10.71730826655294,2.4912820512820173,-0.10993556257896109,True,discovery
KXBTC15M-26SEP280315-15,BTC,no,1790579573.556196,2026-09-28T03:12:53.556196-04:00,1790579573.3932962,126.61308217048645,15.0,0.957,0.6017,0.0433,f5844206-a1bd-4f99-b504-66f6a667393f,BTC-eight-minute-20260927-signals:cad2c038-8616-4639-bbef-841d704d9966:KXBTC15M-26SEP280315-15:decision,['aa1e586f-0494-4749-9ddc-98e27ec12259'],[],126.44380402565002,15,True,0.0063784122467041016,live_entry,63f2bb9940fdbd9f,standard,1790579573.3869178,research-logs/BTC/20260928T000706Z-dd281176519448e38d45e271136af8e8/events-1790579413492099879.jsonl.gz,0.955,0.954,0.8330211223631724,0.8330211223631724,-0.1270878776368276,98.02902871900072,1.2429957082922396,1.1790057613941984,0.8,False,0.19709712809992774,0.31293773651123047,0.02124762535095215,NORMAL,0,0.0010000000000000009,210.03,14.002,1353.2286666666666,0.32458589061871373,6.932659324776491e-05,1.2062219023729879,7.474232853033058e-05,1.2615570595715244,0.00014983447803262884,1.720812296214713,0.0002288856589776067,1.637246824064678,0.0003573622765492557,0.8872236724353827,0.00022082469539719263,0.443590556321231,8.870836048465353e-06,4,98.02290205572538,1.6308702667755564,1.3718468174093272,-0.12197887763682758,True,discovery
KXSOL15M-26SEP280330-30,SOL,no,1790580209.473091,2026-09-28T03:23:29.473091-04:00,1790580209.3101053,390.6964182853699,15.0,0.89,1.5472,0.1028,70c22290-77e1-44b0-a508-64b945529cba,SOL-eight-minute-20260927-signals:ef16d24c-e60f-4f75-a09a-44f9c03b7044:KXSOL15M-26SEP280330-30:decision,['c017e74a-0839-4448-9860-cdd4ea145e20'],[],390.5269091129303,15,True,0.006523609161376953,live_entry,b18891dcb63067ed,standard,1790580209.3035817,research-logs/SOL/20260928T000706Z-096196ff8eb8430fb5547904dc91ee2a/events-1790580034668009476.jsonl.gz,0.89,0.88,0.831130925326296,0.831130925326296,-0.067822074673704,99.4094152177116,1.1176909320439243,1.1490985133640759,1.0,False,0.059058478228840444,0.25943470001220703,0.11757683753967285,NORMAL,0,0.010000000000000009,115.0,7.666666666666667,56.333333333333336,0.8130989830108333,0.00025357112670110205,0.8089496887411803,0.00025357112670110205,0.7482534627083914,0.0005070136893696731,0.9567518118272424,0.0009291325280851304,1.4700559112261002,0.0025299375948726333,1.9292584205584022,0.0023616734143050433,1.4525809132242764,3.381376902789797e-05,1,100.0,29.909887427996154,2.933225806451641,-0.05886907467370406,True,discovery
KXBNB15M-26SEP280330-30,BNB,no,1790580233.419427,2026-09-28T03:23:53.419427-04:00,1790580233.2450626,366.7629828453064,10.0,0.943,0.5323,0.0377,d69ab002-4a64-4249-8b1f-dbe885451124,BNB-eight-minute-20260927-signals:de19a98a-bd7d-48ca-a367-4c066ec45c74:KXBNB15M-26SEP280330-30:decision,['a136f129-1a6d-4dbe-82c3-db35f01fef2d'],[],366.5805730819702,10,True,0.008045434951782227,live_entry,b4b5954cf3804a01,standard,1790580233.2370172,research-logs/BNB/20260928T000707Z-32195b71a44e4245adf02cae8ef8e4a9/events-1790580055938332572.jsonl.gz,0.943,0.942,0.8421548865891776,0.8421548865891776,-0.1067081134108224,99.01700428156325,1.260681994385027,1.214448226713232,1.0,False,0.09829957184367559,0.1698603630065918,0.03952741622924805,NORMAL,0,0.0010000000000000009,2.0,0.2,10.2,0.8562182259795023,0.00038206023685105617,1.019368984371023,0.00039912140774323035,1.0960452247436059,0.0006077455396990006,1.6216377133437627,0.0010470146306518213,2.3378354898294127,0.002736234344259847,3.776716398158382,0.002582073519008521,2.740550868886257,5.615386271357788e-05,4,89.38523885401808,23.374645820317802,3.0032858707556724,-0.10084511341082236,True,discovery
KXBTC15M-26SEP280330-30,BTC,no,1790580245.06094,2026-09-28T03:24:05.060940-04:00,1790580244.7883804,355.2163197994232,15.0,0.85,2.1161,0.1339,f630fd4b-febd-41ac-afef-86f7152318e5,BTC-eight-minute-20260927-signals:d4fea9c2-3a7b-4df2-8241-01b388c1cc8d:KXBTC15M-26SEP280330-30:decision,['d8f8e5ff-d83d-47a6-8187-65cc2647039b'],[],354.93905997276306,15,True,0.004700183868408203,live_entry,63f2bb9940fdbd9f,standard,1790580244.7836802,research-logs/BTC/20260928T000706Z-dd281176519448e38d45e271136af8e8/events-1790580014594982160.jsonl.gz,0.85,0.84,0.8389784044000839,0.8389784044000839,-0.0220465955999161,99.0236428044277,0.9344882316226258,1.1950930196096983,0.8,False,0.09763571955723016,0.5943384170532227,0.5613613128662109,NORMAL,766,0.010000000000000009,438.32,29.221333333333334,433.862,0.13839036762215903,0.0003220580873267709,1.0922249816831922,0.00034951920927928093,1.2588505728248358,0.0003318141850201517,1.162392796713116,0.000962545029744577,2.2492644791589145,0.001820816060042807,3.11466953281924,0.001708523075649504,2.2210696558229372,5.335114463134912e-05,4,100.0,23.13301733182711,2.328228215593152,-0.011021595599916112,True,discovery
KXXRP15M-26SEP280330-30,XRP,no,1790580294.75581,2026-09-28T03:24:54.755810-04:00,1790580294.5287755,305.47763180732727,15.0,0.9566666666666667,0.6064,0.0436,6250e474-883e-41c3-a56d-67521a054fd8,XRP-eight-minute-20260927-signals:5a1b4da7-458d-4dc5-a6e3-96d7c7f4b6b5:KXXRP15M-26SEP280330-30:decision,['000eed1d-7308-413b-84fa-34fa487bd464'],[],305.2441899776459,15,True,0.006407260894775391,live_entry,2bd02930725ec686,standard,1790580294.5223682,research-logs/XRP/20260928T000706Z-e4aa7377a17147ff81ba5564f1fd81d4/events-1790580257565241165.jsonl.gz,0.958,0.94,0.8306096604537301,0.8306096604537301,-0.1323073395462699,99.18241346828383,1.4521474014053752,1.1461287866008418,1.25,False,0.08175865317161714,0.4619483947753906,0.07594513893127441,NORMAL,37,0.018000000000000016,141.0,9.4,24.466666666666665,0.8289616259800896,0.00021045199657843128,0.8088599987810854,0.0003190377279083112,1.0315857337043446,0.0007192438440191129,1.7220044496246245,0.0010852534405926262,1.860500738060101,0.0042057433414699474,3.665008144728817,0.004676844886897458,2.8123314401567505,1.811560451504916e-05,2,100.0,14.691133120366809,3.235084594835291,-0.12739033954626988,True,discovery
KXETH15M-26SEP280330-30,ETH,no,1790580303.715564,2026-09-28T03:25:03.715564-04:00,1790580303.4388993,296.5676784515381,10.0,0.895,-3.2852,0.2352,fe8c03b8-9112-4305-b019-f77e218a715e,ETH-eight-minute-20260927-signals:713203f6-9491-418d-8d8d-2ac24fa80f92:KXETH15M-26SEP280330-30:decision,['9d44243b-37e7-4f5e-8d30-101d66def476'],['HARD_STOP'],296.28443598747253,10,True,0.006577730178833008,live_entry,a9595861d02a4ec9,standard,1790580303.4323215,research-logs/ETH/20260928T000706Z-a2de181fa9b4436d906d678a249a2a5a/events-1790580014095343272.jsonl.gz,0.89,0.88,0.8321856607408917,0.8321856607408917,-0.0667673392591083,99.67571488723972,1.003877140041383,1.1551387099410837,0.8,False,0.03242851127602722,0.3724019527435303,0.032404184341430664,NORMAL,0,0.010000000000000009,561.97,56.197,242.885,0.4273326951115775,-4.917276282845329e-05,-0.308904640905662,0.00040832529915502125,1.5119383126540127,0.0004310002608687302,1.176214801295537,0.00023066916747338517,0.40194037142128336,0.0020043938124250094,2.1354480028277694,0.002316972388783589,1.9052270591806248,-2.4201227927981665e-05,1,99.04445854121568,3.429124248754571,2.0558096980785656,-0.05781433925910828,True,discovery
KXHYPE15M-26SEP280330-30,HYPE,yes,1790580346.62812,2026-09-28T03:25:46.628120-04:00,1790580346.381413,253.62763142585754,10.0,0.958,-4.0798,0.1998,98cbea86-d0b4-4b8c-adac-953bf1c8662b,HYPE-eight-minute-20260927-signals:5fd3e1d6-73ee-4a15-a245-01d85a445f1d:KXHYPE15M-26SEP280330-30:decision,['3827fd11-54a4-43b5-ac5c-47e15b21d166'],['HARD_STOP'],253.37188005447388,10,True,0.009044408798217773,live_entry,5fbc0fa4753752cc,standard,1790580346.3723686,research-logs/HYPE/20260928T000707Z-bf77cfa11b494503ad83c7256f2c46fa/events-1790580052532649396.jsonl.gz,0.954,0.949,0.863958988459756,0.863958988459756,-0.095213011540244,99.05708130049386,1.224019661189297,1.3617625019477242,1.0,False,0.09429186995061424,0.29463863372802734,0.005445003509521484,NORMAL,3,0.0050000000000000044,2.0,0.2,18.7,0.7085588551707691,1.903686881576938e-05,0.13568718492962867,0.0013332107392423076,1.8027876668501883,0.0018803044836734895,2.299514641847063,0.0019331357189176224,2.085555067145195,0.002673358483787025,1.2147276458598628,0.0017926394091243303,0.7694448191517146,-5.886944235929577e-05,1,56.75090562392189,9.876937442838042,2.8014065639650174,-0.09004101154024391,True,discovery
KXBTC15M-26SEP280400-00,BTC,yes,1790582060.479283,2026-09-28T03:54:20.479283-04:00,1790582060.260666,339.7459514141083,15.0,0.92,-4.8247,0.3247,41d0f318-376f-49c0-a096-9edcfb606bf1,BTC-eight-minute-20260927-signals:0c86488c-eb6d-4aef-bd08-481f733db9ee:KXBTC15M-26SEP280400-00:decision,['7344cfbe-2e0a-42ae-bd49-3db407ce3eff'],['HARD_STOP'],339.5207169055939,15,True,0.006617307662963867,live_entry,63f2bb9940fdbd9f,standard,1790582060.2540486,research-logs/BTC/20260928T000706Z-dd281176519448e38d45e271136af8e8/events-1790581820238270769.jsonl.gz,0.916,0.915,0.8332005652733292,0.8332005652733292,-0.0902864347266708,99.10981670167803,1.0380411044645041,1.3407595133860484,0.8,False,0.08901832983219697,0.15987396240234375,0.02124786376953125,NORMAL,1,0.0010000000000000009,3180.9,212.06,307.0226666666667,0.14410297946678008,7.194126700493797e-05,1.1122472775478534,0.0002789054323764084,1.8613002473470879,0.00019439777665830604,0.9192581112137167,0.0005132145822865919,1.6776500390034117,-6.301541913800168e-05,-0.11105358589353011,0.0005980174035122854,0.6696555344057807,7.908327512377393e-06,3,82.92897587183889,-2.417245498210079,2.552963189246869,-0.08279943472667084,True,discovery
KXETH15M-26SEP280400-00,ETH,yes,1790582107.607202,2026-09-28T03:55:07.607202-04:00,1790582107.4189985,292.5869598388672,10.0,0.913,0.8143,0.0557,cae3a77b-8b1f-4a9a-9667-8352fe06ce8d,ETH-eight-minute-20260927-signals:2d321ecb-2f26-4fc9-99ef-97f7ef744b7c:KXETH15M-26SEP280400-00:decision,['9f74478b-6148-4806-9155-29e2bc7548c3'],[],292.39279794692993,10,True,0.0059583187103271484,live_entry,a9595861d02a4ec9,standard,1790582107.4130402,research-logs/ETH/20260928T000706Z-a2de181fa9b4436d906d678a249a2a5a/events-1790581847561906317.jsonl.gz,0.913,0.907,0.8500991238517852,0.8500991238517852,-0.0705618761482148,99.57998916134673,0.9164826102423003,1.2828879361487973,0.8,False,0.04200108386532684,0.3041799068450928,0.07744526863098145,NORMAL,2,0.006000000000000005,61.0,6.1,16.9,0.6516379889857211,0.0001399093236329474,0.932009208264715,0.0001890759480267512,0.8481783077870881,8.696605676994373e-05,0.31760236712453954,0.000465255266273612,1.2442209495342826,0.00010209213247769355,0.1391269522036107,0.00024203002685019293,0.2619644490172326,2.5082996167591353e-05,3,74.26711372332196,10.088929671328202,2.2675464907022027,-0.06290087614821482,True,discovery
KXBNB15M-26SEP280400-00,BNB,yes,1790582172.324106,2026-09-28T03:56:12.324106-04:00,1790582172.1288617,227.87919068336487,10.0,0.9539,-4.233,0.204,1080182f-b09f-457c-a5db-680e4723e259,BNB-eight-minute-20260927-signals:552573a8-93e0-430f-a7cf-24c4d8e4d765:KXBNB15M-26SEP280400-00:decision,['f9a98026-1d43-4db1-8efd-5033d78fd962'],['HARD_STOP'],227.67589402198792,10,True,0.008052349090576172,live_entry,b4b5954cf3804a01,standard,1790582172.1208093,research-logs/BNB/20260928T000707Z-32195b71a44e4245adf02cae8ef8e4a9/events-1790581857240452781.jsonl.gz,0.944,0.941,0.8319619266193069,0.8319619266193069,-0.1178390733806931,99.07219133324999,1.1659051258978204,1.1694878959623487,1.0,False,0.0927808666750014,0.0596318244934082,0.4866471290588379,NORMAL,0,0.0030000000000000027,2.0,0.2,7.2,0.5961934820893109,8.93245357422856e-05,1.2040134879958049,0.0002207131399203366,1.2370147790114183,0.0007360895505514886,2.050571107496476,0.0010926935487689526,2.6304979890046973,0.0019714702719917376,2.812650068459547,0.0010874281731996227,1.3368698713978802,-6.671411203259164e-06,1,76.33261727063953,33.333333333333336,2.279445727482682,-0.11203807338069305,True,discovery
KXSOL15M-26SEP280400-00,SOL,no,1790582290.986657,2026-09-28T03:58:10.986657-04:00,1790582290.8628147,109.14293646812439,15.0,0.93,-5.5742,0.3242,50655159-bf75-4345-bb2f-666b50c7909e,SOL-eight-minute-20260927-signals:b8625e36-b852-4175-a3be-4eccc080d518:KXSOL15M-26SEP280400-00:decision,['2929cd7d-a8cf-4bc3-9b5a-afec4d957b1b'],['HARD_STOP'],109.01334309577942,15,True,0.005751132965087891,live_entry,b18891dcb63067ed,late_settlement,1790582290.8570635,research-logs/SOL/20260928T000706Z-096196ff8eb8430fb5547904dc91ee2a/events-1790581835447801938.jsonl.gz,0.93,0.917,0.8400403203655973,0.8400403203655973,-0.0966166796344027,98.78432415125721,1.3506330478110968,1.1535255253682037,1.0,False,0.12156758487427938,0.7516062259674072,0.0645756721496582,NORMAL,0,0.013000000000000012,3.68,0.24533333333333335,2.3986666666666667,0.6263260477541713,0.0005931198102016033,1.2045707933752323,0.0010163462352841268,1.7878802228352781,0.0017772511848340722,2.448036455161614,0.002115059221658222,2.6860053025597255,0.002368265245707546,1.7941461500836609,0.0008470986869969499,0.5551344981020091,5.938225587918492e-05,2,73.34010468704687,33.12856291482021,1.5611320754717024,-0.08995967963440277,True,discovery
KXETH15M-26SEP280415-15,ETH,yes,1790583113.362595,2026-09-28T04:11:53.362595-04:00,1790583113.1773689,186.8265733718872,10.0,0.93,0.6544,0.0456,8840f207-bda7-4b29-b4df-681841240a0b,ETH-eight-minute-20260927-signals:91f24e01-6532-45d0-8503-cf6461586166:KXETH15M-26SEP280415-15:decision,['5be9537c-36ab-4bcb-9b0b-489a75782bd2'],[],186.63740491867065,10,True,0.003942251205444336,live_entry,a9595861d02a4ec9,standard,1790583113.1734266,research-logs/ETH/20260928T000706Z-a2de181fa9b4436d906d678a249a2a5a/events-1790583048660970942.jsonl.gz,0.93,0.929,0.8318130302015264,0.8318130302015264,-0.1048439697984736,99.63187466012303,1.175770088086968,1.1686182799312554,0.8,False,0.036812533987696835,0.07357287406921387,0.09323930740356445,NORMAL,4,0.0010000000000000009,61.78,6.178,17.678,0.5872944085230999,0.0002455498806250844,1.0924056805453262,0.0003400242550635202,0.9005915368673407,0.0002304356366824578,0.5386747954944807,0.0005857411704242033,0.9585523377193834,0.0004874399201959534,0.45177475880401274,0.0010964622079725483,0.7267272643014834,4.1428788235601624e-05,3,52.03846669556373,7.997521040137649,1.6500300661455851,-0.09818696979847363,True,discovery
KXBTC15M-26SEP280430-30,BTC,no,1790583780.696845,2026-09-28T04:23:00.696845-04:00,1790583780.517231,419.4862515926361,15.0,0.907,1.3064,0.0886,ab0cc5e0-a859-4f95-81fc-2925a19744f1,BTC-eight-minute-20260927-signals:5c2065b8-2593-4544-997a-db25b31cb3a4:KXBTC15M-26SEP280430-30:decision,['71cfa7d5-d1aa-4c1c-8328-aa5ce5d2f660'],[],419.30315494537354,15,True,0.0034825801849365234,live_entry,63f2bb9940fdbd9f,standard,1790583780.5137484,research-logs/BTC/20260928T000706Z-dd281176519448e38d45e271136af8e8/events-1790583621895357405.jsonl.gz,0.903,0.902,0.835052064044786,0.835052064044786,-0.076179935955214,98.60867758765605,1.013341548165047,1.334637503637387,0.8,False,0.13913224123439566,0.4056820869445801,0.08345603942871094,NORMAL,94,0.0010000000000000009,275.11,18.340666666666667,451.5366666666667,0.28286893938877206,-5.431085141682779e-05,-1.0413071452187934,7.083662275131353e-05,0.4650382793151424,1.448189744734929e-05,0.06378793449820819,-1.810266673896166e-06,-0.006445491586998289,0.0005043262775099588,0.6908560758949592,0.0012319937977230966,1.2685631951984602,-1.13449001982772e-05,1,100.0,-0.0,2.8245316928180295,-0.06794793595521398,True,discovery
KXSOL15M-26SEP280430-30,SOL,no,1790583846.539184,2026-09-28T04:24:06.539184-04:00,1790583846.303505,353.7036917209625,15.0,0.94,0.8407,0.0593,f3f4de97-7f2d-4576-8611-52807691cce8,SOL-eight-minute-20260927-signals:cfa0a7b7-a0da-4f23-8a2f-589d935b858e:KXSOL15M-26SEP280430-30:decision,['fd760b5e-8073-45b8-8707-60d8afb19234'],[],353.46081590652466,15,True,0.007196664810180664,live_entry,b18891dcb63067ed,standard,1790583846.2963083,research-logs/SOL/20260928T000706Z-096196ff8eb8430fb5547904dc91ee2a/events-1790583636728973902.jsonl.gz,0.94,0.934,0.8365406232683786,0.8365406232683786,-0.1095073767316214,99.07745567416983,1.1220712291860653,1.2186867470766025,1.0,False,0.09225443258301733,0.2156383991241455,0.0895075798034668,NORMAL,0,0.005999999999999894,5.0,0.3333333333333333,38.46666666666667,0.8063371714264866,0.00016919042382201877,0.730265848310845,0.00016919042382201877,0.4830535489949091,0.0008453799983093591,1.553764722445983,0.000760906323977073,1.1817779996460211,0.0010987153482081569,1.1071117414162541,0.0013519222644697848,1.0138391727788443,5.658751487425116e-06,2,100.0,2.7701728035188165,2.9598425196851155,-0.10345937673162131,True,discovery
KXETH15M-26SEP280430-30,ETH,no,1790583874.569749,2026-09-28T04:24:34.569749-04:00,1790583874.3730388,325.6325800418854,10.0,0.94,0.5605,0.0395,5d2104ce-60dd-4c28-8d5b-f5f9b411209a,ETH-eight-minute-20260927-signals:0d9ec294-84a9-41ca-bd03-e8c46f013ecf:KXETH15M-26SEP280430-30:decision,['990be2e4-f809-4e8c-bde4-7ffdf602e89f'],[],325.4302508831024,10,True,0.0056188106536865234,live_entry,a9595861d02a4ec9,standard,1790583874.36742,research-logs/ETH/20260928T000706Z-a2de181fa9b4436d906d678a249a2a5a/events-1790583649173363133.jsonl.gz,0.94,0.939,0.8428309117474677,0.8428309117474677,-0.1032170882525323,99.17376651471834,1.012907733034385,1.3007650183566715,0.8,False,0.08262334852816586,0.29420042037963867,0.0776677131652832,NORMAL,161,0.0010000000000000009,5.0,0.5,5.5,0.4787423510671746,0.0001398680703875721,0.8109846840734215,0.00014742739200934718,0.7134116440692159,0.0006083299642181128,1.9790390411676864,0.0007253768559447593,1.4378981989862913,0.0007027247585801311,0.8441475592929465,0.0013893818006085468,1.0781398686339436,7.695948603577325e-06,1,100.0,-0.0,2.425343376162843,-0.09716908825253223,True,discovery
KXBNB15M-26SEP280430-30,BNB,no,1790583880.431772,2026-09-28T04:24:40.431772-04:00,1790583880.2290378,319.77779054641724,10.0,0.941,0.5511,0.0389,21cce2d8-eb5b-44f7-b875-1c10cba1b3b4,BNB-eight-minute-20260927-signals:29dfb16a-1b21-4672-b15e-c338d7b8e9af:KXBNB15M-26SEP280430-30:decision,['e38f71bf-4ae0-4f05-9e03-bf05ea66c061'],[],319.5682280063629,10,True,0.00682830810546875,live_entry,b4b5954cf3804a01,standard,1790583880.2222095,research-logs/BNB/20260928T000707Z-32195b71a44e4245adf02cae8ef8e4a9/events-1790583658645413271.jsonl.gz,0.941,0.931,0.8343339902308801,0.8343339902308801,-0.1126530097691199,99.27991001673945,1.0806676378314448,1.2444563496294312,1.0,False,0.07200899832605444,0.13735365867614746,0.41896653175354004,NORMAL,0,0.009999999999999898,69.0,6.9,20.6,0.7821054263965503,5.116968655283216e-05,0.7025849733157515,0.00020858203570817135,1.4332297568549062,0.00029120368123425333,1.095757466471305,0.0008036772495096933,2.21939591589676,0.0011336887742531276,2.1044301250740847,0.0012567324955117254,1.8268998965799066,5.271479360913218e-07,2,100.0,-0.0,2.8735677597787017,-0.10666600976911988,True,discovery
KXDOGE15M-26SEP280430-30,DOGE,no,1790583900.530275,2026-09-28T04:25:00.530275-04:00,1790583900.2690039,299.74098920822144,10.0,0.96,0.3731,0.0269,c7a39dd5-a8a5-40e5-8125-354ebe24e6f9,DOGE-eight-minute-20260927-signals:5865e332-cc99-4d0c-8fce-2b83256dffb4:KXDOGE15M-26SEP280430-30:decision,['060af8e5-3d7c-49f5-b010-9c5f90bae0ac'],[],299.46972489356995,10,True,0.00999307632446289,live_entry,01559030c43f99e5,standard,1790583900.2590108,research-logs/DOGE/20260928T000707Z-0e46526dd6584a18b8b5b6e2542a3867/events-1790583644587837209.jsonl.gz,0.96,0.958,0.8316835078724474,0.8316835078724474,-0.1331044921275526,99.30746272158875,1.2540856734114039,1.2276774202676428,1.1,False,0.06925372784112473,0.15612411499023438,0.005170106887817383,NORMAL,0,0.0020000000000000018,46.0,4.6,19.3,0.9007751146277353,-0.0,-0.0,0.0002800275719455625,0.6882111388839575,0.0004307466994033504,0.8326751954562904,0.0010439199733101034,1.3990598229504831,0.0016992901699289797,1.5579664343924449,0.0025360527842850367,1.809266419555602,-1.4358223313445014e-05,2,100.0,-0.0,3.0191693290733905,-0.12831649212755258,True,discovery
KXETH15M-26SEP280445-45,ETH,no,1790584688.415622,2026-09-28T04:38:08.415622-04:00,1790584688.2403765,411.76661562919617,10.0,0.9144,-3.5694,0.2254,057185f7-84b5-4328-b33d-24f28b82b03e,ETH-eight-minute-20260927-signals:ceaa00ba-9c83-4414-8132-11d4f1f07166:KXETH15M-26SEP280445-45:decision,['193bf389-a4d5-4baf-a41b-ae483e17b718'],['HARD_STOP'],411.5843780040741,10,True,0.0069921016693115234,live_entry,a9595861d02a4ec9,standard,1790584688.2333844,research-logs/ETH/20260928T000706Z-a2de181fa9b4436d906d678a249a2a5a/events-1790584250420590999.jsonl.gz,0.908,0.907,0.8434398111430326,0.8434398111430326,-0.0725081888569674,99.39291321335891,0.9865744548670661,1.222408317307606,0.8,False,0.060708678664109075,0.14157938957214355,0.007430553436279297,NORMAL,0,0.0010000000000000009,20.0,2.0,7.5,0.2742230613843901,0.0002234264529347163,0.974961035600354,0.0009309154759021832,2.427928712929803,0.0010329835819935518,2.6339455797103684,0.001301285397610763,2.8251136451519976,0.0030549167544625666,3.4864732881945435,0.0029796185030910305,2.610890558978211,1.0252504520491529e-05,2,85.1687703195394,27.066721141370827,2.5623052959503663,-0.06456018885696746,True,discovery
KXSOL15M-26SEP280445-45,SOL,no,1790584871.365659,2026-09-28T04:41:11.365659-04:00,1790584871.196882,228.80927443504333,15.0,0.9082,1.2894,0.0876,d282ff6a-8a71-41c3-a295-5e6384e25790,SOL-eight-minute-20260927-signals:a799683b-05a9-469e-9ed5-fb96615b9ac2:KXSOL15M-26SEP280445-45:decision,['3aa40943-6f59-4428-a85d-2f1803026dc6'],[],228.63434100151062,15,True,0.006156444549560547,live_entry,b18891dcb63067ed,standard,1790584871.1907256,research-logs/SOL/20260928T000706Z-096196ff8eb8430fb5547904dc91ee2a/events-1790584838823728912.jsonl.gz,0.907,0.9,0.830926750935511,0.830926750935511,-0.084078249064489,99.12553449311368,0.918177510475773,1.1479340940414224,1.0,False,0.08744655068863297,0.08861517906188965,0.0011279582977294922,NORMAL,0,0.007000000000000006,10.0,0.6666666666666666,58.13333333333333,0.5292154743666013,0.0001694628029147438,0.7302451757066468,0.0010159160176091975,1.4484129102264285,0.0010159160176091975,1.3185850429346118,0.0005928686372490555,0.5726095766582304,8.473858147617364e-05,0.05166158265923462,0.0021985455775410667,1.190548457130814,2.869332930884185e-08,1,99.52140093641754,10.591486764110652,2.242137404580187,-0.07607324906448898,True,discovery
KXXRP15M-26SEP280445-45,XRP,no,1790584963.093034,2026-09-28T04:42:43.093034-04:00,1790584962.9094925,137.09696221351624,15.0,0.9435333333333333,0.791,0.056,449cc649-c95d-4339-9ab8-538704c31ae0,XRP-eight-minute-20260927-signals:4c03f9ac-a1af-460f-a345-eb964ea0b0c4:KXXRP15M-26SEP280445-45:decision,['34723a71-eef9-4b95-b55a-1dd456db8768'],[],136.90696597099304,15,True,0.0064547061920166016,live_entry,2bd02930725ec686,standard,1790584962.9030378,research-logs/XRP/20260928T000706Z-e4aa7377a17147ff81ba5564f1fd81d4/events-1790584463281799527.jsonl.gz,0.943,0.94,0.8372655233566355,0.8372655233566355,-0.1115974766433645,98.37030508382068,1.1370987140211457,1.1848392762827096,1.25,False,0.1629694916179322,0.7933576107025146,0.018996715545654297,NORMAL,0,0.0030000000000000027,22.0,1.4666666666666666,8.733333333333333,0.3425854687379566,-3.396277679668103e-05,-0.37932216762669146,0.00155302670663382,1.2593033784128855,0.0021823554528387357,1.6759912052062074,0.0022905470883621826,1.705311483260538,0.0020470829068577334,1.067222005862682,0.0028986881404372555,1.2481823952863036,-7.95377371206274e-05,-1,98.97287088217514,7.717138354087967,2.2452293950465383,-0.10573447664336444,True,discovery
KXBTC15M-26SEP280445-45,BTC,yes,1790584984.710646,2026-09-28T04:43:04.710646-04:00,1790584984.50392,115.50093007087708,15.0,0.93,0.9816,0.0684,c73f587d-4bdb-42e4-a359-52a18c80968c,BTC-eight-minute-20260927-signals:c99c4921-77ff-462e-8201-9706b1d1f494:KXBTC15M-26SEP280445-45:decision,['844b3a2f-5490-4548-96d6-4b69a0e53e88'],[],115.28935408592224,15,True,0.004850149154663086,live_entry,63f2bb9940fdbd9f,late_settlement,1790584984.49907,research-logs/BTC/20260928T000706Z-dd281176519448e38d45e271136af8e8/events-1790584825793042565.jsonl.gz,0.93,0.929,0.8322378496689209,0.8322378496689209,-0.1044191503310791,99.48264448185797,1.077610308019551,1.134000387710507,0.8,False,0.05173555181420311,0.42870521545410156,0.05638837814331055,NORMAL,479,0.0010000000000000009,491.14,32.742666666666665,305.416,0.3799401883927911,6.131710345247399e-05,0.6051618516408469,0.000337941034782796,1.4327415507204972,0.00031994556337533453,0.9352160524140785,0.00021488426007798545,0.4011152851364936,0.00025581931598828156,0.27379548144916094,0.0008550135892559929,0.6651630764050338,1.5985685779836459e-06,1,48.34878578154015,5.691911749810146,1.2610282027589812,-0.09776215033107916,True,discovery
KXETH15M-26SEP280500-00,ETH,yes,1790585520.306655,2026-09-28T04:52:00.306655-04:00,1790585520.1284244,479.8758556842804,10.0,0.9474,0.4911,0.0349,c9f92dd5-c773-4ea1-b2f2-a26b10c05e1e,ETH-eight-minute-20260927-signals:ec56c400-63c1-4a6f-8813-ed6c5716b3b1:KXETH15M-26SEP280500-00:decision,['a766bdd2-a1a3-41cf-a6cc-9d330d94c3ba'],[],479.69334506988525,10,True,0.00428009033203125,live_entry,a9595861d02a4ec9,standard,1790585520.1241443,research-logs/ETH/20260928T000706Z-a2de181fa9b4436d906d678a249a2a5a/events-1790585131167834404.jsonl.gz,0.946,0.945,0.87089132919514,0.87089132919514,-0.08078467080486,99.32636109545565,1.3675627140595097,1.6562682989369826,0.8,False,0.06736389045443518,1.0182461738586426,0.04211926460266113,NORMAL,0,0.0010000000000000009,6.0,0.6,17.4,0.7247258590154126,1.887882437801025e-05,0.5923609041614245,2.643055372009151e-05,0.13934786610475533,0.00017748909574955007,0.6498824820519351,0.0006800870511425305,1.5452463489649833,0.0011453454747514247,1.867733609664393,0.0015655843713837658,1.914459318529066,-2.140538316049619e-06,-1,100.0,0.0,3.751196172248677,-0.07510867080485994,True,discovery
KXBNB15M-26SEP280500-00,BNB,yes,1790585585.443081,2026-09-28T04:53:05.443081-04:00,1790585585.2639,414.7432029247284,10.0,0.9576,0.3955,0.0285,ac79fd2d-8460-485a-bd2a-68fe28d6631f,BNB-eight-minute-20260927-signals:7a67f220-b0a7-4bbc-8241-fb767c611b69:KXBNB15M-26SEP280500-00:decision,['8d6320ab-e18e-4d98-931d-f13d0496e0ba'],[],414.5569190979004,10,True,0.00710296630859375,live_entry,b4b5954cf3804a01,standard,1790585585.256797,research-logs/BNB/20260928T000707Z-32195b71a44e4245adf02cae8ef8e4a9/events-1790585459506696867.jsonl.gz,0.955,0.953,0.8438497752119393,0.8438497752119393,-0.1162592247880607,98.94420031109162,1.2598624902418774,1.3077987616372022,1.0,False,0.1055799688908378,0.1988661289215088,0.07677912712097168,NORMAL,1,0.0020000000000000018,34.0,3.4,10.5,0.864902343675063,0.00011277549676957932,0.6134834375025104,0.000228200013377311,1.1372015916849394,0.0002688672687545246,1.2990405631616906,9.572640606347882e-05,0.22890434596897374,0.0014299332697809142,2.2788971811072285,0.0011788412436906093,1.6308234179075418,1.3592857062098378e-05,1,99.87979681859848,0.0,3.439212659205147,-0.11115022478806069,True,discovery
KXBTC15M-26SEP280500-00,BTC,yes,1790585607.682109,2026-09-28T04:53:27.682109-04:00,1790585607.4376328,392.574401140213,15.0,0.87,1.8312,0.1188,8f6447d4-a316-4546-91bb-bb0f255126cd,BTC-eight-minute-20260927-signals:9b5820e6-8ae1-4581-9a10-535547d38d9d:KXBTC15M-26SEP280500-00:decision,['83e54fec-0b90-4070-b2c9-8999f08d6ace'],[],392.31789088249207,15,True,0.012033939361572266,live_entry,63f2bb9940fdbd9f,standard,1790585607.4255989,research-logs/BTC/20260928T000706Z-dd281176519448e38d45e271136af8e8/events-1790585426615002220.jsonl.gz,0.87,0.86,0.8537417737767277,0.8537417737767277,-0.0262752262232723,99.26556256031921,0.9615714124570125,1.289243804877012,0.8,False,0.07344374396807922,0.3190793991088867,0.006246805191040039,NORMAL,0,0.010000000000000009,5943.51,396.23400000000004,1051.3266666666666,0.13459118952465304,0.0003330365505807009,1.0961565541928204,0.0002908219627011377,1.0275580101485355,0.0003494408945687866,1.0900624349530685,0.0009549685572229905,2.1812773959921206,0.0009858861784695083,1.3608120184361476,0.0004161493941354788,0.5024489355093193,5.4959280297180635e-05,3,91.22121021865804,14.883658200714649,2.639288261571303,-0.016258226223272332,True,discovery
KXSOL15M-26SEP280500-00,SOL,yes,1790585701.235473,2026-09-28T04:55:01.235473-04:00,1790585701.0240781,298.9810621738434,15.0,0.96,0.5596,0.0404,028f87f4-35f3-4721-a80c-ddf60c933f7b,SOL-eight-minute-20260927-signals:cefef063-26dd-4b5a-b639-3397490d914d:KXSOL15M-26SEP280500-00:decision,['275775e3-bb44-422e-9663-99e1cf3014a7'],[],298.76452708244324,15,True,0.0051403045654296875,live_entry,b18891dcb63067ed,standard,1790585701.0189378,research-logs/SOL/20260928T000706Z-096196ff8eb8430fb5547904dc91ee2a/events-1790585439215081365.jsonl.gz,0.96,0.959,0.8526070394889536,0.8526070394889536,-0.1121809605110464,99.32799780903564,1.4361423668916011,1.4972188601570826,1.0,False,0.06720021909643584,0.9700977802276611,0.05475735664367676,NORMAL,0,0.0010000000000000009,61.5,4.1,35.96666666666667,0.8515501725131424,-8.449514152930604e-05,-0.8943894030926777,-0.0006755615605471554,-1.7276866622773892,-0.0006755615605471554,-1.486191042612558,-0.0006755615605471554,-1.3219862489520537,-0.00016897600540721758,-0.17770686834733865,0.0019473372280078838,1.554206746629483,5.619690379043973e-06,0,84.6006203778464,-7.699689811076809,3.3476106194690307,-0.10739296051104641,True,discovery
KXBTC15M-26SEP280515-15,BTC,no,1790586426.85197,2026-09-28T05:07:06.851970-04:00,1790586426.6993747,473.30486941337585,15.0,0.959,0.5737,0.0413,14c21aef-d8ee-4ade-b23a-0f4d9edc0838,BTC-eight-minute-20260927-signals:89388f5b-d82c-44af-af59-6e13752290bc:KXBTC15M-26SEP280515-15:decision,['275a1a28-9684-446a-9e55-78c7c02304af'],[],473.1480300426483,15,True,0.004244089126586914,live_entry,63f2bb9940fdbd9f,standard,1790586426.6951306,research-logs/BTC/20260928T000706Z-dd281176519448e38d45e271136af8e8/events-1790586026829024469.jsonl.gz,0.959,0.958,0.8957411922615404,0.8957411922615404,-0.0681118077384596,99.6152274459308,1.707827391933019,2.0621093368116354,0.8,False,0.03847725540692022,0.5935959815979004,0.02031707763671875,NORMAL,42,0.0010000000000000009,275.0,18.333333333333332,39.43866666666667,0.21370686463054334,0.000135187097491829,0.3580934552390943,3.3861696736581237e-06,0.009239790291272372,0.00011729323017328763,0.2889136366885851,0.00020252516843743962,0.35365379166733935,0.0004047266463174104,0.37830766471046146,0.0023095919857568648,1.6548326383830105,2.312764515925621e-05,1,98.12278651078758,0.6221264151906978,4.636269805846825,-0.0632588077384596,True,discovery
KXETH15M-26SEP280545-45,ETH,no,1790588220.344875,2026-09-28T05:37:00.344875-04:00,1790588220.1624553,479.84219551086426,10.0,0.9404,0.5567,0.0393,67ddaf2a-0fa2-4ca9-b746-4185e9281f2b,ETH-eight-minute-20260927-signals:633801a4-3d95-46e3-9ed4-78ffb424e22d:KXETH15M-26SEP280545-45:decision,['aec0b2d3-d3ff-4a4c-af7e-cb4937e9f955'],[],479.6551249027252,10,True,0.00465083122253418,live_entry,a9595861d02a4ec9,standard,1790588220.1578045,research-logs/ETH/20260928T000706Z-a2de181fa9b4436d906d678a249a2a5a/events-1790587838037387475.jsonl.gz,0.939,0.935,0.8674666528384855,0.8674666528384855,-0.0776433471615145,99.16193230985596,1.1874004358309047,1.617708021004948,0.8,False,0.08380676901440436,0.04070615768432617,0.028447628021240234,NORMAL,2,0.0039999999999998925,46.0,4.6,11.7,0.7757669979673655,9.086331507224266e-05,1.1099375157233433,-0.00012496402550787877,-0.7443256003578945,0.00020441924115033316,0.8015346459447323,0.0003255171369630494,0.9118526107068515,0.0014405081477560921,1.965952824668555,0.002074375231430725,2.1187085399579275,1.1358688309437425e-05,0,100.0,-0.0,3.660008877052707,-0.0715333471615145,True,discovery
KXBTC15M-26SEP280545-45,BTC,no,1790588227.690378,2026-09-28T05:37:07.690378-04:00,1790588227.481427,472.5235207080841,15.0,0.902,1.3771,0.0929,b33dd10d-fa51-4d75-8a6c-43e1849929c6,BTC-eight-minute-20260927-signals:170b2000-b20f-4d00-b27e-fdf15731aa0c:KXBTC15M-26SEP280545-45:decision,['550e1563-7a61-4a09-b9a3-f50df4d020ad'],[],472.30962204933167,15,True,0.004947662353515625,live_entry,63f2bb9940fdbd9f,standard,1790588227.4764793,research-logs/BTC/20260928T000706Z-dd281176519448e38d45e271136af8e8/events-1790588109352427819.jsonl.gz,0.902,0.901,0.8758166837733521,0.8758166837733521,-0.0344713162266479,98.76810003272728,1.198052837793867,1.6612329722485526,0.8,False,0.123189996727272,0.36852192878723145,0.025353193283081055,NORMAL,0,0.0010000000000000009,239.07,15.937999999999999,386.7653333333334,0.3994917904271387,0.00036951565982923373,1.4930778281911241,0.00019495536357183596,0.6782014387694854,0.00015623657436492078,0.4675877192609297,0.0005819783878073803,1.2618047482533525,0.0016017983645826295,2.493226845686259,0.0021349128177502452,2.8386257511582356,6.869524615368273e-05,4,100.0,-0.0,3.731005655273994,-0.026183316226647935,True,discovery
KXSOL15M-26SEP280545-45,SOL,no,1790588280.315124,2026-09-28T05:38:00.315124-04:00,1790588280.142978,419.8622887134552,15.0,0.9033333333333333,1.3583,0.0917,aae4b713-8522-4ff6-82d0-542945837255,SOL-eight-minute-20260927-signals:e5e1aa46-22df-4b49-8e83-b7087100a6fb:KXSOL15M-26SEP280545-45:decision,['b7ab7cd4-979a-4d63-bca0-f35189d40876'],[],419.6848759651184,15,True,0.005266666412353516,live_entry,b18891dcb63067ed,standard,1790588280.1377113,research-logs/SOL/20260928T000706Z-096196ff8eb8430fb5547904dc91ee2a/events-1790587839988297725.jsonl.gz,0.903,0.89,0.8555101430037138,0.8555101430037138,-0.0557218569962862,99.36175567973768,1.1152418075275892,1.3459180354277671,1.0,False,0.0638244320262316,0.03773093223571777,0.03583240509033203,NORMAL,0,0.013000000000000012,39.79,2.6526666666666667,56.25933333333333,0.7614677186755279,-0.0,,0.0003393569186391776,1.5773089530168622,0.0002545392838961824,0.67662631082946,0.0006784835891782137,1.1445965014500894,0.0005937234944869418,0.7086285785290074,0.0011867423921335662,1.0469543071544922,-8.484642796539414e-06,0,99.92881423630968,2.208512693298503,3.5605405405405324,-0.04748985699628627,True,discovery
KXBNB15M-26SEP280545-45,BNB,no,1790588304.429882,2026-09-28T05:38:24.429882-04:00,1790588304.2415793,395.7679748535156,10.0,0.94267,0.5354,0.0379,0ee7e671-66f9-48b9-8dac-e1404f939fa3,BNB-eight-minute-20260927-signals:1fa44e60-ff84-41e3-8949-0b5226dc944e:KXBNB15M-26SEP280545-45:decision,['89e40254-fdbb-43ab-a05f-1608508d0122'],[],395.57011795043945,10,True,0.009554147720336914,live_entry,b4b5954cf3804a01,standard,1790588304.2320251,research-logs/BNB/20260928T000707Z-32195b71a44e4245adf02cae8ef8e4a9/events-1790587861119604384.jsonl.gz,0.94,0.938,0.8302269307200225,0.8302269307200225,-0.1158210692799775,99.34063509204154,1.1553028257761393,1.300737661311203,1.0,False,0.06593649079584593,0.18338227272033691,0.04217982292175293,NORMAL,0,0.0020000000000000018,86.0,8.6,20.6,0.8135047704911254,0.00015932414959085595,0.8738862519089173,0.00037387065391814023,1.6461666282982486,0.0001566911052122144,0.558571095529166,0.0003067525047066866,0.7940191173319211,0.0008210947667051105,1.4163082505701523,0.001643467479722882,2.104458132096115,2.6641793077764046e-05,1,100.0,0.02199785537554799,3.341450313339205,-0.10977306927997743,True,discovery
KXBTC15M-26SEP280615-15,BTC,yes,1790590020.323968,2026-09-28T06:07:00.323968-04:00,1790590020.1587753,479.84821581840515,15.0,0.942,0.8126,0.0574,b8703d78-de86-4de4-a802-3de24b9f5f51,BTC-eight-minute-20260927-signals:a6b35128-c010-44ca-8e8f-f743837a8153:KXBTC15M-26SEP280615-15:decision,['1acdbea7-c58e-4859-ad3c-179c701ef44f'],[],479.6760320663452,15,True,0.006991147994995117,live_entry,63f2bb9940fdbd9f,standard,1790590020.1517842,research-logs/BTC/20260928T000706Z-dd281176519448e38d45e271136af8e8/events-1790589923899532655.jsonl.gz,0.942,0.941,0.8815837711313003,0.8815837711313003,-0.0663412288686997,99.58613347080237,1.4593946388412977,1.837365534003291,0.8,False,0.04138665291976346,0.08478999137878418,0.008412599563598633,NORMAL,0,0.0010000000000000009,146.43,9.762,73.14133333333332,0.5140114892235287,3.2620538326089132e-06,0.10254955274676143,7.044093123154127e-05,0.3809267785754097,0.0001149096128960636,0.4210618450735007,0.00010222113476343608,0.28004026656867614,-7.333018589372742e-05,-0.10681205543440875,0.0006473907432915649,0.8016210642102698,-3.1779096633470045e-06,1,79.8652772089211,-6.32836182756175,4.157193468884808,-0.060416228868699684,True,discovery
KXDOGE15M-26SEP280615-15,DOGE,yes,1790590023.87655,2026-09-28T06:07:03.876550-04:00,1790590023.6396503,476.3704903125763,10.0,0.958,0.3918,0.0282,c6e936cb-b6b4-4e48-bc55-dc831c41825e,DOGE-eight-minute-20260927-signals:247c3271-a53e-4c3c-8b0f-57b1906cb01d:KXDOGE15M-26SEP280615-15:decision,['090cef79-c0b3-4b3e-99dc-ad3c79263347'],[],476.12345004081726,10,True,0.010140657424926758,live_entry,01559030c43f99e5,standard,1790590023.6295097,research-logs/DOGE/20260928T000707Z-0e46526dd6584a18b8b5b6e2542a3867/events-1790589657501171310.jsonl.gz,0.959,0.95,0.8346771536252723,0.8346771536252723,-0.1291758463747277,99.18243226091583,1.3538396294268424,1.2466544931417833,1.1,False,0.08175677390841714,0.5243775844573975,0.04166913032531738,NORMAL,0,0.009000000000000008,1.0,0.1,1.5,0.9093058782706127,-0.0003987026001874838,-0.6418306846940094,0.0001401602139059488,0.17531678304292284,0.0008739466784630778,0.9887580729733307,0.0003774439495733972,0.34918743648836903,-0.001539173582184361,-0.8804699628872141,0.0014466155673107384,0.6485105434187081,-0.00010887207598626604,-1,66.5845169961645,-11.462057983967554,3.866112531969276,-0.12432284637472768,True,discovery
KXETH15M-26SEP280615-15,ETH,yes,1790590033.773188,2026-09-28T06:07:13.773188-04:00,1790590030.8793106,469.12605237960815,10.0,0.9561,0.4096,0.0294,2536c08d-13d1-4dcc-b275-0934fe258dcb,ETH-eight-minute-20260927-signals:221c8ff4-56e6-4ed5-9917-d6753815a127:KXETH15M-26SEP280615-15:decision,['bbacccf5-3836-4a98-93fd-027e09aae3be'],[],466.22681188583374,10,True,0.005362987518310547,live_entry,a9595861d02a4ec9,standard,1790590030.8739476,research-logs/ETH/20260928T000706Z-a2de181fa9b4436d906d678a249a2a5a/events-1790589923459607236.jsonl.gz,0.959,0.957,0.8806966478054795,0.8806966478054795,-0.0831563521945205,99.35500403712244,1.5135804422058918,1.8233969230711626,0.8,False,0.0644995962877565,0.8153328895568848,0.011161565780639648,NORMAL,0,0.0020000000000000018,5.8,0.58,8.67,0.7787401096917619,-0.00021528281363292212,-1.0663734517089747,-0.0003361027190331711,-1.0367355390927298,3.7778474580640875e-05,0.07717212372589305,-0.00013220218624643287,-0.2284651627788853,-0.0007097044533953545,-0.6956272510413423,0.000688015302670042,0.5397224028348329,-4.431584521260578e-05,1,76.26094975778723,-9.25693975809844,4.082417582417594,-0.07830335219452045,True,discovery
KXHYPE15M-26SEP280615-15,HYPE,yes,1790590108.327773,2026-09-28T06:08:28.327773-04:00,1790590106.38348,393.6217727661133,10.0,0.9591,-2.3945,0.1635,1e5ae5b6-4613-4e23-aa5a-48477d3e9585,HYPE-eight-minute-20260927-signals:60ac0f4f-d0c0-40d2-ada5-827369e4711b:KXHYPE15M-26SEP280615-15:decision,['f13e9938-b777-49d1-a4d9-03af186d82bc'],['HARD_STOP'],391.67222690582275,10,True,0.005252838134765625,live_entry,5fbc0fa4753752cc,standard,1790590106.3782272,research-logs/HYPE/20260928T000707Z-bf77cfa11b494503ad83c7256f2c46fa/events-1790589666211803236.jsonl.gz,0.958,0.95,0.9151,0.9151,-0.047817,99.35701914215517,1.252544099071193,8.695321631492185,1.0,True,0.06429808578448386,0.26779747009277344,0.02030158042907715,NORMAL,0,0.008000000000000007,16.0,1.6,30.7,0.8587638033806377,-0.0005069997230485734,-1.3356403900541833,-0.0007937739541665767,-2.0401936213026928,-0.0011138293408095024,-2.583595975516767,-0.0013033125115768929,-2.1777768363411227,-0.002106145731013087,-1.8118637936612236,-0.002904356757949089,-1.7898630485299445,-6.427229991606461e-05,1,54.1792512402065,-10.729915221704431,22.279080680663522,-0.04289999999999994,False,discovery
KXHYPE15M-26SEP280630-30,HYPE,yes,1790591052.552534,2026-09-28T06:24:12.552534-04:00,1790591052.3846598,347.6246073246002,10.0,0.9264,0.6882,0.0478,e170c7c6-50a3-4ea8-871c-4a1679a1f166,HYPE-eight-minute-20260927-signals:0f98636d-449d-4bf2-8377-3c042e4dcf1b:KXHYPE15M-26SEP280630-30:decision,['7bc5c78d-8a48-4b93-bf8b-bf461f5b9f40'],[],347.44746589660645,10,True,0.009267091751098633,live_entry,5fbc0fa4753752cc,standard,1790591052.3753927,research-logs/HYPE/20260928T000707Z-bf77cfa11b494503ad83c7256f2c46fa/events-1790590876831893899.jsonl.gz,0.912,0.87,0.833890053451511,0.833890053451511,-0.085827946548489,98.35471785546122,1.1036975622767211,1.2024228302922613,1.0,False,0.16452821445387827,0.2806825637817383,0.06516122817993164,NORMAL,0,0.04200000000000004,242.26,24.226,75.007,0.7864211938431616,0.0007524883548792882,1.247512163267889,0.000790534164046397,1.3402258009916204,0.001139795530301413,1.7729653523257238,0.001434394359988378,1.9822330395604268,0.0018693283514426007,1.9319630204714093,0.0008912576237751768,0.727496208314387,0.00011250448663247721,4,84.40201739241432,22.005140951834974,2.8954235637779835,-0.07810994654848902,True,discovery
KXBTC15M-26SEP280630-30,BTC,yes,1790591053.328472,2026-09-28T06:24:13.328472-04:00,1790591053.2135963,346.79056572914124,15.0,0.9,1.4055,0.0945,328cbcce-37d9-4332-860e-2a583647aacc,BTC-eight-minute-20260927-signals:dabe8d4f-f83f-4872-8a87-91f5d9995d90:KXBTC15M-26SEP280630-30:decision,['14d5fab9-aba9-43cc-90a1-5504a9dadb6e'],[],346.6715281009674,15,True,0.0041620731353759766,live_entry,63f2bb9940fdbd9f,standard,1790591053.2094343,research-logs/BTC/20260928T000706Z-dd281176519448e38d45e271136af8e8/events-1790590534200327601.jsonl.gz,0.89,0.88,0.832898315273076,0.832898315273076,-0.066054684726924,99.08840185194381,0.990386024352573,1.1749771795138635,0.8,False,0.09115981480561795,0.10764050483703613,0.04145455360412598,NORMAL,0,0.010000000000000009,3320.73,221.382,807.1946666666666,0.26740088825268393,0.00040841817669989844,1.4916022553047295,0.00043635122381391334,1.6317858648637762,0.0005460428215073865,1.945361167595098,0.0005311659249203071,1.7387365855797616,0.0007420237285573617,1.3898275202450807,0.00018174659932035375,0.24807580563001252,6.348220795640015e-05,5,63.93863622877967,14.648448199740749,2.2601893316706194,-0.05710168472692401,True,discovery
KXETH15M-26SEP280630-30,ETH,yes,1790591055.481028,2026-09-28T06:24:15.481028-04:00,1790591055.3204057,344.6839632987976,10.0,0.9396,0.5642,0.0398,18956dba-b339-4d40-8c67-8bc6ca00b9d1,ETH-eight-minute-20260927-signals:8a13621f-fa4a-4079-8f7b-e1f95765e0fd:KXETH15M-26SEP280630-30:decision,['a10d3ba3-f94d-473c-a2ef-d987c390dbc5'],[],344.5189719200134,10,True,0.004369020462036133,live_entry,a9595861d02a4ec9,standard,1790591055.3160367,research-logs/ETH/20260928T000706Z-a2de181fa9b4436d906d678a249a2a5a/events-1790590528272488569.jsonl.gz,0.939,0.937,0.8393930660515654,0.8393930660515654,-0.1066549339484346,99.02971049741569,1.0274057448064926,1.1975942547568517,0.8,False,0.0970289502584301,0.20459794998168945,0.0009324550628662109,NORMAL,0,0.0019999999999998908,20.0,2.0,8.5,0.5738856258768724,0.00021140292264565375,0.7950420760657197,0.0005475665387753015,1.420435180605396,0.0005929092584480156,1.5205959981686294,0.0008423676953877024,1.8047396707846348,0.001129776991846132,1.5690777208974822,0.0007516411461205852,0.7536832872255479,2.2516942580863563e-05,2,69.35712938848626,22.198762035641792,2.297013041649237,-0.09960693394843456,True,discovery
KXETH15M-26SEP280645-45,ETH,yes,1790591827.394264,2026-09-28T06:37:07.394264-04:00,1790591827.218595,472.78572630882263,10.0,0.928,0.6732,0.0468,a68c73de-67c0-4148-a4cf-2feb76416125,ETH-eight-minute-20260927-signals:74d48d4d-5b93-4dcc-86eb-fbf72ed3573f:KXETH15M-26SEP280645-45:decision,['558c4e67-a066-4978-8db2-04e11a3bc960'],[],472.6057360172272,10,True,0.00432133674621582,live_entry,a9595861d02a4ec9,standard,1790591827.2142737,research-logs/ETH/20260928T000706Z-a2de181fa9b4436d906d678a249a2a5a/events-1790591417505442834.jsonl.gz,0.929,0.928,0.8686029783897062,0.8686029783897062,-0.0671150216102938,98.95305981993326,1.1573841336427204,1.3972253157026042,0.8,False,0.10469401800667426,0.16920924186706543,0.04890918731689453,NORMAL,44,0.0010000000000000009,41.0,4.1,15.4,0.7409047033768777,0.0002752660276472696,0.8922076959257259,0.00038843299342317117,1.2174838059467672,0.00038843299342317117,1.0839799179008043,0.0002865815720507481,0.6592749481345097,0.0009244376023482825,1.4315596776158184,0.0015404190090726466,1.7139522943544028,4.210543908201488e-05,1,99.12824002305744,0.4553815786672146,3.138272770174535,-0.06039702161029381,True,discovery
KXBTC15M-26SEP280645-45,BTC,yes,1790591834.470233,2026-09-28T06:37:14.470233-04:00,1790591834.295585,465.7083041667938,15.0,0.944,0.7844,0.0556,17e87100-ead2-45e5-b756-81b80e1c86a2,BTC-eight-minute-20260927-signals:2064b4be-2e7f-468e-a67a-d5e685da3844:KXBTC15M-26SEP280645-45:decision,['f66dd062-4b18-43c9-857b-85ea4714a24b'],[],465.529767036438,15,True,0.0038890838623046875,live_entry,63f2bb9940fdbd9f,standard,1790591834.2916958,research-logs/BTC/20260928T000706Z-dd281176519448e38d45e271136af8e8/events-1790591418720172778.jsonl.gz,0.944,0.943,0.8787219067428808,0.8787219067428808,-0.0710790932571192,99.49261524085158,1.2748827562035585,1.4812625534456885,0.8,False,0.05073847591484259,0.18384838104248047,0.0631856918334961,NORMAL,0,0.0010000000000000009,229.02,15.268,55.510666666666665,0.3408852560347492,0.0001570783901998496,1.2342716977528405,0.0003498141363524887,1.8226453413069539,0.00034764137214704505,1.672108237588236,0.0002792041306769466,0.8522221614811516,0.0009783804838752186,1.9207599472064911,0.001874279123414313,2.8355152399300816,1.9827632301735085e-05,1,97.34990304303228,2.2125527980337125,3.3020915008843272,-0.0652780932571192,True,discovery
KXBTC15M-26SEP280700-00,BTC,yes,1790592782.631628,2026-09-28T06:53:02.631628-04:00,1790592782.360866,417.6455271244049,15.0,0.84,2.2588,0.1412,7fc334c7-7cb9-41be-aa86-e8b1c7d5b8bf,BTC-eight-minute-20260927-signals:9fe1ea09-6ceb-4b0e-b777-8d0062e417f3:KXBTC15M-26SEP280700-00:decision,['b4d49254-3cb6-420e-b0f8-237049133de3'],[],417.368371963501,15,True,0.0063931941986083984,live_entry,63f2bb9940fdbd9f,standard,1790592782.3544729,research-logs/BTC/20260928T000706Z-dd281176519448e38d45e271136af8e8/events-1790592332567080231.jsonl.gz,0.84,0.83,0.8348952489387065,0.8348952489387065,-0.0166127510612935,98.3336106491094,0.4412962309767635,1.1708523753285818,0.8,False,0.16663893508905925,0.27798032760620117,0.052100181579589844,NORMAL,40,0.010000000000000009,2690.33,179.35533333333333,593.2553333333333,0.08537963916093311,-5.1919641405051564e-05,-0.6477827632587828,0.00010481941602580314,0.26846515151782974,0.0006124802278941743,0.8903261865494613,0.0015071726432962507,1.393644763752065,0.0017341482019705978,1.474966780702035,0.0017175868682863804,1.2533278965654506,-3.079993587748279e-05,1,75.37397054170508,18.561904260329477,2.47209355977921,-0.005104751061293489,True,discovery
KXHYPE15M-26SEP280700-00,HYPE,no,1790592907.469991,2026-09-28T06:55:07.469991-04:00,1790592907.2212875,292.78824520111084,10.0,0.94,0.5605,0.0395,89ba1e5a-f690-4494-b2a9-0c3096555ee4,HYPE-eight-minute-20260927-signals:b9c6ddf3-d060-444d-803a-eb7020610d2a:KXHYPE15M-26SEP280700-00:decision,['026f0ad4-1618-42c5-a613-8f7418405fe6'],[],292.5300090312958,10,True,0.009532690048217773,live_entry,5fbc0fa4753752cc,standard,1790592907.2117548,research-logs/HYPE/20260928T000707Z-bf77cfa11b494503ad83c7256f2c46fa/events-1790592687145625157.jsonl.gz,0.94,0.925,0.8321815654985939,0.8321815654985939,-0.1138664345014061,98.82449575538506,1.058030433810116,1.1921059036018828,1.0,False,0.11755042446149401,0.13042712211608887,0.09362483024597168,NORMAL,1,0.014999999999999902,26.0,2.6,44.967,0.780194244052028,0.00013696647105321258,0.9232543725706065,0.00032732094486642715,1.5149732450345705,5.679552941229016e-05,0.1743188988527095,0.0003929819873977891,0.9666257027421009,0.00037628931972899515,0.3633893001261822,-0.00014146004589088434,-0.11565039318567906,2.550010989689951e-05,1,96.57626330327525,20.827148251361976,2.6339816315505424,-0.10781843450140605,True,discovery
KXDOGE15M-26SEP280700-00,DOGE,no,1790592930.415851,2026-09-28T06:55:30.415851-04:00,1790592930.1730728,269.83650493621826,10.0,0.945,0.5136,0.0364,62a388e5-d6a3-4da9-8955-35ab1c515763,DOGE-eight-minute-20260927-signals:65d39c48-54dd-4d38-8041-88d281fcf235:KXDOGE15M-26SEP280700-00:decision,['8ecc2a80-0ae7-4b73-a942-345297653519'],[],269.5841488838196,10,True,0.009577751159667969,live_entry,01559030c43f99e5,standard,1790592930.163495,research-logs/DOGE/20260928T000707Z-0e46526dd6584a18b8b5b6e2542a3867/events-1790592944794900978.jsonl.gz,0.945,0.938,0.8344341250923382,0.8344341250923382,-0.1163048749076618,98.77179966477078,1.2644497848323846,1.1681577998370996,1.1,False,0.12282003352292142,0.08207201957702637,0.008558273315429688,NORMAL,0,0.007000000000000006,2.0,0.2,58.099000000000004,0.6253340566616173,0.00017189329723577007,1.006851624266573,0.0004510939027141392,1.3288766391016524,0.0007945114291543209,1.9763991481538086,0.001041197054593046,1.578443660915319,0.001887581643268632,1.4218837219147065,0.000880328942424291,0.443071074996651,7.894945142009984e-06,2,99.61636941739437,16.133667991805304,2.725429553264697,-0.11056587490766179,True,discovery
KXBNB15M-26SEP280700-00,BNB,no,1790592963.570576,2026-09-28T06:56:03.570576-04:00,1790592961.5199366,238.49026727676392,10.0,0.956,0.4105,0.0295,d6d2033a-a266-402f-b6d3-7c3d36184e17,BNB-eight-minute-20260927-signals:438ccbaa-5707-422c-94c0-b2485389ff88:KXBNB15M-26SEP280700-00:decision,['46ecc137-3d1c-4d80-a517-597647b40d9e'],[],236.4294240474701,10,True,0.010203838348388672,live_entry,b4b5954cf3804a01,standard,1790592961.5097327,research-logs/BNB/20260928T000707Z-32195b71a44e4245adf02cae8ef8e4a9/events-1790592945877170080.jsonl.gz,0.927,0.918,0.8302030598722707,0.8302030598722707,-0.1036339401277293,99.12167297953506,1.2330679825283573,1.1803148016844924,1.0,False,0.08783270204649421,0.4204270839691162,0.0364072322845459,NORMAL,0,0.009000000000000008,23.0,2.3,9.445,0.45246083970453455,-0.0001379062158928246,-0.8758658928415314,-0.0002705947567669398,-1.2242337651634019,-0.000145787719945778,-0.5730151866479838,4.8586462235933325e-05,0.15100474008027004,0.000859414259978819,1.6625020062371967,0.00012736528495038701,0.14144671128325767,-2.272165251370565e-05,2,100.0,7.925064751628679,2.355266329236337,-0.09679694012772933,True,discovery
KXSOL15M-26SEP280700-00,SOL,no,1790593115.185392,2026-09-28T06:58:35.185392-04:00,1790593114.8429508,85.16357684135437,15.0,0.952,0.672,0.048,d73c57ed-ad3c-4731-9bfc-47a1c7e66acc,SOL-eight-minute-20260927-signals:4986f418-ed90-4a3d-8a93-6bee73338a78:KXSOL15M-26SEP280700-00:decision,['78cb4f50-51a5-444b-94bf-d44662b96e33'],[],84.81460809707642,15,True,0.00652766227722168,live_entry,b18891dcb63067ed,late_settlement,1790593114.8364232,research-logs/SOL/20260928T000706Z-096196ff8eb8430fb5547904dc91ee2a/events-1790592964668881747.jsonl.gz,0.952,0.951,0.8371985355139858,0.8371985355139858,-0.1201004644860142,99.53690208630368,1.5901057638640335,1.1396659138875258,1.0,False,0.04630979136963146,0.7561943531036377,0.07269525527954102,NORMAL,0,0.0010000000000000009,3.0,0.2,8.0,0.8412759824707199,0.00025322866548493916,1.199868314055344,0.00025322866548493916,1.2960059026047488,0.00025322866548493916,0.8180519688908631,0.0006749915626054204,1.5552998189790224,0.00033760972316010385,0.3950818072419296,0.001685772083614312,1.57716640567761,4.2204777580823194e-05,1,98.6724890960655,-0.0,1.3637931034482744,-0.11480146448601414,True,discovery
KXETH15M-26SEP280715-15,ETH,yes,1790593633.593529,2026-09-28T07:07:13.593529-04:00,1790593633.4007468,466.60374784469604,10.0,0.933,0.6262,0.0438,ef7e69b6-b98c-4ce9-9d6b-e1e5807e64a4,ETH-eight-minute-20260927-signals:3a4e7d9d-e676-4066-b0a0-b2b5e04a56da:KXETH15M-26SEP280715-15:decision,['3a132fde-14e7-4220-83b5-f798efa3c40c'],[],466.4064710140228,10,True,0.004494667053222656,live_entry,a9595861d02a4ec9,standard,1790593633.3962522,research-logs/ETH/20260928T000706Z-a2de181fa9b4436d906d678a249a2a5a/events-1790593535597231144.jsonl.gz,0.939,0.933,0.864243823970762,0.864243823970762,-0.080866176029238,99.10941355142015,1.022159071965001,1.3638885388256186,0.8,False,0.08905864485798512,0.28739356994628906,0.15822625160217285,NORMAL,0,0.005999999999999894,9.0,0.9,10.0,0.641231225808867,0.00032319648843270876,1.0002418417868386,0.0003307151715585821,0.5954083693326304,0.00016157213444323304,0.2768909051096241,0.0007105556996718221,0.8677321547253402,0.001527625182487391,1.2980633350079178,0.0012865074707715252,0.8539270749150497,5.925355987176731e-05,1,70.85622043152345,16.43990511366271,3.0436944937834167,-0.0747561760292379,True,discovery
KXBTC15M-26SEP280715-15,BTC,yes,1790593996.451189,2026-09-28T07:13:16.451189-04:00,1790593996.2356331,103.76929473876953,15.0,0.9,1.4055,0.0945,0c98008a-cf26-4857-b676-32ca07c61d29,BTC-eight-minute-20260927-signals:a1ca4055-70f4-4147-8bf4-085e1c6044d6:KXBTC15M-26SEP280715-15:decision,['b4a4678d-c090-4ba3-a586-02bfe6060fce'],[],103.5488109588623,15,True,0.004927873611450195,live_entry,63f2bb9940fdbd9f,late_settlement,1790593996.2307053,research-logs/BTC/20260928T000706Z-dd281176519448e38d45e271136af8e8/events-1790593837907671412.jsonl.gz,0.929,0.928,0.8303429642007382,0.8303429642007382,-0.1053750357992618,98.49057684356637,1.1810286697826438,1.0824205645579292,0.8,False,0.1509423156433628,1.1250417232513428,0.3766469955444336,NORMAL,705,0.0010000000000000009,1120.7,74.71333333333334,80.18133333333334,0.15650873592550008,0.00040729243970938356,1.3287324154204534,0.00028547988771276955,0.9196280888890216,0.00026015625047093316,0.8484851949518089,0.00022591108530245485,0.6606445266720122,-5.4352908736343686e-05,-0.11665868387106183,-0.0002273751485108999,-0.35409552413234235,7.278661292617895e-05,4,11.623508672518142,6.8726712165344965,1.1449497233915,-0.09865703579926188,True,discovery
KXHYPE15M-26SEP280730-30,HYPE,yes,1790594575.442138,2026-09-28T07:22:55.442138-04:00,1790594575.2394183,424.7722508907318,10.0,0.958,0.3918,0.0282,db78728a-688e-4ea9-88db-5a424b861c15,HYPE-eight-minute-20260927-signals:3ae4b75f-4adb-45b3-b627-e0a5e9187b24:KXHYPE15M-26SEP280730-30:decision,['65910049-8e94-4bf1-9cb2-67cf7090bf2c'],[],424.55786204338074,10,True,0.011669158935546875,live_entry,5fbc0fa4753752cc,standard,1790594575.227749,research-logs/HYPE/20260928T000707Z-bf77cfa11b494503ad83c7256f2c46fa/events-1790594500446977095.jsonl.gz,0.958,0.943,0.8632368398309824,0.8632368398309824,-0.0996801601690176,99.43297608854617,1.3129523296996775,1.3563997248165107,1.0,False,0.05670239114538244,0.13714313507080078,0.024127721786499023,NORMAL,0,0.015000000000000013,20.0,2.0,7.0,0.9042134376739822,0.0002452819299361142,0.8923753923745962,0.0003285497525331582,0.8022767061687113,0.00046736026927063357,0.9892779751350849,0.0010040863203235606,1.7792119583825503,0.0008840230601190324,0.7920522526352562,0.001014092892241747,0.7747060026006947,3.3477710344868394e-05,3,87.95557238641409,1.6406346815727204,3.6096096096096724,-0.09476316016901754,True,discovery
KXETH15M-26SEP280730-30,ETH,yes,1790594621.981272,2026-09-28T07:23:41.981272-04:00,1790594621.773391,378.2328186035156,10.0,0.918,0.7673,0.0527,40355d70-4fef-4c97-8399-3c716a16183d,ETH-eight-minute-20260927-signals:07e2e495-a253-470e-967d-f167e30642ef:KXETH15M-26SEP280730-30:decision,['831c6303-6eb3-49c4-839a-56c39e0b3a1f'],[],378.018728017807,10,True,0.006209611892700195,live_entry,a9595861d02a4ec9,standard,1790594621.7671814,research-logs/ETH/20260928T000706Z-a2de181fa9b4436d906d678a249a2a5a/events-1790594751065248884.jsonl.gz,0.918,0.917,0.832318486073947,0.832318486073947,-0.093051513926053,98.6045822968649,0.8966414698997073,1.1559023581804568,0.8,False,0.13954177031350926,0.6527836322784424,0.0064809322357177734,NORMAL,0,0.0010000000000000009,18.0,1.8,12.0,0.2932858914632423,0.0007959212788801739,1.331579667603623,0.000709510062654628,1.216974147854236,0.0008410113161074761,1.3942839646174872,0.0010665224608126245,1.629530109985995,0.0016194544955832058,1.7441151038926592,0.0007846494043797225,0.5516057843690133,0.0001311505452391189,5,25.834347932638863,17.994141381986495,2.3237508555783433,-0.08568151392605305,True,discovery
KXETH15M-26SEP280745-45,ETH,yes,1790595527.581631,2026-09-28T07:38:47.581631-04:00,1790595525.5190258,374.4876582622528,10.0,0.85,1.4107,0.0893,11f9afac-5020-474b-9eb3-9dd125bd16b5,ETH-eight-minute-20260927-signals:687afa97-2d77-4bda-bde7-14c6ea214b77:KXETH15M-26SEP280745-45:decision,['aa253834-3f97-44dc-b920-5d28b6dff671'],[],372.4183690547943,10,True,0.006684064865112305,live_entry,a9595861d02a4ec9,standard,1790595525.5123417,research-logs/ETH/20260928T000706Z-a2de181fa9b4436d906d678a249a2a5a/events-1790595352129578789.jsonl.gz,0.85,0.84,0.8309365459012159,0.8309365459012159,-0.0300884540987841,99.60277466646923,0.7823923363786416,1.1479899198023074,0.8,False,0.03972253335307716,0.4274170398712158,0.02983856201171875,NORMAL,4,0.010000000000000009,118.1,11.809999999999999,231.811,0.6247518326194342,0.00020256279446617675,1.5445580445139335,0.00021006669617595897,1.5657949795189279,0.0002288269430597012,0.8205177745563402,9.751999159846036e-05,0.2557257015441895,0.0007018175949800032,0.9435633713048782,0.001445993096791387,1.6606191053525226,3.288499412457864e-05,6,86.15452061518378,16.108508591976616,2.295719844358159,-0.01906345409878407,True,discovery
KXBNB15M-26SEP280745-45,BNB,yes,1790595579.372761,2026-09-28T07:39:39.372761-04:00,1790595579.180482,320.8265323638916,10.0,0.889,1.0409,0.0691,69a6c496-a76a-42b2-bae0-b6f4740fec97,BNB-eight-minute-20260927-signals:8866f152-56ab-420c-86a4-7c690567f3bd:KXBNB15M-26SEP280745-45:decision,['11ac669e-4929-4135-98be-1c38f2465dae'],[],320.62723898887634,10,True,0.007014274597167969,live_entry,b4b5954cf3804a01,standard,1790595579.1734676,research-logs/BNB/20260928T000707Z-32195b71a44e4245adf02cae8ef8e4a9/events-1790595355807244629.jsonl.gz,0.88,0.87,0.8318397352698814,0.8318397352698814,-0.0576522647301186,99.5452186109031,0.930815963534402,1.1531530470266016,1.0,False,0.04547813890968942,0.09247732162475586,0.08198022842407227,NORMAL,0,0.010000000000000009,36.1,3.6100000000000003,35.510000000000005,0.6514124236267718,1.7027073046183006e-05,1.3426472047794036,6.549191633276052e-05,1.431964053186089,8.776112208486175e-05,0.6255328484098663,0.0001742274388567555,0.809100411769475,0.0005989153995957786,1.8233311544553934,0.0011801684493768505,2.700122934280802,4.80043873074543e-07,3,100.0,4.273111213051038,2.6669142220573763,-0.048160264730118585,True,discovery
KXBTC15M-26SEP280745-45,BTC,yes,1790595608.496169,2026-09-28T07:40:08.496169-04:00,1790595608.2713234,291.7339074611664,15.0,0.88,1.6891,0.1109,03a995fe-76ad-452b-a479-28f7e9f92ebb,BTC-eight-minute-20260927-signals:c945ffd9-6589-4a1a-a748-d08d7cddc335:KXBTC15M-26SEP280745-45:decision,['5c8e8b9b-4ee0-48c9-85b5-a2bd3c143171'],[],291.503830909729,15,True,0.005230903625488281,live_entry,63f2bb9940fdbd9f,standard,1790595608.2660925,research-logs/BTC/20260928T000706Z-dd281176519448e38d45e271136af8e8/events-1790595650537432657.jsonl.gz,0.88,0.87,0.8658918725440828,0.8658918725440828,-0.0236001274559172,99.32083673680651,0.9840393876029334,1.3763125432834438,0.8,False,0.06791632631934874,0.18328022956848145,0.1017453670501709,NORMAL,73,0.010000000000000009,3065.43,204.362,791.2,0.1928514218785453,0.00027072754776846786,1.0811339643563787,0.00030241032227240616,1.2952935931515184,0.00026795690626713053,1.1169566057157638,0.00041313509433282825,1.4367044911698428,0.0007680050123954896,1.2654494398767746,0.0005408785530089943,0.7671988859816506,4.521361267812255e-05,1,100.0,2.525310074443155,2.428629482881242,-0.014108127455917163,True,discovery
KXSOL15M-26SEP280745-45,SOL,yes,1790595706.625266,2026-09-28T07:41:46.625266-04:00,1790595705.2284775,194.77917623519897,15.0,0.932,0.9534,0.0666,ecd3fc52-7d2a-4c10-85a0-08380cf0fa88,SOL-eight-minute-20260927-signals:8072f730-96bf-48ba-976f-8731f72e5b87:KXSOL15M-26SEP280745-45:decision,['2be2bc8f-1bbf-41ce-b2da-679d4340f61c'],[],193.37473392486572,15,True,0.007653713226318359,live_entry,b18891dcb63067ed,standard,1790595705.2208238,research-logs/SOL/20260928T000706Z-096196ff8eb8430fb5547904dc91ee2a/events-1790595372979304863.jsonl.gz,0.929,0.928,0.8461388283373962,0.8461388283373962,-0.0895791716626038,99.39221679934894,1.089334768131105,1.2393858892341076,1.0,False,0.06077832006510599,0.11142826080322266,0.1046745777130127,NORMAL,0,0.0010000000000000009,3.0,0.2,18.933333333333334,0.6091030549048628,0.00016846361185973713,0.8945025281028869,0.00033698399326032025,1.2221230904650717,0.000252716704574274,0.7615665988163585,0.0004212654815063388,0.8906288804364674,0.0005055611729019027,0.550831504195673,0.001264862130027744,1.0126689500293282,2.5268832219471626e-05,1,100.0,3.790797826579521,2.2337078651684736,-0.08286117166260387,True,discovery
KXDOGE15M-26SEP280745-45,DOGE,yes,1790595730.057403,2026-09-28T07:42:10.057403-04:00,1790595729.7966778,170.2122528553009,10.0,0.959,0.3824,0.0276,21a52ad8-49b2-46d8-8116-8bb49eb355cb,DOGE-eight-minute-20260927-signals:74775e51-c95d-4892-a5e3-a2e4e0ba122b:KXDOGE15M-26SEP280745-45:decision,['1b3a9789-1105-4dac-a6ff-3a968b9fcda7'],[],169.94259691238403,10,True,0.008930683135986328,live_entry,01559030c43f99e5,standard,1790595729.7877471,research-logs/DOGE/20260928T000707Z-0e46526dd6584a18b8b5b6e2542a3867/events-1790595352025731243.jsonl.gz,0.96,0.948,0.8563995990166974,0.8563995990166974,-0.1083884009833026,98.92182763517533,1.3103317481847463,1.307450853281676,1.1,False,0.10781723648246701,0.7162139415740967,0.03849148750305176,NORMAL,0,0.01200000000000001,46.0,4.6,14.61,0.45960372497037294,0.00022502250225020504,1.038826210639565,0.00038581487316324825,1.0487879413800196,0.00042870157011942744,1.1270677754151273,0.0005895594383107383,1.2707640487360035,0.0009758294550368252,0.8267289516036441,0.0011153891528403737,0.8089796341599403,3.071444811272675e-05,1,100.0,2.593735616975934,2.4274463007160714,-0.10360040098330259,True,discovery
KXSOL15M-26SEP280800-00,SOL,no,1790596322.743543,2026-09-28T07:52:02.743543-04:00,1790596322.5082083,477.5016107559204,15.0,0.934,-6.8373,0.3273,c525418b-8a31-428f-bf8e-b5edaec647bd,SOL-eight-minute-20260927-signals:0c789888-3f28-47b8-8a20-f112a7a04759:KXSOL15M-26SEP280800-00:decision,['0d2814fb-7d99-4c13-be9a-b466efdb5dce'],['HARD_STOP'],477.2564570903778,15,True,0.00981903076171875,live_entry,b18891dcb63067ed,standard,1790596322.4983892,research-logs/SOL/20260928T000706Z-096196ff8eb8430fb5547904dc91ee2a/events-1790595973771553943.jsonl.gz,0.934,0.933,0.8471632656162955,0.8471632656162955,-0.0932527343837045,98.71168104513497,1.3192038347276587,1.427283813524222,1.0,False,0.12883189548650337,0.4313628673553467,0.023901939392089844,NORMAL,0,0.0010000000000000009,90.5,6.033333333333333,20.3,0.7253881521486006,0.00033760972316010385,1.1311512120050595,0.00025322866548493916,0.8037769195293071,0.00033760972316010385,0.9830675868902793,0.0001688333614722204,0.40485185487940817,0.0005063291139241199,0.923053699980961,0.001096398751792127,1.3597914189056057,5.6268287193350634e-05,1,96.34098852589307,-0.0,4.028266666666848,-0.08683673438370454,True,discovery
KXBTC15M-26SEP280800-00,BTC,no,1790596380.55246,2026-09-28T07:53:00.552460-04:00,1790596380.3353884,419.6723072528839,15.0,0.9,-7.2533,0.3533,8a03040d-f973-4c9d-8790-6c8b2b7c7d0a,BTC-eight-minute-20260927-signals:137cec48-6206-4e23-8f63-5f6af2a3f6a7:KXBTC15M-26SEP280800-00:decision,['bf0a86ff-b7d5-4e46-a96c-aa929b32c181'],['HARD_STOP'],419.44754004478455,15,True,0.007695674896240234,live_entry,63f2bb9940fdbd9f,standard,1790596380.3276927,research-logs/BTC/20260928T000706Z-dd281176519448e38d45e271136af8e8/events-1790596250812071176.jsonl.gz,0.9,0.89,0.8504634817907153,0.8504634817907153,-0.0579365182092847,99.19243278799269,1.003912123012684,1.4781038862348714,0.8,False,0.08075672120073077,0.21576666831970215,0.15358853340148926,NORMAL,0,0.010000000000000009,4607.86,307.19066666666663,688.538,0.1641071696126045,-9.76230122273769e-06,-0.7150797097767357,-2.2055840567469787e-05,-0.672854681705719,0.00019050749703031222,0.8361274096984126,0.00015436364701160166,0.4131196146219428,4.700100449572808e-05,0.0805344111104907,0.0002139995982687326,0.33720090746325754,-8.302710145557945e-06,2,81.90876147332229,-4.65778134843343,3.1281393426260453,-0.04953651820928473,True,discovery
KXDOGE15M-26SEP280800-00,DOGE,no,1790596421.83745,2026-09-28T07:53:41.837450-04:00,1790596421.589785,378.42137122154236,10.0,0.956,0.4105,0.0295,38300222-f9d4-4cf7-b7e1-ee54d4fffbba,DOGE-eight-minute-20260927-signals:9f4ed010-3a55-42f4-b5b5-a4d38c7a9c86:KXDOGE15M-26SEP280800-00:decision,['818e4228-43d2-4a98-a336-12351e8b8fce'],[],378.1625499725342,10,True,0.011156320571899414,live_entry,01559030c43f99e5,standard,1790596421.5786288,research-logs/DOGE/20260928T000707Z-0e46526dd6584a18b8b5b6e2542a3867/events-1790596566860675351.jsonl.gz,0.957,0.954,0.8317114271578443,0.8317114271578443,-0.1302695728421557,99.47104718367854,1.375419700994516,1.3110071886297874,1.1,False,0.05289528163214681,0.48712778091430664,0.0022945404052734375,NORMAL,0,0.0030000000000000027,1.0,0.1,4.1,0.8590389479534016,0.00044044818288269116,1.396755307741945,0.0006229592713524745,2.0185441295376503,0.0003867557637351471,0.9060579949136601,0.0006229592713524745,1.0547551076916402,0.000526344057145911,0.4919893311829266,0.0006444267823769723,0.5340944649947125,7.519777778536666e-05,5,90.03422761552147,2.0525338115157012,3.624009324009439,-0.12528857284215567,True,discovery
KXETH15M-26SEP280800-00,ETH,no,1790596440.539356,2026-09-28T07:54:00.539356-04:00,1790596440.2859178,359.7204773426056,10.0,0.9389,-5.3998,0.2108,01f8a10a-1681-458c-8f15-95c50c336a5f,ETH-eight-minute-20260927-signals:bb5dde06-f5f9-4bfa-84e2-1bf85469b4bf:KXETH15M-26SEP280800-00:decision,['67be1f6f-9781-4e1d-a6d9-b412e7ee9e78'],['HARD_STOP'],359.4606440067291,10,True,0.006395101547241211,live_entry,a9595861d02a4ec9,standard,1790596440.2795227,research-logs/ETH/20260928T000706Z-a2de181fa9b4436d906d678a249a2a5a/events-1790597173592532808.jsonl.gz,0.937,0.936,0.8699235006621375,0.8699235006621375,-0.0733094993378625,99.32769537537025,1.1046906468015485,1.45954482015525,0.8,False,0.06723046246297497,0.21017909049987793,0.04199051856994629,NORMAL,2,0.0010000000000000009,3.65,0.365,5.688000000000001,0.5112586468525194,0.00010139816807308577,1.4254178111969613,9.013272043079112e-05,0.4552237858058745,0.0004092221400441298,1.2967545870991362,0.000232809636816933,0.6223336998374033,0.00010139816807308577,0.14332193498617402,0.0005330490405117683,0.6633342988236206,6.638895613146161e-06,4,96.62163790512423,4.291640253508376,2.859836580766758,-0.06707649933786253,True,discovery
KXXRP15M-26SEP280800-00,XRP,no,1790596447.49345,2026-09-28T07:54:07.493450-04:00,1790596447.303079,352.7051088809967,15.0,0.948,-6.794,0.314,90de0ad6-2922-4ec1-b94c-36d821e6dbf9,XRP-eight-minute-20260927-signals:f0491618-d977-41ae-8523-e0c0aa6d3577:KXXRP15M-26SEP280800-00:decision,['e5f628f0-7043-4e22-8dd1-b600dac55c9e'],['HARD_STOP'],352.50655007362366,15,True,0.00818777084350586,live_entry,2bd02930725ec686,standard,1790596447.294891,research-logs/XRP/20260928T000706Z-e4aa7377a17147ff81ba5564f1fd81d4/events-1790596576726930862.jsonl.gz,0.948,0.945,0.8350238790048987,0.8350238790048987,-0.1185271209951013,98.99907376560421,1.2317123962021732,1.1716055427422505,1.25,False,0.1000926234395785,0.2284235954284668,0.05348372459411621,NORMAL,0,0.0030000000000000027,5.0,0.3333333333333333,2.1333333333333333,0.7014794219332693,0.0002213903312804355,1.132578037526729,0.00014760444691930275,0.350508955496584,0.0007911869816216166,1.4751978508193422,0.0010724938834332232,1.709371055528529,0.0010791897363022773,1.0086858913210592,0.001320180670410509,1.1181359558524877,1.7905166868699884e-05,2,100.0,5.829164638377818,3.5519125683061716,-0.11297612099510124,True,discovery
KXETH15M-26SEP280815-15,ETH,yes,1790597233.183,2026-09-28T08:07:13.183000-04:00,1790597232.8802426,467.1255123615265,10.0,0.958,0.3918,0.0282,c0c4eabb-b0d4-4b3b-a55e-e912dbcb01f6,ETH-eight-minute-20260927-signals:711a40ba-9bf9-4d5d-9057-03c0d484e25f:KXETH15M-26SEP280815-15:decision,['1693771c-28fb-4c6f-a6a6-d3f408512b3e'],[],466.81699991226196,10,True,0.005754947662353516,live_entry,a9595861d02a4ec9,standard,1790597232.8744876,research-logs/ETH/20260928T000706Z-a2de181fa9b4436d906d678a249a2a5a/events-1790597173592532808.jsonl.gz,0.958,0.957,0.9029247376709345,0.9029247376709345,-0.0599922623290655,98.44489606739965,1.0744222845663554,2.4102451846383195,0.8,False,0.15551039326003502,0.780045747756958,0.2029860019683838,ELEVATED,2,0.0010000000000000009,1.0,0.1,10.6,0.8631525735410417,0.00024586316597252633,0.3515316504852484,-0.00022712971340699273,-0.2087442369738249,-0.00046903965990907626,-0.3034995780837436,0.002018905312967556,1.0456142303162133,0.005437061889641104,2.097194623028428,0.007617889656932109,2.7405346109974476,6.480728852480781e-05,-2,99.97318081248937,-0.026819187510625397,5.384615384615362,-0.055075262329065455,True,discovery
KXSOL15M-26SEP280815-15,SOL,yes,1790597234.293924,2026-09-28T08:07:14.293924-04:00,1790597234.1332147,465.87483167648315,15.0,0.959,0.5737,0.0413,cd0d7759-6723-4f33-b82b-6e46f3dac9dc,SOL-eight-minute-20260927-signals:02e62cd5-e1d5-4f80-99c4-a190ad2db770:KXSOL15M-26SEP280815-15:decision,['95409cce-14cc-4b7b-96fb-db539afaa930'],[],465.70607590675354,15,True,0.008046388626098633,live_entry,b18891dcb63067ed,standard,1790597234.1251683,research-logs/SOL/20260928T000706Z-096196ff8eb8430fb5547904dc91ee2a/events-1790597317105068501.jsonl.gz,0.96,0.956,0.8725679648277559,0.8725679648277559,-0.0922200351722441,98.63465969481341,1.0731068199239147,1.7094395492854872,1.0,False,0.13653403051865873,1.0336928367614746,0.08645462989807129,ELEVATED,10,0.0040000000000000036,122.0,8.133333333333333,13.696666666666665,0.9319380873849391,-0.0005857250439293971,-0.7228580196779754,-0.0005857250439293971,-0.49732326589991943,-0.0017551190973673636,-1.0982882547724238,0.0,0.0,0.005725833614011355,2.0598286497734444,0.00801755422398509,2.6231568545095985,-5.864103887363396e-05,-3,97.17970262827343,-2.820297371726568,4.768634361233416,-0.08743203517224407,True,discovery
KXBTC15M-26SEP280815-15,BTC,yes,1790597235.749526,2026-09-28T08:07:15.749526-04:00,1790597235.5824797,464.4235191345215,15.0,0.946,0.7563,0.0537,6c955105-37a7-42a0-90f7-f1ed3478aa65,BTC-eight-minute-20260927-signals:168e75f3-d978-4e5d-9ac2-8752343a8af4:KXBTC15M-26SEP280815-15:decision,['088363f5-2de4-4343-88e1-49355579202d'],[],464.25047397613525,15,True,0.005998849868774414,live_entry,63f2bb9940fdbd9f,standard,1790597235.5764809,research-logs/BTC/20260928T000706Z-dd281176519448e38d45e271136af8e8/events-1790596861141705981.jsonl.gz,0.945,0.944,0.900532321911611,0.900532321911611,-0.050206678088389,98.94679495531359,1.1687122354862916,2.2978370394225256,0.8,False,0.10532050446864066,0.5320684909820557,0.03934144973754883,NORMAL,0,0.0010000000000000009,195.15,13.01,84.61,0.43333176064816425,-0.00018567407004033143,-0.6342112097227164,-0.00042066637487037095,-0.6613320136366816,-0.0007418036569913911,-0.9140286981526614,-0.00022992341043703846,-0.2471905001515465,0.0029273356601220435,1.9170619948204395,0.004351089760504356,2.4515568940516546,-1.2408025441686586e-05,1,98.58926869023998,-1.410731309760024,5.117281677346432,-0.04446767808838892,True,discovery
KXHYPE15M-26SEP280815-15,HYPE,yes,1790597265.571787,2026-09-28T08:07:45.571787-04:00,1790597265.4262142,434.58593249320984,10.0,0.935,0.6074,0.0426,6a44b6bb-e3fd-47bc-80e1-b278e6f7bcb4,HYPE-eight-minute-20260927-signals:b2e776e5-e097-42bb-9747-038137973f38:KXHYPE15M-26SEP280815-15:decision,['2799a635-cc13-4d9f-904a-721b2c7c4119'],[],434.42821288108826,10,True,0.012146711349487305,live_entry,5fbc0fa4753752cc,standard,1790597265.4140675,research-logs/HYPE/20260928T000707Z-bf77cfa11b494503ad83c7256f2c46fa/events-1790597536213440100.jsonl.gz,0.935,0.934,0.8510156030729406,0.8510156030729406,-0.0903393969270594,98.90722430597202,1.0799792246110185,1.4220145958233232,1.0,False,0.10927756940279774,0.3422708511352539,-2.9802322387695312e-05,NORMAL,0,0.0010000000000000009,4.0,0.4,59.8,0.8263270869214513,0.00023692484832382732,1.3583366668112684,0.0011236204068967304,1.4921760700695843,0.002535595432155313,2.4139116868162103,-6.530066529197853e-05,-0.04247806032381879,0.003536716762748915,1.659433834146703,0.005896512640314988,2.3722940125040672,-3.713487807374497e-05,11,100.0,0.0,3.828575486436507,-0.0839843969270595,True,discovery
KXETH15M-26SEP280845-45,ETH,no,1790599237.697061,2026-09-28T08:40:37.697061-04:00,1790599237.5039291,262.5026857852936,10.0,0.955,0.4199,0.0301,9badb450-60c5-4962-bec2-cc65daa88416,ETH-eight-minute-20260927-signals:31c68658-1367-428b-9c16-cefe563d8c7f:KXETH15M-26SEP280845-45:decision,['41529180-ad48-4823-85a0-460f8d276e13'],[],262.30293893814087,10,True,0.0066149234771728516,live_entry,a9595861d02a4ec9,standard,1790599237.4973142,research-logs/ETH/20260928T000706Z-a2de181fa9b4436d906d678a249a2a5a/events-1790598999553769864.jsonl.gz,0.955,0.954,0.8836565327149699,0.8836565327149699,-0.0764524672850301,98.4599513852206,1.0326615525495535,1.5263377815645982,0.8,False,0.1540048614779397,0.4143955707550049,0.0025222301483154297,NORMAL,29,0.0010000000000000009,19.0,1.9,10.7,0.3536971854881398,0.0006911495498187481,1.0974525256537053,0.000743413876062915,1.1252838808223828,0.0010121155081491695,1.517051660447649,0.001153872006094292,1.5521237481883405,0.0018918475178364424,1.7302600307619183,0.002773749296310246,2.1461974697303585,0.0001044927263587773,5,99.85429515633092,7.932258124996255,2.5560798548095645,-0.07134346728503005,True,discovery
KXBTC15M-26SEP280845-45,BTC,no,1790599238.58641,2026-09-28T08:40:38.586410-04:00,1790599238.426183,261.5808439254761,15.0,0.89,1.5472,0.1028,9d19fcf9-d3a8-4050-adc1-a2c74c6af386,BTC-eight-minute-20260927-signals:ce8b9857-b21d-4531-96c6-55ed0afe8956:KXBTC15M-26SEP280845-45:decision,['b6ed61d0-7b31-41c4-97d1-005f4b6c5ff1'],[],261.4135899543762,15,True,0.0070269107818603516,live_entry,63f2bb9940fdbd9f,standard,1790599238.419156,research-logs/BTC/20260928T000706Z-dd281176519448e38d45e271136af8e8/events-1790598946013222107.jsonl.gz,0.89,0.88,0.876197585951852,0.876197585951852,-0.022755414048148,98.29370401473918,0.7837776124618149,1.459323138994808,0.8,False,0.17062959852608267,0.31020307540893555,0.024968624114990234,NORMAL,358,0.010000000000000009,3093.23,206.21533333333335,985.414,0.12791723703222047,0.0004510423375925221,0.8096780930751757,0.0005434335710379212,1.006808838034599,0.0006133755726237533,1.1270367833636512,0.0007338016349589527,1.2105389080591888,0.0011616550423183547,1.3546875132193945,0.001615122215790854,1.675035025047238,6.976261509771265e-05,-1,97.55195227292137,9.23867279669459,2.439080625405303,-0.01380241404814797,True,discovery
KXBNB15M-26SEP280845-45,BNB,no,1790599239.582219,2026-09-28T08:40:39.582219-04:00,1790599239.451715,260.5579059123993,10.0,0.943,0.5323,0.0377,748325b6-1e19-4b91-b89a-4dd583b30652,BNB-eight-minute-20260927-signals:6ed2b80e-1acf-445c-8ad2-3d5fd9db71a0:KXBNB15M-26SEP280845-45:decision,['c4017530-5bfe-46b0-9355-fbc02de3b441'],[],260.41778111457825,10,True,0.009620904922485352,live_entry,b4b5954cf3804a01,standard,1790599239.442094,research-logs/BNB/20260928T000707Z-32195b71a44e4245adf02cae8ef8e4a9/events-1790598996552160667.jsonl.gz,0.943,0.942,0.8711622149402238,0.8711622149402238,-0.0777007850597762,98.6949979109243,1.2026468238661585,1.4175434456618814,1.0,False,0.13050020890756972,0.3288094997406006,0.03070211410522461,NORMAL,0,0.0010000000000000009,2.0,0.2,5.9,0.4129935695898004,0.0005066529127983888,1.2326031028668027,0.0006810623009227967,1.72543673490589,0.0009438629380825736,2.209360155826183,0.0010388014470321671,2.303513675087607,0.0017067621343372918,2.351754472859532,0.002197416410409825,2.4355248006892674,6.986848462359196e-05,3,100.0,8.871642251629957,2.955879568263766,-0.07183778505977612,True,discovery
KXETH15M-26SEP280900-00,ETH,yes,1790599922.637669,2026-09-28T08:52:02.637669-04:00,1790599922.4457533,477.5612814426422,10.0,0.9547,0.4227,0.0303,8e5d4272-088e-455f-86ea-bbc4c8fc6679,ETH-eight-minute-20260927-signals:1cc11ed2-0cad-49c6-abbf-92f5f2ba2625:KXETH15M-26SEP280900-00:decision,['6b4710bd-57bb-491b-842b-7e1c5bea31fe'],[],477.3623309135437,10,True,0.007034778594970703,live_entry,a9595861d02a4ec9,standard,1790599922.4387186,research-logs/ETH/20260928T000706Z-a2de181fa9b4436d906d678a249a2a5a/events-1790600219472208464.jsonl.gz,0.952,0.949,0.8634072046809174,0.8634072046809174,-0.0938917953190826,99.023189960109,1.3168139463371134,1.6030472202359687,0.8,False,0.0976810039891001,0.39077138900756836,0.020328044891357422,NORMAL,137,0.0030000000000000027,13.94,1.394,44.194,0.7642542835413871,3.3540289340772134e-05,0.1435787353277619,-1.863252194922449e-05,-0.08265097743099663,-0.00016766770496456918,-0.33590903906475894,-3.353803958983104e-05,-0.06310241523875872,-0.00022726934024830392,-0.2532899711496465,-0.0006517253964352099,-0.5416024497929531,1.22969813669734e-05,1,85.70940302733827,-2.3834195508515563,3.619535519125575,-0.0885927953190826,True,discovery
KXBTC15M-26SEP280900-00,BTC,yes,1790599931.407388,2026-09-28T08:52:11.407388-04:00,1790599931.206163,468.79953503608704,15.0,0.93,0.9816,0.0684,5b15d950-7f31-4faf-b9b4-bf607a45fa76,BTC-eight-minute-20260927-signals:39f9fcaf-b425-4071-8db6-71ebda7997b0:KXBTC15M-26SEP280900-00:decision,['463e5152-be5f-4758-90a4-51ffc9cb5f94'],[],468.59261202812195,15,True,0.005697965621948242,live_entry,63f2bb9940fdbd9f,standard,1790599931.200465,research-logs/BTC/20260928T000706Z-dd281176519448e38d45e271136af8e8/events-1790600170822835878.jsonl.gz,0.926,0.925,0.8724517466762114,0.8724517466762114,-0.0604452533237886,98.9745875455684,1.1796104742047702,1.4815261889790137,0.8,False,0.10254124544316098,0.13252878189086914,0.03830242156982422,NORMAL,4,0.0010000000000000009,808.42,53.894666666666666,313.128,0.32291001004858894,0.00025245438768983774,1.3679272546546049,0.0004247863239665861,1.255277837822202,0.000435461583883745,1.2869484006598606,0.00023291039458839258,0.4490504184794931,0.0005097149193593609,0.7133199208366101,0.0005590233040293491,0.6215040233243389,3.5975491408509384e-05,4,85.3711709450533,8.994714267319154,3.3134365556558607,-0.05354825332378865,True,discovery
KXSOL15M-26SEP280900-00,SOL,yes,1790599952.202526,2026-09-28T08:52:32.202526-04:00,1790599952.0079348,447.998414516449,15.0,0.938,0.8689,0.0611,0f7ba596-a854-4cda-9e04-cca9c74ecb24,SOL-eight-minute-20260927-signals:1a091b26-e29c-4ac2-9943-2149a2616885:KXSOL15M-26SEP280900-00:decision,['a98a8219-769c-4f2d-ad24-a3cd6ccd5c90'],[],447.7974739074707,15,True,0.006349325180053711,live_entry,b18891dcb63067ed,standard,1790599952.0015855,research-logs/SOL/20260928T000706Z-096196ff8eb8430fb5547904dc91ee2a/events-1790599744038062820.jsonl.gz,0.938,0.937,0.8488333678156829,0.8488333678156829,-0.0953376321843171,98.86267320175325,1.2845158931061114,1.2566993309968597,1.0,False,0.11373267982467421,0.9367399215698242,0.05861949920654297,NORMAL,0,0.0009999999999998899,229.0,15.266666666666667,22.766666666666666,0.6467228548175612,0.0005839172505839318,1.0296357681787767,0.0012520868113523598,2.030830660268522,0.0018374676355132902,2.257343641220662,0.0017537998997829707,1.6626698930119566,0.0018374676355132902,1.222878582608351,0.002507312996238964,1.3855369036355487,5.5534528933010035e-05,2,77.33029554111819,13.707748543889757,3.4375384615385554,-0.08916663218431709,True,discovery
KXHYPE15M-26SEP280900-00,HYPE,yes,1790599975.158537,2026-09-28T08:52:55.158537-04:00,1790599974.897134,425.1134703159332,10.0,0.957,0.4011,0.0289,88e39f1f-bb29-4dc6-b075-de32e2c2cca9,HYPE-eight-minute-20260927-signals:c7edb0af-a1c9-4a65-a1f1-9e8ecfa386a3:KXHYPE15M-26SEP280900-00:decision,['7702c253-95de-4555-bd2f-250bd959eddc'],[],424.84146308898926,10,True,0.010604381561279297,live_entry,5fbc0fa4753752cc,standard,1790599974.8865297,research-logs/HYPE/20260928T000707Z-bf77cfa11b494503ad83c7256f2c46fa/events-1790599968089082013.jsonl.gz,0.959,0.95,0.8739631237399811,0.8739631237399811,-0.0898898762600189,99.07870740644205,1.4560662991088804,1.440472593564756,1.0,False,0.09212925935579494,0.7904849052429199,0.02844858169555664,NORMAL,0,0.009000000000000008,77.68,7.768000000000001,8.938,0.917859402659643,6.977053247103626e-05,0.8476995654758726,0.00022485102235214605,1.1472527261007879,0.0010231681631749368,1.7660317482785597,0.0022419459202689396,2.6482501693208502,0.0027973223883515086,2.343646316356256,0.0024355343799988827,1.7072703964226053,-2.0151498944957308e-05,1,67.48658791280741,18.89788225564528,3.8378253858557367,-0.08503687626001888,True,discovery
KXDOGE15M-26SEP280900-00,DOGE,yes,1790600040.852543,2026-09-28T08:54:00.852543-04:00,1790600040.5202608,359.4911935329437,10.0,0.906,0.8803,0.0597,2805993a-79a2-4f1d-9200-a10637284989,DOGE-eight-minute-20260927-signals:f306edd8-88fe-40b1-a7bb-b2e6b905d4c6:KXDOGE15M-26SEP280900-00:decision,['77292c14-0aac-4c19-ba70-464424dfc2e4'],[],359.14745688438416,10,True,0.011454343795776367,live_entry,01559030c43f99e5,standard,1790600040.5088065,research-logs/DOGE/20260928T000707Z-0e46526dd6584a18b8b5b6e2542a3867/events-1790600229915486756.jsonl.gz,0.906,0.905,0.8416703402649015,0.8416703402649015,-0.0723916597350985,99.27657013395616,1.4229902092711681,1.2511131903388495,1.1,False,0.07234298660438496,0.4036142826080322,0.042847394943237305,NORMAL,0,0.0010000000000000009,104.11,10.411,23.155,0.7657368932348267,0.00011642552470880752,0.45929763113714484,0.0006141855687571418,1.048993078523743,0.0013352266706228022,1.2416909224410833,0.000656571004977291,0.4491361378574427,0.002546365063871292,1.096886793869335,0.002089188186012114,0.7763425907135315,-2.122245074566524e-05,1,100.0,11.963566027437494,3.3705552725420658,-0.06432965973509852,True,discovery
KXETH15M-26SEP280915-15,ETH,no,1790600904.56436,2026-09-28T09:08:24.564360-04:00,1790600904.32722,395.6805853843689,10.0,0.936,0.598,0.042,ed017087-cd69-483d-b872-aa08bb59bdd8,ETH-eight-minute-20260927-signals:98363376-352e-4e78-ad30-fabf2593751a:KXETH15M-26SEP280915-15:decision,['61d187dd-a528-49bb-b04b-5eb7719fa3bc'],[],395.43564009666443,10,True,0.007805347442626953,live_entry,a9595861d02a4ec9,standard,1790600904.3194146,research-logs/ETH/20260928T000706Z-a2de181fa9b4436d906d678a249a2a5a/events-1790600830843679631.jsonl.gz,0.935,0.932,0.8309575400216764,0.8309575400216764,-0.1103974599783236,99.29669519976362,1.086923666452757,1.324683198319233,0.8,False,0.07033048002363834,0.22749924659729004,0.025004148483276367,NORMAL,2,0.0030000000000000027,48.0,4.8,13.922,0.6600649225927107,0.00012292975123484595,0.793063016092868,0.0005399206130518586,1.496721573359628,0.00046920559024932196,1.17961630706213,0.00040592577144504816,0.818216538805485,-0.00028322594349661223,-0.32745306568593563,-0.00016768020032209563,-0.16242788373003586,8.945763905325125e-06,2,82.24305295682193,-5.048530298068396,2.722222222222204,-0.10404245997832362,True,discovery
KXSOL15M-26SEP280930-30,SOL,yes,1790601955.679628,2026-09-28T09:25:55.679628-04:00,1790601955.4849398,244.52398562431335,15.0,0.948,0.7282,0.0518,51d86542-868d-4726-a7f9-4ac22d86a511,SOL-eight-minute-20260927-signals:155fbe73-4eb3-407d-89c9-63fd4bef571c:KXSOL15M-26SEP280930-30:decision,['4ee0f227-7272-4434-8a49-f2b90281548b'],[],244.32037210464478,15,True,0.008925437927246094,live_entry,b18891dcb63067ed,standard,1790601955.4760144,research-logs/SOL/20260928T000706Z-096196ff8eb8430fb5547904dc91ee2a/events-1790602240545278683.jsonl.gz,0.949,0.944,0.8321853732835576,0.8321853732835576,-0.1223026267164424,99.22627012712597,1.0887551317036928,1.1551370580027018,1.0,False,0.07737298728740326,0.3679943084716797,0.03477740287780762,NORMAL,36,0.0050000000000000044,3.0,0.2,1.5333333333333334,0.7958523642017522,0.00033402922755754183,1.7891531224029187,0.0006682816807286329,1.461011755429478,0.0008354916868578144,1.7958247231797317,0.00142116702892503,2.2744487177864365,0.0023429001757175882,2.551247903348269,0.002007528230865807,1.6084483067962583,3.895612261624788e-05,4,100.0,11.633061330850623,2.3337007874016655,-0.11681462671644238,True,discovery
KXETH15M-26SEP280930-30,ETH,yes,1790601963.149411,2026-09-28T09:26:03.149411-04:00,1790601962.8860817,237.12137150764465,10.0,0.909,0.852,0.058,a3387fbc-2610-4a8e-8ca6-3a64f88e6ac3,ETH-eight-minute-20260927-signals:60ab7ec4-a598-43e1-8fe8-695166da7794:KXETH15M-26SEP280930-30:decision,['5cc88734-905c-4ed1-b3ef-351f088338d6'],[],236.85058903694153,10,True,0.007453203201293945,live_entry,a9595861d02a4ec9,standard,1790601962.8786285,research-logs/ETH/20260928T000706Z-a2de181fa9b4436d906d678a249a2a5a/events-1790602050271502914.jsonl.gz,0.9,0.89,0.8475443738654527,0.8475443738654527,-0.0608556261345473,97.98949375114742,0.7951446375798076,1.2483703612364314,0.8,False,0.2010506248852582,0.763469934463501,0.0496211051940918,NORMAL,0,0.010000000000000009,128.0,12.8,124.673,0.1929015987997003,0.0005956125689141611,0.9279193093214835,0.0007297231891882916,1.184043899850768,0.0009645032994203273,1.523729929096638,0.001475437321857731,2.1267492311864187,0.0019121955583385475,2.3686461439521302,0.0018935228844167984,1.7717644230540999,8.697240380215466e-05,1,93.65710814921698,4.487738882208973,1.988571428571365,-0.05245562613454735,True,discovery
KXBTC15M-26SEP280930-30,BTC,yes,1790601963.958565,2026-09-28T09:26:03.958565-04:00,1790601963.7977886,236.2063205242157,15.0,0.918,1.1509,0.0791,6deb99b1-1e9a-4a2f-be79-4b3a76da551f,BTC-eight-minute-20260927-signals:719054e1-e51f-4756-bb27-6c503d80d501:KXBTC15M-26SEP280930-30:decision,['51cd3726-a553-4e1a-899c-713d61c5de14'],[],236.04143500328064,15,True,0.00410914421081543,live_entry,63f2bb9940fdbd9f,standard,1790601963.7936795,research-logs/BTC/20260928T000706Z-dd281176519448e38d45e271136af8e8/events-1790602612811754060.jsonl.gz,0.909,0.908,0.8817441621530601,0.8817441621530601,-0.0360888378469399,98.08481850362493,0.9536247695597617,1.7351191837696829,0.8,False,0.1915181496375074,1.4455592632293701,1.195622444152832,NORMAL,1182,0.0010000000000000009,1031.69,68.77933333333334,94.00466666666668,0.2952952588872596,0.0004905243001278592,0.9727864847791639,0.000563430923979924,1.195120414294984,0.000688284208875789,1.427043262464823,0.001299086825081508,2.3129411660213317,0.0011600334014785219,1.6874977525748236,0.0011925718031602361,1.4210265725082767,7.516205306304554e-05,3,95.60152379159813,0.0,2.762576417468715,-0.027255837846939968,True,discovery
KXBTC15M-26SEP281015-15,BTC,no,1790604420.471051,2026-09-28T10:07:00.471051-04:00,1790604420.2300804,479.77462339401245,15.0,0.85,2.1161,0.1339,9f8abb4f-a1e9-40b5-9919-2ab553d7b003,BTC-eight-minute-20260927-signals:964fc1d8-b7a1-4e0b-8047-6466b2126690:KXBTC15M-26SEP281015-15:decision,['52bdeb5c-91e0-4310-8972-c2781d4dbe8a'],[],479.5289490222931,15,True,0.0047037601470947266,live_entry,63f2bb9940fdbd9f,standard,1790604420.2253766,research-logs/BTC/20260928T000706Z-dd281176519448e38d45e271136af8e8/events-1790603832101016755.jsonl.gz,0.85,0.84,0.905,0.924999990111806,0.043975,99.61756511270633,0.667979413589178,5.586231222266896,0.8,True,0.03824348872936627,0.13320088386535645,0.13013696670532227,NORMAL,0,0.010000000000000009,3738.19,249.21266666666668,697.0966666666667,0.19699913642269903,-8.134622125832713e-05,-1.070389962857748,-0.0006780099066645562,-1.9480597284440841,-0.00118568006475539,-2.6684492985805353,-0.001304210562174335,-1.9345431336014935,-0.00034500370168943917,-0.28226791636213305,-0.00046261579027540023,-0.3015671984520367,2.325342457351424e-05,-2,74.23446659770495,-13.011968372493824,12.638984607008501,0.05500000000000005,False,discovery
KXSOL15M-26SEP281015-15,SOL,no,1790604452.752585,2026-09-28T10:07:32.752585-04:00,1790604452.4911442,447.51557540893555,15.0,0.8133333333333334,2.6406,0.1594,7a85c188-3ead-4b6b-b9c5-04c05b617d59,SOL-eight-minute-20260927-signals:a690c938-d6d3-4378-b60b-a268dc01a8df:KXSOL15M-26SEP281015-15:decision,['25e7e394-bfb5-4428-bda9-be3f993685a0'],[],447.2474150657654,15,True,0.0067195892333984375,live_entry,b18891dcb63067ed,standard,1790604452.4844246,research-logs/SOL/20260928T000706Z-096196ff8eb8430fb5547904dc91ee2a/events-1790604683890074426.jsonl.gz,0.82,0.81,0.915,0.9249959387121546,0.082568,99.53880181276253,0.4493698568041989,4.427166016131264,1.0,True,0.04611981872374651,0.37737250328063965,0.04972958564758301,NORMAL,37,0.009999999999999898,55.0,3.6666666666666665,67.33466666666666,0.5931473843642415,0.00025077321742039693,1.1998695910202255,0.00033433634236046395,1.0327338789021916,0.0005014206919605746,0.7261961027301329,-0.0015072852118571678,-1.6459104724529983,-0.0018428547495392689,-1.0124203062536778,-0.0,-0.0,3.3440620418726896e-05,0,66.32500148367936,-14.587226695807868,12.095875139353332,0.09500000000000008,False,discovery
KXETH15M-26SEP281145-45,ETH,yes,1790609893.533244,2026-09-28T11:38:13.533244-04:00,1790609893.3461518,406.6594760417938,10.0,0.922331,0.7265,0.05019,9b03c4e8-dfb7-427b-a221-4757e9ba5a3a,ETH-eight-minute-20260927-signals:e638128b-1f6a-4476-9b56-e5ae03c85d3a:KXETH15M-26SEP281145-45:decision,['f843e047-e245-4cff-b432-9c1b8e719de4'],[],406.466756105423,10,True,0.005627870559692383,live_entry,a9595861d02a4ec9,standard,1790609893.340524,research-logs/ETH/20260928T000706Z-a2de181fa9b4436d906d678a249a2a5a/events-1790609999445596835.jsonl.gz,0.92,0.919,0.8327876714784843,0.8327876714784843,-0.0944643285215157,99.00455755100354,0.986856669003238,1.3185398428939334,0.8,False,0.09954424489964503,0.2777254581451416,0.025237321853637695,NORMAL,0,0.0010000000000000009,23.0,2.3,11.84,0.6764320338855805,0.00043714295321817254,0.7625266861635084,0.00026896582639746036,0.428271897839711,0.0011029315546848828,1.1979258738272585,0.0004819997384497565,0.3810320763368771,0.0031582378306689307,1.6465883188583126,0.0027750418503273977,1.2880244483484236,5.066420548747175e-05,3,98.62983281164709,0.0,2.747080059460534,-0.08721232852151573,True,discovery
KXETH15M-26SEP281300-00,ETH,yes,1790614560.483138,2026-09-28T12:56:00.483138-04:00,1790614560.3122578,239.69476199150085,10.0,0.918,0.7673,0.0527,3c3e121d-fee7-4893-b3b7-60858600e327,ETH-eight-minute-20260927-signals:8251855e-c136-400a-9ad5-15ce7cd5567f:KXETH15M-26SEP281300-00:decision,['7a927ef2-3cd0-46c9-a59a-f7e57b6c704e'],[],239.51686191558838,10,True,0.007019758224487305,live_entry,a9595861d02a4ec9,standard,1790614560.305238,research-logs/ETH/20260928T000706Z-a2de181fa9b4436d906d678a249a2a5a/events-1790614275961717902.jsonl.gz,0.918,0.917,0.8373335305566597,0.8373335305566597,-0.0880364694433403,99.3271690904356,0.9563175121363562,1.2638777415584588,0.8,False,0.0672830909564403,0.2023029327392578,0.04409313201904297,NORMAL,0,0.0010000000000000009,49.19,4.919,16.909,0.685303408898415,0.00013401681911084928,1.121806854509221,0.0002568971294538702,0.9684518340512621,0.00020103869994980705,0.7054912782577527,0.0001749735678229225,0.44835888048103667,0.0012111771150880024,1.5604012018842779,0.0022981387314722213,2.149556168533297,2.0102073823842955e-05,1,100.0,0.0,2.0217706821480874,-0.08066646944334033,True,discovery
KXHYPE15M-26SEP281315-15,HYPE,yes,1790615509.033476,2026-09-28T13:11:49.033476-04:00,1790615508.5263689,191.00258207321167,10.0,0.930917,0.6458,0.04503,23898ce3-ed77-4e8b-9449-9472e2c34cc5,HYPE-eight-minute-20260927-signals:73aca76d-9ce3-457c-a74f-0680b85d725d:KXHYPE15M-26SEP281315-15:decision,['d9131196-85f8-4b2e-950a-ed141dd282a3'],[],190.96652388572693,10,False,0.47104907035827637,live_entry_recheck,5fbc0fa4753752cc,standard,1790615508.997418,research-logs/HYPE/20260928T000707Z-bf77cfa11b494503ad83c7256f2c46fa/events-1790615482963411935.jsonl.gz,0.929,0.89,0.8394925989683619,0.8394925989683619,-0.0962254010316381,97.69575153931784,0.6787650350055885,1.198195752469536,1.0,False,0.2304248460682157,0.8874411582946777,0.020231008529663086,ELEVATED,0,0.039000000000000035,1.0,0.1,47.3,0.2331279636696909,0.0007550748445466215,1.4431787464577497,0.0006482614347362858,0.8627127065349169,0.004462649417554809,2.5514749204644533,0.004495502242112037,2.5645042602921055,0.004170467139672951,2.2452600519074757,0.003346930590900632,1.691571821674239,2.2599883241639974e-06,1,53.44998300076813,23.686275227365794,2.1427837699024104,-0.08950740103163812,True,discovery
KXHYPE15M-26SEP281345-45,HYPE,no,1790617235.674544,2026-09-28T13:40:35.674544-04:00,1790617235.4871113,264.5242350101471,10.0,0.9324,0.6318,0.0442,ef2f6a0e-c455-4398-9854-ffa12408eccf,HYPE-eight-minute-20260927-signals:be066823-29d1-4d09-b16a-5d3695b365be:KXHYPE15M-26SEP281345-45:decision,['7ca9ef40-dda8-45b8-a571-e05520ebbc32'],[],264.32545590400696,10,True,0.01134634017944336,live_entry,5fbc0fa4753752cc,standard,1790617235.475765,research-logs/HYPE/20260928T000707Z-bf77cfa11b494503ad83c7256f2c46fa/events-1790619157244394625.jsonl.gz,0.928,0.922,0.831009954201939,0.831009954201939,-0.103768045798061,98.77777420678129,1.2265113057394668,1.2756080930778861,1.0,False,0.12222257932187149,0.3677494525909424,0.008680105209350586,NORMAL,0,0.006000000000000005,9.0,0.9,2.7,0.8174781884884956,0.00014600163297195934,1.458128931777659,0.0005691653812733843,2.743114198574073,0.0008776133406205311,2.6980652458487375,0.0010188749959323395,2.823301550859986,0.0020155391567244774,2.2316559216643754,0.002729896001828047,2.2638652206759025,-5.345142629250015e-08,1,96.89038226404159,-0.0,2.6802545948650343,-0.09699004579806103,True,discovery
KXDOGE15M-26SEP281400-00,DOGE,no,1790618110.685576,2026-09-28T13:55:10.685576-04:00,1790618110.2782729,289.75798630714417,10.0,0.9558,0.4124,0.0296,96d858f8-3bdd-4b1b-989b-c176d73afd16,DOGE-eight-minute-20260927-signals:fd844a31-7fb8-464a-89a2-fcb789b4ee86:KXDOGE15M-26SEP281400-00:decision,['afba3aa0-e4b9-47d4-b9bc-f204c6f0a282'],[],289.31442403793335,10,True,0.03625917434692383,live_entry,01559030c43f99e5,standard,1790618110.2420137,research-logs/DOGE/20260928T000707Z-0e46526dd6584a18b8b5b6e2542a3867/events-1790619791761408870.jsonl.gz,0.96,0.959,0.832474123780234,0.832474123780234,-0.132313876219766,99.29763855058025,1.2021765786212675,1.1938635453456181,1.1,False,0.07023614494197566,0.18007397651672363,0.05086517333984375,NORMAL,0,0.0010000000000000009,50.0,5.0,22.786,0.795659328020381,0.00031745359886570235,1.3799505214268566,0.0006452773105688481,1.6461737906787468,0.0011418904630999815,2.203469969758311,0.0011102064984086502,1.59699397741226,0.0007404116688879414,0.4922639620040876,0.0012474891637592744,0.697303360004257,2.5427704336474417e-05,6,89.49918667880814,14.176124556082348,2.8868509777477644,-0.12752587621976597,True,discovery
KXHYPE15M-26SEP281430-30,HYPE,no,1790619740.80577,2026-09-28T14:22:20.805770-04:00,1790619740.5980163,459.4132573604584,10.0,0.96,0.3731,0.0269,699ecc49-deed-441b-a44e-a1621da11a75,HYPE-eight-minute-20260927-signals:27a593be-f8c5-4096-b873-c6bde50d4696:KXHYPE15M-26SEP281430-30:decision,['da7eb46b-7c8a-4c91-867a-512275cebe71'],[],459.1942300796509,10,True,0.011273622512817383,live_entry,5fbc0fa4753752cc,standard,1790619740.5867426,research-logs/HYPE/20260928T000707Z-bf77cfa11b494503ad83c7256f2c46fa/events-1790619771407030580.jsonl.gz,0.96,0.951,0.8581503897702637,0.8581503897702637,-0.1066376102297363,98.51254124736576,1.6308161843904636,1.5493684527109715,1.0,False,0.1487458752634246,0.4749326705932617,0.08624649047851562,NORMAL,0,0.009000000000000008,2.0,0.2,34.778,0.9083601957103636,-8.120288540935938e-05,-0.3792354348585965,-0.0001759562545682325,-0.7166800670802227,-0.0003136062233914938,-0.960906805824088,0.00039004110086282573,0.4561924595421464,0.001052188078055516,0.9481543693281063,0.0021695391304737965,1.6399456964689607,-5.7870363021554166e-06,2,93.42203261028887,-6.577967389711134,4.289485579965539,-0.10184961022973626,True,discovery
KXETH15M-26SEP281500-00,ETH,yes,1790621551.161557,2026-09-28T14:52:31.161557-04:00,1790621550.8643565,449.1543357372284,10.0,0.929,0.6638,0.0462,b72c00d3-2a9b-44f5-ae7b-e3daab87c6d3,ETH-eight-minute-20260927-signals:a3870c53-6216-4291-aae1-a4179bc0159c:KXETH15M-26SEP281500-00:decision,['549e5c25-8253-4341-a95b-5591055563df'],[],448.8384430408478,10,True,0.0186922550201416,live_entry,a9595861d02a4ec9,standard,1790621550.8456643,research-logs/ETH/20260928T000706Z-a2de181fa9b4436d906d678a249a2a5a/events-1790622851842370863.jsonl.gz,0.925,0.92,0.865231971336378,0.865231971336378,-0.066725028663622,98.70173173385122,1.1278853124947237,1.3713123794828457,0.8,False,0.12982682661487835,0.7806167602539062,0.17113685607910156,NORMAL,0,0.0050000000000000044,61.1,6.11,11.11,0.6609855409890371,-2.597971355500217e-05,-0.9777891814454442,0.0004827258414283886,1.3902205064975914,0.000705679606602283,1.6117170208534335,0.0007986063390772458,1.6238623991311458,0.0010626123916952501,1.371811808655229,0.0024406759481803153,1.5671001754156582,-2.8718596264409868e-05,-1,95.48566425476984,2.937247183535021,3.0041777440183903,-0.059768028663622075,True,discovery
KXDOGE15M-26SEP281500-00,DOGE,yes,1790621577.892212,2026-09-28T14:52:57.892212-04:00,1790621577.4565182,422.55316638946533,10.0,0.9557,0.4133,0.0297,07ff8a43-3f51-45e7-b959-d258b62b27ea,DOGE-eight-minute-20260927-signals:82337b9d-570e-4331-8b94-8edbb12ccdce:KXDOGE15M-26SEP281500-00:decision,['f3654af7-a4ee-44ee-af9f-e83712f61f0b'],[],422.1077880859375,10,True,0.009684562683105469,live_entry,01559030c43f99e5,standard,1790621577.4468336,research-logs/DOGE/20260928T000707Z-0e46526dd6584a18b8b5b6e2542a3867/events-1790621629075030859.jsonl.gz,0.951,0.94,0.8352923996333617,0.8352923996333617,-0.1210696003666383,98.74073822841548,1.3006610548056157,1.1731799567045156,1.1,False,0.12592617715845128,0.3745460510253906,0.04430508613586426,NORMAL,0,0.01100000000000001,60.0,6.0,17.5,0.9064899388906903,0.00022095494623419754,1.0900295826928845,0.0004104226300722935,1.3136406935945486,0.0004314790259096757,1.0919844991182852,0.0010846672283064684,1.7211173608607302,0.002235084500953999,1.702788282308187,0.002509886633271785,1.3044799920430235,2.9808355049850323e-05,3,99.2755127042566,7.153330171106191,3.426216216216162,-0.1157076003666383,True,discovery
KXDOGE15M-26SEP281700-00,DOGE,yes,1790629066.019024,2026-09-28T16:57:46.019024-04:00,1790629065.6742892,134.374755859375,10.0,0.863,1.2872,0.0828,7a8a04eb-a2e5-4dac-9f71-484cacc4616b,DOGE-ten-minute-20260928-signals:95a6b341-0ddd-4491-a518-299cdb1b540b:KXDOGE15M-26SEP281700-00:decision,['5e7fc2ba-ea54-4f6a-bf21-554cd6fc786c'],[],133.98097610473633,10,True,0.04904508590698242,live_entry,448b087908e0b8d3,standard,1790629065.6252441,research-logs/DOGE/20260928T200257Z-247d3094a9474de2a97205374cfec873/events-1790630073988082136.jsonl.gz,0.86,0.85,0.836161772612913,0.836161772612913,-0.034366227387087,99.08705226472006,1.4315007722253648,1.2162196858140066,1.1,False,0.09129477352799492,0.5735998153686523,0.05895090103149414,NORMAL,0,0.010000000000000009,2.0,0.2,94.9,0.7449925701734699,-0.0001276745151027603,-1.6179630698686482,7.449185910402001e-05,0.4303552263049297,1.0641014727141851e-05,0.039454508149908675,0.0007987050329067991,1.6437897825432706,0.0018229111144276722,2.058364429883282,0.002560355035898354,2.296438660685991,-2.5889603511456788e-05,-5,100.0,26.326008658490665,2.006378600823143,-0.023838227387086963,True,discovery
KXETH15M-26SEP281730-30,ETH,no,1790630582.053721,2026-09-28T17:23:02.053721-04:00,1790630581.810354,418.19511318206787,10.0,0.947,0.4948,0.0352,794e89ef-88a5-463b-8e7e-d4fbf023fec8,ETH-ten-minute-20260928-signals:ffec9f7f-c95a-4ae2-a3ae-1aea2f59087a:KXETH15M-26SEP281730-30:decision,['97182db2-6721-4581-a3de-79bf9bfc3804'],[],417.9462790489197,10,True,0.00546717643737793,live_entry,e68973580c27c84b,standard,1790630581.8048868,research-logs/ETH/20260928T200257Z-b27ea2b217bc4b808c1b8745fdc1770d/events-1790630671643527360.jsonl.gz,0.947,0.943,0.892323974728345,0.892323974728345,-0.060290025271655,97.95214176230833,1.4117500922573714,1.984161435655216,0.8,False,0.20478582376916682,0.7438359260559082,0.050820350646972656,NORMAL,0,0.0040000000000000036,18.0,1.8,69.017,0.7470289773668441,-7.45948566849286e-06,-0.5656900666246422,1.4918637480820784e-05,0.23431340936924538,-6.713937761815281e-05,-0.682727408581054,-1.864892283820474e-05,-0.10455319811716406,0.0008719922787693291,1.759094372425796,0.0006522743876075099,0.9873307132983067,7.46082120239855e-07,2,99.64130528280592,4.182026476717219,4.194369973190013,-0.05467602527165494,True,discovery
KXHYPE15M-26SEP282015-15,HYPE,no,1790640503.514529,2026-09-28T20:08:23.514529-04:00,1790640503.3323324,396.67923069000244,10.0,0.9387,0.5727,0.0403,e585cd4a-08bc-4038-83b1-d35b5d8be3c8,HYPE-ten-minute-20260928-signals:055317bc-193a-4441-87cd-a0625bc7d1ac:KXHYPE15M-26SEP282015-15:decision,['05cb89da-a80a-426d-b6f8-4c20c0dd8d48'],[],396.48547101020813,10,True,0.01156306266784668,live_entry,83c5734ca5c4adc9,standard,1790640503.3207693,research-logs/HYPE/20260928T200257Z-7b4b45dd56a84f2f89d3b30b64e89294/events-1790640548164026302.jsonl.gz,0.931,0.92,0.8302222785301628,0.8302222785301628,-0.1073747214698372,99.53320437269615,1.4579751233321154,1.319487236924625,1.0,False,0.04667956273038509,0.2712829113006592,0.181959867477417,NORMAL,3,0.01100000000000001,3.0,0.3,1.3,0.8566997636319414,0.000166057217590998,0.9207455026535649,0.0001122378158978643,0.3941320196483161,0.0003663976697108051,0.9742719347389915,0.00017292736249130414,0.310982774287881,0.0011601007708834654,1.4036022399302668,0.0007165143978189459,0.6213519760480144,2.0998187861172762e-05,2,94.73429310577853,-0.818645427723375,3.3938899253730908,-0.10077772146983721,True,validation
KXBNB15M-26SEP282030-30,BNB,no,1790641323.373235,2026-09-28T20:22:03.373235-04:00,1790641323.1687834,476.8409457206726,10.0,0.9411,-4.3142,0.2132,8feed587-dddb-4ecb-866b-8a1ad83fd6fd,BNB-ten-minute-20260928-signals:34c7d217-d05e-450e-ac5b-2ce07604a247:KXBNB15M-26SEP282030-30:decision,['ee135003-cd3f-4447-b3c1-3707fa92fca7'],['HARD_STOP'],476.6267650127411,10,True,0.009729146957397461,live_entry,7021b6d4cad6e1b2,standard,1790641323.1590543,research-logs/BNB/20260928T200257Z-9e976ec3ab1349adac8aa0dc6c046c7c/events-1790642346356848741.jsonl.gz,0.939,0.934,0.8643899012603216,0.8643899012603216,-0.0807200987396784,99.39598742553972,1.4496941554829768,1.4137496348208947,1.0,False,0.060401257446028235,0.09218502044677734,0.06711530685424805,NORMAL,0,0.004999999999999893,6.0,0.6,9.2,0.8491754425065616,4.718044423013268e-05,0.3103135548322595,8.256285588847945e-05,0.5378628325725698,0.00012580462541678106,0.76105359097941,0.00014938946882869786,0.6456968486047111,2.359077862679193e-05,0.06154414753517751,0.00030397366959122873,0.6703432473617886,5.242601332133834e-06,1,87.50048460265538,2.964231417077741,3.9858929143957544,-0.07461009873967839,True,validation
KXDOGE15M-26SEP282030-30,DOGE,no,1790641388.476822,2026-09-28T20:23:08.476822-04:00,1790641388.2599971,411.83585476875305,10.0,0.9576,-4.6795,0.2035,8d60b6b6-a654-4bd4-bfff-276bcb1f62d6,DOGE-ten-minute-20260928-signals:44d00be9-ea04-4cb0-b834-d8b2851fdace:KXDOGE15M-26SEP282030-30:decision,['918190e2-67b4-40c3-9f5f-136a850aef1b'],['HARD_STOP'],411.52317810058594,10,True,0.09585189819335938,live_entry,448b087908e0b8d3,standard,1790641388.1641452,research-logs/DOGE/20260928T200257Z-247d3094a9474de2a97205374cfec873/events-1790642956475431347.jsonl.gz,0.955,0.952,0.8310425841159305,0.8310425841159305,-0.1290664158840695,98.2701068556578,1.503886429790532,1.1852979073841663,1.1,False,0.17298931443421942,0.04596567153930664,-0.03127026557922363,NORMAL,0,0.0030000000000000027,5.0,0.5,29.235000000000003,0.8451727434985493,6.389844407284073e-05,1.26487963142308,7.454739084122863e-05,0.6097587275383864,5.32492704848897e-05,0.2011954947189072,-0.00022370888017730906,-0.33370877210175937,0.0005322376334585543,0.4406673010919967,9.584460394873595e-05,0.06251816752988971,1.100471313173849e-05,0,90.58508585611158,4.690796783960105,3.4161024702653973,-0.1239574158840695,True,validation
KXBNB15M-26SEP282115-15,BNB,no,1790644120.829303,2026-09-28T21:08:40.829303-04:00,1790644119.2688284,380.74182057380676,10.0,0.9511,0.4564,0.0326,5da51710-77eb-4247-81d6-da490261840d,BNB-ten-minute-20260928-signals:65b7bc43-06f0-4171-8544-90cf90071ac8:KXBNB15M-26SEP282115-15:decision,['f2c7ecfb-b70b-4d9c-ac94-bcfcae376d18'],[],379.17069697380066,10,True,0.010648965835571289,live_entry,7021b6d4cad6e1b2,standard,1790644119.2581794,research-logs/BNB/20260928T200257Z-9e976ec3ab1349adac8aa0dc6c046c7c/events-1790647914023870027.jsonl.gz,0.946,0.942,0.8305871922761142,0.8305871922761142,-0.1210888077238858,99.16352083175578,1.4402961839109716,1.1614922154953076,1.0,False,0.08364791682442195,0.15764260292053223,0.0033981800079345703,NORMAL,1,0.0040000000000000036,4.0,0.4,3.3,0.8870729694979317,7.242655289108058e-05,0.46291620464227906,0.0003054371767071684,0.9852059128331863,0.0002712164320293198,0.8158292590216943,0.000456770069581669,1.2239285355477456,0.00133228469069413,1.94030576170492,0.0023360525966578116,2.216685371415433,5.444762843905456e-06,2,64.32108874141761,10.131891625245714,2.926482008801423,-0.11541280772388574,True,validation
KXXRP15M-26SEP290145-45,XRP,no,1790660112.749188,2026-09-29T01:35:12.749188-04:00,1790660112.431052,587.5785279273987,15.0,0.959,-6.8884,0.3034,e2da034e-9301-445c-a6e7-2003dd7fd8fd,XRP-ten-minute-20260928-signals:cc28ad1e-beef-4fe0-9190-6c908bfe548c:KXXRP15M-26SEP290145-45:decision,['1623fc7c-9f86-4915-aa32-90dfeab8733c'],['HARD_STOP'],587.2508120536804,15,True,0.009579896926879883,live_entry,6bdb5476d7bd4861,standard,1790660112.421472,research-logs/XRP/20260928T200257Z-cefd36bd6ef04312bbb0aad92e76815e/events-1790664395453223787.jsonl.gz,0.959,0.957,0.8886621585519352,0.8886621585519352,-0.0751908414480648,99.15180342434695,2.2026734113604887,1.9642514162831326,1.1,False,0.08481965756530538,0.304309606552124,-0.0029134750366210938,NORMAL,0,0.0020000000000000018,1.0,0.06666666666666667,1.4,0.7782502990273853,-0.00018275348585361506,-0.5571347783485836,-0.00026399870031412753,-0.5238527478920532,0.0001217985587170789,0.18311898619191785,0.001756436325805355,1.5562776181538518,0.004272208408299116,2.71791455200709,0.006568332168020219,3.4292197235950894,-4.061064912795898e-05,-1,99.29103228998913,-0.7089677100108741,6.763313609467419,-0.07033784144806476,True,validation
KXDOGE15M-26SEP290145-45,DOGE,no,1790660139.534574,2026-09-29T01:35:39.534574-04:00,1790660139.2284586,560.7815821170807,10.0,0.959,0.3824,0.0276,3090b49c-d7a4-435e-a4d6-d60202d49021,DOGE-ten-minute-20260928-signals:97062e75-f840-4bf1-b641-933a6605bb7b:KXDOGE15M-26SEP290145-45:decision,['38f13165-f6fa-455e-b380-cbc60d955ff3'],[],560.4654259681702,10,True,0.010040760040283203,live_entry,448b087908e0b8d3,standard,1790660139.218418,research-logs/DOGE/20260928T200257Z-247d3094a9474de2a97205374cfec873/events-1790660786671984876.jsonl.gz,0.959,0.958,0.8425747804404189,0.8425747804404189,-0.1212782195595811,98.63565214777365,1.1652793466416032,1.412028423771371,1.1,False,0.13643478522263414,0.10984635353088379,0.11393356323242188,ELEVATED,2,0.0010000000000000009,9.0,0.9,17.067,0.834439189994728,-0.0010556477152767751,-1.248479608680433,-0.0010340816062734959,-1.1961766850758488,-0.0014655804129488637,-1.052182503963457,-0.00032292092742891576,-0.19691576140238692,0.0039762922949958535,1.6962325675890557,0.006042974640897536,2.242808352313469,-0.00016227686262372624,-3,95.2799113604808,-4.720088639519207,4.748975188780969,-0.11642521955958107,True,validation
KXBNB15M-26SEP290145-45,BNB,no,1790660426.830546,2026-09-29T01:40:26.830546-04:00,1790660424.633879,275.37446117401123,10.0,0.86,1.3157,0.0843,5e2483d3-3074-40b0-963c-59b88da945b8,BNB-ten-minute-20260928-signals:ae70075e-02f1-4030-b93d-9c42ddeced51:KXBNB15M-26SEP290145-45:decision,['b7a6f003-214e-4df3-86e6-cbcd7ffdecf2'],[],273.1694540977478,10,True,0.008340120315551758,live_entry,7021b6d4cad6e1b2,standard,1790660424.6255388,research-logs/BNB/20260928T200257Z-9e976ec3ab1349adac8aa0dc6c046c7c/events-1790660181379462780.jsonl.gz,0.84,0.83,0.8694268239513308,0.8694268239513308,0.0179188239513308,99.27821130345929,1.9171845871051905,1.609686536650724,1.0,False,0.07217886965407119,0.5461828708648682,-0.004370689392089844,NORMAL,0,0.010000000000000009,32.0,3.2,15.841999999999999,0.8298931355349963,-1.8506963906039786e-05,-0.460945627133893,-0.00028693493981646334,-0.9338545479991348,-0.0005078679860655022,-1.5389378825924176,-0.00030677523689126573,-0.8056175200212683,-0.0018885916351019105,-2.5438805573415038,-0.0017400009534251915,-1.624489617275925,1.3227540087642117e-05,1,52.81524993846961,-20.359199748330973,3.4518966465090055,0.029426823951330783,True,validation
KXBNB15M-26SEP290300-00,BNB,yes,1790664723.045094,2026-09-29T02:52:03.045094-04:00,1790664722.6000042,477.4102840423584,10.0,0.85895,1.3256,0.0849,30f97ac0-7962-41b9-a5e2-e1416f077f9c,BNB-ten-minute-20260928-signals:d21fe067-0bb9-4744-ac8b-e272cbd4ae31:KXBNB15M-26SEP290300-00:decision,['6e5e2187-a9b1-4d33-a01d-0f3d08c1c6b9'],[],476.9549059867859,10,True,0.010288238525390625,live_entry,7021b6d4cad6e1b2,standard,1790664722.589716,research-logs/BNB/20260928T200257Z-9e976ec3ab1349adac8aa0dc6c046c7c/events-1790669398973870036.jsonl.gz,0.85,0.84,0.8674976629010928,0.8674976629010928,0.0064726629010928,98.22432901846568,0.7543203683278027,1.3886258082721736,1.0,False,0.17756709815343147,0.5302309989929199,0.04541897773742676,NORMAL,0,0.010000000000000009,39.95,3.995,33.826,0.7263414373680764,0.00012435515308117928,0.9342538136838879,5.235382811052958e-06,0.02844252654576695,0.0003600602806375086,1.2546238672577439,0.0009340737800380694,1.8754248504284174,0.0008921144159663719,1.6853635734658066,0.0007846096010541981,1.3687513800138884,1.2869021261652237e-05,3,66.66666666666667,14.683116224273952,3.919191919192099,0.01749766290109278,True,validation
KXBTC15M-26SEP290645-45,BTC,no,1790678110.915898,2026-09-29T06:35:10.915898-04:00,1790678110.6378872,589.366856098175,20.0,0.87,2.4416,0.1584,56a59264-dd04-4c18-8571-de9766d7e4ef,BTC-ten-minute-20260928-signals:130d6eca-7144-400d-abda-bc8e90baf47e:KXBTC15M-26SEP290645-45:decision,['e7b08304-f0ea-4051-b092-da1957e16311'],[],589.0841019153595,20,True,0.004743337631225586,live_entry,b5203aeb52ff3bd1,standard,1790678110.633144,research-logs/BTC/20260928T200257Z-b690bb761c0942b7b24231380b1f4f01/events-1790682869195687589.jsonl.gz,0.87,0.86,0.8744741953742812,0.8744741953742812,-0.0055428046257188,98.15142959203156,1.0476312006833042,1.4447389711627676,0.8,False,0.18485704079684356,0.5419707298278809,0.07186341285705566,NORMAL,26,0.010000000000000009,10656.68,532.8340000000001,1184.1905,0.26434489165301633,0.00014958615686611054,1.3608925732316983,0.0002300133510078073,1.639467102253902,4.915297405239105e-05,0.24670612565442993,0.0001359027279199676,0.6001010037611978,0.0007990584928894151,0.9955103619472796,0.0012210838093582588,1.390790940060225,2.8278798904809074e-05,4,99.14368449339952,17.34610316499008,3.624066823283619,0.004474195374281176,True,validation
KXBNB15M-26SEP291000-00,BNB,yes,1790690071.634515,2026-09-29T09:54:31.634515-04:00,1790690069.29175,330.7217938899994,10.0,0.951,0.4573,0.0327,41d9a89b-a797-4efd-b1f8-997b3589f801,BNB-ten-minute-20260928-signals:61fc6193-d42f-45f7-8c3d-3cec8113dbf8:KXBNB15M-26SEP291000-00:decision,['c55af194-6b56-4896-9e99-02a7bce27fe0'],[],328.36548495292664,10,True,0.013543844223022461,live_entry,7021b6d4cad6e1b2,standard,1790690069.278206,research-logs/BNB/20260928T200257Z-9e976ec3ab1349adac8aa0dc6c046c7c/events-1790694619032472731.jsonl.gz,0.954,0.953,0.8420195168516217,0.8420195168516217,-0.1171524831483783,98.7223232204176,1.1910124085594667,1.2136140847480406,1.0,False,0.1277676779582393,0.15032100677490234,0.013898849487304688,NORMAL,0,0.0010000000000000009,34.0,3.4,15.0,0.8673667789083891,0.00017494089217251485,1.1979288577627287,0.00013707536011664523,0.9812103460811079,0.00021150343693077112,1.1959532538352393,0.0005276197167831675,1.3871507244370749,0.0014261139636295717,2.285896614901975,0.0022331240188382395,2.5967645116680176,2.793806387014393e-05,1,100.0,3.982011484751993,2.8499357326476047,-0.11198048314837827,True,validation
KXXRP15M-26OCT021215-15,XRP,yes,1790957101.637455,2026-10-02T12:05:01.637455-04:00,1790957100.2992325,599.7134952545166,15.0,0.82,-5.0674,0.4174,fb704ad3-ff54-4440-9b79-0f334682f1fa,XRP-parameters-20260929-signals:b90ad4a5-55ab-4c0f-97e7-3a13ad37d9d8:KXXRP15M-26OCT021215-15:decision,['4634049a-5a68-4120-88ca-508ab5cb6910'],['HARD_STOP'],598.3625450134277,15,True,0.012727737426757812,live_entry,6bdb5476d7bd4861,standard,1790957100.2865047,research-logs/XRP/20261002T155816Z-623749ac10ce4659b8f20f6f777b8fab/events-1790956697901706373.jsonl.gz,0.82,0.81,0.9096674920096435,0.9096674920096435,0.0772354920096435,98.93377196816736,0.6570321929451999,3.955245550081598,1.25,True,0.10662280318326335,0.16257810592651367,0.06411242485046387,NORMAL,0,0.009999999999999898,286.0,19.066666666666666,90.92399999999999,0.5330152687202148,0.00023189711718751838,1.0808572102966412,0.00019213568754761212,0.5104267811613915,0.00045064150143137027,0.9015690117765307,0.0004241219350564762,0.6208410142321004,-0.00018544028822709002,-0.115207268655916,0.0021109090184938673,1.0840051446406065,3.1358040056457995e-05,3,92.84103238884349,-1.8869409679281546,15.632866113775906,0.08966749200964352,False,validation
KXSOL15M-26OCT021215-15,SOL,yes,1790957104.090305,2026-10-02T12:05:04.090305-04:00,1790957103.0161266,596.9941806793213,25.0,0.87,-9.8855,0.6355,70742c59-26f3-4732-a35f-672a9a8eeb84,SOL-parameters-20260929-signals:9070977a-c71a-4a6a-909a-1ff1243e3a1f:KXSOL15M-26OCT021215-15:decision,['d60142ac-d02c-48f3-a16a-4f69cabb54b1'],['HARD_STOP'],595.9096949100494,25,True,0.01030731201171875,live_entry,1aed49bdb77dd381,standard,1790957103.0058193,research-logs/SOL/20261002T155816Z-9eca206bb829438ab0aefff697ef7783/events-1790956697722824565.jsonl.gz,0.87,0.86,0.9123999890014688,0.9123999890014688,0.0323829890014688,99.23756061349017,0.6816694517642027,5.567704649403849,1.0,True,0.07624393865098199,0.9173698425292969,0.04351949691772461,NORMAL,9,0.010000000000000009,463.86,18.5544,107.9032,0.5878075766722817,0.0002495632642876,1.0142513833909925,0.0004992511233148367,1.0956339072274042,0.0004992511233148367,0.8698958467159588,0.0012490632025978776,1.696235466783002,0.00016636167027117565,0.10509293005919873,0.0020000000000000018,0.976016780469575,3.327094874702545e-05,3,88.95318185367263,0.0,17.57595919272528,0.042399989001468796,False,validation
KXETH15M-26OCT021215-15,ETH,yes,1790957110.940515,2026-10-02T12:05:10.940515-04:00,1790957107.762189,592.2562155723572,10.0,0.88,-3.7484,0.2484,223b9a62-c82c-4c7f-928a-21c4486a89cc,ETH-parameters-20260929-signals:37d132d3-41d2-44a5-9061-01d5489c40e8:KXETH15M-26OCT021215-15:decision,['fe56bf13-5515-4932-b68e-4454bc03a786'],['HARD_STOP'],589.0594849586487,10,True,0.018404483795166016,live_entry,eed4e301dbe01ddb,standard,1790957107.7437844,research-logs/ETH/20261002T155816Z-e46e33b96d694b42a35b4f7077dd2974/events-1790956697911864908.jsonl.gz,0.9,0.89,0.912399998936244,0.912399998936244,0.003999998936244,99.30215735409436,0.9312187882399209,5.961832155157177,0.95,True,0.06978426459056404,0.6731448173522949,0.035149335861206055,NORMAL,0,0.010000000000000009,0.81,0.081,179.099,0.664733738775793,1.4796182584930762e-05,0.23798248786733484,0.0003441245360793488,1.0320246910186843,0.0004588853526756864,0.774236621757174,0.0010145517828712425,1.3413682442373551,0.00035893090395089366,0.2249619019288326,0.0019940253367234373,1.0342600601276413,-1.233694190553673e-05,2,95.90567431190351,0.0,17.804476272206905,0.012399998936243994,False,validation
KXDOGE15M-26OCT021215-15,DOGE,yes,1790957113.299609,2026-10-02T12:05:13.299609-04:00,1790957111.5812695,588.4331557750702,15.0,0.82,-5.0674,0.4174,21061d8c-ee3c-4cd7-b569-a0173475519a,DOGE-ten-minute-20260928-signals:6c2e42ed-bf87-4eab-90da-0ebaff0c8b2a:KXDOGE15M-26OCT021215-15:decision,['0d981783-3ccb-456b-a47b-8d1e1cf0a73d'],['HARD_STOP'],586.7003910541534,15,True,0.014425277709960938,live_entry,448b087908e0b8d3,standard,1790957111.5668442,research-logs/DOGE/20261002T155816Z-cc40111f452d4ab1a74eb4f0de329f9a/events-1790956705221956061.jsonl.gz,0.82,0.81,0.875,0.9096994265347498,0.042568,99.38731317896877,0.6813414994196579,4.8326124959777355,1.1,True,0.06126868210312383,0.45650458335876465,0.015697002410888672,NORMAL,0,0.009999999999999898,54.0,3.6,96.292,0.7631455908298925,-0.00015735146022155533,-0.7558579913481218,0.0002728598864483178,0.6141351806752532,0.00037784565005183346,0.6459758130413896,0.0009136160292355644,1.071955508846589,-0.00010490647587690916,-0.062100679928896015,0.0014604829049951196,0.6826742843531184,-4.4065147046038844e-05,-1,86.67759889859815,-2.402764292498844,16.653901706307366,0.05500000000000005,False,validation
KXBTC15M-26OCT021215-15,BTC,yes,1790957114.939113,2026-10-02T12:05:14.939113-04:00,1790957114.7318318,585.2745206356049,25.0,0.902,-9.1359,0.5859,59234292-f797-4f13-b5bc-23c0850d2476,BTC-btc095-early83-20260930-signals:3ccdba4b-3673-48b9-85c1-9f8f119eeee8:KXBTC15M-26OCT021215-15:decision,['af230d14-63b2-4333-82d1-d9ff7463fe6b'],['HARD_STOP'],585.0608870983124,25,True,0.006352424621582031,live_entry,6ccce8eb5a839984,standard,1790957114.7254794,research-logs/BTC/20261002T155816Z-5d0c6e66cc674e9db22898ecca765438/events-1790956697909169142.jsonl.gz,0.902,0.901,0.9123999149804164,0.9123999149804164,0.0021119149804164,98.72765637310592,0.8434550910202053,5.199649011046458,0.95,True,0.12723436268940824,0.6170077323913574,0.051564693450927734,NORMAL,6,0.0010000000000000009,1487.7,59.508,1199.7248,0.11189954582897566,-3.076936036239264e-05,-0.1985215308672136,8.366011481197866e-05,0.3520563028919843,0.0004021646194622974,1.0418469466975013,0.0007803959845142927,1.3712425882323847,-6.528026819663246e-05,-0.04680209582424397,0.0014255362075885625,0.8693965466431338,-1.955935938788844e-05,1,87.44417997862986,1.2664256446334718,15.435852430910362,0.01039991498041637,False,validation
KXBNB15M-26OCT021215-15,BNB,yes,1790957220.936869,2026-10-02T12:07:00.936869-04:00,1790957220.3726487,479.6359224319458,10.0,0.928,-4.0001,0.2201,b4d20508-16f8-45cd-a0ac-9f791b5643af,BNB-parameters-20260929-signals:775968a5-6283-4782-8d54-f1bbe67ce7d7:KXBNB15M-26OCT021215-15:decision,['82c13059-aa5c-4f22-a12c-402c583ff6d0'],['HARD_STOP'],479.0631310939789,10,True,0.008571147918701172,live_entry,4ae2398a2967a73d,standard,1790957220.3640776,research-logs/BNB/20261002T155816Z-8b66b194eccf4bda81557521d0d4a192/events-1790956704964761085.jsonl.gz,0.927,0.924,0.924590552303581,0.924590552303581,-0.009246447696419,99.353906083294,1.049796366090281,3.3010347023710698,1.25,True,0.06460939167059997,0.23861074447631836,0.05495762825012207,NORMAL,25,0.0030000000000000027,6.0,0.6,11.9,0.8326158793545985,-0.0001497176016272972,-1.400178838556754,-0.00015487947795289614,-0.6672942736414399,-0.00042838267475953096,-1.084954590562836,-0.00041032575736066335,-0.8303849581256524,-0.0006308334354619971,-0.8191143542229476,-0.0010625402965828146,-0.9531049719251133,-1.566409783347507e-05,-5,66.24209345051372,-12.316119850307516,11.669394688876336,-0.0024094476964190426,False,validation
KXHYPE15M-26OCT021215-15,HYPE,no,1790957300.328962,2026-10-02T12:08:20.328962-04:00,1790957299.6322753,400.3814995288849,10.0,0.82,1.6966,0.1034,39d062a4-671d-4fbf-869c-2649dc46db1f,HYPE-parameters-20260929-signals:373aa69c-37cb-45f7-9281-4ecc237a4070:KXHYPE15M-26OCT021215-15:decision,['ddb2d956-a9a0-4b49-bf92-74a463a6ae1d'],[],399.6710379123688,10,True,0.013774871826171875,live_entry,c148c147389a9628,standard,1790957299.6185005,research-logs/HYPE/20261002T155816Z-383fbc5bd42a4167a370269a754e0f5c/events-1790956704964432390.jsonl.gz,0.84,0.81,0.885,0.9312937974354031,0.033492,97.91083490200229,0.41274859886243576,4.334889469827348,1.15,True,0.20891650979977042,0.5453205108642578,0.05132150650024414,NORMAL,0,0.029999999999999916,225.0,22.5,52.187,0.1656662183876267,0.00030833311998623714,1.632021923742418,0.000847736698766477,2.4683208612309575,0.0033193022251866156,2.4603876558850843,0.004111730852396911,2.9922873072081506,0.004631594813589102,3.0346068097299144,0.005118956756391624,2.885479403653931,-4.897678350897309e-05,6,86.76020368299199,13.198393855850806,12.886435319522546,0.04500000000000004,False,validation
KXHYPE15M-26OCT021230-30,HYPE,yes,1790958173.533623,2026-10-02T12:22:53.533623-04:00,1790958173.2455184,426.7677721977234,10.0,0.824,-3.4165,0.2765,53521e8b-8a2f-4a82-9521-4b46d9f30028,HYPE-parameters-20260929-signals:4af04ba5-0d71-4a4c-97f8-935a90468f74:KXHYPE15M-26OCT021230-30:decision,['4f22a23c-32ef-43bf-b99a-799bf9bdfec2'],['HARD_STOP'],426.4663770198822,10,True,0.013290643692016602,live_entry,c148c147389a9628,standard,1790958173.2322278,research-logs/HYPE/20261002T161731Z-f5bfa873ed5340e99b30a330823e1b3c/events-1790957855963069246.jsonl.gz,0.82,0.81,0.875,0.9348824843096674,0.042568,99.34965425330329,0.5358896358005991,4.100695571031089,1.15,True,0.06503457466967094,0.14602947235107422,0.09352445602416992,NORMAL,0,0.009999999999999898,87.0,8.7,19.4,0.6941660418495341,0.0002836686169815916,1.664515322447365,0.0004937317294126942,2.1047756636074273,0.0002959571141389894,0.8446666699822891,-0.0007842761008870491,-1.4951578702541701,-0.0006047709959863257,-0.8157308937366861,0.00030712873719829226,0.3022203616898205,4.686848625835201e-05,7,73.68144500390872,5.644217113150049,12.579107888180747,0.05500000000000005,False,validation
KXDOGE15M-26OCT021230-30,DOGE,yes,1790958186.156772,2026-10-02T12:23:06.156772-04:00,1790958185.823307,414.193217754364,10.0,0.88,-1.298,0.198,2d025a38-5d9e-4ef5-91dc-edb8b4abe142,DOGE-ten-minute-20260928-signals:3c31cd0c-e942-4d93-bbd1-63d95cd44a83:KXDOGE15M-26OCT021230-30:decision,['6ec553f8-a50a-47b3-8c8b-cda5595a62d3'],['HARD_STOP'],413.84322810173035,10,True,0.016524791717529297,live_entry,448b087908e0b8d3,standard,1790958185.8067822,research-logs/DOGE/20261002T161731Z-cbda9fbdbdd543c88c54c6e583907e9c/events-1790957856187253919.jsonl.gz,0.88,0.87,0.9249994813106764,0.9249994813106764,0.0355074813106764,99.33370649266728,0.6833493089862299,4.852559393180603,1.1,True,0.06662935073327272,0.2169816493988037,-0.003970623016357422,NORMAL,9,0.010000000000000009,84.0,8.4,60.8,0.6712870363314885,-0.0006397818448792281,-1.00885417768509,-0.0009017510747615365,-1.352892798779268,-0.0007969798657718741,-1.0809152460943032,-0.0021677435569845693,-1.8363137092129558,-0.0014462073735618253,-0.8030779574734185,0.00012595515996305373,0.05754100906639866,-0.00010139037345011648,-1,68.02870699575027,-17.76432306958715,14.028238389095923,0.04499948131067644,False,validation
KXETH15M-26OCT021230-30,ETH,no,1790958287.994482,2026-10-02T12:24:47.994482-04:00,1790958287.0495183,312.96197271347046,10.0,0.82,-2.775,0.275,b785e3bf-218f-4272-a990-079cb31d2192,ETH-parameters-20260929-signals:74ef1f16-65d6-431c-93f5-09a341cc4ecb:KXETH15M-26OCT021230-30:decision,['0a00489e-2382-45e3-99db-b7b493659750'],['HARD_STOP'],312.0055179595947,10,True,0.011491060256958008,live_entry,eed4e301dbe01ddb,standard,1790958287.0380273,research-logs/ETH/20261002T161731Z-992be6950f0144c7b9b692fb51199ff1/events-1790957852207206231.jsonl.gz,0.8,0.79,0.85,0.9375992898724117,0.0367,98.2334149802548,0.482977308504181,4.789886558436211,0.95,True,0.17665850197451946,0.93300461769104,0.06879305839538574,NORMAL,163,0.010000000000000009,160.66,16.066,164.19,0.137620806204351,0.0005906740370899,0.7086791322364441,0.0010100372451233852,1.0682794467252863,0.0011398571280056835,1.066677760569651,0.0013771548204131179,1.1544443274158986,0.003278870734689354,2.1205587028930277,0.003142218747336667,1.7316891911516472,8.013956981779054e-05,2,78.18819088784439,33.12255788476053,10.407954651054286,0.04999999999999993,False,validation
KXBNB15M-26OCT021230-30,BNB,yes,1790958454.958338,2026-10-02T12:27:34.958338-04:00,1790958453.9757981,146.0357358455658,10.0,0.8,-3.277,0.287,505701b5-5857-4f29-83b1-7c63e1c1e50a,BNB-parameters-20260929-signals:9eee5515-aac9-4e35-8f4a-514ca14e8aa8:KXBNB15M-26OCT021230-30:decision,['e4ac26f2-aa32-4dc9-b1d4-c0deda4691f1'],['HARD_STOP'],145.04166197776794,10,True,0.011533975601196289,live_entry,4ae2398a2967a73d,standard,1790958453.9642642,research-logs/BNB/20261002T161731Z-1c50276722c54774ae0d01e804c73ba7/events-1790957855939714014.jsonl.gz,0.8,0.77,0.8338899907074082,0.8338899907074082,0.0205899907074082,99.15751657358996,0.38739195705522644,1.1494356576152698,1.25,True,0.08424834264100368,0.8264596462249756,0.04329681396484375,NORMAL,6,0.030000000000000027,60.0,6.0,33.7,0.11245306552481016,6.459480967668796e-06,0.05995165261153226,0.00027007748251617336,1.134738850604321,0.00047176151873595806,1.0260227906869346,0.00045495140938012213,0.9189554696464214,0.00015892745930567997,0.16768549604563412,-0.0003331960083633456,-0.27737603983363157,-1.4433487764331508e-05,-2,22.279232775638274,12.048713812802243,2.2478848566205243,0.03388999070740817,False,validation
KXBTC15M-26OCT021230-30,BTC,yes,1790958530.195489,2026-10-02T12:28:50.195489-04:00,1790958529.82511,70.18105673789978,25.0,0.83,-7.4282,0.6782,e46e0280-c59d-4c35-a9b2-9e60a6d266c2,BTC-btc095-early83-20260930-signals:f9c169f1-766f-42b2-8d8f-43a87a0b7888:KXBTC15M-26OCT021230-30:decision,['70130d62-e819-4e63-89c8-c157d74d03e4'],['HARD_STOP'],69.80451107025146,25,True,0.006166696548461914,live_entry,6ccce8eb5a839984,late_settlement,1790958529.8189433,research-logs/BTC/20261002T161731Z-96c112b61a124710aa6c5b35800f5611/events-1790958452569620979.jsonl.gz,0.83,0.82,0.8643227264932472,0.8643227264932472,0.0318907264932472,98.38540923590921,0.3076775006101327,1.2277422824233677,0.95,True,0.16145907640907972,1.7276136875152588,1.2130980491638184,NORMAL,1562,0.010000000000000009,4174.25,166.97,1305.0312,0.43211772235701146,7.077257122745095e-05,0.5639762561383184,8.380144971820158e-05,0.4404999949646905,0.00016080788000860657,0.5711763157140068,-0.00011300408269787621,-0.3286561781767202,0.00034245385267039907,0.3741817562506938,0.00048234390016377304,0.34651075124847247,8.794251578536638e-06,-1,49.014461259563156,16.398904338306046,1.2768674685497985,0.03432272649324719,False,validation
KXSOL15M-26OCT021230-30,SOL,no,1790958539.310332,2026-10-02T12:28:59.310332-04:00,1790958539.168224,60.83720111846924,25.0,0.8644,3.1849,0.2051,58396120-f47b-4b09-8e08-43756811094f,SOL-parameters-20260929-signals:cc0111ee-ab1b-4789-b4d2-c8b736b43947:KXSOL15M-26OCT021230-30:decision,['9cb13270-d755-45a0-a68b-6332b72aa6cf'],[],60.68966794013977,25,True,0.005425214767456055,live_entry,1aed49bdb77dd381,late_settlement,1790958539.162799,research-logs/SOL/20261002T161731Z-8773fadb6d7a4cc2a6e4a57a1ead020b/events-1790958452548397967.jsonl.gz,0.86,0.84,0.95,0.95896853828804,0.079472,99.21674469966685,0.479549960755112,2.2989525378763638,1.0,True,0.07832553003331552,0.09099769592285156,0.02138066291809082,NORMAL,2,0.020000000000000018,63.0,2.52,45.8,0.4376018478726263,8.33263894676195e-05,0.3380596888958281,-0.0,-0.0,0.00024993751562107924,0.430207491804754,0.0006662225183211579,0.8865646513669199,-0.0,-0.0,0.0004164931278634043,0.1959393720326088,8.33402737282126e-06,1,92.0548948908815,4.742857668598712,2.3166666666669915,0.08999999999999997,False,validation
KXSOL15M-26OCT021245-45,SOL,no,1790959194.345038,2026-10-02T12:39:54.345038-04:00,1790959193.7261238,306.28163385391235,25.0,0.94296,1.3318,0.0942,56188b61-d86a-4121-a66e-fab15527f374,SOL-parameters-20260929-signals:1459c35f-1136-4778-8f8c-5d7880ca1508:KXSOL15M-26OCT021245-45:decision,['5972f017-c84b-4014-b2d4-ee501badb01b'],[],305.6549620628357,25,True,0.007757663726806641,live_entry,1aed49bdb77dd381,standard,1790959193.7183661,research-logs/SOL/20261002T161731Z-8773fadb6d7a4cc2a6e4a57a1ead020b/events-1790959052725291208.jsonl.gz,0.94,0.933,0.8632431928262835,0.8632431928262835,-0.0828048071737165,99.28704938707394,1.235151450365149,1.3564467331532213,1.0,False,0.07129506129260582,0.6175038814544678,0.006398677825927734,NORMAL,20,0.006999999999999895,7.0,0.28,5.3196,0.7245822259810667,0.0003342245989305104,1.4603493895211423,0.0005847464706373318,1.475480021109214,0.0008351428094203195,1.2689491814741989,0.0007516913054372854,0.8969550139595882,0.002002002002001957,1.4608194845757851,0.0018354747205072686,1.126284690100418,3.900682613875809e-05,3,100.0,14.260347959773831,3.0677852348992123,-0.07675680717371647,True,validation
KXETH15M-26OCT021245-45,ETH,no,1790959292.317696,2026-10-02T12:41:32.317696-04:00,1790959291.7127252,208.2943398952484,10.0,0.89,1.0314,0.0686,46e79270-caed-4f17-8082-2fae5fe561b8,ETH-parameters-20260929-signals:bf560a28-9c5d-42a4-9e9b-2f8f878d64ee:KXETH15M-26OCT021245-45:decision,['2a73a6fb-1c87-43f2-afa5-c31cfa0bc35b'],[],207.68230390548706,10,True,0.0070650577545166016,live_entry,eed4e301dbe01ddb,standard,1790959291.70566,research-logs/ETH/20261002T161731Z-992be6950f0144c7b9b692fb51199ff1/events-1790959053445631526.jsonl.gz,0.925,0.91,0.8596965943657493,0.8596965943657493,-0.0722604056342507,99.20997108848519,1.0708924167245921,1.3306566782512117,0.95,False,0.07900289115148104,0.6139674186706543,0.02118968963623047,NORMAL,0,0.015000000000000013,8.0,0.8,12.74,0.3518555744735977,0.00021935368737258099,1.0475600714154718,0.0002899725269617237,1.2805075382957445,0.00040145564844373816,0.9132864921351569,0.0005426319134465007,0.9851153696806342,0.0009102460264973633,1.110645367009581,0.0014333510336093092,1.2419802010349972,3.0488882526391596e-05,-1,100.0,5.402324110633365,2.358803986710713,-0.06530340563425074,True,validation
KXBTC15M-26OCT021245-45,BTC,no,1790959385.621186,2026-10-02T12:43:05.621186-04:00,1790959385.3901558,114.61530590057373,25.0,0.82,4.2417,0.2583,da3c6424-5f8b-4fd7-9656-a6cfe3679a33,BTC-btc095-early83-20260930-signals:00b0969c-aef0-4ad0-8c7f-84837ad783d1:KXBTC15M-26OCT021245-45:decision,['16657735-e802-42de-bead-60c20c077190'],[],114.37881398200989,25,True,0.005461692810058594,live_entry,6ccce8eb5a839984,late_settlement,1790959385.384694,research-logs/BTC/20261002T161731Z-96c112b61a124710aa6c5b35800f5611/events-1790959052757405503.jsonl.gz,0.86,0.85,0.8924021046105264,0.8924021046105264,-0.0159978953894736,98.95804487007914,1.6875281298487732,1.8275188923267058,0.95,False,0.10419551299208589,2.2618846893310547,2.0509579181671143,NORMAL,5533,0.010000000000000009,4694.34,187.77360000000002,472.7596,0.2958999535545253,-0.0001500150720472604,-0.870581894621218,-0.0003334802402374937,-1.4477078926499967,-0.0006999062948984669,-2.1052813428312005,-0.0003060737951798842,-0.45348993086902034,0.00042182303219551187,0.44120708641036216,0.0005906874389399741,0.5286728146485162,-6.67280457950318e-06,-1,94.05304193317905,-1.8393370829972175,2.423118968048276,0.032402104610526394,True,validation
KXHYPE15M-26OCT021300-00,HYPE,no,1790960207.739385,2026-10-02T12:56:47.739385-04:00,1790960207.513272,192.49767184257507,10.0,0.947,0.4948,0.0352,58fc02ba-9753-4a1a-9b63-95ec406e01e4,HYPE-parameters-20260929-signals:59048403-1cf8-4ba8-9ac9-45cffd5f7f3c:KXHYPE15M-26OCT021300-00:decision,['abb5c07a-d9a5-43e4-8247-e079b4230c65'],[],192.26061511039734,10,True,0.010943889617919922,live_entry,c148c147389a9628,standard,1790960207.5023282,research-logs/HYPE/20261002T161731Z-f5bfa873ed5340e99b30a330823e1b3c/events-1790959838526117273.jsonl.gz,0.959,0.932,0.8307181151083335,0.8307181151083335,-0.1331348848916665,99.04511826940153,1.5767406316865251,1.1467458365087217,1.15,False,0.09548817305984762,0.4102597236633301,0.07492566108703613,NORMAL,0,0.026999999999999913,10.0,1.0,6.364,0.8383093396268192,-7.182803470651145e-05,-1.0876681200879967,-5.723713006289266e-05,-0.4283497690837251,0.00033094900468499944,0.8422843490601538,0.0017342031235821898,2.233212008118956,0.0020528292758317246,1.9150555684662418,0.003520351051017223,2.5863864602494573,-2.539724043080227e-05,-3,86.97344462605096,9.553711443388632,2.364636719927735,-0.12828188489166648,True,validation
KXHYPE15M-26OCT021315-15,HYPE,no,1790961073.961088,2026-10-02T13:11:13.961088-04:00,1790961073.4233139,226.58579015731812,10.0,0.933,0.6262,0.0438,b4cccc64-cb86-4044-98d8-b3cba82a16f6,HYPE-parameters-20260929-signals:96d5d59c-6514-45ff-87a4-a94a80bca586:KXHYPE15M-26OCT021315-15:decision,['2b24f1f3-59d2-467a-adaa-111b346f16fe'],[],226.0389120578766,10,True,0.009104013442993164,live_entry,c148c147389a9628,standard,1790961073.4142098,research-logs/HYPE/20261002T161731Z-f5bfa873ed5340e99b30a330823e1b3c/events-1790961041901235579.jsonl.gz,0.917,0.916,0.8455963530353586,0.8455963530353586,-0.0788316469646414,98.35521281016537,1.332374265922727,1.2359449220190546,1.15,False,0.16447871898346328,0.3362407684326172,0.05196070671081543,NORMAL,0,0.0010000000000000009,9.02,0.9019999999999999,3.4019999999999997,0.500884004524785,0.0004624158083353924,0.965497477451605,0.0009176792363293496,1.6987695111674954,0.0012011681949504194,1.9588638837930017,0.0016512823502243812,2.2400019607735353,0.0012504542008531239,1.3482782395364732,0.002839557181358865,2.4997558312579176,5.2444221835397844e-05,2,77.28592247352512,17.540851638486597,2.7641376316074866,-0.07140364696464141,True,validation
KXETH15M-26OCT021315-15,ETH,no,1790961088.252222,2026-10-02T13:11:28.252222-04:00,1790961087.3205028,212.68593382835388,10.0,0.913,0.8143,0.0557,c81369dd-38d3-414a-8328-732cd1944088,ETH-parameters-20260929-signals:a10f7b16-ff7c-407a-826b-ef4cafa06301:KXETH15M-26OCT021315-15:decision,['c576a20f-33a3-47ab-998e-44d8cd10a8be'],[],211.74777793884277,10,True,0.006436586380004883,live_entry,eed4e301dbe01ddb,standard,1790961087.3140662,research-logs/ETH/20261002T161731Z-992be6950f0144c7b9b692fb51199ff1/events-1790960854684686110.jsonl.gz,0.908,0.905,0.8324655891097341,0.8324655891097341,-0.0834824108902659,99.00069087455657,1.1145642630799482,1.1567488801523327,0.95,False,0.09993091254434307,0.20656085014343262,0.010013580322265625,NORMAL,0,0.0030000000000000027,4.0,0.4,13.4,0.49480473581634815,0.00012284006223894917,1.0402428449782517,0.0001861095291800785,1.017414325481889,0.0004688633784210028,1.3542254511523237,0.00030890387506887773,0.8388728488993226,0.0012418988410182186,2.0704462527034133,0.00097072934875575,1.0985398949552978,8.939233167089742e-06,1,100.0,2.9698733714765893,2.0699852143915614,-0.07553441089026591,True,validation
KXBTC15M-26OCT021315-15,BTC,no,1790961133.929509,2026-10-02T13:12:13.929509-04:00,1790961132.5644164,167.44128274917603,25.0,0.953,1.0966,0.0784,6636dd98-aa70-4135-ac8a-610ff6bd5015,BTC-btc095-early83-20260930-signals:e962af8b-9d7a-4951-88b8-ce5812e7ffe7:KXBTC15M-26OCT021315-15:decision,['9aa477a1-ca9a-4c58-8bef-0d6556835992'],[],166.07049107551575,25,True,0.00569915771484375,live_entry,6ccce8eb5a839984,standard,1790961132.5587173,research-logs/BTC/20261002T161731Z-96c112b61a124710aa6c5b35800f5611/events-1790960853948802713.jsonl.gz,0.95,0.949,0.8313667821139343,0.8313667821139343,-0.1240582178860657,98.86579494684194,1.339495210555983,1.3086106718491188,0.95,False,0.11342050531580553,0.4632303714752197,0.0035407543182373047,NORMAL,396,0.0010000000000000009,3140.73,125.6292,299.54720000000003,-0.0764611588332714,0.00016261453124866154,0.9985890995493389,0.00010829798950262592,0.5240035588336541,7.408259291896702e-05,0.21443385875483748,0.000320357690824169,0.6244304589077032,0.0005895344934093716,0.954072972410754,0.0010363931169963259,1.164849310907207,3.005348648576674e-05,1,99.83681112913841,2.1437517404629736,2.0796469939324878,-0.11863321788606562,True,validation
KXSOL15M-26OCT021345-45,SOL,no,1790962776.55921,2026-10-02T13:39:36.559210-04:00,1790962776.321103,323.687504529953,25.0,0.93,1.636,0.114,9732b0e9-9d30-49d3-8a7a-b982c3028597,SOL-parameters-20260929-signals:c64d912a-24c9-4ca9-b182-8e9fd00bbbea:KXSOL15M-26OCT021345-45:decision,['a19fb060-ef01-46a2-bd39-c4e7dc621310'],[],323.440789937973,25,True,0.008607625961303711,live_entry,1aed49bdb77dd381,standard,1790962776.3124955,research-logs/SOL/20261002T161731Z-8773fadb6d7a4cc2a6e4a57a1ead020b/events-1790962654834488141.jsonl.gz,0.918,0.91,0.8335331204809784,0.8335331204809784,-0.0918368795190216,98.89197436200827,1.0463769879961318,1.1629171168241232,1.0,False,0.11080256379917333,0.2685208320617676,0.06506037712097168,NORMAL,56,0.008000000000000007,9.6,0.384,47.104,0.5089146261575029,0.0003348681456677438,0.8431446069407297,0.00041855014230707255,0.754265400319279,0.0006695120930622078,0.9141741647529178,0.0011710581346716653,1.3605603093153351,0.0022560160427808063,1.7252591172763545,0.0034217993657151835,2.056227714056926,4.46565593648085e-05,1,100.0,4.669264129021697,2.702191780821942,-0.08446687951902165,True,validation
KXHYPE15M-26OCT021400-00,HYPE,yes,1790963580.561506,2026-10-02T13:53:00.561506-04:00,1790963580.3396206,419.6699402332306,10.0,0.96,0.3731,0.0269,be18c858-3b41-44fa-8b11-dbae2e742ec8,HYPE-parameters-20260929-signals:6bc01549-4a34-43c1-aa40-2f0baad16c73:KXHYPE15M-26OCT021400-00:decision,['855d1fb9-0714-4590-b09d-5bbb9cf0b114'],[],419.4384939670563,10,True,0.009560823440551758,live_entry,c148c147389a9628,standard,1790963580.3300598,research-logs/HYPE/20261002T161731Z-f5bfa873ed5340e99b30a330823e1b3c/events-1790963442798695833.jsonl.gz,0.96,0.959,0.8631013071920551,0.8631013071920551,-0.1016866928079449,97.99641941311029,1.6191144376713786,1.4035012885869902,1.15,False,0.2003580586889711,0.27832746505737305,0.05837225914001465,NORMAL,0,0.0010000000000000009,2.0,0.2,4.8,0.8491227092122575,3.379185120833128e-06,0.20519667401780028,-0.00010023877100506784,-0.554653000350141,0.0002681530004404742,0.8482315097345547,0.0003898833167126359,0.8795719540633176,0.001273314972334294,0.9605930065663731,0.004615757169756707,2.5253653606853175,-8.262596323849182e-06,0,100.0,1.459017251398393,4.270049680624569,-0.09689869280794483,True,validation
KXBTC15M-26OCT021400-00,BTC,yes,1790963597.579238,2026-10-02T13:53:17.579238-04:00,1790963597.352485,402.6536269187927,25.0,0.924,1.7771,0.1229,7db288ae-7fd1-4034-96b6-9aae72b88fc3,BTC-btc095-early83-20260930-signals:a950cd22-cd9c-4bce-83e8-b8abae94be4a:KXBTC15M-26OCT021400-00:decision,['4aeb9c68-0854-4985-9e91-f0c68a5b556e'],[],402.42076206207275,25,True,0.006111860275268555,live_entry,6ccce8eb5a839984,standard,1790963597.346373,research-logs/BTC/20261002T161731Z-96c112b61a124710aa6c5b35800f5611/events-1790963255159755639.jsonl.gz,0.92,0.919,0.8319365790828854,0.8319365790828854,-0.0953154209171146,99.07216681020908,1.2264613250558238,1.3125768756312775,0.95,False,0.09278331897909131,0.23119783401489258,0.015382528305053711,NORMAL,350,0.0010000000000000009,1056.3,42.251999999999995,249.66279999999998,0.06023068872235138,0.00016171102770146106,1.1008922967006984,0.00016926117908178107,0.7273773180712628,0.00012691102228146178,0.3235452623241882,5.896638762603601e-06,0.008857930923923634,0.00021126097678303424,0.1642588727706389,0.002100646183583743,1.3606875723239253,2.8111838130910156e-05,4,99.15306198170977,0.549897810635315,3.2311951148591485,-0.08806342091711461,True,validation
KXBTC15M-26OCT021430-30,BTC,no,1790965210.377623,2026-10-02T14:20:10.377623-04:00,1790965207.9077704,592.0984954833984,25.0,0.89,2.5786,0.1714,94ca8ecb-217d-4c5e-9d09-3cb4a9dc8514,BTC-btc095-early83-20260930-signals:dfb1b658-45d5-4313-ba2f-fab080524117:KXBTC15M-26OCT021430-30:decision,['d32ab608-7d3e-4a82-b112-d227eb6fe327'],[],589.6223769187927,25,True,0.006265878677368164,live_entry,6ccce8eb5a839984,standard,1790965207.9015045,research-logs/BTC/20261002T161731Z-96c112b61a124710aa6c5b35800f5611/events-1790964617009218823.jsonl.gz,0.89,0.88,0.848895515355177,0.848895515355177,-0.050057484644823,99.16889159889149,1.234153158588468,1.4415752693081294,0.95,False,0.08311084011085085,0.8053832054138184,0.08541035652160645,NORMAL,0,0.010000000000000009,5187.19,207.4876,533.38,0.23436694556193446,-3.272494084716193e-05,-0.12098059972066594,3.638478421408298e-05,0.10283337726078963,0.0002398781121556448,0.500744760522995,0.00012804380137476645,0.23477039440270106,0.0005047795241115427,0.4824741693497321,0.0024654447664242962,1.5683187552152236,-1.4540925241287213e-05,2,98.47873229786273,1.7717977219054073,4.305042557756685,-0.04110448464482297,True,validation
KXSOL15M-26OCT021430-30,SOL,no,1790965219.597367,2026-10-02T14:20:19.597367-04:00,1790965216.2118883,583.7959794998169,25.0,0.95912,0.9533,0.0687,c16fd32b-81b2-4483-a085-4806fcf2646e,SOL-parameters-20260929-signals:919faf5e-ac07-4b6f-879b-d06ad27f3151:KXSOL15M-26OCT021430-30:decision,['7ed12229-c1ff-4a43-857e-a45cd9f55b62'],[],580.4026329517365,25,True,0.007867813110351562,live_entry,1aed49bdb77dd381,standard,1790965216.2040205,research-logs/SOL/20261002T161731Z-8773fadb6d7a4cc2a6e4a57a1ead020b/events-1790965056456706562.jsonl.gz,0.96,0.956,0.8674304887821144,0.8674304887821144,-0.0973575112178856,99.5386656877354,1.62035703900397,1.647488368954593,1.0,False,0.04613343122645939,0.13480067253112793,0.010863780975341797,NORMAL,0,0.0040000000000000036,159.0,6.36,10.36,0.833355933664865,-0.00025172008726292994,-1.2001711627047575,-0.00025172008726292994,-0.557803680462808,-0.00033565494671461416,-0.6219074486078376,0.00033542976939204827,0.40894769711674384,0.0022597924338801922,1.4692297925878648,0.004259939859672657,2.2918727552323803,-3.915551922876551e-05,0,97.36177573002884,-2.6382242699711616,5.139577464788832,-0.09256951121788559,True,validation
KXETH15M-26OCT021430-30,ETH,no,1790965260.771778,2026-10-02T14:21:00.771778-04:00,1790965254.4810843,545.5237097740173,10.0,0.943,0.5323,0.0377,9f1cdae3-7ae9-4899-a969-142bede5c430,ETH-parameters-20260929-signals:3df95e68-66a8-41cc-be42-48494df2628c:KXETH15M-26OCT021430-30:decision,['fd9d643d-b472-4ea8-b3d5-36fa718a6a2b'],[],539.2282218933105,10,True,0.004794120788574219,live_entry,eed4e301dbe01ddb,standard,1790965254.4762902,research-logs/ETH/20261002T161731Z-992be6950f0144c7b9b692fb51199ff1/events-1790965056944643417.jsonl.gz,0.94,0.939,0.834384169406152,0.834384169406152,-0.111663830593848,99.16050201908524,1.1148879836064536,1.3493841898916261,0.95,False,0.08394979809147611,0.3822195529937744,0.06218576431274414,NORMAL,0,0.0010000000000000009,40.0,4.0,76.899,0.5854345269978435,0.00012689834323020843,0.3685927460223891,0.0006789043528214744,1.6239404333723975,0.0005968879753188716,1.3675072089124791,3.732763962482899e-06,0.0045177869685591775,0.0005036712034385271,0.3989767510016603,0.00276578320428833,1.5899795486462278,5.483402802079301e-06,2,93.48907959972664,-3.5551604420269594,3.8667180277350788,-0.10561583059384794,True,validation
KXBTC15M-26OCT021445-45,BTC,no,1790966117.580759,2026-10-02T14:35:17.580759-04:00,1790966116.9030259,583.10329413414,25.0,0.89,2.5786,0.1714,65d4efaa-ed48-4eb5-ad3a-3bd09fe4c758,BTC-btc095-early83-20260930-signals:e935fb98-adcf-453c-b612-6fd343a81843:KXBTC15M-26OCT021445-45:decision,['f17da08f-8cb5-43bf-9399-c6d5a650bcfc'],[],582.4192409515381,25,True,0.006319999694824219,live_entry,6ccce8eb5a839984,standard,1790966116.8967059,research-logs/BTC/20261002T161731Z-96c112b61a124710aa6c5b35800f5611/events-1790965813605365290.jsonl.gz,0.88,0.87,0.8512919551861795,0.8512919551861795,-0.0382000448138205,97.92147243776944,0.5132164531896481,1.2728321252737163,0.95,False,0.20785275622305557,0.8072807788848877,0.3087751865386963,NORMAL,0,0.010000000000000009,9029.54,361.18160000000006,868.0812000000001,0.10751703433523335,0.00025599789328667466,0.8056533503921578,5.779451397425195e-05,0.11553302843370788,0.0009827810977567353,1.1037795379087931,0.001032306764892632,1.1351174380017661,0.001076982032040208,0.9987608478603033,0.002067438295973223,1.7231006708020586,1.8440208732110426e-05,-1,84.81425894044374,22.876063282446097,3.7721788735166673,-0.0287080448138205,True,validation
KXETH15M-26OCT021445-45,ETH,no,1790966125.643462,2026-10-02T14:35:25.643462-04:00,1790966125.2044191,574.8025715351105,10.0,0.84,-3.4689,0.2689,977f0079-f723-4c82-89db-b50b41f30cda,ETH-parameters-20260929-signals:4402e0b3-efc4-473b-b0e8-881d6d0975f6:KXETH15M-26OCT021445-45:decision,['bc032555-677c-43ed-b434-b6fe652c4327'],['HARD_STOP'],574.3565380573273,10,True,0.006990671157836914,live_entry,eed4e301dbe01ddb,standard,1790966125.1974285,research-logs/ETH/20261002T161731Z-992be6950f0144c7b9b692fb51199ff1/events-1790965811398327579.jsonl.gz,0.84,0.83,0.8506606797100399,0.8506606797100399,-0.0008473202899601,97.84514112584236,0.4053116674225475,1.2686582675291473,0.95,False,0.2154858874157633,0.09589862823486328,0.09597158432006836,NORMAL,113,0.010000000000000009,277.42,27.742,254.652,0.3376751376969708,0.0009490643869193294,1.5925551660415702,0.0013445980772247568,2.1568103773806686,0.001296106078998882,1.265326831777514,0.0015907155979745236,1.4735709125431458,0.0015124186374787518,1.2345456000262804,0.0019298605797045676,1.4790104383546019,0.00014660934141723646,7,58.1986310339283,33.333333333333336,3.730681818181808,0.010660679710039922,True,validation
KXDOGE15M-26OCT021445-45,DOGE,no,1790966186.996437,2026-10-02T14:36:26.996437-04:00,1790966185.3898056,514.6221649646759,10.0,0.9583,0.389,0.028,944156e7-30df-4601-b96e-318f0225fc32,DOGE-ten-minute-20260928-signals:aafc4cc7-5c16-4fea-81dd-9c110080dce6:KXDOGE15M-26OCT021445-45:decision,['cd7164a7-7b65-426d-a5ca-89027c630334'],[],513.0035629272461,10,True,0.01197052001953125,live_entry,448b087908e0b8d3,standard,1790966185.377835,research-logs/DOGE/20261002T161731Z-cbda9fbdbdd543c88c54c6e583907e9c/events-1790965848641653493.jsonl.gz,0.959,0.956,0.8658213426966774,0.8658213426966774,-0.0980316573033226,99.34531858373404,1.159664715258287,1.553997339731399,1.1,False,0.06546814162659526,0.28147268295288086,0.09389901161193848,ELEVATED,0,0.0030000000000000027,78.03,7.803,69.503,0.8677658243353796,0.0005512619575203104,0.9972602716209997,0.001339266427614838,1.3422060494779473,0.0011558695487787762,0.6543453359371934,-0.0021351078933964374,-0.8085722081327572,0.005046646508775066,1.0068396803659192,0.008832861675670989,1.341027061616288,7.172340654476955e-05,3,100.0,-0.0,5.007607843137283,-0.09317865730332253,True,validation
KXSOL15M-26OCT021445-45,SOL,no,1790966281.710016,2026-10-02T14:38:01.710016-04:00,1790966280.9869509,419.0202736854553,25.0,0.957,1.0029,0.0721,444a40c4-94e0-404c-a10b-be5b6f2af150,SOL-parameters-20260929-signals:0004c4d4-35fe-4c5a-b17e-db2ac6c12cd0:KXSOL15M-26OCT021445-45:decision,['f9a21e5e-0902-4a48-bb9a-b089dc21c110'],[],418.2899839878082,25,True,0.007224559783935547,live_entry,1aed49bdb77dd381,standard,1790966280.9797263,research-logs/SOL/20261002T161731Z-8773fadb6d7a4cc2a6e4a57a1ead020b/events-1790965822911636271.jsonl.gz,0.954,0.948,0.8664091012829621,0.8664091012829621,-0.0927628987170379,99.40368774058878,1.1991454932832373,1.4011977385555074,1.0,False,0.05963122594112161,0.9111838340759277,0.016487598419189453,NORMAL,0,0.006000000000000005,0.5,0.02,0.3004,0.7749913279133889,-0.0,-0.0,-0.0,-0.0,-0.0,-0.0,0.0010112075503497797,0.9231184196562267,0.0008428150021071446,0.4258572912982129,0.002356307329798857,1.081347182337787,-0.0,-1,64.39935175676126,7.464678008920835,3.7069182389938593,-0.08759089871703785,True,validation
KXXRP15M-26OCT021445-45,XRP,no,1790966294.742467,2026-10-02T14:38:14.742467-04:00,1790966293.3506334,406.65850257873535,15.0,0.951,0.686,0.049,3244cc9b-9645-41e0-8ebc-1b6ed6a9c47b,XRP-parameters-20260929-signals:77dfefa3-a8c0-41f0-be1c-245e70bbed22:KXXRP15M-26OCT021445-45:decision,['36e10227-8ae9-4998-9009-cbb104df9a21'],[],405.2575330734253,15,True,0.009135961532592773,live_entry,6bdb5476d7bd4861,standard,1790966293.3414974,research-logs/XRP/20261002T161731Z-cf49fca3c38b411188cb75ac3a5e65ad/events-1790966256916638871.jsonl.gz,0.945,0.944,0.8375931153624818,0.8375931153624818,-0.1131458846375182,98.84810183439022,1.9396379648965563,1.353123818826391,1.25,False,0.11518981656097776,0.28548669815063477,0.004791259765625,NORMAL,39,0.0010000000000000009,163.19,10.879333333333333,48.532000000000004,0.6889109570179901,1.3511596327675512e-05,0.06107442172780807,8.106410143826626e-05,0.21715247872909552,2.02672575699836e-05,0.03719557960004894,0.0006886261907494973,0.6192707930822504,0.0010123575106804061,0.5180113248836941,0.0009853879121249909,0.42713678536919814,2.026744013202316e-06,1,100.0,-0.0,4.404932378679453,-0.10740688463751813,True,validation
KXBNB15M-26OCT021515-15,BNB,yes,1790968388.950085,2026-10-02T15:13:08.950085-04:00,1790968388.7615147,111.24745774269104,10.0,0.918494,0.7626,0.05246,8604d15b-1898-4642-a25e-641d540f2eb5,BNB-parameters-20260929-signals:0b0d8279-893c-42c1-bdca-279d7dc55100:KXBNB15M-26OCT021515-15:decision,['7c15cbd2-c7cd-416a-99b4-71a77d1fdb02'],[],111.04991507530212,10,True,0.008972406387329102,live_entry,4ae2398a2967a73d,late_settlement,1790968388.7525423,research-logs/BNB/20261002T161731Z-1c50276722c54774ae0d01e804c73ba7/events-1790968063351969870.jsonl.gz,0.9,0.86,0.8963977896843496,0.8963977896843496,-0.0120022103156504,98.56603873006578,2.0873677625765334,1.7755146978191614,1.25,False,0.14339612699342222,0.7141563892364502,0.3236198425292969,NORMAL,0,0.040000000000000036,5.77,0.577,12.665000000000001,0.9347179685596939,4.3130094742549474e-05,0.9210491782967806,-0.0001136887828374622,-0.8554853797843743,-0.0002443336159938525,-1.5036083118053953,-0.00017640256371720398,-0.4395754086431518,-0.0003932270879901667,-0.6424354594983762,-0.0008004983199982885,-0.9877966601722453,1.6770472814971644e-05,2,33.55535396594487,-24.5806210439535,3.031748944760213,-0.003602210315650445,True,validation
KXDOGE15M-26OCT021545-45,DOGE,yes,1790969883.710463,2026-10-02T15:38:03.710463-04:00,1790969883.3418791,416.6725821495056,10.0,0.946495,0.4996,0.03545,173338b2-231c-4236-b45e-31483e3f7353,DOGE-ten-minute-20260928-signals:5cc4370a-1d48-4cca-9bdf-6bbe705eef51:KXDOGE15M-26OCT021545-45:decision,['8c187d8a-ec26-49a4-a7c6-084b1443b69d'],[],416.2895369529724,10,True,0.014461278915405273,live_entry,448b087908e0b8d3,standard,1790969883.3274179,research-logs/DOGE/20261002T161731Z-cbda9fbdbdd543c88c54c6e583907e9c/events-1790969735682382407.jsonl.gz,0.942,0.939,0.8332180555627551,0.8332180555627551,-0.1147069444372449,98.1942453738132,1.248432340660804,1.2373494300375174,1.1,False,0.18057546261867974,0.26746296882629395,0.30074238777160645,NORMAL,0,0.0030000000000000027,4.0,0.4,6.2,0.8469092292152753,0.0,0.0,-2.182429262009844e-05,-0.1327041273500077,-0.0001745676722492151,-0.7091232902352917,0.00021829533175421467,0.35650349618283367,0.0012783811542578238,1.0986500761322031,0.00300993826890239,1.8449875808124137,5.81892240830717e-06,2,100.0,0.0,3.587948717948631,-0.10878194443724487,True,validation
KXHYPE15M-26OCT021545-45,HYPE,yes,1790969940.582608,2026-10-02T15:39:00.582608-04:00,1790969940.3381839,359.6700270175934,10.0,0.956,0.4105,0.0295,7fbb978a-66fc-4d6b-83b2-e48f348e3cac,HYPE-parameters-20260929-signals:9cefec3c-431a-410d-ab5d-5b024d7e98a4:KXHYPE15M-26OCT021545-45:decision,['13d3c236-27e5-42e4-950d-da30860f2ff4'],[],359.41739201545715,10,True,0.008210897445678711,live_entry,c148c147389a9628,standard,1790969940.329973,research-logs/HYPE/20261002T161731Z-f5bfa873ed5340e99b30a330823e1b3c/events-1790969446519634733.jsonl.gz,0.955,0.943,0.859682953658168,0.859682953658168,-0.100426046341832,97.98840851985673,1.298083584264464,1.3770053851427788,1.15,False,0.20115914801432672,0.24898600578308105,0.07638955116271973,NORMAL,0,0.01200000000000001,2.0,0.2,57.732000000000006,0.8531991529741435,-0.00018076728227345296,-1.0949262469172072,-9.902711615772386e-05,-0.530268031326353,-0.00022566112376953829,-0.8174388876772339,0.00023267573641283512,0.5865840979921131,0.00035135901057281593,0.4944474429111838,0.0021974496196588422,1.2180192251376754,-2.863141899570598e-05,-5,97.64229874302652,0.9380385794653989,3.878468320511443,-0.09531704634183191,True,validation
KXSOL15M-26OCT021545-45,SOL,yes,1790970047.581137,2026-10-02T15:40:47.581137-04:00,1790970046.1900709,253.81689167022705,25.0,0.94656,1.2474,0.0886,38753811-53ea-474a-9a04-2bc36b90f623,SOL-parameters-20260929-signals:c9b26782-745e-43ce-962f-282cbe1207c0:KXSOL15M-26OCT021545-45:decision,['b28afc81-9b50-49bd-b9f6-6549124c6e90'],[],252.4188630580902,25,True,0.00696253776550293,live_entry,1aed49bdb77dd381,standard,1790970046.1831083,research-logs/SOL/20261002T161731Z-8773fadb6d7a4cc2a6e4a57a1ead020b/events-1790969723889228421.jsonl.gz,0.951,0.95,0.8321541840287647,0.8321541840287647,-0.1242078159712353,98.58823504641377,1.074967933399287,1.3140970269460979,1.0,False,0.14117649535862262,0.08706068992614746,0.09618043899536133,NORMAL,0,0.0010000000000000009,3.0,0.12,8.1828,0.6935479860599455,0.0005927682276229973,1.0295701780199507,0.0005927682276229973,1.0315197228060573,0.00033863867253636215,0.5561435051834476,0.00033863867253636215,0.48820682806293264,0.0004233341800017332,0.4290979700260972,0.0011862396204034287,0.942875446967729,0.00010726568977338738,2,100.0,0.0,2.703252032520284,-0.11884581597123522,True,validation
KXXRP15M-26OCT021545-45,XRP,yes,1790970075.570353,2026-10-02T15:41:15.570353-04:00,1790970073.4821324,226.52541065216064,15.0,0.939,0.8548,0.0602,b1a562d2-e1cc-4b2c-ad96-474e847c596f,XRP-parameters-20260929-signals:63e5a5b4-dd5f-45be-9859-7988441e8747:KXXRP15M-26OCT021545-45:decision,['5f5d8701-dd4a-470f-ab4d-c46aab458ff1'],[],224.42964696884155,15,True,0.007543087005615234,live_entry,6bdb5476d7bd4861,standard,1790970073.4745893,research-logs/XRP/20261002T161731Z-cf49fca3c38b411188cb75ac3a5e65ad/events-1790969859436183482.jsonl.gz,0.939,0.934,0.8302653728774854,0.8302653728774854,-0.1148446271225146,99.2785589934667,1.215711354327021,1.1806836618517706,1.25,False,0.07214410065333023,0.3904879093170166,0.03662896156311035,NORMAL,0,0.004999999999999893,5.0,0.3333333333333333,6.666666666666667,0.6461806581253285,0.0001902639232420622,1.3200905116829582,0.0002242472427782527,0.8880290329684386,0.0003738012872356311,0.9830302441054035,0.0002582328716853599,0.575063147404088,0.0004213960443144593,0.5703749194912688,-0.00010189732825216513,-0.09554361244011862,2.559274174055807e-05,4,88.88180640661038,5.658584569881242,2.8701223063481964,-0.10873462712251458,True,validation
KXBTC15M-26OCT021545-45,BTC,yes,1790970081.187826,2026-10-02T15:41:21.187826-04:00,1790970080.8630028,219.14484977722168,25.0,0.953,-8.3067,0.4817,683d04b7-7534-4fb4-9984-39c00d23aa8a,BTC-btc095-early83-20260930-signals:0cb6f529-6403-4b81-9d6d-4dd20be0fc16:KXBTC15M-26OCT021545-45:decision,['b33a08aa-7a98-459b-b085-93eaa4a63429'],['HARD_STOP'],218.81217408180237,25,True,0.007852554321289062,live_entry,6ccce8eb5a839984,standard,1790970080.8551502,research-logs/BTC/20261002T161731Z-96c112b61a124710aa6c5b35800f5611/events-1790969728777600926.jsonl.gz,0.953,0.952,0.8338099376268918,0.8338099376268918,-0.1244260623731082,98.69896347975181,1.0129797640721094,1.2019361783145475,0.95,False,0.1301036520248188,0.741100549697876,0.05731630325317383,NORMAL,87,0.0010000000000000009,1997.52,79.9008,386.564,0.12743813863054973,1.8524590027713117e-05,0.9335801867412347,8.06344733630393e-05,0.47616566249873976,0.00010141866181756498,0.2983427357593321,0.00015973776877808987,0.40433846122314054,0.0002268547304258295,0.4546309996183109,0.0005454564464135725,0.6836396018154385,3.2429594495712406e-07,2,99.61540392886513,3.7981643827019553,2.1858891187714,-0.11919006237310814,True,validation
KXBNB15M-26OCT021545-45,BNB,yes,1790970168.846198,2026-10-02T15:42:48.846198-04:00,1790970168.2399726,131.76872396469116,10.0,0.84,1.5059,0.0941,1da6b906-ba60-4d10-b726-4a9dd3685175,BNB-parameters-20260929-signals:203a7e45-d1b0-4aa1-81cb-6828181d4f45:KXBNB15M-26OCT021545-45:decision,['93574ebe-e25d-4557-9c5b-90cec1a67eea'],[],131.15380191802979,10,True,0.008696556091308594,live_entry,4ae2398a2967a73d,standard,1790970168.231276,research-logs/BNB/20261002T161731Z-1c50276722c54774ae0d01e804c73ba7/events-1790969864095426830.jsonl.gz,0.9,0.89,0.8344557021259124,0.8344557021259124,-0.0739442978740876,98.28905445352598,1.4193990284462943,1.2368025232247888,1.25,False,0.17109455464740264,0.19101738929748535,0.1176748275756836,NORMAL,2,0.010000000000000009,5.0,0.5,7.7,0.611143157862766,-7.832847044086932e-06,-0.17712274511200446,-0.00030017135869309097,-1.416728579953786,-0.00034583381184549733,-1.5966553999277215,-0.00043192880351805574,-1.8216029641409384,-0.0003875786902189926,-1.2705931451702193,-0.00047627498160141,-1.2191516765517016,9.961224319365857e-06,1,61.10692720464139,-18.589386437834783,2.2927435387673016,-0.06554429787408766,True,validation
KXBTC15M-26OCT021615-15,BTC,yes,1790971587.850346,2026-10-02T16:06:27.850346-04:00,1790971587.4407034,512.5659189224243,25.0,0.92,1.8711,0.1289,24a48668-6a5a-47df-bff1-6bce4e91b502,BTC-btc095-early83-20260930-signals:c05dd14e-4ddc-4d9f-9df0-f0c4d0c34153:KXBTC15M-26OCT021615-15:decision,['3e2f3ce0-f48c-4a85-a1a8-d4409d2d29b0'],[],512.1496539115906,25,True,0.006622314453125,live_entry,6ccce8eb5a839984,standard,1790971587.434081,research-logs/BTC/20261002T161731Z-96c112b61a124710aa6c5b35800f5611/events-1790971538883100561.jsonl.gz,0.925,0.924,0.8459032178324775,0.8459032178324775,-0.0935727821675225,98.62070027988368,1.0408864055104075,1.2378895910501069,0.95,False,0.13792997201163182,2.3059780597686768,1.9639532566070557,NORMAL,4371,0.0010000000000000009,5.01,0.2004,119.1152,0.09992835329910846,0.0002697958883959295,0.9397928504071468,0.0005334552749935995,1.363064508083394,0.0003778498048210288,0.7584938026911856,0.0006493908865139453,1.2280489563238375,0.0013957912364894742,1.7708134950426124,0.0010166976409011763,1.019081884756612,4.1364184185151606e-05,1,93.19592554966108,7.556518241534789,3.4449227295177014,-0.07909678216752258,True,validation
KXBTC15M-26OCT021630-30,BTC,yes,1790972635.961068,2026-10-02T16:23:55.961068-04:00,1790972634.6644964,365.34098076820374,25.0,0.87,-12.6144,0.6144,78b13dfe-d72a-4b1e-9276-439471bca0a0,BTC-btc095-early83-20260930-signals:220df484-4072-4c07-ba1a-0d13dccca134:KXBTC15M-26OCT021630-30:decision,['4a9c659b-71bc-427a-aacc-455602f75a95'],['HARD_STOP'],364.03893208503723,25,True,0.005477190017700195,live_entry,6ccce8eb5a839984,standard,1790972634.6590192,research-logs/BTC/20261002T161731Z-96c112b61a124710aa6c5b35800f5611/events-1790972148376596620.jsonl.gz,0.86,0.85,0.834858552499248,0.834858552499248,-0.035669447500752,98.01485840834171,0.7659579784858702,1.170637628457983,0.95,False,0.19851415916582973,0.5810520648956299,0.3315727710723877,NORMAL,345,0.010000000000000009,1641.65,65.666,679.9324,-0.056623189920610266,0.0002623228373406228,0.7521925604550506,0.0005473032933323019,1.3048888385985629,0.0008456105453891194,1.8812878161488074,0.0012712076389584936,2.4514192580122094,0.001103749488692074,1.7898976822662966,0.0013039700012209554,1.8814853558114264,2.4277549288487245e-05,2,45.64438200277118,24.410374634616876,2.7464060039672735,-0.02514144750075198,True,validation
KXETH15M-26OCT021630-30,ETH,yes,1790972794.303264,2026-10-02T16:26:34.303264-04:00,1790972793.1100829,206.89657545089722,10.0,0.95,-5.5039,0.2039,14c10355-27bc-4032-8dea-21265e377311,ETH-parameters-20260929-signals:7512f63a-f071-4559-a6ed-6ad77f3afde2:KXETH15M-26OCT021630-30:decision,['df278b12-6ed9-4c54-a5cf-baf6d4e8f1bd'],['HARD_STOP'],205.69673609733582,10,True,0.006658315658569336,live_entry,eed4e301dbe01ddb,standard,1790972793.1034245,research-logs/ETH/20261002T161731Z-992be6950f0144c7b9b692fb51199ff1/events-1790972744822054117.jsonl.gz,0.932,0.928,0.8317996281513692,0.8317996281513692,-0.1067373718486308,98.20025336017332,1.0399616122873425,1.1529231202937826,0.95,False,0.17997466398266768,0.047623395919799805,0.048157453536987305,NORMAL,0,0.0040000000000000036,4.0,0.4,51.161,0.3629315902713128,3.370470929686675e-05,1.0662451077025032,0.00011235786729790753,0.8691869787195596,0.0003146656677281978,1.5060852385234953,0.00029967709792710906,1.1619958436722075,0.0008207934336526002,0.94510471697247,0.0009595993672641967,0.9979214178433047,-3.747913731566577e-06,2,99.83925747407586,1.9218189867330295,2.034112444725317,-0.10020037184863084,True,validation
KXBNB15M-26OCT021700-00,BNB,no,1790974555.619839,2026-10-02T16:55:55.619839-04:00,1790974554.604823,245.42205500602722,10.0,0.829,1.6107,0.0993,7dff98f4-9f26-45d8-ba5d-9e885ad30dcf,BNB-parameters-20260929-signals:8f00d98c-79ba-40f3-b02a-8034459a9523:KXBNB15M-26OCT021700-00:decision,['13a07807-7a8b-4451-9689-a6297ea57143'],[],244.3801610469818,10,True,0.02687811851501465,live_entry,4ae2398a2967a73d,standard,1790974554.577945,research-logs/BNB/20261002T205032Z-d6636d3b44d84669bc74b06c47f5e798/events-1790974239295061763.jsonl.gz,0.82,0.8,0.87,0.8799647104474301,0.037568,99.20152335573653,0.827519349901126,1.4685115792236343,1.25,True,0.07984766442634801,0.5047721862792969,0.043087005615234375,NORMAL,0,0.019999999999999907,2.0,0.2,29.825,0.15989884331839782,-3.925720140518507e-06,-0.6928222268757451,7.589119819118029e-05,1.1833388101991185,0.0004054916651843321,1.5792701817667305,0.000562367908933048,1.7104173441395565,0.0008550718574148464,1.505791061402612,0.000421181505684598,0.6413076406781579,-1.4301532867581439e-05,1,22.462590950060815,8.896655211427813,3.716333810524942,0.050000000000000044,False,validation
KXBTC15M-26OCT021700-00,BTC,yes,1790974558.555889,2026-10-02T16:55:58.555889-04:00,1790974557.0545564,242.96308016777039,25.0,0.9331984,1.5609,0.10914,0f8fac96-0e21-41f5-9f3d-e3a5a8544cdc,BTC-btc095-early83-20260930-signals:d55139da-78f1-4588-bd23-68854716e2a7:KXBTC15M-26OCT021700-00:decision,['1c9d60d2-4569-42f5-bd51-66dbcda6b67d'],[],241.4441111087799,25,True,0.017636537551879883,live_entry,6ccce8eb5a839984,standard,1790974557.0369198,research-logs/BTC/20261002T205032Z-197cff7462f84354851b75e908b00233/events-1790974232944349227.jsonl.gz,0.936,0.935,0.9096999999362574,0.9096999999362574,-0.0325940000637426,98.73428697478596,1.7144308708156373,6.406102000673134,0.95,True,0.1265713025214045,0.9653792381286621,0.06463813781738281,NORMAL,1,0.0010000000000000009,187.51,7.5004,60.5656,0.246505151179893,-1.6117467898424387e-05,-1.0449848630126475,1.576243801548749e-05,0.46686135493664876,-0.00024419503612271853,-1.245758635184248,-0.0004525136660311624,-1.6243189780660343,-0.0009734628947485335,-1.612335572610026,-0.00035102987521329343,-0.44880489186409184,4.916340957739074e-06,-1,76.96306314372605,-12.519430715570891,12.270805319892862,-0.026300000063742668,False,validation
KXETH15M-26OCT021700-00,ETH,no,1790974601.974337,2026-10-02T16:56:41.974337-04:00,1790974596.1025286,203.9109947681427,10.0,0.87,0.8045,0.1055,5f05a969-8beb-461c-87bc-90909417730a,ETH-parameters-20260929-signals:b49ab05f-d5ad-4a5a-9321-ed1719699ee0:KXETH15M-26OCT021700-00:decision,['a3c1386a-a0ea-4bd2-a089-65032e188d75'],['HARD_STOP'],198.02566289901733,10,True,0.013523340225219727,live_entry,eed4e301dbe01ddb,standard,1790974596.0890052,research-logs/ETH/20261002T205032Z-7f6038064d4c4f1ba8d491aae0cffecc/events-1790974232922961884.jsonl.gz,0.8,0.79,0.85,0.9196808074070189,0.0367,97.82364326911645,0.537438316049549,2.4972598923924707,0.95,True,0.2176356730883549,0.9963552951812744,0.056021690368652344,NORMAL,1,0.010000000000000009,521.96,52.196000000000005,307.736,0.4018788452819861,4.509260894558498e-05,0.6135652773881306,7.89093969819632e-05,0.8870968849804531,7.139475286144226e-05,0.6388614350388258,5.2607648400537776e-05,0.2128183205782967,0.0008560647305084768,1.4934649394926338,0.0008898266902952479,0.8739986752240215,6.638696693735587e-06,1,37.065866830328694,9.01655863673016,4.384201342567715,0.04999999999999993,False,validation
KXDOGE15M-26OCT021700-00,DOGE,no,1790974616.146462,2026-10-02T16:56:56.146462-04:00,1790974615.2064571,184.80271863937378,10.0,0.81,1.7922,0.1078,5d0a445b-51be-47cc-abc7-57c730951db6,DOGE-ten-minute-20260928-signals:970834e6-bd20-4725-ad0c-0d7a3d979c01:KXDOGE15M-26OCT021700-00:decision,['88996f38-ca0f-4651-89e4-3b6a728b2d02'],[],183.85353803634644,10,True,0.009175777435302734,live_entry,448b087908e0b8d3,standard,1790974615.1972814,research-logs/DOGE/20261002T205032Z-41a2a300f4c047cca5c2f9d5b870b58d/events-1790974239475788195.jsonl.gz,0.82,0.76,0.85,0.9316339053793357,0.017568,98.93246694190866,0.48575450038858614,2.665611706961403,1.1,True,0.1067533058091344,0.1191244125366211,0.007440805435180664,NORMAL,0,0.05999999999999994,308.6,30.860000000000003,123.91,0.144968843113188,1.0952302721634055e-05,0.39999518096923076,0.00016425935457020646,0.43045425699775386,0.00044884777491926986,0.9759132401106618,0.0008316918362880621,1.3661080920367141,0.002490932133024537,2.6085166012545344,0.0024582372799878405,1.3554061688050394,-1.2771131952982185e-05,0,48.50354468826635,17.426174342836724,5.147638657671159,0.030000000000000027,False,validation
KXXRP15M-26OCT021700-00,XRP,yes,1790974682.132739,2026-10-02T16:58:02.132739-04:00,1790974681.6142058,118.39415955543518,15.0,0.92,1.1227,0.0773,5d35d35e-61eb-410c-bf4d-2e40516c5908,XRP-parameters-20260929-signals:3df3be2d-ec73-41c7-b9c0-2afd94e75b26:KXXRP15M-26OCT021700-00:decision,['a14998c1-1589-400a-9d4c-4d3e17b280ef'],[],117.86726093292236,15,True,0.008365392684936523,live_entry,6bdb5476d7bd4861,late_settlement,1790974681.6058404,research-logs/XRP/20261002T205032Z-0f45402f4f824885977929d5f6fe6b40/events-1790974232729208583.jsonl.gz,0.89,0.88,0.8536944855286775,0.8536944855286775,-0.0452585144713225,97.98714152748224,0.39913310199468083,1.3889763428515427,1.25,True,0.2012858472517768,0.5043513774871826,0.08899641036987305,NORMAL,260,0.010000000000000009,427.5,28.5,80.9,0.14486372308791204,0.00014259232853253145,0.7792960750089175,0.00013580129554435771,0.788851413460283,0.00033277870216297245,1.751383748666166,0.0004143092920745328,1.9278107411162857,-0.0005428365926147816,-0.9742973318477232,-0.0014372296720134292,-1.2291760037071784,1.7425842301073877e-05,1,29.644781088140707,-0.6433322512717012,2.4440914090186294,-0.036305514471322464,False,validation
KXSOL15M-26OCT021700-00,SOL,yes,1790974690.862235,2026-10-02T16:58:10.862235-04:00,1790974687.8967524,112.10981726646423,25.0,0.81,2.2194,0.4056,feb363ef-88c5-4d4c-8cd9-3daa50a527ae,SOL-parameters-20260929-signals:72bcd41d-d79b-46fc-a6c7-d1ea6598739c:KXSOL15M-26OCT021700-00:decision,['850b82cb-2043-42fc-8998-bb7dcb9a8edb'],['HARD_STOP'],109.1377649307251,25,True,0.006569623947143555,live_entry,1aed49bdb77dd381,late_settlement,1790974687.8901827,research-logs/SOL/20261002T205032Z-d40c7e3700a74559bec9516633eea1a5/events-1790974232836353407.jsonl.gz,0.86,0.83,0.94,0.9450142828970665,0.069472,99.48344226801233,0.6346176398975787,3.2363140127583785,1.0,True,0.05165577319876709,0.8178017139434814,0.0337679386138916,NORMAL,0,0.030000000000000027,363.0,14.52,72.2132,0.14547776741259083,8.484642796546815e-05,0.8944651349380937,0.0005942275042445377,1.5518759026357454,0.0005942275042445377,1.4353990253626883,0.0006791748026147015,1.3607994707278175,-8.4832032575477e-05,-0.09136626587307088,-0.0004240162822252147,-0.34513102520478867,-2.8382978817242943e-06,0,48.70658445444183,5.391696677738153,4.439919685529558,0.07999999999999996,False,validation
KXDOGE15M-26OCT021715-15,DOGE,yes,1790975105.562621,2026-10-02T17:05:05.562621-04:00,1790975102.294226,597.7176251411438,10.0,0.86,1.3157,0.0843,f5745f28-9bf9-4b37-a5c9-0e2d5e44e12d,DOGE-ten-minute-20260928-signals:586d1b72-7a8a-48ed-a441-5b96fcd1862d:KXDOGE15M-26OCT021715-15:decision,['265c7a28-ff1a-4cd9-8291-0135554ce484'],[],594.4373788833618,10,True,0.011851072311401367,live_entry,448b087908e0b8d3,standard,1790975102.2823749,research-logs/DOGE/20261002T205032Z-41a2a300f4c047cca5c2f9d5b870b58d/events-1790974855773833980.jsonl.gz,0.87,0.85,0.9096999667593026,0.9096999667593026,0.0296829667593026,98.54333955838942,0.9214236204032998,5.371601633168078,1.1,True,0.14566604416105844,0.1288166046142578,0.08794641494750977,NORMAL,8,0.020000000000000018,650.0,65.0,105.41900000000001,0.8035561162531536,-5.4597669771339064e-05,-0.2014320059025195,-3.275931729584958e-05,-0.11010670256110701,-1.0920010920068002e-05,-0.034528046769311156,-2.1839783349353326e-05,-0.044934988997520804,-0.0005020737830166988,-0.4474489626122625,0.0032208588957054474,1.992283193254293,-1.0555533590265546e-05,-3,96.18870327426738,-0.5666164397228926,18.6515823268612,0.03969996675930265,False,validation
KXETH15M-26OCT021715-15,ETH,yes,1790975112.514866,2026-10-02T17:05:12.514866-04:00,1790975112.173547,587.8362941741943,10.0,0.8,1.888,0.112,98611ea7-f9a9-4a1b-9e00-b99ecdae8f15,ETH-parameters-20260929-signals:1581a431-6152-4fdb-aeb4-b0174d09e458:KXETH15M-26OCT021715-15:decision,['cec2bb5c-22a4-47ea-a62f-a068b94cc1dc'],[],587.4851338863373,10,True,0.009841203689575195,live_entry,eed4e301dbe01ddb,standard,1790975112.1637058,research-logs/ETH/20261002T205032Z-7f6038064d4c4f1ba8d491aae0cffecc/events-1790974838415384646.jsonl.gz,0.8,0.79,0.855,0.9011014871510024,0.0417,97.69745774903281,0.5421997010716882,2.3220202902552414,0.95,True,0.23025422509671944,0.07394123077392578,0.25084686279296875,NORMAL,0,0.010000000000000009,457.68,45.768,269.361,0.5587578916029731,3.7527817493554494e-06,0.14704199228370676,-1.1258176250583674e-05,-0.09329389425370238,4.8788359847895535e-05,0.3738340637923307,0.0001351178903592487,0.7943545012013105,-0.00046512674703869106,-0.7813416742240316,0.0013565869624851956,1.4156439884629792,-8.75722311725428e-07,1,85.55954791529581,-4.542171080203204,6.90509250572238,0.05499999999999994,False,validation
KXSOL15M-26OCT021715-15,SOL,yes,1790975116.224809,2026-10-02T17:05:16.224809-04:00,1790975113.9882104,586.0170269012451,25.0,0.818,4.2894,0.2606,45f6ad1c-cb5f-4827-97d0-357be8bba004,SOL-parameters-20260929-signals:cfc878c9-e16c-4e08-a904-5e465c311ceb:KXSOL15M-26OCT021715-15:decision,['ad45d877-9d48-4913-a762-cf07833f4aab'],[],583.7751910686493,25,True,0.0052373409271240234,live_entry,1aed49bdb77dd381,standard,1790975113.982973,research-logs/SOL/20261002T205032Z-d40c7e3700a74559bec9516633eea1a5/events-1790974836859465323.jsonl.gz,0.81,0.8,0.9,0.9311115277782129,0.077127,99.6077569855328,0.606495633313168,3.5128202496950687,1.0,True,0.03922430144672004,0.9110262393951416,0.134871244430542,NORMAL,0,0.010000000000000009,1.0,0.04,68.22319999999999,0.5780860147417989,0.0,,-0.0001694340901390312,-0.4319670208166973,0.00016949152542378165,0.38569999225293156,0.0003390405153416154,0.5610961032185499,-0.0002541296060991627,-0.23000565040220042,0.0017825311942958333,1.1680811580853796,-5.649717514126055e-06,0,92.60643806038956,3.1918840966745137,10.986838388973103,0.08999999999999997,False,validation
KXBTC15M-26OCT021715-15,BTC,yes,1790975447.808172,2026-10-02T17:10:47.808172-04:00,1790975446.7158449,253.289559841156,25.0,0.911,2.0831,0.1419,9824efb2-74cf-4a14-81a6-e9eb42644986,BTC-btc095-early83-20260930-signals:c4a8c960-4c69-483a-905c-4ff03449dc52:KXBTC15M-26OCT021715-15:decision,['fadcbafc-e1c3-40a5-a312-cef4a02468a9'],[],252.19182801246643,25,True,0.00540471076965332,live_entry,6ccce8eb5a839984,standard,1790975446.7104402,research-logs/BTC/20261002T205032Z-197cff7462f84354851b75e908b00233/events-1790975439204634205.jsonl.gz,0.91,0.909,0.8444395315160425,0.8444395315160425,-0.0733934684839575,98.8746079199082,1.0902919075885344,1.2691784109283089,0.95,False,0.11253920800917995,0.5949604511260986,0.17963099479675293,NORMAL,357,0.0010000000000000009,397.55,15.902000000000001,39.782,0.24630207243871455,9.632684669447222e-05,1.0388911449058311,9.28947360636645e-05,1.0648755683604723,9.526170639162501e-05,1.0130252999845968,0.0002524536112051834,1.551013589712763,0.0004252086209393102,1.2989905239496156,0.00021847798248497696,0.5216416036518251,1.608997912584028e-05,5,83.96730867264073,11.538050052510727,2.4802117873570872,-0.06556046848395758,True,validation
KXHYPE15M-26OCT021730-30,HYPE,no,1790976319.484485,2026-10-02T17:25:19.484485-04:00,1790976316.111024,283.8979561328888,10.0,0.9397,0.5633,0.0397,67961d89-078f-4d3e-b3f1-96e6b34eaede,HYPE-parameters-20260929-signals:2b3f519a-6175-47a5-a166-cced5e223abe:KXHYPE15M-26OCT021730-30:decision,['3cdc54e8-0616-4bf9-9004-e9a59865bbdb'],[],280.51551508903503,10,True,0.008980035781860352,live_entry,c148c147389a9628,standard,1790976316.1020439,research-logs/HYPE/20261002T205032Z-44b7c70aaeb546f88913fe5b252e0781/events-1790976041963213130.jsonl.gz,0.925,0.918,0.8501556150149111,0.8501556150149111,-0.0818013849850889,98.16375095482778,0.954395499827382,1.2653347340668968,1.15,False,0.1836249045172229,0.03520560264587402,0.03715038299560547,NORMAL,0,0.007000000000000006,2.0,0.2,35.9,0.16492388671342526,0.0005896451376821155,0.8519359528370531,0.0009592636553492628,1.4426910664194128,0.0015754561488414698,2.2570306665046305,0.0019604786893197,2.418693452309365,0.0022576880858475867,2.113865686626757,0.002332538508237225,1.9371508959322725,6.541382257504078e-05,1,99.25577178835184,13.268944657892881,3.1654517948011827,-0.07484438498508894,True,validation
KXSOL15M-26OCT021730-30,SOL,no,1790976338.574831,2026-10-02T17:25:38.574831-04:00,1790976337.3642902,262.64051151275635,25.0,0.938,1.4482,0.1018,56df6a47-8113-46e7-b7dc-9f32dea6433c,SOL-parameters-20260929-signals:83fd8491-5210-4c5d-ad8f-de13b1b96323:KXSOL15M-26OCT021730-30:decision,['7742b7a7-2b02-4ae3-9834-62a14f04827a'],[],261.42516899108887,25,True,0.004801750183105469,live_entry,1aed49bdb77dd381,standard,1790976337.3594885,research-logs/SOL/20261002T205032Z-d40c7e3700a74559bec9516633eea1a5/events-1790976037856266364.jsonl.gz,0.94,0.926,0.8484296060946714,0.8484296060946714,-0.0976183939053286,98.9042615107157,1.0410681299666469,1.4013591418771096,1.0,False,0.1095738489284298,0.2501645088195801,0.04863715171813965,NORMAL,1,0.013999999999999901,5.0,0.2,17.16,0.34343501744422295,0.0003390979993217469,0.8942755331915772,0.000423836568619107,1.1712750321019105,0.0006779661016949046,1.7580123352808616,0.0007626472332853407,1.6566209054694618,0.0009319664492077884,1.2497291585129504,0.0010166045408336322,1.1217496055712857,4.5220729807852556e-05,1,100.0,-0.0,2.933333333333532,-0.0915703939053285,True,validation
KXETH15M-26OCT021730-30,ETH,no,1790976348.718672,2026-10-02T17:25:48.718672-04:00,1790976345.1708221,254.83894085884094,10.0,0.89,1.0314,0.0686,7c5e6040-219c-465a-b999-2b7f1850535b,ETH-parameters-20260929-signals:f6a8b4b8-abf1-460e-85aa-3da5f699a2fc:KXETH15M-26OCT021730-30:decision,['66b9ae9a-7dbd-4eb3-831f-9375b4f6cbff'],[],251.28132796287537,10,True,0.009763002395629883,live_entry,eed4e301dbe01ddb,standard,1790976345.1610591,research-logs/ETH/20261002T205032Z-7f6038064d4c4f1ba8d491aae0cffecc/events-1790976039043929662.jsonl.gz,0.88,0.87,0.8320491450867564,0.8320491450867564,-0.0574428549132436,98.02235352819116,0.8905622171134824,1.2825523961926808,0.95,False,0.19776464718088388,0.10564279556274414,0.11989879608154297,NORMAL,1,0.010000000000000009,618.0,61.8,287.687,0.35704132214150175,1.1272305073584121e-05,0.6928179801141247,4.133054289534588e-05,0.4284969461397006,8.641451162649805e-05,0.7575155713544331,0.0001390073373331857,1.034768706703796,0.000612093924498236,1.2088556605014948,0.0005670573478989693,1.0231582814027613,-6.260227061664441e-07,2,100.0,-0.0,2.5115740740735366,-0.04795085491324358,True,validation
KXBNB15M-26OCT021730-30,BNB,no,1790976381.557495,2026-10-02T17:26:21.557495-04:00,1790976380.9201906,219.0874125957489,10.0,0.952,0.448,0.032,d132a118-bc6a-490f-b72b-36138c5f1e96,BNB-parameters-20260929-signals:8f5804f8-5e2d-4581-9f61-f0d4b778e033:KXBNB15M-26OCT021730-30:decision,['9b2ded9f-6e21-44f9-b2f3-e5e19778dbba'],[],218.4425048828125,10,True,0.007603168487548828,live_entry,4ae2398a2967a73d,standard,1790976380.9125874,research-logs/BNB/20261002T205032Z-d6636d3b44d84669bc74b06c47f5e798/events-1790976041993814673.jsonl.gz,0.917,0.915,0.8544417901028957,0.8544417901028957,-0.0699862098971043,97.45437792770308,0.6122246483348193,1.4894375147801042,1.25,False,0.2545622072296927,0.8077614307403564,0.1402597427368164,NORMAL,1,0.0020000000000000018,17.0,1.7,4.1,0.21818751641751252,0.0005107999571501987,0.9638366755597974,0.0005290797930709301,1.0769699052568544,0.0005264684288770471,1.0898719828616714,0.0005147171211374868,1.0713448415093345,0.0007718770325442215,1.4433038215832095,0.0007549111673302855,1.3833268380365265,8.461104380080483e-05,1,100.0,-0.0,3.564220183485813,-0.06255820989710437,True,validation
KXDOGE15M-26OCT021730-30,DOGE,no,1790976385.837194,2026-10-02T17:26:25.837194-04:00,1790976382.450926,217.55722451210022,10.0,0.959,0.3824,0.0276,ba1e57dc-0128-4865-acbc-eca90771018e,DOGE-ten-minute-20260928-signals:2493e27e-bb25-44c8-9d57-94dffa5c5be4:KXDOGE15M-26OCT021730-30:decision,['7c39887e-6f77-4378-aa36-8019df5f7834'],[],214.16280603408813,10,True,0.008150577545166016,live_entry,448b087908e0b8d3,standard,1790976382.4427755,research-logs/DOGE/20261002T205032Z-41a2a300f4c047cca5c2f9d5b870b58d/events-1790976342380387968.jsonl.gz,0.957,0.951,0.8758385016268606,0.8758385016268606,-0.0861424983731394,97.61227071951578,0.48033287599616403,1.6614887331821941,1.1,False,0.2387729280484223,0.3440549373626709,0.06384897232055664,ELEVATED,23,0.006000000000000005,69.0,6.9,23.9,0.23071718785047654,-0.00013130683123785403,-0.15636276123621165,0.0026297985639772703,1.234173539942623,0.002499181490778213,1.1926968303777548,0.002422972397760348,1.151276106587132,0.0028474176867185896,1.2448744174527901,0.002923561945695985,1.2235176099583007,-0.00010956741594017789,-2,100.0,-0.0,3.4829268292682865,-0.08116149837313935,True,validation
KXBTC15M-26OCT021730-30,BTC,no,1790976389.726807,2026-10-02T17:26:29.726807-04:00,1790976386.4033039,213.60173225402832,25.0,0.96,0.9328,0.0672,e8b2e2de-5b5e-438e-8bcd-7ee1cc634f73,BTC-btc095-early83-20260930-signals:d14a94a9-da49-464e-b3cb-c746422ed99a:KXBTC15M-26OCT021730-30:decision,['f48f1309-2b63-485a-b497-515c3b6af983'],[],210.27319288253784,25,True,0.005036115646362305,live_entry,6ccce8eb5a839984,standard,1790976386.3982677,research-logs/BTC/20261002T205032Z-197cff7462f84354851b75e908b00233/events-1790976039583850694.jsonl.gz,0.952,0.951,0.9227169236693957,0.9227169236693957,-0.0345820763306043,97.63650481340716,0.5256372567199467,2.10813715857106,0.95,False,0.23634951865928386,1.3122198581695557,0.7244837284088135,NORMAL,1780,0.0010000000000000009,939.54,37.5816,278.5412,0.1036414993357278,-4.737526802411907e-06,-0.5290023154867687,0.00048169049331903135,0.9760735371805275,0.00047530098153492073,0.9789086879527201,0.000532212089358719,1.0926292080290663,0.00046015514580000083,0.8413835681949086,0.0005382459432390352,0.9300317102361577,-1.6790871411646404e-05,2,97.5225149096712,5.220857841486563,3.790348553321383,-0.02928307633060423,True,validation
KXXRP15M-26OCT021730-30,XRP,no,1790976531.618123,2026-10-02T17:28:51.618123-04:00,1790976530.3671937,69.64170336723328,15.0,0.958,0.5877,0.0423,6991d18a-afcd-4231-b999-ee09ca2c606a,XRP-parameters-20260929-signals:28aed4cd-925b-4359-b0f9-135ce7b0340e:KXXRP15M-26OCT021730-30:decision,['b18dba6c-3e60-4c78-b72c-dd6c7b204247'],[],68.3818769454956,15,True,0.008897066116333008,live_entry,6bdb5476d7bd4861,late_settlement,1790976530.3582966,research-logs/XRP/20261002T205032Z-0f45402f4f824885977929d5f6fe6b40/events-1790976035321656084.jsonl.gz,0.953,0.95,0.8449187184039368,0.8449187184039368,-0.1133172815960632,98.6980178498188,1.8871318077702424,1.187877082490699,1.25,False,0.13019821501812026,0.26984333992004395,0.053256988525390625,NORMAL,0,0.0030000000000000027,2.0,0.13333333333333333,3.634,0.8045267771649478,-0.00017668324770991894,-0.5097716006605645,-0.00012231252208416699,-0.3678094902039245,-8.153835700208667e-05,-0.23302466020533497,-8.153835700208667e-05,-0.21948144652484525,0.0006111141289587563,1.027166371662796,0.0014247720364741756,1.93073980986725,-3.26187043085809e-05,2,99.67392153619222,-0.3260784638077693,1.6028037383180658,-0.10808128159606312,True,validation
KXSOL15M-26OCT021745-45,SOL,yes,1790976920.650727,2026-10-02T17:35:20.650727-04:00,1790976920.2153094,579.7917890548706,25.0,0.89208,2.5295,0.1685,a39afe6d-c8bc-4255-94cf-49e3ea5ab9f6,SOL-parameters-20260929-signals:41fbe732-7deb-44cb-8e96-b1c27c1084f6:KXSOL15M-26OCT021745-45:decision,['442f5ea4-41bd-4060-8f22-2d83de37f643'],[],579.3492729663849,25,True,0.00709843635559082,live_entry,1aed49bdb77dd381,standard,1790976920.208211,research-logs/SOL/20261002T205032Z-d40c7e3700a74559bec9516633eea1a5/events-1790976642199071797.jsonl.gz,0.89,0.88,0.860297522098428,0.860297522098428,-0.038655477901572,99.43992048841469,1.121616851718561,1.381697699241025,1.0,False,0.05600795115853203,0.11551070213317871,0.026158571243286133,NORMAL,0,0.010000000000000009,160.0,6.4,39.396,0.6396656919182585,0.00016950589032971308,1.2650182648417403,0.00016950589032971308,0.6831445220612481,-8.473140145726088e-05,-0.18253177476498583,0.00016950589032971308,0.28626596729778564,0.0009329940627651467,0.9894433349853143,0.0019527933435219413,1.518871007943405,3.6725558114517985e-05,1,100.0,7.7777029753037965,4.295529411764788,-0.02970247790157199,True,validation
KXDOGE15M-26OCT021745-45,DOGE,yes,1790976952.612483,2026-10-02T17:35:52.612483-04:00,1790976952.1165402,547.8944220542908,10.0,0.9358,0.5999,0.0421,e89b6fee-2e46-461f-9ba5-57855970b5e3,DOGE-ten-minute-20260928-signals:337292b7-a500-486d-985c-3ed788fe9e74:KXDOGE15M-26OCT021745-45:decision,['455e6055-51f5-48f9-b94b-e5870b6db6bc'],[],547.3875169754028,10,True,0.010962247848510742,live_entry,448b087908e0b8d3,standard,1790976952.105578,research-logs/DOGE/20261002T205032Z-41a2a300f4c047cca5c2f9d5b870b58d/events-1790976942678153525.jsonl.gz,0.933,0.93,0.8326366954671467,0.8326366954671467,-0.1068393045328533,98.403477491923,0.9985927712537579,1.173439955515915,1.1,False,0.15965225080770065,0.031147241592407227,0.04232382774353027,NORMAL,0,0.0030000000000000027,5.0,0.5,53.9,0.8287514830607388,0.0001854781517647286,1.4305482582040954,0.0002837003251641157,1.506710248001252,0.0009717960756909783,1.8290170537036536,0.0013326051338067302,1.060431203420736,0.0026578000415624636,1.8908924303753134,0.0036567474654580767,2.21608319912868,4.702427829913108e-06,2,75.14704950360353,20.814761198134228,3.9006655574042424,-0.10036330453285336,True,validation
KXBTC15M-26OCT021745-45,BTC,yes,1790977074.114374,2026-10-02T17:37:54.114374-04:00,1790977073.2746174,426.73090958595276,25.0,0.88,2.8152,0.1848,13519a43-1c56-4ef5-8000-acf4e1e096c2,BTC-btc095-early83-20260930-signals:0e367d5f-ce89-4841-b0ae-d3f2bde57ddc:KXBTC15M-26OCT021745-45:decision,['03edab38-6328-4d4a-be25-d7751409ffef'],[],425.885626077652,25,True,0.005527019500732422,live_entry,6ccce8eb5a839984,standard,1790977073.2690904,research-logs/BTC/20261002T205032Z-197cff7462f84354851b75e908b00233/events-1790976639938071512.jsonl.gz,0.9,0.89,0.8360102564248685,0.8360102564248685,-0.0723897435751315,98.86859828225356,0.7260734605464851,1.2154066510258195,0.95,False,0.11314017177464449,0.18179893493652344,0.04645824432373047,NORMAL,1,0.010000000000000009,1427.51,57.1004,478.80120000000005,0.40214815383519925,3.3139604727505656e-05,0.31848204738456104,0.0002654151823877626,0.888506699292446,0.00027228327878781045,0.8898006245933722,0.00028234876287447364,0.8572914701939982,0.0005246920231893881,0.9337658030340299,0.0009105987918545111,1.4147207925186491,-2.448188347425883e-06,1,92.02575040351833,11.934698042748806,3.0799178323388734,-0.06398974357513154,True,validation
KXBNB15M-26OCT021745-45,BNB,yes,1790977083.508464,2026-10-02T17:38:03.508464-04:00,1790977081.7197554,418.28860664367676,10.0,0.9244,0.707,0.049,5b5dc591-9dea-4585-9b3e-60c47e3fa7c5,BNB-parameters-20260929-signals:50d661d2-5de5-4105-bb92-35e12d17c0b1:KXBNB15M-26OCT021745-45:decision,['b41f6c15-4b30-496b-990e-008a1f9490aa'],[],416.4915359020233,10,True,0.008362054824829102,live_entry,4ae2398a2967a73d,standard,1790977081.7113934,research-logs/BNB/20261002T205032Z-d6636d3b44d84669bc74b06c47f5e798/events-1790976642336908285.jsonl.gz,0.949,0.931,0.8675653600653029,0.8675653600653029,-0.0869226399346971,98.43957725570631,1.3164287229420772,1.649035502267467,1.25,False,0.15604227442936885,0.6085643768310547,0.017657995223999023,NORMAL,0,0.017999999999999905,8.0,0.8,12.0,0.8154835098836193,-0.00011228238759364295,-0.9861034865210029,-4.439372533859842e-05,-0.30033530103972095,0.00014757217650673837,0.6013177975322218,0.0001384292717836466,0.5607907060188589,0.0006598417686372038,1.9410506234657627,0.000998593603772635,2.1615290350957945,-2.73755500689532e-05,-1,96.69099087203004,-2.8121346163161576,5.446507515473414,-0.08143463993469702,True,validation
KXXRP15M-26OCT021745-45,XRP,yes,1790977198.86669,2026-10-02T17:39:58.866690-04:00,1790977196.2663236,303.7423052787781,15.0,0.92,1.1227,0.0773,d2a49895-38cd-4123-836c-62c641ff6c45,XRP-parameters-20260929-signals:6b83ffe0-0a7e-478b-9108-f709ca440327:KXXRP15M-26OCT021745-45:decision,['3e40786a-92e7-4e98-85ca-9e07cf5e0a33'],[],301.1333100795746,15,True,0.00862884521484375,live_entry,6bdb5476d7bd4861,standard,1790977196.2576947,research-logs/XRP/20261002T205032Z-0f45402f4f824885977929d5f6fe6b40/events-1790976635999961887.jsonl.gz,0.92,0.919,0.8321100830706918,0.8321100830706918,-0.0951419169293082,98.31239472827546,1.7145024544663472,1.332900727576784,1.25,False,0.16876052717245402,0.2048966884613037,0.05739641189575195,NORMAL,0,0.0010000000000000009,75.0,5.0,17.866666666666667,0.5902540652849482,2.7138699106421527e-05,0.4158993187879553,4.070860104898877e-05,0.4419870662243848,2.0353886235557894e-05,0.20804475303722836,9.499189176365164e-05,0.5462281239708044,-2.035305770764495e-05,-0.05034644463019161,0.0005566379070414129,0.9492966729645297,4.749276946765708e-06,1,89.30496773950597,-4.88764509790262,3.7500000000003566,-0.08788991692930825,True,validation
KXHYPE15M-26OCT021745-45,HYPE,yes,1790977200.308098,2026-10-02T17:40:00.308098-04:00,1790977200.1201837,299.88794898986816,10.0,0.93926,0.5674,0.04,49dcc393-c073-4f32-98f7-584ff303b358,HYPE-parameters-20260929-signals:7235b36b-5c14-481f-8666-e02b3eb0d898:KXHYPE15M-26OCT021745-45:decision,['548a0a96-7a9a-4825-9cca-f5cabb2574cb'],[],299.69190192222595,10,True,0.008132696151733398,live_entry,c148c147389a9628,standard,1790977200.112051,research-logs/HYPE/20261002T205032Z-44b7c70aaeb546f88913fe5b252e0781/events-1790976649727329551.jsonl.gz,0.93,0.929,0.8521355767107259,0.8521355767107259,-0.0845214232892741,98.91590769696019,1.3977732575815773,1.3216968967979335,1.15,False,0.10840923030398038,0.037181854248046875,0.06943941116333008,NORMAL,0,0.0010000000000000009,67.15,6.715000000000001,11.915000000000001,0.7301000949538834,8.800808748010702e-05,0.7535646566568477,8.453379035611164e-05,0.6847961337505306,0.00024901032871671447,1.5403920835689717,0.00039152317573942774,1.6069233442479378,0.0003938407933341548,0.9194162316064468,0.0008239446902500447,1.1282315995272278,9.301273205464255e-06,-1,99.17625506274369,2.1497022457102304,3.398290598290454,-0.07786442328927412,True,validation
KXETH15M-26OCT021745-45,ETH,yes,1790977261.254669,2026-10-02T17:41:01.254669-04:00,1790977256.3792875,243.62530422210693,10.0,0.951,0.4573,0.0327,038eb962-747b-4a52-97ed-4c3f35b50142,ETH-parameters-20260929-signals:6f00676b-aff1-45a9-b67c-8d95b8f1ea85:KXETH15M-26OCT021745-45:decision,['5261b978-9cdd-47fa-849e-2955b4a94ea6'],[],238.74533104896545,10,True,0.004591703414916992,live_entry,eed4e301dbe01ddb,standard,1790977256.3746958,research-logs/ETH/20261002T205032Z-7f6038064d4c4f1ba8d491aae0cffecc/events-1790977239553483493.jsonl.gz,0.955,0.954,0.8339558675617103,0.8339558675617103,-0.1261531324382897,97.61891434786588,1.2667304920853764,1.2028228217341808,0.95,False,0.2381085652134112,0.2620677947998047,0.09164762496948242,NORMAL,0,0.0010000000000000009,308.06,30.806,36.506,0.5219165711047138,3.381488230536078e-05,1.2572001657214271,0.00010145150805795922,1.2149216204562139,0.00020668222420128224,2.1131581793249903,0.00014278950572266247,0.38582350585784514,0.00032321349378738873,0.5012317613327625,0.0004623347529140176,0.6073363130707898,-1.264310123039184e-07,1,94.98032070358705,3.543442201069439,2.303797468354232,-0.12104413243828971,True,validation
KXXRP15M-26OCT021800-00,XRP,yes,1790977957.416386,2026-10-02T17:52:37.416386-04:00,1790977957.2187808,442.78854632377625,15.0,0.89,1.5472,0.1028,07112c67-b85c-4d41-9a31-8e7dbfeb931e,XRP-parameters-20260929-signals:548f62ea-aca6-42ab-887a-46ee9c18d2e7:KXXRP15M-26OCT021800-00:decision,['30b730e4-bcac-4ace-a61c-d141fa537458'],[],442.58361411094666,15,True,0.007327079772949219,live_entry,6bdb5476d7bd4861,standard,1790977957.2114537,research-logs/XRP/20261002T205032Z-0f45402f4f824885977929d5f6fe6b40/events-1790977538088323701.jsonl.gz,0.89,0.88,0.8532121945442983,0.8532121945442983,-0.0457408054557017,97.69588515557952,1.6129020166428545,1.4785323081549435,1.25,False,0.2304114844420477,0.14071917533874512,0.146836519241333,NORMAL,0,0.010000000000000009,5.0,0.3333333333333333,82.15666666666667,0.5993287257964625,5.419356586888746e-05,0.8944514268792446,4.7419048909480566e-05,0.7514134231814832,8.129255156985593e-05,1.145992300920591,0.0004947341312331321,1.6409090266319755,0.00024391731203121658,0.5204191503401834,0.00038625736938402433,0.7820770921504201,8.128961454782294e-06,1,67.44313398457275,-4.77497722529786,5.021487603305705,-0.036787805455701705,True,validation
KXBNB15M-26OCT021800-00,BNB,yes,1790977980.798226,2026-10-02T17:53:00.798226-04:00,1790977980.0784695,419.93147230148315,10.0,0.915,0.7955,0.0545,f3d14a72-3272-4a9f-a735-7886f376b03f,BNB-parameters-20260929-signals:4e710111-1a84-4c7b-a598-22d1690cf9f1:KXBNB15M-26OCT021800-00:decision,['8c92f9b6-cd31-4a45-aa0c-a24e7896bff6'],[],419.20177388191223,10,True,0.009941816329956055,live_entry,4ae2398a2967a73d,standard,1790977980.0685277,research-logs/BNB/20261002T205032Z-d6636d3b44d84669bc74b06c47f5e798/events-1790977528573087736.jsonl.gz,0.916,0.915,0.8388337206809909,0.8388337206809909,-0.0846532793190091,99.19891141550427,1.7141626969811414,1.3623197139796661,1.25,False,0.0801088584495728,1.0301108360290527,0.06681656837463379,NORMAL,0,0.0010000000000000009,5.0,0.5,10.1,0.8250025318406102,-1.3048697739992399e-05,-0.3119616861872302,-9.785693316366473e-05,-1.6302837557735737,5.6113280969549706e-05,0.47410859782044545,0.00020752005700930276,1.285302770136668,0.0002780181612427324,1.082174013485282,0.00012006399933173206,0.4045396024248964,-4.48018224698347e-06,1,65.36350546661701,4.9762234549349245,4.510603588907669,-0.0771662793190091,True,validation
KXDOGE15M-26OCT021800-00,DOGE,yes,1790977990.589975,2026-10-02T17:53:10.589975-04:00,1790977990.3379204,409.6703426837921,10.0,0.9483,0.4826,0.0344,57039618-86a1-40ac-b48e-d4b44a7e0a88,DOGE-ten-minute-20260928-signals:2793f42d-2008-4314-8573-0e752ec54a73:KXDOGE15M-26OCT021800-00:decision,['818d12e8-2fba-4ce5-82bc-e7218404d48a'],[],409.4100248813629,10,True,0.008263111114501953,live_entry,448b087908e0b8d3,standard,1790977990.3296573,research-logs/DOGE/20261002T205032Z-41a2a300f4c047cca5c2f9d5b870b58d/events-1790977542926679127.jsonl.gz,0.948,0.938,0.8334640017967843,0.8334640017967843,-0.1210239982032157,97.71325079414977,1.4126107150816236,1.323312032358511,1.1,False,0.22867492058502267,0.2894327640533447,-0.0003120899200439453,NORMAL,0,0.010000000000000009,5.0,0.5,7.63,0.8592618426368324,0.00027178344295264445,1.338894089544335,0.0003152825039953733,1.6045065013169602,0.00033703345328817136,1.6044210640274637,0.00027178344295264445,0.9980673253703223,0.0013821925709869287,1.1687658479195178,0.0014475875355093315,1.1552198291936855,4.312224014758984e-05,1,88.62115877505461,26.892653186456705,3.804958677685945,-0.1145359982032157,True,validation
KXETH15M-26OCT021800-00,ETH,yes,1790978026.467287,2026-10-02T17:53:46.467287-04:00,1790978026.217789,373.78795742988586,10.0,0.928,0.6732,0.0468,718a0fe4-9ef3-4878-8028-a068faa2a6c9,ETH-parameters-20260929-signals:1f232501-4769-47b6-b435-6cf5cf5fbcf3:KXETH15M-26OCT021800-00:decision,['ad2ce7aa-612e-4b6e-8649-e06ab49bf65f'],[],373.53271293640137,10,True,0.005746364593505859,live_entry,eed4e301dbe01ddb,standard,1790978026.2120426,research-logs/ETH/20261002T205032Z-7f6038064d4c4f1ba8d491aae0cffecc/events-1790977839988678089.jsonl.gz,0.928,0.921,0.8320662114520456,0.8320662114520456,-0.1027117885479544,98.94927466732832,1.1921715403129418,1.1544525389701419,0.95,False,0.1050725332671669,0.1401059627532959,0.01251363754272461,NORMAL,1,0.007000000000000006,4.0,0.4,12.6,0.49301975757343086,1.876461294214593e-05,0.2195308475846463,0.00017641516870159357,1.163608887113329,8.256956485830358e-05,0.31849996201085135,0.00034538164671960025,1.2242066044380437,0.0009992561927587573,1.4855304638933358,0.0007924793335660762,0.8890171808802262,1.0006037598190669e-06,1,100.0,11.714653487535031,2.7379032258065457,-0.09593378854795442,True,validation
KXSOL15M-26OCT021800-00,SOL,yes,1790978101.415759,2026-10-02T17:55:01.415759-04:00,1790978100.4060926,299.6006796360016,25.0,0.911,2.0831,0.1419,19aa276b-469d-4c05-b601-f02951570fb2,SOL-parameters-20260929-signals:687c5689-2b8e-46d9-a628-3d8f5bfe8796:KXSOL15M-26OCT021800-00:decision,['69125aea-3b27-4649-8422-65bae629c3d1'],[],298.5842409133911,25,True,0.006772279739379883,live_entry,1aed49bdb77dd381,standard,1790978100.3993204,research-logs/SOL/20261002T205032Z-d40c7e3700a74559bec9516633eea1a5/events-1790977521969545642.jsonl.gz,0.9,0.89,0.8374150132181075,0.8374150132181075,-0.0709849867818925,99.26858948777412,1.182932779496544,1.2241232911127433,1.0,False,0.0731410512225878,0.30097365379333496,0.0680997371673584,NORMAL,0,0.010000000000000009,39.03,1.5612000000000001,68.0412,0.4663800868954063,8.463100880162777e-05,0.8944650386054608,8.463100880162777e-05,0.4320676620242205,0.0,0.0,0.0,0.0,0.0004232983406704527,0.6850274569692739,0.0004232983406704527,0.46544530279636165,1.6926201760325556e-05,0,92.97752010089802,17.844614088674405,2.7367741935483436,-0.0625849867818925,True,validation
KXBTC15M-26OCT021815-15,BTC,no,1790979128.702073,2026-10-02T18:12:08.702073-04:00,1790979127.319513,172.68452978134155,25.0,0.82,-4.1391,0.6391,3b52f0e5-043d-4800-8623-31d6a1cf9d4e,BTC-btc095-early83-20260930-signals:06c1b3ca-313d-4547-aad4-72652d86871c:KXBTC15M-26OCT021815-15:decision,['41acee8f-2298-417e-b69e-b6ab14e092dc'],['HARD_STOP'],171.297926902771,25,True,0.004042863845825195,live_entry,6ccce8eb5a839984,standard,1790979127.3154702,research-logs/BTC/20261002T205032Z-197cff7462f84354851b75e908b00233/events-1790978733079635815.jsonl.gz,0.8,0.79,0.8343354943441676,0.8343354943441676,0.0210354943441676,97.97276876116405,0.941949439770056,1.1834717267461,0.95,False,0.20272312388359584,0.21294879913330078,0.01966404914855957,NORMAL,31,0.010000000000000009,4131.01,165.24040000000002,338.36080000000004,0.16793722642942685,0.00016962863757552515,1.2779285092812165,-1.0655396887049307e-06,-0.0039061902397405424,7.221931371814705e-06,0.026769015318636062,6.215255243369189e-05,0.21888511574150718,-3.540081177977328e-05,-0.10448625278674291,-0.0001528689511673953,-0.3675250290311383,3.368499646937787e-05,2,67.95841765377492,1.5678867383540407,1.9085353003163574,0.034335494344167605,True,validation
KXHYPE15M-26OCT021830-30,HYPE,yes,1790979601.174966,2026-10-02T18:20:01.174966-04:00,1790979600.4162712,599.5951495170593,10.0,0.946,0.5042,0.0358,379d431a-d1a6-463d-984c-399f5ef4ce6e,HYPE-parameters-20260929-signals:4751ce47-8bc0-4e4e-834a-7f0ee7bd2e35:KXHYPE15M-26OCT021830-30:decision,['40acbf1e-a0cd-48b0-b2bc-608ad81c3361'],[],598.825033903122,10,True,0.011420726776123047,live_entry,c148c147389a9628,standard,1790979600.4048505,research-logs/HYPE/20261002T205032Z-44b7c70aaeb546f88913fe5b252e0781/events-1790979336863029473.jsonl.gz,0.95,0.941,0.9019861467737629,0.9019861467737629,-0.0534388532262371,96.80515909520338,2.6857517566496614,2.107300460231013,1.15,False,0.3194840904796628,0.32732605934143066,0.09142470359802246,NORMAL,0,0.009000000000000008,68.0,6.8,29.15,0.7441358877044282,2.6458221892289302e-05,0.5716633825704662,0.00011734712660604885,1.5341882692020228,0.0001207989296063694,0.8092978647587197,-2.5306554397586112e-05,-0.10280380675425946,0.003914875139734431,2.82825313493262,0.00639970363166964,3.5775007873856444,1.2650133915788807e-06,1,100.0,0.0,7.6629544408649135,-0.04801385322623708,True,validation
KXSOL15M-26OCT021830-30,SOL,yes,1790979903.738464,2026-10-02T18:25:03.738464-04:00,1790979900.3521955,299.65501070022583,25.0,0.931,1.6125,0.1125,e77690c6-f02e-436e-ad0b-b730f0208ba6,SOL-parameters-20260929-signals:fbcd6753-fee9-475b-b909-c98b0718740a:KXSOL15M-26OCT021830-30:decision,['093124db-7230-4511-af8c-72d00af23066'],[],296.26153588294983,25,True,0.0072062015533447266,live_entry,1aed49bdb77dd381,standard,1790979900.3449893,research-logs/SOL/20261002T205032Z-d40c7e3700a74559bec9516633eea1a5/events-1790979626025623371.jsonl.gz,0.935,0.928,0.8422410965564275,0.8422410965564275,-0.0991139034435725,98.44611595180339,0.733090159608084,1.2149798892074464,1.0,False,0.15538840481966087,0.244337797164917,0.009491920471191406,NORMAL,0,0.007000000000000006,3.0,0.12,0.72,0.3604826763461107,0.0,0.0,8.455944529006665e-05,0.4320676465631037,0.0005922165820642089,0.8963665880014448,0.001015658061785718,1.4232948579063656,0.0008462384700007597,0.9030598990342367,0.0017787565644586945,1.4444459153305536,-1.974055273547363e-05,0,92.90572081205285,4.709285497198806,2.7163218390802006,-0.09275890344357252,True,validation
KXBTC15M-26OCT021830-30,BTC,no,1790980024.801685,2026-10-02T18:27:04.801685-04:00,1790980021.3550787,178.6520960330963,25.0,0.918,-1.7818,0.342,9198d3af-ec27-46d4-9e90-f60c10f3a2d2,BTC-btc095-early83-20260930-signals:2034e489-0975-47b3-8e95-5afb6a6770d0:KXBTC15M-26OCT021830-30:decision,['182ec138-c45f-4189-863d-e74a9eba83e2'],['HARD_STOP'],175.19831490516663,25,True,0.00717473030090332,live_entry,6ccce8eb5a839984,standard,1790980021.347904,research-logs/BTC/20261002T205032Z-197cff7462f84354851b75e908b00233/events-1790979933628338049.jsonl.gz,0.9,0.89,0.835864105276323,0.835864105276323,-0.072535894723677,98.60998242837482,0.7305137414688675,1.214505062567303,0.95,False,0.13900175716251725,0.2265784740447998,0.11128377914428711,NORMAL,3,0.010000000000000009,7228.94,289.1576,792.6659999999999,0.40303582921469544,7.350227572977541e-05,1.1785657799440448,8.33254328039823e-05,1.0608901954607046,0.0004838984277086844,1.8846352679001332,0.000472191013628831,1.4928794092632331,0.0005931544019710522,1.30558326005617,0.0006300406356098964,1.3193095517285847,-1.4294924443343973e-06,5,86.82145359516959,33.33333333333333,1.9921709074248835,-0.06413589472367698,True,validation
KXSOL15M-26OCT021845-45,SOL,yes,1790980683.524908,2026-10-02T18:38:03.524908-04:00,1790980680.3057723,419.70228719711304,25.0,0.89,2.5786,0.1714,107d7608-d4d1-4913-9cb3-ff06bba645b0,SOL-parameters-20260929-signals:3d290af2-a25f-49ed-aa57-a7bd5de39ee3:KXSOL15M-26OCT021845-45:decision,['ed06b776-b8a9-4329-8b72-552ce173d4c8'],[],416.4750919342041,25,True,0.008059501647949219,live_entry,1aed49bdb77dd381,standard,1790980680.2977128,research-logs/SOL/20261002T205032Z-d40c7e3700a74559bec9516633eea1a5/events-1790980228079424290.jsonl.gz,0.936,0.931,0.886236245525903,0.886236245525903,-0.056057754474097,99.64395491303475,1.4905359247626109,1.6890550072356563,1.0,False,0.03560450869652591,0.2422807216644287,0.023580551147460938,NORMAL,0,0.0050000000000000044,45.0,1.8,8.64,0.6306312329911069,8.440955516175741e-05,0.8944649395669639,0.0001688333614722204,0.7888550230015899,0.0002532714225411681,0.8181369735658708,0.0001688333614722204,0.422844511068713,0.0002532714225411681,0.360142136526606,0.0005911662866313616,0.669509073910104,8.439530280979214e-06,0,100.0,0.0,4.468524590164088,-0.04976375447409709,True,validation
KXETH15M-26OCT021845-45,ETH,yes,1790981021.724351,2026-10-02T18:43:41.724351-04:00,1790981018.4915776,81.52616858482361,10.0,0.96,0.3731,0.0269,0df11ed4-3921-4d91-8d9e-c5c6a1b5b18d,ETH-parameters-20260929-signals:fc26cf5a-14f5-45aa-bfda-8d2298cc3f24:KXETH15M-26OCT021845-45:decision,['773fb106-7ef9-4f57-a10a-9eb123b413cd'],[],78.27564907073975,10,True,0.0177462100982666,live_entry,eed4e301dbe01ddb,late_settlement,1790981018.4738314,research-logs/ETH/20261002T205032Z-7f6038064d4c4f1ba8d491aae0cffecc/events-1790980858036170544.jsonl.gz,0.936,0.932,0.8341688504513268,0.8341688504513268,-0.1081251495486732,99.10899883287999,1.0610771338272125,1.0687488531851472,0.95,False,0.08910011671200115,0.36507153511047363,0.26930856704711914,NORMAL,134,0.0040000000000000036,79.0,7.9,61.587,0.5050199705758971,7.502494579436636e-05,1.5012369380309574,7.127343114055051e-05,1.3720112244174212,0.00012004531710729793,0.954789093529627,0.00012754910640611072,0.815861318449637,0.0003902526886159219,1.4901676205268282,-0.0003749559426767801,-0.8397156818474274,1.1003478588630007e-05,3,20.03975656308428,8.763529292557134,1.1861575178998065,-0.10183114954867323,True,validation
