ticker,atr,entry_at,exit_at,side,entry_price,pnl,fees,stopped,session,delay,stop
KXETH15M-26SEP280200-00,0.5,1790575012.8065915,1790575200.0,yes,0.9279219999999999,0.6739000000000013,0.04688,False,20260928T000014Z-ad8c558f0e9c4ea3a763986fea0c3916,1.0,0.5
KXETH15M-26SEP280200-00,0.5,1790575012.8065915,1790575200.0,yes,0.9279219999999999,0.6739000000000013,0.04688,False,20260928T000014Z-ad8c558f0e9c4ea3a763986fea0c3916,0.5,0.5
KXETH15M-26SEP280200-00,0.5,1790575014.8313334,1790575200.0,yes,0.9179999999999999,0.7673000000000003,0.0527,False,20260928T000014Z-ad8c558f0e9c4ea3a763986fea0c3916,3.0,0.5
KXETH15M-26SEP280200-00,0.5,1790575012.8065915,1790575200.0,yes,0.9279219999999999,0.6739000000000013,0.04688,False,20260928T000014Z-ad8c558f0e9c4ea3a763986fea0c3916,1.0,0.55
KXETH15M-26SEP280200-00,0.55,1790575021.9155161,1790575200.0,yes,0.911553,0.8279999999999995,0.056470000000000825,False,20260928T000014Z-ad8c558f0e9c4ea3a763986fea0c3916,1.0,0.5
KXETH15M-26SEP280200-00,0.55,1790575021.9155161,1790575200.0,yes,0.911553,0.8279999999999995,0.056470000000000825,False,20260928T000014Z-ad8c558f0e9c4ea3a763986fea0c3916,0.5,0.5
KXETH15M-26SEP280200-00,0.55,1790575023.9555383,1790575200.0,yes,0.9256,0.6956999999999998,0.048299999999999996,False,20260928T000014Z-ad8c558f0e9c4ea3a763986fea0c3916,3.0,0.5
KXETH15M-26SEP280200-00,0.55,1790575021.9155161,1790575200.0,yes,0.911553,0.8279999999999995,0.056470000000000825,False,20260928T000014Z-ad8c558f0e9c4ea3a763986fea0c3916,1.0,0.55
KXETH15M-26SEP280200-00,0.6,1790575025.961226,1790575200.0,yes,0.9193000000000001,0.7549999999999986,0.052000000000000005,False,20260928T000014Z-ad8c558f0e9c4ea3a763986fea0c3916,1.0,0.5
KXETH15M-26SEP280200-00,0.6,1790575024.9571874,1790575200.0,yes,0.9179999999999999,0.7673000000000003,0.0527,False,20260928T000014Z-ad8c558f0e9c4ea3a763986fea0c3916,0.5,0.5
KXETH15M-26SEP280200-00,0.6,1790575027.9981782,1790575200.0,yes,0.9197,0.7513000000000009,0.051699999999999996,False,20260928T000014Z-ad8c558f0e9c4ea3a763986fea0c3916,3.0,0.5
KXETH15M-26SEP280200-00,0.6,1790575025.961226,1790575200.0,yes,0.9193000000000001,0.7549999999999986,0.052000000000000005,False,20260928T000014Z-ad8c558f0e9c4ea3a763986fea0c3916,1.0,0.55
KXETH15M-26SEP280200-00,0.65,1790575083.3926477,1790575200.0,yes,0.9591999999999998,0.38060000000000127,0.0274,False,20260928T000014Z-ad8c558f0e9c4ea3a763986fea0c3916,1.0,0.5
KXETH15M-26SEP280200-00,0.65,1790575083.3926477,1790575200.0,yes,0.9591999999999998,0.38060000000000127,0.0274,False,20260928T000014Z-ad8c558f0e9c4ea3a763986fea0c3916,0.5,0.5
KXETH15M-26SEP280200-00,0.65,1790575083.3926477,1790575200.0,yes,0.9591999999999998,0.38060000000000127,0.0274,False,20260928T000014Z-ad8c558f0e9c4ea3a763986fea0c3916,1.0,0.55
KXETH15M-26SEP280200-00,0.7,1790575083.3926477,1790575200.0,yes,0.9591999999999998,0.38060000000000127,0.0274,False,20260928T000014Z-ad8c558f0e9c4ea3a763986fea0c3916,1.0,0.5
KXETH15M-26SEP280200-00,0.7,1790575083.3926477,1790575200.0,yes,0.9591999999999998,0.38060000000000127,0.0274,False,20260928T000014Z-ad8c558f0e9c4ea3a763986fea0c3916,0.5,0.5
KXETH15M-26SEP280200-00,0.7,1790575083.3926477,1790575200.0,yes,0.9591999999999998,0.38060000000000127,0.0274,False,20260928T000014Z-ad8c558f0e9c4ea3a763986fea0c3916,1.0,0.55
KXETH15M-26SEP280215-15,0.5,1790575608.5622516,1790576100.0,yes,0.8379999999999999,1.524900000000001,0.0951,False,20260928T000014Z-ad8c558f0e9c4ea3a763986fea0c3916,1.0,0.5
KXETH15M-26SEP280215-15,0.5,1790575608.5622516,1790576100.0,yes,0.8379999999999999,1.524900000000001,0.0951,False,20260928T000014Z-ad8c558f0e9c4ea3a763986fea0c3916,0.5,0.5
KXETH15M-26SEP280215-15,0.5,1790575610.5755079,1790576100.0,yes,0.8100000000000002,1.7921999999999985,0.1078,False,20260928T000014Z-ad8c558f0e9c4ea3a763986fea0c3916,3.0,0.5
KXETH15M-26SEP280215-15,0.5,1790575608.5622516,1790576100.0,yes,0.8379999999999999,1.524900000000001,0.0951,False,20260928T000014Z-ad8c558f0e9c4ea3a763986fea0c3916,1.0,0.55
KXETH15M-26SEP280215-15,0.55,1790575609.5625098,1790576100.0,yes,0.8100000000000002,1.7921999999999985,0.1078,False,20260928T000014Z-ad8c558f0e9c4ea3a763986fea0c3916,1.0,0.5
KXETH15M-26SEP280215-15,0.55,1790575609.5625098,1790576100.0,yes,0.8100000000000002,1.7921999999999985,0.1078,False,20260928T000014Z-ad8c558f0e9c4ea3a763986fea0c3916,0.5,0.5
KXETH15M-26SEP280215-15,0.55,1790575611.5804248,1790576100.0,yes,0.8100000000000002,1.7921999999999985,0.1078,False,20260928T000014Z-ad8c558f0e9c4ea3a763986fea0c3916,3.0,0.5
KXETH15M-26SEP280215-15,0.55,1790575609.5625098,1790576100.0,yes,0.8100000000000002,1.7921999999999985,0.1078,False,20260928T000014Z-ad8c558f0e9c4ea3a763986fea0c3916,1.0,0.55
KXETH15M-26SEP280215-15,0.6,1790575609.5625098,1790576100.0,yes,0.8100000000000002,1.7921999999999985,0.1078,False,20260928T000014Z-ad8c558f0e9c4ea3a763986fea0c3916,1.0,0.5
KXETH15M-26SEP280215-15,0.6,1790575609.5625098,1790576100.0,yes,0.8100000000000002,1.7921999999999985,0.1078,False,20260928T000014Z-ad8c558f0e9c4ea3a763986fea0c3916,0.5,0.5
KXETH15M-26SEP280215-15,0.6,1790575611.5804248,1790576100.0,yes,0.8100000000000002,1.7921999999999985,0.1078,False,20260928T000014Z-ad8c558f0e9c4ea3a763986fea0c3916,3.0,0.5
KXETH15M-26SEP280215-15,0.6,1790575609.5625098,1790576100.0,yes,0.8100000000000002,1.7921999999999985,0.1078,False,20260928T000014Z-ad8c558f0e9c4ea3a763986fea0c3916,1.0,0.55
KXETH15M-26SEP280215-15,0.65,1790575624.6482546,1790576100.0,yes,0.86,1.3157000000000003,0.0843,False,20260928T000014Z-ad8c558f0e9c4ea3a763986fea0c3916,1.0,0.5
KXETH15M-26SEP280215-15,0.65,1790575623.6458025,1790576100.0,yes,0.85,1.4107,0.0893,False,20260928T000014Z-ad8c558f0e9c4ea3a763986fea0c3916,0.5,0.5
KXETH15M-26SEP280215-15,0.65,1790575626.6518385,1790576100.0,yes,0.86,1.3157000000000003,0.0843,False,20260928T000014Z-ad8c558f0e9c4ea3a763986fea0c3916,3.0,0.5
KXETH15M-26SEP280215-15,0.65,1790575624.6482546,1790576100.0,yes,0.86,1.3157000000000003,0.0843,False,20260928T000014Z-ad8c558f0e9c4ea3a763986fea0c3916,1.0,0.55
KXETH15M-26SEP280215-15,0.7,1790575646.7510612,1790576100.0,yes,0.86,1.3157000000000003,0.0843,False,20260928T000014Z-ad8c558f0e9c4ea3a763986fea0c3916,1.0,0.5
KXETH15M-26SEP280215-15,0.7,1790575645.74751,1790576100.0,yes,0.8800000000000001,1.1259999999999992,0.074,False,20260928T000014Z-ad8c558f0e9c4ea3a763986fea0c3916,0.5,0.5
KXETH15M-26SEP280215-15,0.7,1790575648.7601583,1790576100.0,yes,0.8299999999999998,1.601200000000001,0.0988,False,20260928T000014Z-ad8c558f0e9c4ea3a763986fea0c3916,3.0,0.5
KXETH15M-26SEP280215-15,0.7,1790575646.7510612,1790576100.0,yes,0.86,1.3157000000000003,0.0843,False,20260928T000014Z-ad8c558f0e9c4ea3a763986fea0c3916,1.0,0.55
KXETH15M-26SEP280215-15,0.75,1790575660.8122077,1790576100.0,yes,0.89,1.0313999999999997,0.0686,False,20260928T000014Z-ad8c558f0e9c4ea3a763986fea0c3916,1.0,0.5
KXETH15M-26SEP280215-15,0.75,1790575659.801059,1790576100.0,yes,0.89,1.0313999999999997,0.0686,False,20260928T000014Z-ad8c558f0e9c4ea3a763986fea0c3916,0.5,0.5
KXETH15M-26SEP280215-15,0.75,1790575662.8175123,1790576100.0,yes,0.89,1.0313999999999997,0.0686,False,20260928T000014Z-ad8c558f0e9c4ea3a763986fea0c3916,3.0,0.5
KXETH15M-26SEP280215-15,0.75,1790575660.8122077,1790576100.0,yes,0.89,1.0313999999999997,0.0686,False,20260928T000014Z-ad8c558f0e9c4ea3a763986fea0c3916,1.0,0.55
KXETH15M-26SEP280215-15,0.8,1790575801.491426,1790576100.0,yes,0.9120000000000001,0.823799999999999,0.0562,False,20260928T000014Z-ad8c558f0e9c4ea3a763986fea0c3916,1.0,0.5
KXETH15M-26SEP280215-15,0.8,1790575801.491426,1790576100.0,yes,0.9120000000000001,0.823799999999999,0.0562,False,20260928T000014Z-ad8c558f0e9c4ea3a763986fea0c3916,0.5,0.5
KXETH15M-26SEP280215-15,0.8,1790575803.502355,1790576100.0,yes,0.907,0.8708999999999997,0.0591,False,20260928T000014Z-ad8c558f0e9c4ea3a763986fea0c3916,3.0,0.5
KXETH15M-26SEP280215-15,0.8,1790575801.491426,1790576100.0,yes,0.9120000000000001,0.823799999999999,0.0562,False,20260928T000014Z-ad8c558f0e9c4ea3a763986fea0c3916,1.0,0.55
KXETH15M-26SEP280215-15,0.85,1790575802.4992938,1790576100.0,yes,0.9108,0.8350999999999995,0.056900000000000006,False,20260928T000014Z-ad8c558f0e9c4ea3a763986fea0c3916,1.0,0.5
KXETH15M-26SEP280215-15,0.85,1790575802.4992938,1790576100.0,yes,0.9108,0.8350999999999995,0.056900000000000006,False,20260928T000014Z-ad8c558f0e9c4ea3a763986fea0c3916,0.5,0.5
KXETH15M-26SEP280215-15,0.85,1790575804.5059414,1790576100.0,yes,0.9111,0.8322999999999994,0.0567,False,20260928T000014Z-ad8c558f0e9c4ea3a763986fea0c3916,3.0,0.5
KXETH15M-26SEP280215-15,0.85,1790575802.4992938,1790576100.0,yes,0.9108,0.8350999999999995,0.056900000000000006,False,20260928T000014Z-ad8c558f0e9c4ea3a763986fea0c3916,1.0,0.55
KXETH15M-26SEP280215-15,0.9,1790575834.6567008,1790576100.0,yes,0.9490000000000001,0.4760999999999998,0.0339,False,20260928T000014Z-ad8c558f0e9c4ea3a763986fea0c3916,1.0,0.5
KXETH15M-26SEP280215-15,0.9,1790575834.6567008,1790576100.0,yes,0.9490000000000001,0.4760999999999998,0.0339,False,20260928T000014Z-ad8c558f0e9c4ea3a763986fea0c3916,0.5,0.5
KXETH15M-26SEP280215-15,0.9,1790575836.67223,1790576100.0,yes,0.9480000000000001,0.48539999999999955,0.0346,False,20260928T000014Z-ad8c558f0e9c4ea3a763986fea0c3916,3.0,0.5
KXETH15M-26SEP280215-15,0.9,1790575834.6567008,1790576100.0,yes,0.9490000000000001,0.4760999999999998,0.0339,False,20260928T000014Z-ad8c558f0e9c4ea3a763986fea0c3916,1.0,0.55
KXETH15M-26SEP280215-15,0.95,1790575837.676652,1790576100.0,yes,0.946,0.5042000000000009,0.0358,False,20260928T000014Z-ad8c558f0e9c4ea3a763986fea0c3916,1.0,0.5
KXETH15M-26SEP280215-15,0.95,1790575836.67223,1790576100.0,yes,0.9480000000000001,0.48539999999999955,0.0346,False,20260928T000014Z-ad8c558f0e9c4ea3a763986fea0c3916,0.5,0.5
KXETH15M-26SEP280215-15,0.95,1790575839.6921751,1790576100.0,yes,0.9431999999999998,0.5304000000000014,0.0376,False,20260928T000014Z-ad8c558f0e9c4ea3a763986fea0c3916,3.0,0.5
KXETH15M-26SEP280215-15,0.95,1790575837.676652,1790576100.0,yes,0.946,0.5042000000000009,0.0358,False,20260928T000014Z-ad8c558f0e9c4ea3a763986fea0c3916,1.0,0.55
KXETH15M-26SEP280215-15,1.0,1790575861.8039184,1790576100.0,yes,0.9570000000000001,0.40109999999999973,0.0289,False,20260928T000014Z-ad8c558f0e9c4ea3a763986fea0c3916,1.0,0.5
KXETH15M-26SEP280215-15,1.0,1790575860.799629,1790576100.0,yes,0.96,0.3731000000000004,0.0269,False,20260928T000014Z-ad8c558f0e9c4ea3a763986fea0c3916,0.5,0.5
KXETH15M-26SEP280215-15,1.0,1790575861.8039184,1790576100.0,yes,0.9570000000000001,0.40109999999999973,0.0289,False,20260928T000014Z-ad8c558f0e9c4ea3a763986fea0c3916,1.0,0.55
KXETH15M-26OCT021215-15,0.5,1790957101.2279253,1790957288.8172333,yes,0.8800000000000001,-3.9490000000000007,0.249,True,20261002T155822Z-ea8c609c04bb4d21a433db2eb9b6a306,1.0,0.5
KXETH15M-26OCT021215-15,0.5,1790957101.2279253,1790957288.8172333,yes,0.8800000000000001,-3.9490000000000007,0.249,True,20261002T155822Z-ea8c609c04bb4d21a433db2eb9b6a306,0.5,0.5
KXETH15M-26OCT021215-15,0.5,1790957103.2299023,1790957290.734736,yes,0.89,-4.1436,0.24359999999999998,True,20261002T155822Z-ea8c609c04bb4d21a433db2eb9b6a306,3.0,0.5
KXETH15M-26OCT021215-15,0.5,1790957101.2279253,1790957282.7024832,yes,0.8800000000000001,-3.7483999999999997,0.2484,True,20261002T155822Z-ea8c609c04bb4d21a433db2eb9b6a306,1.0,0.55
KXETH15M-26OCT021215-15,0.55,1790957101.2279253,1790957288.8172333,yes,0.8800000000000001,-3.9490000000000007,0.249,True,20261002T155822Z-ea8c609c04bb4d21a433db2eb9b6a306,1.0,0.5
KXETH15M-26OCT021215-15,0.55,1790957101.2279253,1790957288.8172333,yes,0.8800000000000001,-3.9490000000000007,0.249,True,20261002T155822Z-ea8c609c04bb4d21a433db2eb9b6a306,0.5,0.5
KXETH15M-26OCT021215-15,0.55,1790957103.2299023,1790957290.734736,yes,0.89,-4.1436,0.24359999999999998,True,20261002T155822Z-ea8c609c04bb4d21a433db2eb9b6a306,3.0,0.5
KXETH15M-26OCT021215-15,0.55,1790957101.2279253,1790957282.7024832,yes,0.8800000000000001,-3.7483999999999997,0.2484,True,20261002T155822Z-ea8c609c04bb4d21a433db2eb9b6a306,1.0,0.55
KXETH15M-26OCT021215-15,0.6,1790957101.2279253,1790957288.8172333,yes,0.8800000000000001,-3.9490000000000007,0.249,True,20261002T155822Z-ea8c609c04bb4d21a433db2eb9b6a306,1.0,0.5
KXETH15M-26OCT021215-15,0.6,1790957101.2279253,1790957288.8172333,yes,0.8800000000000001,-3.9490000000000007,0.249,True,20261002T155822Z-ea8c609c04bb4d21a433db2eb9b6a306,0.5,0.5
KXETH15M-26OCT021215-15,0.6,1790957103.2299023,1790957290.734736,yes,0.89,-4.1436,0.24359999999999998,True,20261002T155822Z-ea8c609c04bb4d21a433db2eb9b6a306,3.0,0.5
KXETH15M-26OCT021215-15,0.6,1790957101.2279253,1790957282.7024832,yes,0.8800000000000001,-3.7483999999999997,0.2484,True,20261002T155822Z-ea8c609c04bb4d21a433db2eb9b6a306,1.0,0.55
KXETH15M-26OCT021215-15,0.65,1790957101.2279253,1790957288.8172333,yes,0.8800000000000001,-3.9490000000000007,0.249,True,20261002T155822Z-ea8c609c04bb4d21a433db2eb9b6a306,1.0,0.5
KXETH15M-26OCT021215-15,0.65,1790957101.2279253,1790957288.8172333,yes,0.8800000000000001,-3.9490000000000007,0.249,True,20261002T155822Z-ea8c609c04bb4d21a433db2eb9b6a306,0.5,0.5
KXETH15M-26OCT021215-15,0.65,1790957103.2299023,1790957290.734736,yes,0.89,-4.1436,0.24359999999999998,True,20261002T155822Z-ea8c609c04bb4d21a433db2eb9b6a306,3.0,0.5
KXETH15M-26OCT021215-15,0.65,1790957101.2279253,1790957282.7024832,yes,0.8800000000000001,-3.7483999999999997,0.2484,True,20261002T155822Z-ea8c609c04bb4d21a433db2eb9b6a306,1.0,0.55
KXETH15M-26OCT021215-15,0.7,1790957101.2279253,1790957288.8172333,yes,0.8800000000000001,-3.9490000000000007,0.249,True,20261002T155822Z-ea8c609c04bb4d21a433db2eb9b6a306,1.0,0.5
KXETH15M-26OCT021215-15,0.7,1790957101.2279253,1790957288.8172333,yes,0.8800000000000001,-3.9490000000000007,0.249,True,20261002T155822Z-ea8c609c04bb4d21a433db2eb9b6a306,0.5,0.5
KXETH15M-26OCT021215-15,0.7,1790957103.2299023,1790957290.734736,yes,0.89,-4.1436,0.24359999999999998,True,20261002T155822Z-ea8c609c04bb4d21a433db2eb9b6a306,3.0,0.5
KXETH15M-26OCT021215-15,0.7,1790957101.2279253,1790957282.7024832,yes,0.8800000000000001,-3.7483999999999997,0.2484,True,20261002T155822Z-ea8c609c04bb4d21a433db2eb9b6a306,1.0,0.55
KXETH15M-26OCT021215-15,0.75,1790957101.2279253,1790957288.8172333,yes,0.8800000000000001,-3.9490000000000007,0.249,True,20261002T155822Z-ea8c609c04bb4d21a433db2eb9b6a306,1.0,0.5
KXETH15M-26OCT021215-15,0.75,1790957101.2279253,1790957288.8172333,yes,0.8800000000000001,-3.9490000000000007,0.249,True,20261002T155822Z-ea8c609c04bb4d21a433db2eb9b6a306,0.5,0.5
KXETH15M-26OCT021215-15,0.75,1790957103.2299023,1790957290.734736,yes,0.89,-4.1436,0.24359999999999998,True,20261002T155822Z-ea8c609c04bb4d21a433db2eb9b6a306,3.0,0.5
KXETH15M-26OCT021215-15,0.75,1790957101.2279253,1790957282.7024832,yes,0.8800000000000001,-3.7483999999999997,0.2484,True,20261002T155822Z-ea8c609c04bb4d21a433db2eb9b6a306,1.0,0.55
KXETH15M-26OCT021215-15,0.8,1790957101.2279253,1790957288.8172333,yes,0.8800000000000001,-3.9490000000000007,0.249,True,20261002T155822Z-ea8c609c04bb4d21a433db2eb9b6a306,1.0,0.5
KXETH15M-26OCT021215-15,0.8,1790957101.2279253,1790957288.8172333,yes,0.8800000000000001,-3.9490000000000007,0.249,True,20261002T155822Z-ea8c609c04bb4d21a433db2eb9b6a306,0.5,0.5
KXETH15M-26OCT021215-15,0.8,1790957103.2299023,1790957290.734736,yes,0.89,-4.1436,0.24359999999999998,True,20261002T155822Z-ea8c609c04bb4d21a433db2eb9b6a306,3.0,0.5
KXETH15M-26OCT021215-15,0.8,1790957101.2279253,1790957282.7024832,yes,0.8800000000000001,-3.7483999999999997,0.2484,True,20261002T155822Z-ea8c609c04bb4d21a433db2eb9b6a306,1.0,0.55
KXETH15M-26OCT021215-15,0.85,1790957101.2279253,1790957288.8172333,yes,0.8800000000000001,-3.9490000000000007,0.249,True,20261002T155822Z-ea8c609c04bb4d21a433db2eb9b6a306,1.0,0.5
KXETH15M-26OCT021215-15,0.85,1790957101.2279253,1790957288.8172333,yes,0.8800000000000001,-3.9490000000000007,0.249,True,20261002T155822Z-ea8c609c04bb4d21a433db2eb9b6a306,0.5,0.5
KXETH15M-26OCT021215-15,0.85,1790957103.2299023,1790957290.734736,yes,0.89,-4.1436,0.24359999999999998,True,20261002T155822Z-ea8c609c04bb4d21a433db2eb9b6a306,3.0,0.5
KXETH15M-26OCT021215-15,0.85,1790957101.2279253,1790957282.7024832,yes,0.8800000000000001,-3.7483999999999997,0.2484,True,20261002T155822Z-ea8c609c04bb4d21a433db2eb9b6a306,1.0,0.55
KXETH15M-26OCT021215-15,0.9,1790957101.2279253,1790957288.8172333,yes,0.8800000000000001,-3.9490000000000007,0.249,True,20261002T155822Z-ea8c609c04bb4d21a433db2eb9b6a306,1.0,0.5
KXETH15M-26OCT021215-15,0.9,1790957101.2279253,1790957288.8172333,yes,0.8800000000000001,-3.9490000000000007,0.249,True,20261002T155822Z-ea8c609c04bb4d21a433db2eb9b6a306,0.5,0.5
KXETH15M-26OCT021215-15,0.9,1790957103.2299023,1790957290.734736,yes,0.89,-4.1436,0.24359999999999998,True,20261002T155822Z-ea8c609c04bb4d21a433db2eb9b6a306,3.0,0.5
KXETH15M-26OCT021215-15,0.9,1790957101.2279253,1790957282.7024832,yes,0.8800000000000001,-3.7483999999999997,0.2484,True,20261002T155822Z-ea8c609c04bb4d21a433db2eb9b6a306,1.0,0.55
KXETH15M-26OCT021215-15,0.95,1790957101.2279253,1790957288.8172333,yes,0.8800000000000001,-3.9490000000000007,0.249,True,20261002T155822Z-ea8c609c04bb4d21a433db2eb9b6a306,1.0,0.5
KXETH15M-26OCT021215-15,0.95,1790957101.2279253,1790957288.8172333,yes,0.8800000000000001,-3.9490000000000007,0.249,True,20261002T155822Z-ea8c609c04bb4d21a433db2eb9b6a306,0.5,0.5
KXETH15M-26OCT021215-15,0.95,1790957103.2299023,1790957290.734736,yes,0.89,-4.1436,0.24359999999999998,True,20261002T155822Z-ea8c609c04bb4d21a433db2eb9b6a306,3.0,0.5
KXETH15M-26OCT021215-15,0.95,1790957101.2279253,1790957282.7024832,yes,0.8800000000000001,-3.7483999999999997,0.2484,True,20261002T155822Z-ea8c609c04bb4d21a433db2eb9b6a306,1.0,0.55
KXETH15M-26OCT021215-15,1.0,1790957101.2279253,1790957288.8172333,yes,0.8800000000000001,-3.9490000000000007,0.249,True,20261002T155822Z-ea8c609c04bb4d21a433db2eb9b6a306,1.0,0.5
KXETH15M-26OCT021215-15,1.0,1790957101.2279253,1790957288.8172333,yes,0.8800000000000001,-3.9490000000000007,0.249,True,20261002T155822Z-ea8c609c04bb4d21a433db2eb9b6a306,0.5,0.5
KXETH15M-26OCT021215-15,1.0,1790957103.2299023,1790957290.734736,yes,0.89,-4.1436,0.24359999999999998,True,20261002T155822Z-ea8c609c04bb4d21a433db2eb9b6a306,3.0,0.5
KXETH15M-26OCT021215-15,1.0,1790957101.2279253,1790957282.7024832,yes,0.8800000000000001,-3.7483999999999997,0.2484,True,20261002T155822Z-ea8c609c04bb4d21a433db2eb9b6a306,1.0,0.55
KXETH15M-26OCT021215-15,1.05,1790957101.2279253,1790957288.8172333,yes,0.8800000000000001,-3.9490000000000007,0.249,True,20261002T155822Z-ea8c609c04bb4d21a433db2eb9b6a306,1.0,0.5
KXETH15M-26OCT021215-15,1.05,1790957101.2279253,1790957288.8172333,yes,0.8800000000000001,-3.9490000000000007,0.249,True,20261002T155822Z-ea8c609c04bb4d21a433db2eb9b6a306,0.5,0.5
KXETH15M-26OCT021215-15,1.05,1790957103.2299023,1790957290.734736,yes,0.89,-4.1436,0.24359999999999998,True,20261002T155822Z-ea8c609c04bb4d21a433db2eb9b6a306,3.0,0.5
KXETH15M-26OCT021215-15,1.05,1790957101.2279253,1790957282.7024832,yes,0.8800000000000001,-3.7483999999999997,0.2484,True,20261002T155822Z-ea8c609c04bb4d21a433db2eb9b6a306,1.0,0.55
KXETH15M-26OCT021215-15,1.1,1790957101.2279253,1790957288.8172333,yes,0.8800000000000001,-3.9490000000000007,0.249,True,20261002T155822Z-ea8c609c04bb4d21a433db2eb9b6a306,1.0,0.5
KXETH15M-26OCT021215-15,1.1,1790957101.2279253,1790957288.8172333,yes,0.8800000000000001,-3.9490000000000007,0.249,True,20261002T155822Z-ea8c609c04bb4d21a433db2eb9b6a306,0.5,0.5
KXETH15M-26OCT021215-15,1.1,1790957103.2299023,1790957290.734736,yes,0.89,-4.1436,0.24359999999999998,True,20261002T155822Z-ea8c609c04bb4d21a433db2eb9b6a306,3.0,0.5
KXETH15M-26OCT021215-15,1.1,1790957101.2279253,1790957282.7024832,yes,0.8800000000000001,-3.7483999999999997,0.2484,True,20261002T155822Z-ea8c609c04bb4d21a433db2eb9b6a306,1.0,0.55
KXETH15M-26OCT021215-15,1.15,1790957101.2279253,1790957288.8172333,yes,0.8800000000000001,-3.9490000000000007,0.249,True,20261002T155822Z-ea8c609c04bb4d21a433db2eb9b6a306,1.0,0.5
KXETH15M-26OCT021215-15,1.15,1790957101.2279253,1790957288.8172333,yes,0.8800000000000001,-3.9490000000000007,0.249,True,20261002T155822Z-ea8c609c04bb4d21a433db2eb9b6a306,0.5,0.5
KXETH15M-26OCT021215-15,1.15,1790957103.2299023,1790957290.734736,yes,0.89,-4.1436,0.24359999999999998,True,20261002T155822Z-ea8c609c04bb4d21a433db2eb9b6a306,3.0,0.5
KXETH15M-26OCT021215-15,1.15,1790957101.2279253,1790957282.7024832,yes,0.8800000000000001,-3.7483999999999997,0.2484,True,20261002T155822Z-ea8c609c04bb4d21a433db2eb9b6a306,1.0,0.55
KXETH15M-26OCT021215-15,1.2,1790957101.2279253,1790957288.8172333,yes,0.8800000000000001,-3.9490000000000007,0.249,True,20261002T155822Z-ea8c609c04bb4d21a433db2eb9b6a306,1.0,0.5
KXETH15M-26OCT021215-15,1.2,1790957101.2279253,1790957288.8172333,yes,0.8800000000000001,-3.9490000000000007,0.249,True,20261002T155822Z-ea8c609c04bb4d21a433db2eb9b6a306,0.5,0.5
KXETH15M-26OCT021215-15,1.2,1790957103.2299023,1790957290.734736,yes,0.89,-4.1436,0.24359999999999998,True,20261002T155822Z-ea8c609c04bb4d21a433db2eb9b6a306,3.0,0.5
KXETH15M-26OCT021215-15,1.2,1790957101.2279253,1790957282.7024832,yes,0.8800000000000001,-3.7483999999999997,0.2484,True,20261002T155822Z-ea8c609c04bb4d21a433db2eb9b6a306,1.0,0.55
KXETH15M-26OCT021215-15,1.25,1790957101.2279253,1790957288.8172333,yes,0.8800000000000001,-3.9490000000000007,0.249,True,20261002T155822Z-ea8c609c04bb4d21a433db2eb9b6a306,1.0,0.5
KXETH15M-26OCT021215-15,1.25,1790957101.2279253,1790957288.8172333,yes,0.8800000000000001,-3.9490000000000007,0.249,True,20261002T155822Z-ea8c609c04bb4d21a433db2eb9b6a306,0.5,0.5
KXETH15M-26OCT021215-15,1.25,1790957103.2299023,1790957290.734736,yes,0.89,-4.1436,0.24359999999999998,True,20261002T155822Z-ea8c609c04bb4d21a433db2eb9b6a306,3.0,0.5
KXETH15M-26OCT021215-15,1.25,1790957101.2279253,1790957282.7024832,yes,0.8800000000000001,-3.7483999999999997,0.2484,True,20261002T155822Z-ea8c609c04bb4d21a433db2eb9b6a306,1.0,0.55
KXETH15M-26OCT021215-15,1.3,1790957101.2279253,1790957288.8172333,yes,0.8800000000000001,-3.9490000000000007,0.249,True,20261002T155822Z-ea8c609c04bb4d21a433db2eb9b6a306,1.0,0.5
KXETH15M-26OCT021215-15,1.3,1790957101.2279253,1790957288.8172333,yes,0.8800000000000001,-3.9490000000000007,0.249,True,20261002T155822Z-ea8c609c04bb4d21a433db2eb9b6a306,0.5,0.5
KXETH15M-26OCT021215-15,1.3,1790957103.2299023,1790957290.734736,yes,0.89,-4.1436,0.24359999999999998,True,20261002T155822Z-ea8c609c04bb4d21a433db2eb9b6a306,3.0,0.5
KXETH15M-26OCT021215-15,1.3,1790957101.2279253,1790957282.7024832,yes,0.8800000000000001,-3.7483999999999997,0.2484,True,20261002T155822Z-ea8c609c04bb4d21a433db2eb9b6a306,1.0,0.55
KXETH15M-26OCT021215-15,1.35,1790957101.2279253,1790957288.8172333,yes,0.8800000000000001,-3.9490000000000007,0.249,True,20261002T155822Z-ea8c609c04bb4d21a433db2eb9b6a306,1.0,0.5
KXETH15M-26OCT021215-15,1.35,1790957101.2279253,1790957288.8172333,yes,0.8800000000000001,-3.9490000000000007,0.249,True,20261002T155822Z-ea8c609c04bb4d21a433db2eb9b6a306,0.5,0.5
KXETH15M-26OCT021215-15,1.35,1790957103.2299023,1790957290.734736,yes,0.89,-4.1436,0.24359999999999998,True,20261002T155822Z-ea8c609c04bb4d21a433db2eb9b6a306,3.0,0.5
KXETH15M-26OCT021215-15,1.35,1790957101.2279253,1790957282.7024832,yes,0.8800000000000001,-3.7483999999999997,0.2484,True,20261002T155822Z-ea8c609c04bb4d21a433db2eb9b6a306,1.0,0.55
KXETH15M-26OCT021215-15,1.4,1790957101.2279253,1790957288.8172333,yes,0.8800000000000001,-3.9490000000000007,0.249,True,20261002T155822Z-ea8c609c04bb4d21a433db2eb9b6a306,1.0,0.5
KXETH15M-26OCT021215-15,1.4,1790957101.2279253,1790957288.8172333,yes,0.8800000000000001,-3.9490000000000007,0.249,True,20261002T155822Z-ea8c609c04bb4d21a433db2eb9b6a306,0.5,0.5
KXETH15M-26OCT021215-15,1.4,1790957103.2299023,1790957290.734736,yes,0.89,-4.1436,0.24359999999999998,True,20261002T155822Z-ea8c609c04bb4d21a433db2eb9b6a306,3.0,0.5
KXETH15M-26OCT021215-15,1.4,1790957101.2279253,1790957282.7024832,yes,0.8800000000000001,-3.7483999999999997,0.2484,True,20261002T155822Z-ea8c609c04bb4d21a433db2eb9b6a306,1.0,0.55
KXETH15M-26OCT021215-15,1.45,1790957101.2279253,1790957288.8172333,yes,0.8800000000000001,-3.9490000000000007,0.249,True,20261002T155822Z-ea8c609c04bb4d21a433db2eb9b6a306,1.0,0.5
KXETH15M-26OCT021215-15,1.45,1790957101.2279253,1790957288.8172333,yes,0.8800000000000001,-3.9490000000000007,0.249,True,20261002T155822Z-ea8c609c04bb4d21a433db2eb9b6a306,0.5,0.5
KXETH15M-26OCT021215-15,1.45,1790957103.2299023,1790957290.734736,yes,0.89,-4.1436,0.24359999999999998,True,20261002T155822Z-ea8c609c04bb4d21a433db2eb9b6a306,3.0,0.5
KXETH15M-26OCT021215-15,1.45,1790957101.2279253,1790957282.7024832,yes,0.8800000000000001,-3.7483999999999997,0.2484,True,20261002T155822Z-ea8c609c04bb4d21a433db2eb9b6a306,1.0,0.55
KXETH15M-26OCT021215-15,1.5,1790957101.2279253,1790957288.8172333,yes,0.8800000000000001,-3.9490000000000007,0.249,True,20261002T155822Z-ea8c609c04bb4d21a433db2eb9b6a306,1.0,0.5
KXETH15M-26OCT021215-15,1.5,1790957101.2279253,1790957288.8172333,yes,0.8800000000000001,-3.9490000000000007,0.249,True,20261002T155822Z-ea8c609c04bb4d21a433db2eb9b6a306,0.5,0.5
KXETH15M-26OCT021215-15,1.5,1790957103.2299023,1790957290.734736,yes,0.89,-4.1436,0.24359999999999998,True,20261002T155822Z-ea8c609c04bb4d21a433db2eb9b6a306,3.0,0.5
KXETH15M-26OCT021215-15,1.5,1790957101.2279253,1790957282.7024832,yes,0.8800000000000001,-3.7483999999999997,0.2484,True,20261002T155822Z-ea8c609c04bb4d21a433db2eb9b6a306,1.0,0.55
KXETH15M-26OCT021215-15,1.55,1790957101.2279253,1790957288.8172333,yes,0.8800000000000001,-3.9490000000000007,0.249,True,20261002T155822Z-ea8c609c04bb4d21a433db2eb9b6a306,1.0,0.5
KXETH15M-26OCT021215-15,1.55,1790957101.2279253,1790957288.8172333,yes,0.8800000000000001,-3.9490000000000007,0.249,True,20261002T155822Z-ea8c609c04bb4d21a433db2eb9b6a306,0.5,0.5
KXETH15M-26OCT021215-15,1.55,1790957103.2299023,1790957290.734736,yes,0.89,-4.1436,0.24359999999999998,True,20261002T155822Z-ea8c609c04bb4d21a433db2eb9b6a306,3.0,0.5
KXETH15M-26OCT021215-15,1.55,1790957101.2279253,1790957282.7024832,yes,0.8800000000000001,-3.7483999999999997,0.2484,True,20261002T155822Z-ea8c609c04bb4d21a433db2eb9b6a306,1.0,0.55
KXETH15M-26OCT021215-15,1.6,1790957101.2279253,1790957288.8172333,yes,0.8800000000000001,-3.9490000000000007,0.249,True,20261002T155822Z-ea8c609c04bb4d21a433db2eb9b6a306,1.0,0.5
KXETH15M-26OCT021215-15,1.6,1790957101.2279253,1790957288.8172333,yes,0.8800000000000001,-3.9490000000000007,0.249,True,20261002T155822Z-ea8c609c04bb4d21a433db2eb9b6a306,0.5,0.5
KXETH15M-26OCT021215-15,1.6,1790957103.2299023,1790957290.734736,yes,0.89,-4.1436,0.24359999999999998,True,20261002T155822Z-ea8c609c04bb4d21a433db2eb9b6a306,3.0,0.5
KXETH15M-26OCT021215-15,1.6,1790957101.2279253,1790957282.7024832,yes,0.8800000000000001,-3.7483999999999997,0.2484,True,20261002T155822Z-ea8c609c04bb4d21a433db2eb9b6a306,1.0,0.55
KXETH15M-26OCT021215-15,1.65,1790957101.2279253,1790957288.8172333,yes,0.8800000000000001,-3.9490000000000007,0.249,True,20261002T155822Z-ea8c609c04bb4d21a433db2eb9b6a306,1.0,0.5
KXETH15M-26OCT021215-15,1.65,1790957101.2279253,1790957288.8172333,yes,0.8800000000000001,-3.9490000000000007,0.249,True,20261002T155822Z-ea8c609c04bb4d21a433db2eb9b6a306,0.5,0.5
KXETH15M-26OCT021215-15,1.65,1790957103.2299023,1790957290.734736,yes,0.89,-4.1436,0.24359999999999998,True,20261002T155822Z-ea8c609c04bb4d21a433db2eb9b6a306,3.0,0.5
KXETH15M-26OCT021215-15,1.65,1790957101.2279253,1790957282.7024832,yes,0.8800000000000001,-3.7483999999999997,0.2484,True,20261002T155822Z-ea8c609c04bb4d21a433db2eb9b6a306,1.0,0.55
KXETH15M-26OCT021215-15,1.7,1790957101.2279253,1790957288.8172333,yes,0.8800000000000001,-3.9490000000000007,0.249,True,20261002T155822Z-ea8c609c04bb4d21a433db2eb9b6a306,1.0,0.5
KXETH15M-26OCT021215-15,1.7,1790957101.2279253,1790957288.8172333,yes,0.8800000000000001,-3.9490000000000007,0.249,True,20261002T155822Z-ea8c609c04bb4d21a433db2eb9b6a306,0.5,0.5
KXETH15M-26OCT021215-15,1.7,1790957103.2299023,1790957290.734736,yes,0.89,-4.1436,0.24359999999999998,True,20261002T155822Z-ea8c609c04bb4d21a433db2eb9b6a306,3.0,0.5
KXETH15M-26OCT021215-15,1.7,1790957101.2279253,1790957282.7024832,yes,0.8800000000000001,-3.7483999999999997,0.2484,True,20261002T155822Z-ea8c609c04bb4d21a433db2eb9b6a306,1.0,0.55
KXETH15M-26OCT021215-15,1.75,1790957101.2279253,1790957288.8172333,yes,0.8800000000000001,-3.9490000000000007,0.249,True,20261002T155822Z-ea8c609c04bb4d21a433db2eb9b6a306,1.0,0.5
KXETH15M-26OCT021215-15,1.75,1790957101.2279253,1790957288.8172333,yes,0.8800000000000001,-3.9490000000000007,0.249,True,20261002T155822Z-ea8c609c04bb4d21a433db2eb9b6a306,0.5,0.5
KXETH15M-26OCT021215-15,1.75,1790957103.2299023,1790957290.734736,yes,0.89,-4.1436,0.24359999999999998,True,20261002T155822Z-ea8c609c04bb4d21a433db2eb9b6a306,3.0,0.5
KXETH15M-26OCT021215-15,1.75,1790957101.2279253,1790957282.7024832,yes,0.8800000000000001,-3.7483999999999997,0.2484,True,20261002T155822Z-ea8c609c04bb4d21a433db2eb9b6a306,1.0,0.55
KXETH15M-26OCT021215-15,1.8,1790957101.2279253,1790957288.8172333,yes,0.8800000000000001,-3.9490000000000007,0.249,True,20261002T155822Z-ea8c609c04bb4d21a433db2eb9b6a306,1.0,0.5
KXETH15M-26OCT021215-15,1.8,1790957101.2279253,1790957288.8172333,yes,0.8800000000000001,-3.9490000000000007,0.249,True,20261002T155822Z-ea8c609c04bb4d21a433db2eb9b6a306,0.5,0.5
KXETH15M-26OCT021215-15,1.8,1790957103.2299023,1790957290.734736,yes,0.89,-4.1436,0.24359999999999998,True,20261002T155822Z-ea8c609c04bb4d21a433db2eb9b6a306,3.0,0.5
KXETH15M-26OCT021215-15,1.8,1790957101.2279253,1790957282.7024832,yes,0.8800000000000001,-3.7483999999999997,0.2484,True,20261002T155822Z-ea8c609c04bb4d21a433db2eb9b6a306,1.0,0.55
KXETH15M-26OCT021215-15,1.85,1790957101.2279253,1790957288.8172333,yes,0.8800000000000001,-3.9490000000000007,0.249,True,20261002T155822Z-ea8c609c04bb4d21a433db2eb9b6a306,1.0,0.5
KXETH15M-26OCT021215-15,1.85,1790957101.2279253,1790957288.8172333,yes,0.8800000000000001,-3.9490000000000007,0.249,True,20261002T155822Z-ea8c609c04bb4d21a433db2eb9b6a306,0.5,0.5
KXETH15M-26OCT021215-15,1.85,1790957103.2299023,1790957290.734736,yes,0.89,-4.1436,0.24359999999999998,True,20261002T155822Z-ea8c609c04bb4d21a433db2eb9b6a306,3.0,0.5
KXETH15M-26OCT021215-15,1.85,1790957101.2279253,1790957282.7024832,yes,0.8800000000000001,-3.7483999999999997,0.2484,True,20261002T155822Z-ea8c609c04bb4d21a433db2eb9b6a306,1.0,0.55
KXETH15M-26OCT021215-15,1.9,1790957101.2279253,1790957288.8172333,yes,0.8800000000000001,-3.9490000000000007,0.249,True,20261002T155822Z-ea8c609c04bb4d21a433db2eb9b6a306,1.0,0.5
KXETH15M-26OCT021215-15,1.9,1790957101.2279253,1790957288.8172333,yes,0.8800000000000001,-3.9490000000000007,0.249,True,20261002T155822Z-ea8c609c04bb4d21a433db2eb9b6a306,0.5,0.5
KXETH15M-26OCT021215-15,1.9,1790957103.2299023,1790957290.734736,yes,0.89,-4.1436,0.24359999999999998,True,20261002T155822Z-ea8c609c04bb4d21a433db2eb9b6a306,3.0,0.5
KXETH15M-26OCT021215-15,1.9,1790957101.2279253,1790957282.7024832,yes,0.8800000000000001,-3.7483999999999997,0.2484,True,20261002T155822Z-ea8c609c04bb4d21a433db2eb9b6a306,1.0,0.55
KXETH15M-26OCT021215-15,1.95,1790957101.2279253,1790957288.8172333,yes,0.8800000000000001,-3.9490000000000007,0.249,True,20261002T155822Z-ea8c609c04bb4d21a433db2eb9b6a306,1.0,0.5
KXETH15M-26OCT021215-15,1.95,1790957101.2279253,1790957288.8172333,yes,0.8800000000000001,-3.9490000000000007,0.249,True,20261002T155822Z-ea8c609c04bb4d21a433db2eb9b6a306,0.5,0.5
KXETH15M-26OCT021215-15,1.95,1790957103.2299023,1790957290.734736,yes,0.89,-4.1436,0.24359999999999998,True,20261002T155822Z-ea8c609c04bb4d21a433db2eb9b6a306,3.0,0.5
KXETH15M-26OCT021215-15,1.95,1790957101.2279253,1790957282.7024832,yes,0.8800000000000001,-3.7483999999999997,0.2484,True,20261002T155822Z-ea8c609c04bb4d21a433db2eb9b6a306,1.0,0.55
KXETH15M-26OCT021215-15,2.0,1790957101.2279253,1790957288.8172333,yes,0.8800000000000001,-3.9490000000000007,0.249,True,20261002T155822Z-ea8c609c04bb4d21a433db2eb9b6a306,1.0,0.5
KXETH15M-26OCT021215-15,2.0,1790957101.2279253,1790957288.8172333,yes,0.8800000000000001,-3.9490000000000007,0.249,True,20261002T155822Z-ea8c609c04bb4d21a433db2eb9b6a306,0.5,0.5
KXETH15M-26OCT021215-15,2.0,1790957103.2299023,1790957290.734736,yes,0.89,-4.1436,0.24359999999999998,True,20261002T155822Z-ea8c609c04bb4d21a433db2eb9b6a306,3.0,0.5
KXETH15M-26OCT021215-15,2.0,1790957101.2279253,1790957282.7024832,yes,0.8800000000000001,-3.7483999999999997,0.2484,True,20261002T155822Z-ea8c609c04bb4d21a433db2eb9b6a306,1.0,0.55
KXETH15M-26OCT021230-30,0.5,1790958287.203189,1790958341.0060575,no,0.8299999999999998,-2.971299999999998,0.2713,True,20261002T161736Z-ca8d5e70187843dea77657aff399f9f6,1.0,0.5
KXETH15M-26OCT021230-30,0.5,1790958287.203189,1790958340.0631764,no,0.8299999999999998,-3.1726999999999985,0.2727,True,20261002T161736Z-ca8d5e70187843dea77657aff399f9f6,0.5,0.5
KXETH15M-26OCT021230-30,0.5,1790958289.303989,1790958342.2008228,no,0.8400000000000001,-3.2680000000000002,0.268,True,20261002T161736Z-ca8d5e70187843dea77657aff399f9f6,3.0,0.5
KXETH15M-26OCT021230-30,0.5,1790958287.203189,1790958335.3909745,no,0.8299999999999998,-3.072099999999999,0.2721,True,20261002T161736Z-ca8d5e70187843dea77657aff399f9f6,1.0,0.55
KXETH15M-26OCT021230-30,0.55,1790958287.203189,1790958341.0060575,no,0.8299999999999998,-2.971299999999998,0.2713,True,20261002T161736Z-ca8d5e70187843dea77657aff399f9f6,1.0,0.5
KXETH15M-26OCT021230-30,0.55,1790958287.203189,1790958340.0631764,no,0.8299999999999998,-3.1726999999999985,0.2727,True,20261002T161736Z-ca8d5e70187843dea77657aff399f9f6,0.5,0.5
KXETH15M-26OCT021230-30,0.55,1790958289.303989,1790958342.2008228,no,0.8400000000000001,-3.2680000000000002,0.268,True,20261002T161736Z-ca8d5e70187843dea77657aff399f9f6,3.0,0.5
KXETH15M-26OCT021230-30,0.55,1790958287.203189,1790958335.3909745,no,0.8299999999999998,-3.072099999999999,0.2721,True,20261002T161736Z-ca8d5e70187843dea77657aff399f9f6,1.0,0.55
KXETH15M-26OCT021230-30,0.6,1790958287.203189,1790958341.0060575,no,0.8299999999999998,-2.971299999999998,0.2713,True,20261002T161736Z-ca8d5e70187843dea77657aff399f9f6,1.0,0.5
KXETH15M-26OCT021230-30,0.6,1790958287.203189,1790958340.0631764,no,0.8299999999999998,-3.1726999999999985,0.2727,True,20261002T161736Z-ca8d5e70187843dea77657aff399f9f6,0.5,0.5
KXETH15M-26OCT021230-30,0.6,1790958289.303989,1790958342.2008228,no,0.8400000000000001,-3.2680000000000002,0.268,True,20261002T161736Z-ca8d5e70187843dea77657aff399f9f6,3.0,0.5
KXETH15M-26OCT021230-30,0.6,1790958287.203189,1790958335.3909745,no,0.8299999999999998,-3.072099999999999,0.2721,True,20261002T161736Z-ca8d5e70187843dea77657aff399f9f6,1.0,0.55
KXETH15M-26OCT021230-30,0.65,1790958287.203189,1790958341.0060575,no,0.8299999999999998,-2.971299999999998,0.2713,True,20261002T161736Z-ca8d5e70187843dea77657aff399f9f6,1.0,0.5
KXETH15M-26OCT021230-30,0.65,1790958287.203189,1790958340.0631764,no,0.8299999999999998,-3.1726999999999985,0.2727,True,20261002T161736Z-ca8d5e70187843dea77657aff399f9f6,0.5,0.5
KXETH15M-26OCT021230-30,0.65,1790958289.303989,1790958342.2008228,no,0.8400000000000001,-3.2680000000000002,0.268,True,20261002T161736Z-ca8d5e70187843dea77657aff399f9f6,3.0,0.5
KXETH15M-26OCT021230-30,0.65,1790958287.203189,1790958335.3909745,no,0.8299999999999998,-3.072099999999999,0.2721,True,20261002T161736Z-ca8d5e70187843dea77657aff399f9f6,1.0,0.55
KXETH15M-26OCT021230-30,0.7,1790958287.203189,1790958341.0060575,no,0.8299999999999998,-2.971299999999998,0.2713,True,20261002T161736Z-ca8d5e70187843dea77657aff399f9f6,1.0,0.5
KXETH15M-26OCT021230-30,0.7,1790958287.203189,1790958340.0631764,no,0.8299999999999998,-3.1726999999999985,0.2727,True,20261002T161736Z-ca8d5e70187843dea77657aff399f9f6,0.5,0.5
KXETH15M-26OCT021230-30,0.7,1790958289.303989,1790958342.2008228,no,0.8400000000000001,-3.2680000000000002,0.268,True,20261002T161736Z-ca8d5e70187843dea77657aff399f9f6,3.0,0.5
KXETH15M-26OCT021230-30,0.7,1790958287.203189,1790958335.3909745,no,0.8299999999999998,-3.072099999999999,0.2721,True,20261002T161736Z-ca8d5e70187843dea77657aff399f9f6,1.0,0.55
KXETH15M-26OCT021230-30,0.75,1790958287.203189,1790958341.0060575,no,0.8299999999999998,-2.971299999999998,0.2713,True,20261002T161736Z-ca8d5e70187843dea77657aff399f9f6,1.0,0.5
KXETH15M-26OCT021230-30,0.75,1790958287.203189,1790958340.0631764,no,0.8299999999999998,-3.1726999999999985,0.2727,True,20261002T161736Z-ca8d5e70187843dea77657aff399f9f6,0.5,0.5
KXETH15M-26OCT021230-30,0.75,1790958289.303989,1790958342.2008228,no,0.8400000000000001,-3.2680000000000002,0.268,True,20261002T161736Z-ca8d5e70187843dea77657aff399f9f6,3.0,0.5
KXETH15M-26OCT021230-30,0.75,1790958287.203189,1790958335.3909745,no,0.8299999999999998,-3.072099999999999,0.2721,True,20261002T161736Z-ca8d5e70187843dea77657aff399f9f6,1.0,0.55
KXETH15M-26OCT021230-30,0.8,1790958287.203189,1790958341.0060575,no,0.8299999999999998,-2.971299999999998,0.2713,True,20261002T161736Z-ca8d5e70187843dea77657aff399f9f6,1.0,0.5
KXETH15M-26OCT021230-30,0.8,1790958287.203189,1790958340.0631764,no,0.8299999999999998,-3.1726999999999985,0.2727,True,20261002T161736Z-ca8d5e70187843dea77657aff399f9f6,0.5,0.5
KXETH15M-26OCT021230-30,0.8,1790958289.303989,1790958342.2008228,no,0.8400000000000001,-3.2680000000000002,0.268,True,20261002T161736Z-ca8d5e70187843dea77657aff399f9f6,3.0,0.5
KXETH15M-26OCT021230-30,0.8,1790958287.203189,1790958335.3909745,no,0.8299999999999998,-3.072099999999999,0.2721,True,20261002T161736Z-ca8d5e70187843dea77657aff399f9f6,1.0,0.55
KXETH15M-26OCT021230-30,0.85,1790958287.203189,1790958341.0060575,no,0.8299999999999998,-2.971299999999998,0.2713,True,20261002T161736Z-ca8d5e70187843dea77657aff399f9f6,1.0,0.5
KXETH15M-26OCT021230-30,0.85,1790958287.203189,1790958340.0631764,no,0.8299999999999998,-3.1726999999999985,0.2727,True,20261002T161736Z-ca8d5e70187843dea77657aff399f9f6,0.5,0.5
KXETH15M-26OCT021230-30,0.85,1790958289.303989,1790958342.2008228,no,0.8400000000000001,-3.2680000000000002,0.268,True,20261002T161736Z-ca8d5e70187843dea77657aff399f9f6,3.0,0.5
KXETH15M-26OCT021230-30,0.85,1790958287.203189,1790958335.3909745,no,0.8299999999999998,-3.072099999999999,0.2721,True,20261002T161736Z-ca8d5e70187843dea77657aff399f9f6,1.0,0.55
KXETH15M-26OCT021230-30,0.9,1790958287.203189,1790958341.0060575,no,0.8299999999999998,-2.971299999999998,0.2713,True,20261002T161736Z-ca8d5e70187843dea77657aff399f9f6,1.0,0.5
KXETH15M-26OCT021230-30,0.9,1790958287.203189,1790958340.0631764,no,0.8299999999999998,-3.1726999999999985,0.2727,True,20261002T161736Z-ca8d5e70187843dea77657aff399f9f6,0.5,0.5
KXETH15M-26OCT021230-30,0.9,1790958289.303989,1790958342.2008228,no,0.8400000000000001,-3.2680000000000002,0.268,True,20261002T161736Z-ca8d5e70187843dea77657aff399f9f6,3.0,0.5
KXETH15M-26OCT021230-30,0.9,1790958287.203189,1790958335.3909745,no,0.8299999999999998,-3.072099999999999,0.2721,True,20261002T161736Z-ca8d5e70187843dea77657aff399f9f6,1.0,0.55
KXETH15M-26OCT021230-30,0.95,1790958287.203189,1790958341.0060575,no,0.8299999999999998,-2.971299999999998,0.2713,True,20261002T161736Z-ca8d5e70187843dea77657aff399f9f6,1.0,0.5
KXETH15M-26OCT021230-30,0.95,1790958287.203189,1790958340.0631764,no,0.8299999999999998,-3.1726999999999985,0.2727,True,20261002T161736Z-ca8d5e70187843dea77657aff399f9f6,0.5,0.5
KXETH15M-26OCT021230-30,0.95,1790958289.303989,1790958342.2008228,no,0.8400000000000001,-3.2680000000000002,0.268,True,20261002T161736Z-ca8d5e70187843dea77657aff399f9f6,3.0,0.5
KXETH15M-26OCT021230-30,0.95,1790958287.203189,1790958335.3909745,no,0.8299999999999998,-3.072099999999999,0.2721,True,20261002T161736Z-ca8d5e70187843dea77657aff399f9f6,1.0,0.55
KXETH15M-26OCT021230-30,1.0,1790958287.203189,1790958341.0060575,no,0.8299999999999998,-2.971299999999998,0.2713,True,20261002T161736Z-ca8d5e70187843dea77657aff399f9f6,1.0,0.5
KXETH15M-26OCT021230-30,1.0,1790958287.203189,1790958340.0631764,no,0.8299999999999998,-3.1726999999999985,0.2727,True,20261002T161736Z-ca8d5e70187843dea77657aff399f9f6,0.5,0.5
KXETH15M-26OCT021230-30,1.0,1790958289.303989,1790958342.2008228,no,0.8400000000000001,-3.2680000000000002,0.268,True,20261002T161736Z-ca8d5e70187843dea77657aff399f9f6,3.0,0.5
KXETH15M-26OCT021230-30,1.0,1790958287.203189,1790958335.3909745,no,0.8299999999999998,-3.072099999999999,0.2721,True,20261002T161736Z-ca8d5e70187843dea77657aff399f9f6,1.0,0.55
KXETH15M-26OCT021230-30,1.05,1790958287.203189,1790958341.0060575,no,0.8299999999999998,-2.971299999999998,0.2713,True,20261002T161736Z-ca8d5e70187843dea77657aff399f9f6,1.0,0.5
KXETH15M-26OCT021230-30,1.05,1790958287.203189,1790958340.0631764,no,0.8299999999999998,-3.1726999999999985,0.2727,True,20261002T161736Z-ca8d5e70187843dea77657aff399f9f6,0.5,0.5
KXETH15M-26OCT021230-30,1.05,1790958289.303989,1790958342.2008228,no,0.8400000000000001,-3.2680000000000002,0.268,True,20261002T161736Z-ca8d5e70187843dea77657aff399f9f6,3.0,0.5
KXETH15M-26OCT021230-30,1.05,1790958287.203189,1790958335.3909745,no,0.8299999999999998,-3.072099999999999,0.2721,True,20261002T161736Z-ca8d5e70187843dea77657aff399f9f6,1.0,0.55
KXETH15M-26OCT021230-30,1.1,1790958287.203189,1790958341.0060575,no,0.8299999999999998,-2.971299999999998,0.2713,True,20261002T161736Z-ca8d5e70187843dea77657aff399f9f6,1.0,0.5
KXETH15M-26OCT021230-30,1.1,1790958287.203189,1790958340.0631764,no,0.8299999999999998,-3.1726999999999985,0.2727,True,20261002T161736Z-ca8d5e70187843dea77657aff399f9f6,0.5,0.5
KXETH15M-26OCT021230-30,1.1,1790958289.303989,1790958342.2008228,no,0.8400000000000001,-3.2680000000000002,0.268,True,20261002T161736Z-ca8d5e70187843dea77657aff399f9f6,3.0,0.5
KXETH15M-26OCT021230-30,1.1,1790958287.203189,1790958335.3909745,no,0.8299999999999998,-3.072099999999999,0.2721,True,20261002T161736Z-ca8d5e70187843dea77657aff399f9f6,1.0,0.55
KXETH15M-26OCT021230-30,1.15,1790958287.203189,1790958341.0060575,no,0.8299999999999998,-2.971299999999998,0.2713,True,20261002T161736Z-ca8d5e70187843dea77657aff399f9f6,1.0,0.5
KXETH15M-26OCT021230-30,1.15,1790958287.203189,1790958340.0631764,no,0.8299999999999998,-3.1726999999999985,0.2727,True,20261002T161736Z-ca8d5e70187843dea77657aff399f9f6,0.5,0.5
KXETH15M-26OCT021230-30,1.15,1790958289.303989,1790958342.2008228,no,0.8400000000000001,-3.2680000000000002,0.268,True,20261002T161736Z-ca8d5e70187843dea77657aff399f9f6,3.0,0.5
KXETH15M-26OCT021230-30,1.15,1790958287.203189,1790958335.3909745,no,0.8299999999999998,-3.072099999999999,0.2721,True,20261002T161736Z-ca8d5e70187843dea77657aff399f9f6,1.0,0.55
KXETH15M-26OCT021230-30,1.2,1790958287.203189,1790958341.0060575,no,0.8299999999999998,-2.971299999999998,0.2713,True,20261002T161736Z-ca8d5e70187843dea77657aff399f9f6,1.0,0.5
KXETH15M-26OCT021230-30,1.2,1790958287.203189,1790958340.0631764,no,0.8299999999999998,-3.1726999999999985,0.2727,True,20261002T161736Z-ca8d5e70187843dea77657aff399f9f6,0.5,0.5
KXETH15M-26OCT021230-30,1.2,1790958289.303989,1790958342.2008228,no,0.8400000000000001,-3.2680000000000002,0.268,True,20261002T161736Z-ca8d5e70187843dea77657aff399f9f6,3.0,0.5
KXETH15M-26OCT021230-30,1.2,1790958287.203189,1790958335.3909745,no,0.8299999999999998,-3.072099999999999,0.2721,True,20261002T161736Z-ca8d5e70187843dea77657aff399f9f6,1.0,0.55
KXETH15M-26OCT021230-30,1.25,1790958287.203189,1790958341.0060575,no,0.8299999999999998,-2.971299999999998,0.2713,True,20261002T161736Z-ca8d5e70187843dea77657aff399f9f6,1.0,0.5
KXETH15M-26OCT021230-30,1.25,1790958287.203189,1790958340.0631764,no,0.8299999999999998,-3.1726999999999985,0.2727,True,20261002T161736Z-ca8d5e70187843dea77657aff399f9f6,0.5,0.5
KXETH15M-26OCT021230-30,1.25,1790958289.303989,1790958342.2008228,no,0.8400000000000001,-3.2680000000000002,0.268,True,20261002T161736Z-ca8d5e70187843dea77657aff399f9f6,3.0,0.5
KXETH15M-26OCT021230-30,1.25,1790958287.203189,1790958335.3909745,no,0.8299999999999998,-3.072099999999999,0.2721,True,20261002T161736Z-ca8d5e70187843dea77657aff399f9f6,1.0,0.55
KXETH15M-26OCT021230-30,1.3,1790958287.203189,1790958341.0060575,no,0.8299999999999998,-2.971299999999998,0.2713,True,20261002T161736Z-ca8d5e70187843dea77657aff399f9f6,1.0,0.5
KXETH15M-26OCT021230-30,1.3,1790958287.203189,1790958340.0631764,no,0.8299999999999998,-3.1726999999999985,0.2727,True,20261002T161736Z-ca8d5e70187843dea77657aff399f9f6,0.5,0.5
KXETH15M-26OCT021230-30,1.3,1790958289.303989,1790958342.2008228,no,0.8400000000000001,-3.2680000000000002,0.268,True,20261002T161736Z-ca8d5e70187843dea77657aff399f9f6,3.0,0.5
KXETH15M-26OCT021230-30,1.3,1790958287.203189,1790958335.3909745,no,0.8299999999999998,-3.072099999999999,0.2721,True,20261002T161736Z-ca8d5e70187843dea77657aff399f9f6,1.0,0.55
KXETH15M-26OCT021230-30,1.35,1790958287.203189,1790958341.0060575,no,0.8299999999999998,-2.971299999999998,0.2713,True,20261002T161736Z-ca8d5e70187843dea77657aff399f9f6,1.0,0.5
KXETH15M-26OCT021230-30,1.35,1790958287.203189,1790958340.0631764,no,0.8299999999999998,-3.1726999999999985,0.2727,True,20261002T161736Z-ca8d5e70187843dea77657aff399f9f6,0.5,0.5
KXETH15M-26OCT021230-30,1.35,1790958289.303989,1790958342.2008228,no,0.8400000000000001,-3.2680000000000002,0.268,True,20261002T161736Z-ca8d5e70187843dea77657aff399f9f6,3.0,0.5
KXETH15M-26OCT021230-30,1.35,1790958287.203189,1790958335.3909745,no,0.8299999999999998,-3.072099999999999,0.2721,True,20261002T161736Z-ca8d5e70187843dea77657aff399f9f6,1.0,0.55
KXETH15M-26OCT021230-30,1.4,1790958287.203189,1790958341.0060575,no,0.8299999999999998,-2.971299999999998,0.2713,True,20261002T161736Z-ca8d5e70187843dea77657aff399f9f6,1.0,0.5
KXETH15M-26OCT021230-30,1.4,1790958287.203189,1790958340.0631764,no,0.8299999999999998,-3.1726999999999985,0.2727,True,20261002T161736Z-ca8d5e70187843dea77657aff399f9f6,0.5,0.5
KXETH15M-26OCT021230-30,1.4,1790958289.303989,1790958342.2008228,no,0.8400000000000001,-3.2680000000000002,0.268,True,20261002T161736Z-ca8d5e70187843dea77657aff399f9f6,3.0,0.5
KXETH15M-26OCT021230-30,1.4,1790958287.203189,1790958335.3909745,no,0.8299999999999998,-3.072099999999999,0.2721,True,20261002T161736Z-ca8d5e70187843dea77657aff399f9f6,1.0,0.55
KXETH15M-26OCT021230-30,1.45,1790958287.203189,1790958341.0060575,no,0.8299999999999998,-2.971299999999998,0.2713,True,20261002T161736Z-ca8d5e70187843dea77657aff399f9f6,1.0,0.5
KXETH15M-26OCT021230-30,1.45,1790958287.203189,1790958340.0631764,no,0.8299999999999998,-3.1726999999999985,0.2727,True,20261002T161736Z-ca8d5e70187843dea77657aff399f9f6,0.5,0.5
KXETH15M-26OCT021230-30,1.45,1790958289.303989,1790958342.2008228,no,0.8400000000000001,-3.2680000000000002,0.268,True,20261002T161736Z-ca8d5e70187843dea77657aff399f9f6,3.0,0.5
KXETH15M-26OCT021230-30,1.45,1790958287.203189,1790958335.3909745,no,0.8299999999999998,-3.072099999999999,0.2721,True,20261002T161736Z-ca8d5e70187843dea77657aff399f9f6,1.0,0.55
KXETH15M-26OCT021230-30,1.5,1790958287.203189,1790958341.0060575,no,0.8299999999999998,-2.971299999999998,0.2713,True,20261002T161736Z-ca8d5e70187843dea77657aff399f9f6,1.0,0.5
KXETH15M-26OCT021230-30,1.5,1790958287.203189,1790958340.0631764,no,0.8299999999999998,-3.1726999999999985,0.2727,True,20261002T161736Z-ca8d5e70187843dea77657aff399f9f6,0.5,0.5
KXETH15M-26OCT021230-30,1.5,1790958289.303989,1790958342.2008228,no,0.8400000000000001,-3.2680000000000002,0.268,True,20261002T161736Z-ca8d5e70187843dea77657aff399f9f6,3.0,0.5
KXETH15M-26OCT021230-30,1.5,1790958287.203189,1790958335.3909745,no,0.8299999999999998,-3.072099999999999,0.2721,True,20261002T161736Z-ca8d5e70187843dea77657aff399f9f6,1.0,0.55
KXETH15M-26OCT021230-30,1.55,1790958287.203189,1790958341.0060575,no,0.8299999999999998,-2.971299999999998,0.2713,True,20261002T161736Z-ca8d5e70187843dea77657aff399f9f6,1.0,0.5
KXETH15M-26OCT021230-30,1.55,1790958287.203189,1790958340.0631764,no,0.8299999999999998,-3.1726999999999985,0.2727,True,20261002T161736Z-ca8d5e70187843dea77657aff399f9f6,0.5,0.5
KXETH15M-26OCT021230-30,1.55,1790958289.303989,1790958342.2008228,no,0.8400000000000001,-3.2680000000000002,0.268,True,20261002T161736Z-ca8d5e70187843dea77657aff399f9f6,3.0,0.5
KXETH15M-26OCT021230-30,1.55,1790958287.203189,1790958335.3909745,no,0.8299999999999998,-3.072099999999999,0.2721,True,20261002T161736Z-ca8d5e70187843dea77657aff399f9f6,1.0,0.55
KXETH15M-26OCT021230-30,1.6,1790958287.203189,1790958341.0060575,no,0.8299999999999998,-2.971299999999998,0.2713,True,20261002T161736Z-ca8d5e70187843dea77657aff399f9f6,1.0,0.5
KXETH15M-26OCT021230-30,1.6,1790958287.203189,1790958340.0631764,no,0.8299999999999998,-3.1726999999999985,0.2727,True,20261002T161736Z-ca8d5e70187843dea77657aff399f9f6,0.5,0.5
KXETH15M-26OCT021230-30,1.6,1790958289.303989,1790958342.2008228,no,0.8400000000000001,-3.2680000000000002,0.268,True,20261002T161736Z-ca8d5e70187843dea77657aff399f9f6,3.0,0.5
KXETH15M-26OCT021230-30,1.6,1790958287.203189,1790958335.3909745,no,0.8299999999999998,-3.072099999999999,0.2721,True,20261002T161736Z-ca8d5e70187843dea77657aff399f9f6,1.0,0.55
KXETH15M-26OCT021230-30,1.65,1790958287.203189,1790958341.0060575,no,0.8299999999999998,-2.971299999999998,0.2713,True,20261002T161736Z-ca8d5e70187843dea77657aff399f9f6,1.0,0.5
KXETH15M-26OCT021230-30,1.65,1790958287.203189,1790958340.0631764,no,0.8299999999999998,-3.1726999999999985,0.2727,True,20261002T161736Z-ca8d5e70187843dea77657aff399f9f6,0.5,0.5
KXETH15M-26OCT021230-30,1.65,1790958289.303989,1790958342.2008228,no,0.8400000000000001,-3.2680000000000002,0.268,True,20261002T161736Z-ca8d5e70187843dea77657aff399f9f6,3.0,0.5
KXETH15M-26OCT021230-30,1.65,1790958287.203189,1790958335.3909745,no,0.8299999999999998,-3.072099999999999,0.2721,True,20261002T161736Z-ca8d5e70187843dea77657aff399f9f6,1.0,0.55
KXETH15M-26OCT021230-30,1.7,1790958287.203189,1790958341.0060575,no,0.8299999999999998,-2.971299999999998,0.2713,True,20261002T161736Z-ca8d5e70187843dea77657aff399f9f6,1.0,0.5
KXETH15M-26OCT021230-30,1.7,1790958287.203189,1790958340.0631764,no,0.8299999999999998,-3.1726999999999985,0.2727,True,20261002T161736Z-ca8d5e70187843dea77657aff399f9f6,0.5,0.5
KXETH15M-26OCT021230-30,1.7,1790958289.303989,1790958342.2008228,no,0.8400000000000001,-3.2680000000000002,0.268,True,20261002T161736Z-ca8d5e70187843dea77657aff399f9f6,3.0,0.5
KXETH15M-26OCT021230-30,1.7,1790958287.203189,1790958335.3909745,no,0.8299999999999998,-3.072099999999999,0.2721,True,20261002T161736Z-ca8d5e70187843dea77657aff399f9f6,1.0,0.55
KXETH15M-26OCT021230-30,1.75,1790958287.203189,1790958341.0060575,no,0.8299999999999998,-2.971299999999998,0.2713,True,20261002T161736Z-ca8d5e70187843dea77657aff399f9f6,1.0,0.5
KXETH15M-26OCT021230-30,1.75,1790958287.203189,1790958340.0631764,no,0.8299999999999998,-3.1726999999999985,0.2727,True,20261002T161736Z-ca8d5e70187843dea77657aff399f9f6,0.5,0.5
KXETH15M-26OCT021230-30,1.75,1790958289.303989,1790958342.2008228,no,0.8400000000000001,-3.2680000000000002,0.268,True,20261002T161736Z-ca8d5e70187843dea77657aff399f9f6,3.0,0.5
KXETH15M-26OCT021230-30,1.75,1790958287.203189,1790958335.3909745,no,0.8299999999999998,-3.072099999999999,0.2721,True,20261002T161736Z-ca8d5e70187843dea77657aff399f9f6,1.0,0.55
KXETH15M-26OCT021230-30,1.8,1790958287.203189,1790958341.0060575,no,0.8299999999999998,-2.971299999999998,0.2713,True,20261002T161736Z-ca8d5e70187843dea77657aff399f9f6,1.0,0.5
KXETH15M-26OCT021230-30,1.8,1790958287.203189,1790958340.0631764,no,0.8299999999999998,-3.1726999999999985,0.2727,True,20261002T161736Z-ca8d5e70187843dea77657aff399f9f6,0.5,0.5
KXETH15M-26OCT021230-30,1.8,1790958289.303989,1790958342.2008228,no,0.8400000000000001,-3.2680000000000002,0.268,True,20261002T161736Z-ca8d5e70187843dea77657aff399f9f6,3.0,0.5
KXETH15M-26OCT021230-30,1.8,1790958287.203189,1790958335.3909745,no,0.8299999999999998,-3.072099999999999,0.2721,True,20261002T161736Z-ca8d5e70187843dea77657aff399f9f6,1.0,0.55
KXETH15M-26OCT021230-30,1.85,1790958288.2755902,1790958341.0060575,no,0.82,-2.875899999999999,0.2759,True,20261002T161736Z-ca8d5e70187843dea77657aff399f9f6,1.0,0.5
KXETH15M-26OCT021230-30,1.85,1790958288.2755902,1790958340.0631764,no,0.82,-3.0772999999999993,0.2773,True,20261002T161736Z-ca8d5e70187843dea77657aff399f9f6,0.5,0.5
KXETH15M-26OCT021230-30,1.85,1790958290.2248116,1790958342.2008228,no,0.8100000000000002,-2.9817000000000013,0.2817,True,20261002T161736Z-ca8d5e70187843dea77657aff399f9f6,3.0,0.5
KXETH15M-26OCT021230-30,1.85,1790958288.2755902,1790958335.3909745,no,0.82,-2.9766999999999992,0.2767,True,20261002T161736Z-ca8d5e70187843dea77657aff399f9f6,1.0,0.55
KXETH15M-26OCT021230-30,1.9,1790958288.2755902,1790958341.0060575,no,0.82,-2.875899999999999,0.2759,True,20261002T161736Z-ca8d5e70187843dea77657aff399f9f6,1.0,0.5
KXETH15M-26OCT021230-30,1.9,1790958288.2755902,1790958340.0631764,no,0.82,-3.0772999999999993,0.2773,True,20261002T161736Z-ca8d5e70187843dea77657aff399f9f6,0.5,0.5
KXETH15M-26OCT021230-30,1.9,1790958290.2248116,1790958342.2008228,no,0.8100000000000002,-2.9817000000000013,0.2817,True,20261002T161736Z-ca8d5e70187843dea77657aff399f9f6,3.0,0.5
KXETH15M-26OCT021230-30,1.9,1790958288.2755902,1790958335.3909745,no,0.82,-2.9766999999999992,0.2767,True,20261002T161736Z-ca8d5e70187843dea77657aff399f9f6,1.0,0.55
KXETH15M-26OCT021230-30,1.95,1790958288.2755902,1790958341.0060575,no,0.82,-2.875899999999999,0.2759,True,20261002T161736Z-ca8d5e70187843dea77657aff399f9f6,1.0,0.5
KXETH15M-26OCT021230-30,1.95,1790958288.2755902,1790958340.0631764,no,0.82,-3.0772999999999993,0.2773,True,20261002T161736Z-ca8d5e70187843dea77657aff399f9f6,0.5,0.5
KXETH15M-26OCT021230-30,1.95,1790958290.2248116,1790958342.2008228,no,0.8100000000000002,-2.9817000000000013,0.2817,True,20261002T161736Z-ca8d5e70187843dea77657aff399f9f6,3.0,0.5
KXETH15M-26OCT021230-30,1.95,1790958288.2755902,1790958335.3909745,no,0.82,-2.9766999999999992,0.2767,True,20261002T161736Z-ca8d5e70187843dea77657aff399f9f6,1.0,0.55
KXETH15M-26OCT021230-30,2.0,1790958288.2755902,1790958341.0060575,no,0.82,-2.875899999999999,0.2759,True,20261002T161736Z-ca8d5e70187843dea77657aff399f9f6,1.0,0.5
KXETH15M-26OCT021230-30,2.0,1790958288.2755902,1790958340.0631764,no,0.82,-3.0772999999999993,0.2773,True,20261002T161736Z-ca8d5e70187843dea77657aff399f9f6,0.5,0.5
KXETH15M-26OCT021230-30,2.0,1790958290.2248116,1790958342.2008228,no,0.8100000000000002,-2.9817000000000013,0.2817,True,20261002T161736Z-ca8d5e70187843dea77657aff399f9f6,3.0,0.5
KXETH15M-26OCT021230-30,2.0,1790958288.2755902,1790958335.3909745,no,0.82,-2.9766999999999992,0.2767,True,20261002T161736Z-ca8d5e70187843dea77657aff399f9f6,1.0,0.55
KXETH15M-26OCT021245-45,0.5,1790959213.788167,1790959500.0,no,0.8100000000000002,1.7921999999999985,0.1078,False,20261002T161736Z-ca8d5e70187843dea77657aff399f9f6,1.0,0.5
KXETH15M-26OCT021245-45,0.5,1790959212.7325387,1790959500.0,no,0.8100000000000002,1.7921999999999985,0.1078,False,20261002T161736Z-ca8d5e70187843dea77657aff399f9f6,0.5,0.5
KXETH15M-26OCT021245-45,0.5,1790959215.793127,1790959500.0,no,0.8100000000000002,1.7921999999999985,0.1078,False,20261002T161736Z-ca8d5e70187843dea77657aff399f9f6,3.0,0.5
KXETH15M-26OCT021245-45,0.5,1790959213.788167,1790959500.0,no,0.8100000000000002,1.7921999999999985,0.1078,False,20261002T161736Z-ca8d5e70187843dea77657aff399f9f6,1.0,0.55
KXETH15M-26OCT021245-45,0.55,1790959213.788167,1790959500.0,no,0.8100000000000002,1.7921999999999985,0.1078,False,20261002T161736Z-ca8d5e70187843dea77657aff399f9f6,1.0,0.5
KXETH15M-26OCT021245-45,0.55,1790959212.7325387,1790959500.0,no,0.8100000000000002,1.7921999999999985,0.1078,False,20261002T161736Z-ca8d5e70187843dea77657aff399f9f6,0.5,0.5
KXETH15M-26OCT021245-45,0.55,1790959215.793127,1790959500.0,no,0.8100000000000002,1.7921999999999985,0.1078,False,20261002T161736Z-ca8d5e70187843dea77657aff399f9f6,3.0,0.5
KXETH15M-26OCT021245-45,0.55,1790959213.788167,1790959500.0,no,0.8100000000000002,1.7921999999999985,0.1078,False,20261002T161736Z-ca8d5e70187843dea77657aff399f9f6,1.0,0.55
KXETH15M-26OCT021245-45,0.6,1790959213.788167,1790959500.0,no,0.8100000000000002,1.7921999999999985,0.1078,False,20261002T161736Z-ca8d5e70187843dea77657aff399f9f6,1.0,0.5
KXETH15M-26OCT021245-45,0.6,1790959212.7325387,1790959500.0,no,0.8100000000000002,1.7921999999999985,0.1078,False,20261002T161736Z-ca8d5e70187843dea77657aff399f9f6,0.5,0.5
KXETH15M-26OCT021245-45,0.6,1790959215.793127,1790959500.0,no,0.8100000000000002,1.7921999999999985,0.1078,False,20261002T161736Z-ca8d5e70187843dea77657aff399f9f6,3.0,0.5
KXETH15M-26OCT021245-45,0.6,1790959213.788167,1790959500.0,no,0.8100000000000002,1.7921999999999985,0.1078,False,20261002T161736Z-ca8d5e70187843dea77657aff399f9f6,1.0,0.55
KXETH15M-26OCT021245-45,0.65,1790959251.115672,1790959500.0,no,0.8100000000000002,1.7921999999999985,0.1078,False,20261002T161736Z-ca8d5e70187843dea77657aff399f9f6,1.0,0.5
KXETH15M-26OCT021245-45,0.65,1790959250.0930877,1790959500.0,no,0.8299999999999998,1.601200000000001,0.0988,False,20261002T161736Z-ca8d5e70187843dea77657aff399f9f6,0.5,0.5
KXETH15M-26OCT021245-45,0.65,1790959253.1382732,1790959500.0,no,0.8,1.888,0.112,False,20261002T161736Z-ca8d5e70187843dea77657aff399f9f6,3.0,0.5
KXETH15M-26OCT021245-45,0.65,1790959251.115672,1790959500.0,no,0.8100000000000002,1.7921999999999985,0.1078,False,20261002T161736Z-ca8d5e70187843dea77657aff399f9f6,1.0,0.55
KXETH15M-26OCT021245-45,0.7,1790959258.2152047,1790959500.0,no,0.85,1.4107,0.0893,False,20261002T161736Z-ca8d5e70187843dea77657aff399f9f6,1.0,0.5
KXETH15M-26OCT021245-45,0.7,1790959258.2152047,1790959500.0,no,0.85,1.4107,0.0893,False,20261002T161736Z-ca8d5e70187843dea77657aff399f9f6,0.5,0.5
KXETH15M-26OCT021245-45,0.7,1790959260.2071958,1790959500.0,no,0.8400000000000001,1.5058999999999996,0.0941,False,20261002T161736Z-ca8d5e70187843dea77657aff399f9f6,3.0,0.5
KXETH15M-26OCT021245-45,0.7,1790959258.2152047,1790959500.0,no,0.85,1.4107,0.0893,False,20261002T161736Z-ca8d5e70187843dea77657aff399f9f6,1.0,0.55
KXETH15M-26OCT021245-45,0.75,1790959265.2372553,1790959500.0,no,0.85,1.4107,0.0893,False,20261002T161736Z-ca8d5e70187843dea77657aff399f9f6,1.0,0.5
KXETH15M-26OCT021245-45,0.75,1790959265.2372553,1790959500.0,no,0.85,1.4107,0.0893,False,20261002T161736Z-ca8d5e70187843dea77657aff399f9f6,0.5,0.5
KXETH15M-26OCT021245-45,0.75,1790959267.2583835,1790959500.0,no,0.82,1.6966000000000008,0.1034,False,20261002T161736Z-ca8d5e70187843dea77657aff399f9f6,3.0,0.5
KXETH15M-26OCT021245-45,0.75,1790959265.2372553,1790959500.0,no,0.85,1.4107,0.0893,False,20261002T161736Z-ca8d5e70187843dea77657aff399f9f6,1.0,0.55
KXETH15M-26OCT021245-45,0.8,1790959276.2948782,1790959500.0,no,0.86,1.3157000000000003,0.0843,False,20261002T161736Z-ca8d5e70187843dea77657aff399f9f6,1.0,0.5
KXETH15M-26OCT021245-45,0.8,1790959276.2948782,1790959500.0,no,0.86,1.3157000000000003,0.0843,False,20261002T161736Z-ca8d5e70187843dea77657aff399f9f6,0.5,0.5
KXETH15M-26OCT021245-45,0.8,1790959278.3380527,1790959500.0,no,0.85,1.4107,0.0893,False,20261002T161736Z-ca8d5e70187843dea77657aff399f9f6,3.0,0.5
KXETH15M-26OCT021245-45,0.8,1790959276.2948782,1790959500.0,no,0.86,1.3157000000000003,0.0843,False,20261002T161736Z-ca8d5e70187843dea77657aff399f9f6,1.0,0.55
KXETH15M-26OCT021245-45,0.85,1790959290.4322927,1790959500.0,no,0.925,0.7014,0.0486,False,20261002T161736Z-ca8d5e70187843dea77657aff399f9f6,1.0,0.5
KXETH15M-26OCT021245-45,0.85,1790959290.4322927,1790959500.0,no,0.925,0.7014,0.0486,False,20261002T161736Z-ca8d5e70187843dea77657aff399f9f6,0.5,0.5
KXETH15M-26OCT021245-45,0.85,1790959292.4467578,1790959500.0,no,0.89,1.0313999999999997,0.0686,False,20261002T161736Z-ca8d5e70187843dea77657aff399f9f6,3.0,0.5
KXETH15M-26OCT021245-45,0.85,1790959290.4322927,1790959500.0,no,0.925,0.7014,0.0486,False,20261002T161736Z-ca8d5e70187843dea77657aff399f9f6,1.0,0.55
KXETH15M-26OCT021245-45,0.9,1790959290.4322927,1790959500.0,no,0.925,0.7014,0.0486,False,20261002T161736Z-ca8d5e70187843dea77657aff399f9f6,1.0,0.5
KXETH15M-26OCT021245-45,0.9,1790959290.4322927,1790959500.0,no,0.925,0.7014,0.0486,False,20261002T161736Z-ca8d5e70187843dea77657aff399f9f6,0.5,0.5
KXETH15M-26OCT021245-45,0.9,1790959292.4467578,1790959500.0,no,0.89,1.0313999999999997,0.0686,False,20261002T161736Z-ca8d5e70187843dea77657aff399f9f6,3.0,0.5
KXETH15M-26OCT021245-45,0.9,1790959290.4322927,1790959500.0,no,0.925,0.7014,0.0486,False,20261002T161736Z-ca8d5e70187843dea77657aff399f9f6,1.0,0.55
KXETH15M-26OCT021245-45,0.95,1790959291.442924,1790959500.0,no,0.9168000000000001,0.778599999999999,0.0534,False,20261002T161736Z-ca8d5e70187843dea77657aff399f9f6,1.0,0.5
KXETH15M-26OCT021245-45,0.95,1790959291.442924,1790959500.0,no,0.9168000000000001,0.778599999999999,0.0534,False,20261002T161736Z-ca8d5e70187843dea77657aff399f9f6,0.5,0.5
KXETH15M-26OCT021245-45,0.95,1790959293.4608963,1790959500.0,no,0.8800000000000001,1.1259999999999992,0.074,False,20261002T161736Z-ca8d5e70187843dea77657aff399f9f6,3.0,0.5
KXETH15M-26OCT021245-45,0.95,1790959291.442924,1790959500.0,no,0.9168000000000001,0.778599999999999,0.0534,False,20261002T161736Z-ca8d5e70187843dea77657aff399f9f6,1.0,0.55
KXETH15M-26OCT021245-45,1.0,1790959291.442924,1790959500.0,no,0.9168000000000001,0.778599999999999,0.0534,False,20261002T161736Z-ca8d5e70187843dea77657aff399f9f6,1.0,0.5
KXETH15M-26OCT021245-45,1.0,1790959291.442924,1790959500.0,no,0.9168000000000001,0.778599999999999,0.0534,False,20261002T161736Z-ca8d5e70187843dea77657aff399f9f6,0.5,0.5
KXETH15M-26OCT021245-45,1.0,1790959293.4608963,1790959500.0,no,0.8800000000000001,1.1259999999999992,0.074,False,20261002T161736Z-ca8d5e70187843dea77657aff399f9f6,3.0,0.5
KXETH15M-26OCT021245-45,1.0,1790959291.442924,1790959500.0,no,0.9168000000000001,0.778599999999999,0.0534,False,20261002T161736Z-ca8d5e70187843dea77657aff399f9f6,1.0,0.55
KXETH15M-26OCT021245-45,1.05,1790959291.442924,1790959500.0,no,0.9168000000000001,0.778599999999999,0.0534,False,20261002T161736Z-ca8d5e70187843dea77657aff399f9f6,1.0,0.5
KXETH15M-26OCT021245-45,1.05,1790959291.442924,1790959500.0,no,0.9168000000000001,0.778599999999999,0.0534,False,20261002T161736Z-ca8d5e70187843dea77657aff399f9f6,0.5,0.5
KXETH15M-26OCT021245-45,1.05,1790959293.4608963,1790959500.0,no,0.8800000000000001,1.1259999999999992,0.074,False,20261002T161736Z-ca8d5e70187843dea77657aff399f9f6,3.0,0.5
KXETH15M-26OCT021245-45,1.05,1790959291.442924,1790959500.0,no,0.9168000000000001,0.778599999999999,0.0534,False,20261002T161736Z-ca8d5e70187843dea77657aff399f9f6,1.0,0.55
KXETH15M-26OCT021245-45,1.1,1790959291.442924,1790959500.0,no,0.9168000000000001,0.778599999999999,0.0534,False,20261002T161736Z-ca8d5e70187843dea77657aff399f9f6,1.0,0.5
KXETH15M-26OCT021245-45,1.1,1790959291.442924,1790959500.0,no,0.9168000000000001,0.778599999999999,0.0534,False,20261002T161736Z-ca8d5e70187843dea77657aff399f9f6,0.5,0.5
KXETH15M-26OCT021245-45,1.1,1790959293.4608963,1790959500.0,no,0.8800000000000001,1.1259999999999992,0.074,False,20261002T161736Z-ca8d5e70187843dea77657aff399f9f6,3.0,0.5
KXETH15M-26OCT021245-45,1.1,1790959291.442924,1790959500.0,no,0.9168000000000001,0.778599999999999,0.0534,False,20261002T161736Z-ca8d5e70187843dea77657aff399f9f6,1.0,0.55
KXETH15M-26OCT021245-45,1.15,1790959293.4608963,1790959500.0,no,0.8800000000000001,1.1259999999999992,0.074,False,20261002T161736Z-ca8d5e70187843dea77657aff399f9f6,1.0,0.5
KXETH15M-26OCT021245-45,1.15,1790959293.4608963,1790959500.0,no,0.8800000000000001,1.1259999999999992,0.074,False,20261002T161736Z-ca8d5e70187843dea77657aff399f9f6,0.5,0.5
KXETH15M-26OCT021245-45,1.15,1790959295.457459,1790959500.0,no,0.86,1.3157000000000003,0.0843,False,20261002T161736Z-ca8d5e70187843dea77657aff399f9f6,3.0,0.5
KXETH15M-26OCT021245-45,1.15,1790959293.4608963,1790959500.0,no,0.8800000000000001,1.1259999999999992,0.074,False,20261002T161736Z-ca8d5e70187843dea77657aff399f9f6,1.0,0.55
KXETH15M-26OCT021245-45,1.2,1790959293.4608963,1790959500.0,no,0.8800000000000001,1.1259999999999992,0.074,False,20261002T161736Z-ca8d5e70187843dea77657aff399f9f6,1.0,0.5
KXETH15M-26OCT021245-45,1.2,1790959293.4608963,1790959500.0,no,0.8800000000000001,1.1259999999999992,0.074,False,20261002T161736Z-ca8d5e70187843dea77657aff399f9f6,0.5,0.5
KXETH15M-26OCT021245-45,1.2,1790959295.457459,1790959500.0,no,0.86,1.3157000000000003,0.0843,False,20261002T161736Z-ca8d5e70187843dea77657aff399f9f6,3.0,0.5
KXETH15M-26OCT021245-45,1.2,1790959293.4608963,1790959500.0,no,0.8800000000000001,1.1259999999999992,0.074,False,20261002T161736Z-ca8d5e70187843dea77657aff399f9f6,1.0,0.55
KXETH15M-26OCT021245-45,1.25,1790959293.4608963,1790959500.0,no,0.8800000000000001,1.1259999999999992,0.074,False,20261002T161736Z-ca8d5e70187843dea77657aff399f9f6,1.0,0.5
KXETH15M-26OCT021245-45,1.25,1790959293.4608963,1790959500.0,no,0.8800000000000001,1.1259999999999992,0.074,False,20261002T161736Z-ca8d5e70187843dea77657aff399f9f6,0.5,0.5
KXETH15M-26OCT021245-45,1.25,1790959295.457459,1790959500.0,no,0.86,1.3157000000000003,0.0843,False,20261002T161736Z-ca8d5e70187843dea77657aff399f9f6,3.0,0.5
KXETH15M-26OCT021245-45,1.25,1790959293.4608963,1790959500.0,no,0.8800000000000001,1.1259999999999992,0.074,False,20261002T161736Z-ca8d5e70187843dea77657aff399f9f6,1.0,0.55
KXETH15M-26OCT021245-45,1.3,1790959310.5839798,1790959500.0,no,0.96,0.3731000000000004,0.0269,False,20261002T161736Z-ca8d5e70187843dea77657aff399f9f6,1.0,0.5
KXETH15M-26OCT021245-45,1.3,1790959309.5864546,1790959500.0,no,0.9549999999999998,0.41990000000000105,0.0301,False,20261002T161736Z-ca8d5e70187843dea77657aff399f9f6,0.5,0.5
KXETH15M-26OCT021245-45,1.3,1790959310.5839798,1790959500.0,no,0.96,0.3731000000000004,0.0269,False,20261002T161736Z-ca8d5e70187843dea77657aff399f9f6,1.0,0.55
KXETH15M-26OCT021245-45,1.35,1790959310.5839798,1790959500.0,no,0.96,0.3731000000000004,0.0269,False,20261002T161736Z-ca8d5e70187843dea77657aff399f9f6,1.0,0.5
KXETH15M-26OCT021245-45,1.35,1790959309.5864546,1790959500.0,no,0.9549999999999998,0.41990000000000105,0.0301,False,20261002T161736Z-ca8d5e70187843dea77657aff399f9f6,0.5,0.5
KXETH15M-26OCT021245-45,1.35,1790959310.5839798,1790959500.0,no,0.96,0.3731000000000004,0.0269,False,20261002T161736Z-ca8d5e70187843dea77657aff399f9f6,1.0,0.55
KXETH15M-26OCT021245-45,1.4,1790959310.5839798,1790959500.0,no,0.96,0.3731000000000004,0.0269,False,20261002T161736Z-ca8d5e70187843dea77657aff399f9f6,1.0,0.5
KXETH15M-26OCT021245-45,1.4,1790959309.5864546,1790959500.0,no,0.9549999999999998,0.41990000000000105,0.0301,False,20261002T161736Z-ca8d5e70187843dea77657aff399f9f6,0.5,0.5
KXETH15M-26OCT021245-45,1.4,1790959310.5839798,1790959500.0,no,0.96,0.3731000000000004,0.0269,False,20261002T161736Z-ca8d5e70187843dea77657aff399f9f6,1.0,0.55
KXETH15M-26OCT021300-00,0.5,1790960155.7020814,1790960400.0,no,0.8,1.888,0.112,False,20261002T161736Z-ca8d5e70187843dea77657aff399f9f6,1.0,0.5
KXETH15M-26OCT021300-00,0.5,1790960154.6900852,1790960400.0,no,0.8,1.888,0.112,False,20261002T161736Z-ca8d5e70187843dea77657aff399f9f6,0.5,0.5
KXETH15M-26OCT021300-00,0.5,1790960157.7303934,1790960400.0,no,0.8400000000000001,1.5058999999999996,0.0941,False,20261002T161736Z-ca8d5e70187843dea77657aff399f9f6,3.0,0.5
KXETH15M-26OCT021300-00,0.5,1790960155.7020814,1790960400.0,no,0.8,1.888,0.112,False,20261002T161736Z-ca8d5e70187843dea77657aff399f9f6,1.0,0.55
KXETH15M-26OCT021300-00,0.55,1790960158.761072,1790960400.0,no,0.8299999999999998,1.601200000000001,0.0988,False,20261002T161736Z-ca8d5e70187843dea77657aff399f9f6,1.0,0.5
KXETH15M-26OCT021300-00,0.55,1790960157.7303934,1790960400.0,no,0.8400000000000001,1.5058999999999996,0.0941,False,20261002T161736Z-ca8d5e70187843dea77657aff399f9f6,0.5,0.5
KXETH15M-26OCT021300-00,0.55,1790960161.0165858,1790960400.0,no,0.85,1.4107,0.0893,False,20261002T161736Z-ca8d5e70187843dea77657aff399f9f6,3.0,0.5
KXETH15M-26OCT021300-00,0.55,1790960158.761072,1790960400.0,no,0.8299999999999998,1.601200000000001,0.0988,False,20261002T161736Z-ca8d5e70187843dea77657aff399f9f6,1.0,0.55
KXETH15M-26OCT021300-00,0.6,1790960165.8346655,1790960400.0,no,0.8400000000000001,1.5058999999999996,0.0941,False,20261002T161736Z-ca8d5e70187843dea77657aff399f9f6,1.0,0.5
KXETH15M-26OCT021300-00,0.6,1790960164.8282635,1790960400.0,no,0.8400000000000001,1.5058999999999996,0.0941,False,20261002T161736Z-ca8d5e70187843dea77657aff399f9f6,0.5,0.5
KXETH15M-26OCT021300-00,0.6,1790960167.8408895,1790960400.0,no,0.85,1.4107,0.0893,False,20261002T161736Z-ca8d5e70187843dea77657aff399f9f6,3.0,0.5
KXETH15M-26OCT021300-00,0.6,1790960165.8346655,1790960400.0,no,0.8400000000000001,1.5058999999999996,0.0941,False,20261002T161736Z-ca8d5e70187843dea77657aff399f9f6,1.0,0.55
KXETH15M-26OCT021300-00,0.65,1790960165.8346655,1790960400.0,no,0.8400000000000001,1.5058999999999996,0.0941,False,20261002T161736Z-ca8d5e70187843dea77657aff399f9f6,1.0,0.5
KXETH15M-26OCT021300-00,0.65,1790960164.8282635,1790960400.0,no,0.8400000000000001,1.5058999999999996,0.0941,False,20261002T161736Z-ca8d5e70187843dea77657aff399f9f6,0.5,0.5
KXETH15M-26OCT021300-00,0.65,1790960167.8408895,1790960400.0,no,0.85,1.4107,0.0893,False,20261002T161736Z-ca8d5e70187843dea77657aff399f9f6,3.0,0.5
KXETH15M-26OCT021300-00,0.65,1790960165.8346655,1790960400.0,no,0.8400000000000001,1.5058999999999996,0.0941,False,20261002T161736Z-ca8d5e70187843dea77657aff399f9f6,1.0,0.55
KXETH15M-26OCT021300-00,0.7,1790960178.9608927,1790960400.0,no,0.89,1.0313999999999997,0.0686,False,20261002T161736Z-ca8d5e70187843dea77657aff399f9f6,1.0,0.5
KXETH15M-26OCT021300-00,0.7,1790960177.94674,1790960400.0,no,0.89,1.0313999999999997,0.0686,False,20261002T161736Z-ca8d5e70187843dea77657aff399f9f6,0.5,0.5
KXETH15M-26OCT021300-00,0.7,1790960180.972695,1790960400.0,no,0.931,0.6449999999999995,0.045,False,20261002T161736Z-ca8d5e70187843dea77657aff399f9f6,3.0,0.5
KXETH15M-26OCT021300-00,0.7,1790960178.9608927,1790960400.0,no,0.89,1.0313999999999997,0.0686,False,20261002T161736Z-ca8d5e70187843dea77657aff399f9f6,1.0,0.55
KXETH15M-26OCT021300-00,0.75,1790960181.975373,1790960400.0,no,0.9389999999999998,0.5699000000000012,0.0401,False,20261002T161736Z-ca8d5e70187843dea77657aff399f9f6,1.0,0.5
KXETH15M-26OCT021300-00,0.75,1790960180.972695,1790960400.0,no,0.931,0.6449999999999995,0.045,False,20261002T161736Z-ca8d5e70187843dea77657aff399f9f6,0.5,0.5
KXETH15M-26OCT021300-00,0.75,1790960184.0355208,1790960400.0,no,0.942,0.5417000000000001,0.0383,False,20261002T161736Z-ca8d5e70187843dea77657aff399f9f6,3.0,0.5
KXETH15M-26OCT021300-00,0.75,1790960181.975373,1790960400.0,no,0.9389999999999998,0.5699000000000012,0.0401,False,20261002T161736Z-ca8d5e70187843dea77657aff399f9f6,1.0,0.55
KXETH15M-26OCT021300-00,0.8,1790960183.0017178,1790960400.0,no,0.9389999999999998,0.5699000000000012,0.0401,False,20261002T161736Z-ca8d5e70187843dea77657aff399f9f6,1.0,0.5
KXETH15M-26OCT021300-00,0.8,1790960181.975373,1790960400.0,no,0.9389999999999998,0.5699000000000012,0.0401,False,20261002T161736Z-ca8d5e70187843dea77657aff399f9f6,0.5,0.5
KXETH15M-26OCT021300-00,0.8,1790960185.0082495,1790960400.0,no,0.925,0.7014,0.0486,False,20261002T161736Z-ca8d5e70187843dea77657aff399f9f6,3.0,0.5
KXETH15M-26OCT021300-00,0.8,1790960183.0017178,1790960400.0,no,0.9389999999999998,0.5699000000000012,0.0401,False,20261002T161736Z-ca8d5e70187843dea77657aff399f9f6,1.0,0.55
KXETH15M-26OCT021300-00,0.85,1790960290.9399846,1790960400.0,no,0.9488,0.47790000000000044,0.0341,False,20261002T161736Z-ca8d5e70187843dea77657aff399f9f6,1.0,0.5
KXETH15M-26OCT021300-00,0.85,1790960287.9320216,1790960400.0,no,0.9399999999999998,0.5605000000000014,0.0395,False,20261002T161736Z-ca8d5e70187843dea77657aff399f9f6,0.5,0.5
KXETH15M-26OCT021300-00,0.85,1790960290.9399846,1790960400.0,no,0.9488,0.47790000000000044,0.0341,False,20261002T161736Z-ca8d5e70187843dea77657aff399f9f6,3.0,0.5
KXETH15M-26OCT021300-00,0.85,1790960290.9399846,1790960400.0,no,0.9488,0.47790000000000044,0.0341,False,20261002T161736Z-ca8d5e70187843dea77657aff399f9f6,1.0,0.55
KXETH15M-26OCT021300-00,0.9,1790960294.999889,1790960400.0,no,0.9570000000000001,0.40109999999999973,0.0289,False,20261002T161736Z-ca8d5e70187843dea77657aff399f9f6,0.5,0.5
KXETH15M-26OCT021300-00,0.9,1790960298.016107,1790960400.0,no,0.96,0.3731000000000004,0.0269,False,20261002T161736Z-ca8d5e70187843dea77657aff399f9f6,3.0,0.5
KXETH15M-26OCT021315-15,0.5,1790961022.3367057,1790961300.0,no,0.8,1.888,0.112,False,20261002T161736Z-ca8d5e70187843dea77657aff399f9f6,1.0,0.5
KXETH15M-26OCT021315-15,0.5,1790961022.3367057,1790961300.0,no,0.8,1.888,0.112,False,20261002T161736Z-ca8d5e70187843dea77657aff399f9f6,0.5,0.5
KXETH15M-26OCT021315-15,0.5,1790961024.339254,1790961300.0,no,0.8100000000000002,1.7921999999999985,0.1078,False,20261002T161736Z-ca8d5e70187843dea77657aff399f9f6,3.0,0.5
KXETH15M-26OCT021315-15,0.5,1790961022.3367057,1790961300.0,no,0.8,1.888,0.112,False,20261002T161736Z-ca8d5e70187843dea77657aff399f9f6,1.0,0.55
KXETH15M-26OCT021315-15,0.55,1790961027.392943,1790961300.0,no,0.82,1.6966000000000008,0.1034,False,20261002T161736Z-ca8d5e70187843dea77657aff399f9f6,1.0,0.5
KXETH15M-26OCT021315-15,0.55,1790961026.3686554,1790961300.0,no,0.82,1.6966000000000008,0.1034,False,20261002T161736Z-ca8d5e70187843dea77657aff399f9f6,0.5,0.5
KXETH15M-26OCT021315-15,0.55,1790961029.4078095,1790961300.0,no,0.8,1.888,0.112,False,20261002T161736Z-ca8d5e70187843dea77657aff399f9f6,3.0,0.5
KXETH15M-26OCT021315-15,0.55,1790961027.392943,1790961300.0,no,0.82,1.6966000000000008,0.1034,False,20261002T161736Z-ca8d5e70187843dea77657aff399f9f6,1.0,0.55
KXETH15M-26OCT021315-15,0.6,1790961068.6501493,1790961300.0,no,0.8800000000000001,1.1259999999999992,0.074,False,20261002T161736Z-ca8d5e70187843dea77657aff399f9f6,1.0,0.5
KXETH15M-26OCT021315-15,0.6,1790961068.6501493,1790961300.0,no,0.8800000000000001,1.1259999999999992,0.074,False,20261002T161736Z-ca8d5e70187843dea77657aff399f9f6,0.5,0.5
KXETH15M-26OCT021315-15,0.6,1790961070.654162,1790961300.0,no,0.8800000000000001,1.1259999999999992,0.074,False,20261002T161736Z-ca8d5e70187843dea77657aff399f9f6,3.0,0.5
KXETH15M-26OCT021315-15,0.6,1790961068.6501493,1790961300.0,no,0.8800000000000001,1.1259999999999992,0.074,False,20261002T161736Z-ca8d5e70187843dea77657aff399f9f6,1.0,0.55
KXETH15M-26OCT021315-15,0.65,1790961068.6501493,1790961300.0,no,0.8800000000000001,1.1259999999999992,0.074,False,20261002T161736Z-ca8d5e70187843dea77657aff399f9f6,1.0,0.5
KXETH15M-26OCT021315-15,0.65,1790961068.6501493,1790961300.0,no,0.8800000000000001,1.1259999999999992,0.074,False,20261002T161736Z-ca8d5e70187843dea77657aff399f9f6,0.5,0.5
KXETH15M-26OCT021315-15,0.65,1790961070.654162,1790961300.0,no,0.8800000000000001,1.1259999999999992,0.074,False,20261002T161736Z-ca8d5e70187843dea77657aff399f9f6,3.0,0.5
KXETH15M-26OCT021315-15,0.65,1790961068.6501493,1790961300.0,no,0.8800000000000001,1.1259999999999992,0.074,False,20261002T161736Z-ca8d5e70187843dea77657aff399f9f6,1.0,0.55
KXETH15M-26OCT021315-15,0.7,1790961074.7215118,1790961300.0,no,0.85,1.4107,0.0893,False,20261002T161736Z-ca8d5e70187843dea77657aff399f9f6,1.0,0.5
KXETH15M-26OCT021315-15,0.7,1790961073.689992,1790961300.0,no,0.8400000000000001,1.5058999999999996,0.0941,False,20261002T161736Z-ca8d5e70187843dea77657aff399f9f6,0.5,0.5
KXETH15M-26OCT021315-15,0.7,1790961076.751763,1790961300.0,no,0.8299999999999998,1.601200000000001,0.0988,False,20261002T161736Z-ca8d5e70187843dea77657aff399f9f6,3.0,0.5
KXETH15M-26OCT021315-15,0.7,1790961074.7215118,1790961300.0,no,0.85,1.4107,0.0893,False,20261002T161736Z-ca8d5e70187843dea77657aff399f9f6,1.0,0.55
KXETH15M-26OCT021315-15,0.75,1790961074.7215118,1790961300.0,no,0.85,1.4107,0.0893,False,20261002T161736Z-ca8d5e70187843dea77657aff399f9f6,1.0,0.5
KXETH15M-26OCT021315-15,0.75,1790961073.689992,1790961300.0,no,0.8400000000000001,1.5058999999999996,0.0941,False,20261002T161736Z-ca8d5e70187843dea77657aff399f9f6,0.5,0.5
KXETH15M-26OCT021315-15,0.75,1790961076.751763,1790961300.0,no,0.8299999999999998,1.601200000000001,0.0988,False,20261002T161736Z-ca8d5e70187843dea77657aff399f9f6,3.0,0.5
KXETH15M-26OCT021315-15,0.75,1790961074.7215118,1790961300.0,no,0.85,1.4107,0.0893,False,20261002T161736Z-ca8d5e70187843dea77657aff399f9f6,1.0,0.55
KXETH15M-26OCT021315-15,0.8,1790961074.7215118,1790961300.0,no,0.85,1.4107,0.0893,False,20261002T161736Z-ca8d5e70187843dea77657aff399f9f6,1.0,0.5
KXETH15M-26OCT021315-15,0.8,1790961073.689992,1790961300.0,no,0.8400000000000001,1.5058999999999996,0.0941,False,20261002T161736Z-ca8d5e70187843dea77657aff399f9f6,0.5,0.5
KXETH15M-26OCT021315-15,0.8,1790961076.751763,1790961300.0,no,0.8299999999999998,1.601200000000001,0.0988,False,20261002T161736Z-ca8d5e70187843dea77657aff399f9f6,3.0,0.5
KXETH15M-26OCT021315-15,0.8,1790961074.7215118,1790961300.0,no,0.85,1.4107,0.0893,False,20261002T161736Z-ca8d5e70187843dea77657aff399f9f6,1.0,0.55
KXETH15M-26OCT021315-15,0.85,1790961074.7215118,1790961300.0,no,0.85,1.4107,0.0893,False,20261002T161736Z-ca8d5e70187843dea77657aff399f9f6,1.0,0.5
KXETH15M-26OCT021315-15,0.85,1790961073.689992,1790961300.0,no,0.8400000000000001,1.5058999999999996,0.0941,False,20261002T161736Z-ca8d5e70187843dea77657aff399f9f6,0.5,0.5
KXETH15M-26OCT021315-15,0.85,1790961076.751763,1790961300.0,no,0.8299999999999998,1.601200000000001,0.0988,False,20261002T161736Z-ca8d5e70187843dea77657aff399f9f6,3.0,0.5
KXETH15M-26OCT021315-15,0.85,1790961074.7215118,1790961300.0,no,0.85,1.4107,0.0893,False,20261002T161736Z-ca8d5e70187843dea77657aff399f9f6,1.0,0.55
KXETH15M-26OCT021315-15,0.9,1790961086.9369543,1790961300.0,no,0.908,0.8614999999999999,0.0585,False,20261002T161736Z-ca8d5e70187843dea77657aff399f9f6,1.0,0.5
KXETH15M-26OCT021315-15,0.9,1790961085.9285314,1790961300.0,no,0.913,0.8142999999999992,0.0557,False,20261002T161736Z-ca8d5e70187843dea77657aff399f9f6,0.5,0.5
KXETH15M-26OCT021315-15,0.9,1790961089.3117092,1790961300.0,no,0.89,1.0313999999999997,0.0686,False,20261002T161736Z-ca8d5e70187843dea77657aff399f9f6,3.0,0.5
KXETH15M-26OCT021315-15,0.9,1790961086.9369543,1790961300.0,no,0.908,0.8614999999999999,0.0585,False,20261002T161736Z-ca8d5e70187843dea77657aff399f9f6,1.0,0.55
KXETH15M-26OCT021315-15,0.95,1790961089.3117092,1790961300.0,no,0.89,1.0313999999999997,0.0686,False,20261002T161736Z-ca8d5e70187843dea77657aff399f9f6,1.0,0.5
KXETH15M-26OCT021315-15,0.95,1790961087.9392083,1790961300.0,no,0.9146000000000001,0.7992999999999992,0.0547,False,20261002T161736Z-ca8d5e70187843dea77657aff399f9f6,0.5,0.5
KXETH15M-26OCT021315-15,0.95,1790961090.1402025,1790961300.0,no,0.9120000000000001,0.823799999999999,0.0562,False,20261002T161736Z-ca8d5e70187843dea77657aff399f9f6,3.0,0.5
KXETH15M-26OCT021315-15,0.95,1790961089.3117092,1790961300.0,no,0.89,1.0313999999999997,0.0686,False,20261002T161736Z-ca8d5e70187843dea77657aff399f9f6,1.0,0.55
KXETH15M-26OCT021315-15,1.0,1790961093.9837267,1790961300.0,no,0.9106,0.8370000000000001,0.057,False,20261002T161736Z-ca8d5e70187843dea77657aff399f9f6,1.0,0.5
KXETH15M-26OCT021315-15,1.0,1790961093.3762562,1790961300.0,no,0.922,0.7295999999999994,0.0504,False,20261002T161736Z-ca8d5e70187843dea77657aff399f9f6,0.5,0.5
KXETH15M-26OCT021315-15,1.0,1790961095.9935071,1790961300.0,no,0.931,0.6449999999999995,0.045,False,20261002T161736Z-ca8d5e70187843dea77657aff399f9f6,3.0,0.5
KXETH15M-26OCT021315-15,1.0,1790961093.9837267,1790961300.0,no,0.9106,0.8370000000000001,0.057,False,20261002T161736Z-ca8d5e70187843dea77657aff399f9f6,1.0,0.55
KXETH15M-26OCT021315-15,1.05,1790961093.9837267,1790961300.0,no,0.9106,0.8370000000000001,0.057,False,20261002T161736Z-ca8d5e70187843dea77657aff399f9f6,1.0,0.5
KXETH15M-26OCT021315-15,1.05,1790961093.3762562,1790961300.0,no,0.922,0.7295999999999994,0.0504,False,20261002T161736Z-ca8d5e70187843dea77657aff399f9f6,0.5,0.5
KXETH15M-26OCT021315-15,1.05,1790961095.9935071,1790961300.0,no,0.931,0.6449999999999995,0.045,False,20261002T161736Z-ca8d5e70187843dea77657aff399f9f6,3.0,0.5
KXETH15M-26OCT021315-15,1.05,1790961093.9837267,1790961300.0,no,0.9106,0.8370000000000001,0.057,False,20261002T161736Z-ca8d5e70187843dea77657aff399f9f6,1.0,0.55
KXETH15M-26OCT021315-15,1.1,1790961098.3694155,1790961300.0,no,0.9,0.937,0.063,False,20261002T161736Z-ca8d5e70187843dea77657aff399f9f6,1.0,0.5
KXETH15M-26OCT021315-15,1.1,1790961097.026004,1790961300.0,no,0.93,0.6543999999999993,0.0456,False,20261002T161736Z-ca8d5e70187843dea77657aff399f9f6,0.5,0.5
KXETH15M-26OCT021315-15,1.1,1790961100.020877,1790961300.0,no,0.9,0.937,0.063,False,20261002T161736Z-ca8d5e70187843dea77657aff399f9f6,3.0,0.5
KXETH15M-26OCT021315-15,1.1,1790961098.3694155,1790961300.0,no,0.9,0.937,0.063,False,20261002T161736Z-ca8d5e70187843dea77657aff399f9f6,1.0,0.55
KXETH15M-26OCT021315-15,1.15,1790961098.3694155,1790961300.0,no,0.9,0.937,0.063,False,20261002T161736Z-ca8d5e70187843dea77657aff399f9f6,1.0,0.5
KXETH15M-26OCT021315-15,1.15,1790961098.3694155,1790961300.0,no,0.9,0.937,0.063,False,20261002T161736Z-ca8d5e70187843dea77657aff399f9f6,0.5,0.5
KXETH15M-26OCT021315-15,1.15,1790961101.0259895,1790961300.0,no,0.937,0.588599999999999,0.0414,False,20261002T161736Z-ca8d5e70187843dea77657aff399f9f6,3.0,0.5
KXETH15M-26OCT021315-15,1.15,1790961098.3694155,1790961300.0,no,0.9,0.937,0.063,False,20261002T161736Z-ca8d5e70187843dea77657aff399f9f6,1.0,0.55
KXETH15M-26OCT021315-15,1.2,1790961118.1813476,1790961300.0,no,0.959,0.38240000000000013,0.0276,False,20261002T161736Z-ca8d5e70187843dea77657aff399f9f6,1.0,0.5
KXETH15M-26OCT021315-15,1.2,1790961118.1813476,1790961300.0,no,0.959,0.38240000000000013,0.0276,False,20261002T161736Z-ca8d5e70187843dea77657aff399f9f6,0.5,0.5
KXETH15M-26OCT021315-15,1.2,1790961118.1813476,1790961300.0,no,0.959,0.38240000000000013,0.0276,False,20261002T161736Z-ca8d5e70187843dea77657aff399f9f6,1.0,0.55
KXETH15M-26OCT021345-45,0.5,1790962924.2899,1790963100.0,no,0.8400000000000001,1.5058999999999996,0.0941,False,20261002T161736Z-ca8d5e70187843dea77657aff399f9f6,1.0,0.5
KXETH15M-26OCT021345-45,0.5,1790962924.2899,1790963100.0,no,0.8400000000000001,1.5058999999999996,0.0941,False,20261002T161736Z-ca8d5e70187843dea77657aff399f9f6,0.5,0.5
KXETH15M-26OCT021345-45,0.5,1790962926.3594213,1790963100.0,no,0.8400000000000001,1.5058999999999996,0.0941,False,20261002T161736Z-ca8d5e70187843dea77657aff399f9f6,3.0,0.5
KXETH15M-26OCT021345-45,0.5,1790962924.2899,1790963100.0,no,0.8400000000000001,1.5058999999999996,0.0941,False,20261002T161736Z-ca8d5e70187843dea77657aff399f9f6,1.0,0.55
KXETH15M-26OCT021345-45,0.55,1790962936.4076731,1790963100.0,no,0.9200000000000002,0.748399999999999,0.0516,False,20261002T161736Z-ca8d5e70187843dea77657aff399f9f6,1.0,0.5
KXETH15M-26OCT021345-45,0.55,1790962936.4076731,1790963100.0,no,0.9200000000000002,0.748399999999999,0.0516,False,20261002T161736Z-ca8d5e70187843dea77657aff399f9f6,0.5,0.5
KXETH15M-26OCT021345-45,0.55,1790962938.4351916,1790963100.0,no,0.9360000000000002,0.5979999999999988,0.042,False,20261002T161736Z-ca8d5e70187843dea77657aff399f9f6,3.0,0.5
KXETH15M-26OCT021345-45,0.55,1790962936.4076731,1790963100.0,no,0.9200000000000002,0.748399999999999,0.0516,False,20261002T161736Z-ca8d5e70187843dea77657aff399f9f6,1.0,0.55
KXETH15M-26OCT021345-45,0.6,1790962937.4111848,1790963100.0,no,0.9399999999999998,0.5605000000000014,0.0395,False,20261002T161736Z-ca8d5e70187843dea77657aff399f9f6,1.0,0.5
KXETH15M-26OCT021345-45,0.6,1790962937.4111848,1790963100.0,no,0.9399999999999998,0.5605000000000014,0.0395,False,20261002T161736Z-ca8d5e70187843dea77657aff399f9f6,0.5,0.5
KXETH15M-26OCT021345-45,0.6,1790962939.4356053,1790963100.0,no,0.9389999999999998,0.5699000000000012,0.0401,False,20261002T161736Z-ca8d5e70187843dea77657aff399f9f6,3.0,0.5
KXETH15M-26OCT021345-45,0.6,1790962937.4111848,1790963100.0,no,0.9399999999999998,0.5605000000000014,0.0395,False,20261002T161736Z-ca8d5e70187843dea77657aff399f9f6,1.0,0.55
KXETH15M-26OCT021345-45,0.65,1790962938.4351916,1790963100.0,no,0.9360000000000002,0.5979999999999988,0.042,False,20261002T161736Z-ca8d5e70187843dea77657aff399f9f6,1.0,0.5
KXETH15M-26OCT021345-45,0.65,1790962938.4351916,1790963100.0,no,0.9360000000000002,0.5979999999999988,0.042,False,20261002T161736Z-ca8d5e70187843dea77657aff399f9f6,0.5,0.5
KXETH15M-26OCT021345-45,0.65,1790962940.4363432,1790963100.0,no,0.9559999999999998,0.4105000000000013,0.0295,False,20261002T161736Z-ca8d5e70187843dea77657aff399f9f6,3.0,0.5
KXETH15M-26OCT021345-45,0.65,1790962938.4351916,1790963100.0,no,0.9360000000000002,0.5979999999999988,0.042,False,20261002T161736Z-ca8d5e70187843dea77657aff399f9f6,1.0,0.55
KXETH15M-26OCT021345-45,0.7,1790962938.4351916,1790963100.0,no,0.9360000000000002,0.5979999999999988,0.042,False,20261002T161736Z-ca8d5e70187843dea77657aff399f9f6,1.0,0.5
KXETH15M-26OCT021345-45,0.7,1790962938.4351916,1790963100.0,no,0.9360000000000002,0.5979999999999988,0.042,False,20261002T161736Z-ca8d5e70187843dea77657aff399f9f6,0.5,0.5
KXETH15M-26OCT021345-45,0.7,1790962940.4363432,1790963100.0,no,0.9559999999999998,0.4105000000000013,0.0295,False,20261002T161736Z-ca8d5e70187843dea77657aff399f9f6,3.0,0.5
KXETH15M-26OCT021345-45,0.7,1790962938.4351916,1790963100.0,no,0.9360000000000002,0.5979999999999988,0.042,False,20261002T161736Z-ca8d5e70187843dea77657aff399f9f6,1.0,0.55
KXETH15M-26OCT021400-00,0.5,1790963417.5238512,1790964000.0,yes,0.82,1.6966000000000008,0.1034,False,20261002T161736Z-ca8d5e70187843dea77657aff399f9f6,1.0,0.5
KXETH15M-26OCT021400-00,0.5,1790963417.5238512,1790964000.0,yes,0.82,1.6966000000000008,0.1034,False,20261002T161736Z-ca8d5e70187843dea77657aff399f9f6,0.5,0.5
KXETH15M-26OCT021400-00,0.5,1790963419.5482922,1790964000.0,yes,0.82,1.6966000000000008,0.1034,False,20261002T161736Z-ca8d5e70187843dea77657aff399f9f6,3.0,0.5
KXETH15M-26OCT021400-00,0.5,1790963417.5238512,1790963442.6504326,yes,0.82,-2.064699999999999,0.2647,True,20261002T161736Z-ca8d5e70187843dea77657aff399f9f6,1.0,0.55
KXETH15M-26OCT021400-00,0.55,1790963417.5238512,1790964000.0,yes,0.82,1.6966000000000008,0.1034,False,20261002T161736Z-ca8d5e70187843dea77657aff399f9f6,1.0,0.5
KXETH15M-26OCT021400-00,0.55,1790963417.5238512,1790964000.0,yes,0.82,1.6966000000000008,0.1034,False,20261002T161736Z-ca8d5e70187843dea77657aff399f9f6,0.5,0.5
KXETH15M-26OCT021400-00,0.55,1790963419.5482922,1790964000.0,yes,0.82,1.6966000000000008,0.1034,False,20261002T161736Z-ca8d5e70187843dea77657aff399f9f6,3.0,0.5
KXETH15M-26OCT021400-00,0.55,1790963417.5238512,1790963442.6504326,yes,0.82,-2.064699999999999,0.2647,True,20261002T161736Z-ca8d5e70187843dea77657aff399f9f6,1.0,0.55
KXETH15M-26OCT021400-00,0.6,1790963545.4184885,1790964000.0,yes,0.9099999999999999,0.8426000000000003,0.0574,False,20261002T161736Z-ca8d5e70187843dea77657aff399f9f6,1.0,0.5
KXETH15M-26OCT021400-00,0.6,1790963545.4184885,1790964000.0,yes,0.9099999999999999,0.8426000000000003,0.0574,False,20261002T161736Z-ca8d5e70187843dea77657aff399f9f6,0.5,0.5
KXETH15M-26OCT021400-00,0.6,1790963547.47309,1790964000.0,yes,0.89,1.0313999999999997,0.0686,False,20261002T161736Z-ca8d5e70187843dea77657aff399f9f6,3.0,0.5
KXETH15M-26OCT021400-00,0.6,1790963545.4184885,1790964000.0,yes,0.9099999999999999,0.8426000000000003,0.0574,False,20261002T161736Z-ca8d5e70187843dea77657aff399f9f6,1.0,0.55
KXETH15M-26OCT021400-00,0.65,1790963557.510377,1790964000.0,yes,0.915,0.7954999999999997,0.0545,False,20261002T161736Z-ca8d5e70187843dea77657aff399f9f6,1.0,0.5
KXETH15M-26OCT021400-00,0.65,1790963557.510377,1790964000.0,yes,0.915,0.7954999999999997,0.0545,False,20261002T161736Z-ca8d5e70187843dea77657aff399f9f6,0.5,0.5
KXETH15M-26OCT021400-00,0.65,1790963559.5159001,1790964000.0,yes,0.905,0.8897999999999993,0.0602,False,20261002T161736Z-ca8d5e70187843dea77657aff399f9f6,3.0,0.5
KXETH15M-26OCT021400-00,0.65,1790963557.510377,1790964000.0,yes,0.915,0.7954999999999997,0.0545,False,20261002T161736Z-ca8d5e70187843dea77657aff399f9f6,1.0,0.55
KXETH15M-26OCT021400-00,0.7,1790963581.6551857,1790964000.0,yes,0.9021000000000001,0.9170999999999992,0.0619,False,20261002T161736Z-ca8d5e70187843dea77657aff399f9f6,1.0,0.5
KXETH15M-26OCT021400-00,0.7,1790963580.6594098,1790964000.0,yes,0.9040000000000001,0.8991999999999991,0.0608,False,20261002T161736Z-ca8d5e70187843dea77657aff399f9f6,0.5,0.5
KXETH15M-26OCT021400-00,0.7,1790963583.7016156,1790964000.0,yes,0.9022,0.9161999999999998,0.0618,False,20261002T161736Z-ca8d5e70187843dea77657aff399f9f6,3.0,0.5
KXETH15M-26OCT021400-00,0.7,1790963581.6551857,1790964000.0,yes,0.9021000000000001,0.9170999999999992,0.0619,False,20261002T161736Z-ca8d5e70187843dea77657aff399f9f6,1.0,0.55
KXETH15M-26OCT021400-00,0.75,1790963581.6551857,1790964000.0,yes,0.9021000000000001,0.9170999999999992,0.0619,False,20261002T161736Z-ca8d5e70187843dea77657aff399f9f6,1.0,0.5
KXETH15M-26OCT021400-00,0.75,1790963580.6594098,1790964000.0,yes,0.9040000000000001,0.8991999999999991,0.0608,False,20261002T161736Z-ca8d5e70187843dea77657aff399f9f6,0.5,0.5
KXETH15M-26OCT021400-00,0.75,1790963583.7016156,1790964000.0,yes,0.9022,0.9161999999999998,0.0618,False,20261002T161736Z-ca8d5e70187843dea77657aff399f9f6,3.0,0.5
KXETH15M-26OCT021400-00,0.75,1790963581.6551857,1790964000.0,yes,0.9021000000000001,0.9170999999999992,0.0619,False,20261002T161736Z-ca8d5e70187843dea77657aff399f9f6,1.0,0.55
KXETH15M-26OCT021400-00,0.8,1790963581.6551857,1790964000.0,yes,0.9021000000000001,0.9170999999999992,0.0619,False,20261002T161736Z-ca8d5e70187843dea77657aff399f9f6,1.0,0.5
KXETH15M-26OCT021400-00,0.8,1790963580.6594098,1790964000.0,yes,0.9040000000000001,0.8991999999999991,0.0608,False,20261002T161736Z-ca8d5e70187843dea77657aff399f9f6,0.5,0.5
KXETH15M-26OCT021400-00,0.8,1790963583.7016156,1790964000.0,yes,0.9022,0.9161999999999998,0.0618,False,20261002T161736Z-ca8d5e70187843dea77657aff399f9f6,3.0,0.5
KXETH15M-26OCT021400-00,0.8,1790963581.6551857,1790964000.0,yes,0.9021000000000001,0.9170999999999992,0.0619,False,20261002T161736Z-ca8d5e70187843dea77657aff399f9f6,1.0,0.55
KXETH15M-26OCT021400-00,0.85,1790963873.7976475,1790964000.0,yes,0.959,0.38240000000000013,0.0276,False,20261002T161736Z-ca8d5e70187843dea77657aff399f9f6,1.0,0.5
KXETH15M-26OCT021400-00,0.85,1790963872.7821672,1790964000.0,yes,0.959,0.38240000000000013,0.0276,False,20261002T161736Z-ca8d5e70187843dea77657aff399f9f6,0.5,0.5
KXETH15M-26OCT021400-00,0.85,1790963875.7979214,1790964000.0,yes,0.9410000000000001,0.5510999999999998,0.0389,False,20261002T161736Z-ca8d5e70187843dea77657aff399f9f6,3.0,0.5
KXETH15M-26OCT021400-00,0.85,1790963873.7976475,1790964000.0,yes,0.959,0.38240000000000013,0.0276,False,20261002T161736Z-ca8d5e70187843dea77657aff399f9f6,1.0,0.55
KXETH15M-26OCT021415-15,0.5,1790964827.9496891,1790964900.0,yes,0.959,0.38240000000000013,0.0276,False,20261002T161736Z-ca8d5e70187843dea77657aff399f9f6,1.0,0.5
KXETH15M-26OCT021415-15,0.5,1790964817.848589,1790964900.0,yes,0.9410000000000001,0.5510999999999998,0.0389,False,20261002T161736Z-ca8d5e70187843dea77657aff399f9f6,0.5,0.5
KXETH15M-26OCT021415-15,0.5,1790964827.9496891,1790964900.0,yes,0.959,0.38240000000000013,0.0276,False,20261002T161736Z-ca8d5e70187843dea77657aff399f9f6,1.0,0.55
KXETH15M-26OCT021415-15,0.55,1790964827.9496891,1790964900.0,yes,0.959,0.38240000000000013,0.0276,False,20261002T161736Z-ca8d5e70187843dea77657aff399f9f6,1.0,0.5
KXETH15M-26OCT021415-15,0.55,1790964817.848589,1790964900.0,yes,0.9410000000000001,0.5510999999999998,0.0389,False,20261002T161736Z-ca8d5e70187843dea77657aff399f9f6,0.5,0.5
KXETH15M-26OCT021415-15,0.55,1790964827.9496891,1790964900.0,yes,0.959,0.38240000000000013,0.0276,False,20261002T161736Z-ca8d5e70187843dea77657aff399f9f6,1.0,0.55
KXETH15M-26OCT021415-15,0.6,1790964827.9496891,1790964900.0,yes,0.959,0.38240000000000013,0.0276,False,20261002T161736Z-ca8d5e70187843dea77657aff399f9f6,1.0,0.5
KXETH15M-26OCT021415-15,0.6,1790964830.9805741,1790964900.0,yes,0.958,0.3917999999999999,0.0282,False,20261002T161736Z-ca8d5e70187843dea77657aff399f9f6,0.5,0.5
KXETH15M-26OCT021415-15,0.6,1790964827.9496891,1790964900.0,yes,0.959,0.38240000000000013,0.0276,False,20261002T161736Z-ca8d5e70187843dea77657aff399f9f6,1.0,0.55
KXETH15M-26OCT021415-15,0.65,1790964827.9496891,1790964900.0,yes,0.959,0.38240000000000013,0.0276,False,20261002T161736Z-ca8d5e70187843dea77657aff399f9f6,1.0,0.5
KXETH15M-26OCT021415-15,0.65,1790964830.9805741,1790964900.0,yes,0.958,0.3917999999999999,0.0282,False,20261002T161736Z-ca8d5e70187843dea77657aff399f9f6,0.5,0.5
KXETH15M-26OCT021415-15,0.65,1790964827.9496891,1790964900.0,yes,0.959,0.38240000000000013,0.0276,False,20261002T161736Z-ca8d5e70187843dea77657aff399f9f6,1.0,0.55
KXETH15M-26OCT021415-15,0.7,1790964827.9496891,1790964900.0,yes,0.959,0.38240000000000013,0.0276,False,20261002T161736Z-ca8d5e70187843dea77657aff399f9f6,1.0,0.5
KXETH15M-26OCT021415-15,0.7,1790964827.9496891,1790964900.0,yes,0.959,0.38240000000000013,0.0276,False,20261002T161736Z-ca8d5e70187843dea77657aff399f9f6,1.0,0.55
KXETH15M-26OCT021430-30,0.5,1790965201.918988,1790965800.0,no,0.925,0.7014,0.0486,False,20261002T161736Z-ca8d5e70187843dea77657aff399f9f6,1.0,0.5
KXETH15M-26OCT021430-30,0.5,1790965200.9102693,1790965800.0,no,0.925,0.7014,0.0486,False,20261002T161736Z-ca8d5e70187843dea77657aff399f9f6,0.5,0.5
KXETH15M-26OCT021430-30,0.5,1790965203.9271777,1790965800.0,no,0.9269999999999999,0.6826000000000004,0.0474,False,20261002T161736Z-ca8d5e70187843dea77657aff399f9f6,3.0,0.5
KXETH15M-26OCT021430-30,0.5,1790965201.918988,1790965800.0,no,0.925,0.7014,0.0486,False,20261002T161736Z-ca8d5e70187843dea77657aff399f9f6,1.0,0.55
KXETH15M-26OCT021430-30,0.55,1790965201.918988,1790965800.0,no,0.925,0.7014,0.0486,False,20261002T161736Z-ca8d5e70187843dea77657aff399f9f6,1.0,0.5
KXETH15M-26OCT021430-30,0.55,1790965200.9102693,1790965800.0,no,0.925,0.7014,0.0486,False,20261002T161736Z-ca8d5e70187843dea77657aff399f9f6,0.5,0.5
KXETH15M-26OCT021430-30,0.55,1790965203.9271777,1790965800.0,no,0.9269999999999999,0.6826000000000004,0.0474,False,20261002T161736Z-ca8d5e70187843dea77657aff399f9f6,3.0,0.5
KXETH15M-26OCT021430-30,0.55,1790965201.918988,1790965800.0,no,0.925,0.7014,0.0486,False,20261002T161736Z-ca8d5e70187843dea77657aff399f9f6,1.0,0.55
KXETH15M-26OCT021430-30,0.6,1790965201.918988,1790965800.0,no,0.925,0.7014,0.0486,False,20261002T161736Z-ca8d5e70187843dea77657aff399f9f6,1.0,0.5
KXETH15M-26OCT021430-30,0.6,1790965200.9102693,1790965800.0,no,0.925,0.7014,0.0486,False,20261002T161736Z-ca8d5e70187843dea77657aff399f9f6,0.5,0.5
KXETH15M-26OCT021430-30,0.6,1790965203.9271777,1790965800.0,no,0.9269999999999999,0.6826000000000004,0.0474,False,20261002T161736Z-ca8d5e70187843dea77657aff399f9f6,3.0,0.5
KXETH15M-26OCT021430-30,0.6,1790965201.918988,1790965800.0,no,0.925,0.7014,0.0486,False,20261002T161736Z-ca8d5e70187843dea77657aff399f9f6,1.0,0.55
KXETH15M-26OCT021430-30,0.65,1790965201.918988,1790965800.0,no,0.925,0.7014,0.0486,False,20261002T161736Z-ca8d5e70187843dea77657aff399f9f6,1.0,0.5
KXETH15M-26OCT021430-30,0.65,1790965200.9102693,1790965800.0,no,0.925,0.7014,0.0486,False,20261002T161736Z-ca8d5e70187843dea77657aff399f9f6,0.5,0.5
KXETH15M-26OCT021430-30,0.65,1790965203.9271777,1790965800.0,no,0.9269999999999999,0.6826000000000004,0.0474,False,20261002T161736Z-ca8d5e70187843dea77657aff399f9f6,3.0,0.5
KXETH15M-26OCT021430-30,0.65,1790965201.918988,1790965800.0,no,0.925,0.7014,0.0486,False,20261002T161736Z-ca8d5e70187843dea77657aff399f9f6,1.0,0.55
KXETH15M-26OCT021430-30,0.7,1790965201.918988,1790965800.0,no,0.925,0.7014,0.0486,False,20261002T161736Z-ca8d5e70187843dea77657aff399f9f6,1.0,0.5
KXETH15M-26OCT021430-30,0.7,1790965200.9102693,1790965800.0,no,0.925,0.7014,0.0486,False,20261002T161736Z-ca8d5e70187843dea77657aff399f9f6,0.5,0.5
KXETH15M-26OCT021430-30,0.7,1790965203.9271777,1790965800.0,no,0.9269999999999999,0.6826000000000004,0.0474,False,20261002T161736Z-ca8d5e70187843dea77657aff399f9f6,3.0,0.5
KXETH15M-26OCT021430-30,0.7,1790965201.918988,1790965800.0,no,0.925,0.7014,0.0486,False,20261002T161736Z-ca8d5e70187843dea77657aff399f9f6,1.0,0.55
KXETH15M-26OCT021430-30,0.75,1790965201.918988,1790965800.0,no,0.925,0.7014,0.0486,False,20261002T161736Z-ca8d5e70187843dea77657aff399f9f6,1.0,0.5
KXETH15M-26OCT021430-30,0.75,1790965200.9102693,1790965800.0,no,0.925,0.7014,0.0486,False,20261002T161736Z-ca8d5e70187843dea77657aff399f9f6,0.5,0.5
KXETH15M-26OCT021430-30,0.75,1790965203.9271777,1790965800.0,no,0.9269999999999999,0.6826000000000004,0.0474,False,20261002T161736Z-ca8d5e70187843dea77657aff399f9f6,3.0,0.5
KXETH15M-26OCT021430-30,0.75,1790965201.918988,1790965800.0,no,0.925,0.7014,0.0486,False,20261002T161736Z-ca8d5e70187843dea77657aff399f9f6,1.0,0.55
KXETH15M-26OCT021430-30,0.8,1790965201.918988,1790965800.0,no,0.925,0.7014,0.0486,False,20261002T161736Z-ca8d5e70187843dea77657aff399f9f6,1.0,0.5
KXETH15M-26OCT021430-30,0.8,1790965200.9102693,1790965800.0,no,0.925,0.7014,0.0486,False,20261002T161736Z-ca8d5e70187843dea77657aff399f9f6,0.5,0.5
KXETH15M-26OCT021430-30,0.8,1790965203.9271777,1790965800.0,no,0.9269999999999999,0.6826000000000004,0.0474,False,20261002T161736Z-ca8d5e70187843dea77657aff399f9f6,3.0,0.5
KXETH15M-26OCT021430-30,0.8,1790965201.918988,1790965800.0,no,0.925,0.7014,0.0486,False,20261002T161736Z-ca8d5e70187843dea77657aff399f9f6,1.0,0.55
KXETH15M-26OCT021430-30,0.85,1790965201.918988,1790965800.0,no,0.925,0.7014,0.0486,False,20261002T161736Z-ca8d5e70187843dea77657aff399f9f6,1.0,0.5
KXETH15M-26OCT021430-30,0.85,1790965200.9102693,1790965800.0,no,0.925,0.7014,0.0486,False,20261002T161736Z-ca8d5e70187843dea77657aff399f9f6,0.5,0.5
KXETH15M-26OCT021430-30,0.85,1790965203.9271777,1790965800.0,no,0.9269999999999999,0.6826000000000004,0.0474,False,20261002T161736Z-ca8d5e70187843dea77657aff399f9f6,3.0,0.5
KXETH15M-26OCT021430-30,0.85,1790965201.918988,1790965800.0,no,0.925,0.7014,0.0486,False,20261002T161736Z-ca8d5e70187843dea77657aff399f9f6,1.0,0.55
KXETH15M-26OCT021430-30,0.9,1790965201.918988,1790965800.0,no,0.925,0.7014,0.0486,False,20261002T161736Z-ca8d5e70187843dea77657aff399f9f6,1.0,0.5
KXETH15M-26OCT021430-30,0.9,1790965200.9102693,1790965800.0,no,0.925,0.7014,0.0486,False,20261002T161736Z-ca8d5e70187843dea77657aff399f9f6,0.5,0.5
KXETH15M-26OCT021430-30,0.9,1790965203.9271777,1790965800.0,no,0.9269999999999999,0.6826000000000004,0.0474,False,20261002T161736Z-ca8d5e70187843dea77657aff399f9f6,3.0,0.5
KXETH15M-26OCT021430-30,0.9,1790965201.918988,1790965800.0,no,0.925,0.7014,0.0486,False,20261002T161736Z-ca8d5e70187843dea77657aff399f9f6,1.0,0.55
KXETH15M-26OCT021430-30,0.95,1790965313.8258646,1790965800.0,no,0.9570000000000001,0.40109999999999973,0.0289,False,20261002T161736Z-ca8d5e70187843dea77657aff399f9f6,1.0,0.5
KXETH15M-26OCT021430-30,0.95,1790965312.8219385,1790965800.0,no,0.9559999999999998,0.4105000000000013,0.0295,False,20261002T161736Z-ca8d5e70187843dea77657aff399f9f6,0.5,0.5
KXETH15M-26OCT021430-30,0.95,1790965313.8258646,1790965800.0,no,0.9570000000000001,0.40109999999999973,0.0289,False,20261002T161736Z-ca8d5e70187843dea77657aff399f9f6,1.0,0.55
KXETH15M-26OCT021445-45,0.5,1790966124.3928125,1790966223.9828184,no,0.82,-3.6781999999999995,0.2782,True,20261002T161736Z-ca8d5e70187843dea77657aff399f9f6,1.0,0.5
KXETH15M-26OCT021445-45,0.5,1790966124.3928125,1790966223.9828184,no,0.82,-3.6781999999999995,0.2782,True,20261002T161736Z-ca8d5e70187843dea77657aff399f9f6,0.5,0.5
KXETH15M-26OCT021445-45,0.5,1790966127.3148582,1790966226.0807688,no,0.8299999999999998,-4.072099999999999,0.2721,True,20261002T161736Z-ca8d5e70187843dea77657aff399f9f6,3.0,0.5
KXETH15M-26OCT021445-45,0.5,1790966124.3928125,1790966222.9754746,no,0.82,-3.4783999999999993,0.2784,True,20261002T161736Z-ca8d5e70187843dea77657aff399f9f6,1.0,0.55
KXETH15M-26OCT021445-45,0.55,1790966124.3928125,1790966223.9828184,no,0.82,-3.6781999999999995,0.2782,True,20261002T161736Z-ca8d5e70187843dea77657aff399f9f6,1.0,0.5
KXETH15M-26OCT021445-45,0.55,1790966124.3928125,1790966223.9828184,no,0.82,-3.6781999999999995,0.2782,True,20261002T161736Z-ca8d5e70187843dea77657aff399f9f6,0.5,0.5
KXETH15M-26OCT021445-45,0.55,1790966127.3148582,1790966226.0807688,no,0.8299999999999998,-4.072099999999999,0.2721,True,20261002T161736Z-ca8d5e70187843dea77657aff399f9f6,3.0,0.5
KXETH15M-26OCT021445-45,0.55,1790966124.3928125,1790966222.9754746,no,0.82,-3.4783999999999993,0.2784,True,20261002T161736Z-ca8d5e70187843dea77657aff399f9f6,1.0,0.55
KXETH15M-26OCT021445-45,0.6,1790966124.3928125,1790966223.9828184,no,0.82,-3.6781999999999995,0.2782,True,20261002T161736Z-ca8d5e70187843dea77657aff399f9f6,1.0,0.5
KXETH15M-26OCT021445-45,0.6,1790966124.3928125,1790966223.9828184,no,0.82,-3.6781999999999995,0.2782,True,20261002T161736Z-ca8d5e70187843dea77657aff399f9f6,0.5,0.5
KXETH15M-26OCT021445-45,0.6,1790966127.3148582,1790966226.0807688,no,0.8299999999999998,-4.072099999999999,0.2721,True,20261002T161736Z-ca8d5e70187843dea77657aff399f9f6,3.0,0.5
KXETH15M-26OCT021445-45,0.6,1790966124.3928125,1790966222.9754746,no,0.82,-3.4783999999999993,0.2784,True,20261002T161736Z-ca8d5e70187843dea77657aff399f9f6,1.0,0.55
KXETH15M-26OCT021445-45,0.65,1790966124.3928125,1790966223.9828184,no,0.82,-3.6781999999999995,0.2782,True,20261002T161736Z-ca8d5e70187843dea77657aff399f9f6,1.0,0.5
KXETH15M-26OCT021445-45,0.65,1790966124.3928125,1790966223.9828184,no,0.82,-3.6781999999999995,0.2782,True,20261002T161736Z-ca8d5e70187843dea77657aff399f9f6,0.5,0.5
KXETH15M-26OCT021445-45,0.65,1790966127.3148582,1790966226.0807688,no,0.8299999999999998,-4.072099999999999,0.2721,True,20261002T161736Z-ca8d5e70187843dea77657aff399f9f6,3.0,0.5
KXETH15M-26OCT021445-45,0.65,1790966124.3928125,1790966222.9754746,no,0.82,-3.4783999999999993,0.2784,True,20261002T161736Z-ca8d5e70187843dea77657aff399f9f6,1.0,0.55
KXETH15M-26OCT021445-45,0.7,1790966124.3928125,1790966223.9828184,no,0.82,-3.6781999999999995,0.2782,True,20261002T161736Z-ca8d5e70187843dea77657aff399f9f6,1.0,0.5
KXETH15M-26OCT021445-45,0.7,1790966124.3928125,1790966223.9828184,no,0.82,-3.6781999999999995,0.2782,True,20261002T161736Z-ca8d5e70187843dea77657aff399f9f6,0.5,0.5
KXETH15M-26OCT021445-45,0.7,1790966127.3148582,1790966226.0807688,no,0.8299999999999998,-4.072099999999999,0.2721,True,20261002T161736Z-ca8d5e70187843dea77657aff399f9f6,3.0,0.5
KXETH15M-26OCT021445-45,0.7,1790966124.3928125,1790966222.9754746,no,0.82,-3.4783999999999993,0.2784,True,20261002T161736Z-ca8d5e70187843dea77657aff399f9f6,1.0,0.55
KXETH15M-26OCT021445-45,0.75,1790966124.3928125,1790966223.9828184,no,0.82,-3.6781999999999995,0.2782,True,20261002T161736Z-ca8d5e70187843dea77657aff399f9f6,1.0,0.5
KXETH15M-26OCT021445-45,0.75,1790966124.3928125,1790966223.9828184,no,0.82,-3.6781999999999995,0.2782,True,20261002T161736Z-ca8d5e70187843dea77657aff399f9f6,0.5,0.5
KXETH15M-26OCT021445-45,0.75,1790966127.3148582,1790966226.0807688,no,0.8299999999999998,-4.072099999999999,0.2721,True,20261002T161736Z-ca8d5e70187843dea77657aff399f9f6,3.0,0.5
KXETH15M-26OCT021445-45,0.75,1790966124.3928125,1790966222.9754746,no,0.82,-3.4783999999999993,0.2784,True,20261002T161736Z-ca8d5e70187843dea77657aff399f9f6,1.0,0.55
KXETH15M-26OCT021445-45,0.8,1790966126.2357652,1790966223.9828184,no,0.85,-3.9641,0.2641,True,20261002T161736Z-ca8d5e70187843dea77657aff399f9f6,1.0,0.5
KXETH15M-26OCT021445-45,0.8,1790966126.2357652,1790966223.9828184,no,0.85,-3.9641,0.2641,True,20261002T161736Z-ca8d5e70187843dea77657aff399f9f6,0.5,0.5
KXETH15M-26OCT021445-45,0.8,1790966128.2917013,1790966226.0807688,no,0.8100000000000002,-3.8811000000000018,0.2811,True,20261002T161736Z-ca8d5e70187843dea77657aff399f9f6,3.0,0.5
KXETH15M-26OCT021445-45,0.8,1790966126.2357652,1790966222.9754746,no,0.85,-3.7643,0.2643,True,20261002T161736Z-ca8d5e70187843dea77657aff399f9f6,1.0,0.55
KXETH15M-26OCT021445-45,0.85,1790966126.2357652,1790966223.9828184,no,0.85,-3.9641,0.2641,True,20261002T161736Z-ca8d5e70187843dea77657aff399f9f6,1.0,0.5
KXETH15M-26OCT021445-45,0.85,1790966126.2357652,1790966223.9828184,no,0.85,-3.9641,0.2641,True,20261002T161736Z-ca8d5e70187843dea77657aff399f9f6,0.5,0.5
KXETH15M-26OCT021445-45,0.85,1790966128.2917013,1790966226.0807688,no,0.8100000000000002,-3.8811000000000018,0.2811,True,20261002T161736Z-ca8d5e70187843dea77657aff399f9f6,3.0,0.5
KXETH15M-26OCT021445-45,0.85,1790966126.2357652,1790966222.9754746,no,0.85,-3.7643,0.2643,True,20261002T161736Z-ca8d5e70187843dea77657aff399f9f6,1.0,0.55
KXETH15M-26OCT021445-45,0.9,1790966126.2357652,1790966223.9828184,no,0.85,-3.9641,0.2641,True,20261002T161736Z-ca8d5e70187843dea77657aff399f9f6,1.0,0.5
KXETH15M-26OCT021445-45,0.9,1790966126.2357652,1790966223.9828184,no,0.85,-3.9641,0.2641,True,20261002T161736Z-ca8d5e70187843dea77657aff399f9f6,0.5,0.5
KXETH15M-26OCT021445-45,0.9,1790966128.2917013,1790966226.0807688,no,0.8100000000000002,-3.8811000000000018,0.2811,True,20261002T161736Z-ca8d5e70187843dea77657aff399f9f6,3.0,0.5
KXETH15M-26OCT021445-45,0.9,1790966126.2357652,1790966222.9754746,no,0.85,-3.7643,0.2643,True,20261002T161736Z-ca8d5e70187843dea77657aff399f9f6,1.0,0.55
KXETH15M-26OCT021445-45,0.95,1790966126.2357652,1790966223.9828184,no,0.85,-3.9641,0.2641,True,20261002T161736Z-ca8d5e70187843dea77657aff399f9f6,1.0,0.5
KXETH15M-26OCT021445-45,0.95,1790966126.2357652,1790966223.9828184,no,0.85,-3.9641,0.2641,True,20261002T161736Z-ca8d5e70187843dea77657aff399f9f6,0.5,0.5
KXETH15M-26OCT021445-45,0.95,1790966128.2917013,1790966226.0807688,no,0.8100000000000002,-3.8811000000000018,0.2811,True,20261002T161736Z-ca8d5e70187843dea77657aff399f9f6,3.0,0.5
KXETH15M-26OCT021445-45,0.95,1790966126.2357652,1790966222.9754746,no,0.85,-3.7643,0.2643,True,20261002T161736Z-ca8d5e70187843dea77657aff399f9f6,1.0,0.55
KXETH15M-26OCT021445-45,1.0,1790966330.6507962,1790966700.0,no,0.9,0.937,0.063,False,20261002T161736Z-ca8d5e70187843dea77657aff399f9f6,1.0,0.5
KXETH15M-26OCT021445-45,1.0,1790966330.6507962,1790966700.0,no,0.9,0.937,0.063,False,20261002T161736Z-ca8d5e70187843dea77657aff399f9f6,0.5,0.5
KXETH15M-26OCT021445-45,1.0,1790966332.6625042,1790966700.0,no,0.9088,0.853899999999999,0.0581,False,20261002T161736Z-ca8d5e70187843dea77657aff399f9f6,3.0,0.5
KXETH15M-26OCT021445-45,1.0,1790966330.6507962,1790966700.0,no,0.9,0.937,0.063,False,20261002T161736Z-ca8d5e70187843dea77657aff399f9f6,1.0,0.55
KXETH15M-26OCT021445-45,1.05,1790966334.6686568,1790966700.0,no,0.907,0.8708999999999997,0.0591,False,20261002T161736Z-ca8d5e70187843dea77657aff399f9f6,1.0,0.5
KXETH15M-26OCT021445-45,1.05,1790966333.6655104,1790966700.0,no,0.9092,0.8501999999999995,0.0578,False,20261002T161736Z-ca8d5e70187843dea77657aff399f9f6,0.5,0.5
KXETH15M-26OCT021445-45,1.05,1790966336.7017992,1790966700.0,no,0.9030000000000001,0.9085999999999989,0.0614,False,20261002T161736Z-ca8d5e70187843dea77657aff399f9f6,3.0,0.5
KXETH15M-26OCT021445-45,1.05,1790966334.6686568,1790966700.0,no,0.907,0.8708999999999997,0.0591,False,20261002T161736Z-ca8d5e70187843dea77657aff399f9f6,1.0,0.55
KXETH15M-26OCT021445-45,1.1,1790966347.8005273,1790966700.0,no,0.913,0.8142999999999992,0.0557,False,20261002T161736Z-ca8d5e70187843dea77657aff399f9f6,1.0,0.5
KXETH15M-26OCT021445-45,1.1,1790966346.799917,1790966700.0,no,0.914,0.8048999999999994,0.0551,False,20261002T161736Z-ca8d5e70187843dea77657aff399f9f6,0.5,0.5
KXETH15M-26OCT021445-45,1.1,1790966347.8005273,1790966700.0,no,0.913,0.8142999999999992,0.0557,False,20261002T161736Z-ca8d5e70187843dea77657aff399f9f6,1.0,0.55
KXETH15M-26OCT021500-00,0.5,1790967183.6506648,1790967600.0,yes,0.9073,0.8680999999999996,0.058899999999999994,False,20261002T161736Z-ca8d5e70187843dea77657aff399f9f6,1.0,0.5
KXETH15M-26OCT021500-00,0.5,1790967183.6506648,1790967600.0,yes,0.9073,0.8680999999999996,0.058899999999999994,False,20261002T161736Z-ca8d5e70187843dea77657aff399f9f6,0.5,0.5
KXETH15M-26OCT021500-00,0.5,1790967185.6542842,1790967600.0,yes,0.9,0.937,0.063,False,20261002T161736Z-ca8d5e70187843dea77657aff399f9f6,3.0,0.5
KXETH15M-26OCT021500-00,0.5,1790967183.6506648,1790967600.0,yes,0.9073,0.8680999999999996,0.058899999999999994,False,20261002T161736Z-ca8d5e70187843dea77657aff399f9f6,1.0,0.55
KXETH15M-26OCT021500-00,0.55,1790967302.6369836,1790967600.0,yes,0.9596,0.3767999999999999,0.027200000000000002,False,20261002T161736Z-ca8d5e70187843dea77657aff399f9f6,1.0,0.5
KXETH15M-26OCT021500-00,0.55,1790967302.6369836,1790967600.0,yes,0.9596,0.3767999999999999,0.027200000000000002,False,20261002T161736Z-ca8d5e70187843dea77657aff399f9f6,0.5,0.5
KXETH15M-26OCT021500-00,0.55,1790967305.6408877,1790967600.0,yes,0.9592599999999999,0.3800000000000002,0.027400000000000674,False,20261002T161736Z-ca8d5e70187843dea77657aff399f9f6,3.0,0.5
KXETH15M-26OCT021500-00,0.55,1790967302.6369836,1790967600.0,yes,0.9596,0.3767999999999999,0.027200000000000002,False,20261002T161736Z-ca8d5e70187843dea77657aff399f9f6,1.0,0.55
KXETH15M-26OCT021500-00,0.6,1790967302.6369836,1790967600.0,yes,0.9596,0.3767999999999999,0.027200000000000002,False,20261002T161736Z-ca8d5e70187843dea77657aff399f9f6,1.0,0.5
KXETH15M-26OCT021500-00,0.6,1790967302.6369836,1790967600.0,yes,0.9596,0.3767999999999999,0.027200000000000002,False,20261002T161736Z-ca8d5e70187843dea77657aff399f9f6,0.5,0.5
KXETH15M-26OCT021500-00,0.6,1790967305.6408877,1790967600.0,yes,0.9592599999999999,0.3800000000000002,0.027400000000000674,False,20261002T161736Z-ca8d5e70187843dea77657aff399f9f6,3.0,0.5
KXETH15M-26OCT021500-00,0.6,1790967302.6369836,1790967600.0,yes,0.9596,0.3767999999999999,0.027200000000000002,False,20261002T161736Z-ca8d5e70187843dea77657aff399f9f6,1.0,0.55
KXETH15M-26OCT021500-00,0.65,1790967362.274496,1790967600.0,yes,0.9516,0.4517,0.032299999999999995,False,20261002T161736Z-ca8d5e70187843dea77657aff399f9f6,1.0,0.5
KXETH15M-26OCT021500-00,0.65,1790967362.274496,1790967600.0,yes,0.9516,0.4517,0.032299999999999995,False,20261002T161736Z-ca8d5e70187843dea77657aff399f9f6,0.5,0.5
KXETH15M-26OCT021500-00,0.65,1790967364.3044705,1790967600.0,yes,0.9532,0.4367,0.0313,False,20261002T161736Z-ca8d5e70187843dea77657aff399f9f6,3.0,0.5
KXETH15M-26OCT021500-00,0.65,1790967362.274496,1790967600.0,yes,0.9516,0.4517,0.032299999999999995,False,20261002T161736Z-ca8d5e70187843dea77657aff399f9f6,1.0,0.55
KXETH15M-26OCT021500-00,0.7,1790967362.274496,1790967600.0,yes,0.9516,0.4517,0.032299999999999995,False,20261002T161736Z-ca8d5e70187843dea77657aff399f9f6,1.0,0.5
KXETH15M-26OCT021500-00,0.7,1790967362.274496,1790967600.0,yes,0.9516,0.4517,0.032299999999999995,False,20261002T161736Z-ca8d5e70187843dea77657aff399f9f6,0.5,0.5
KXETH15M-26OCT021500-00,0.7,1790967364.3044705,1790967600.0,yes,0.9532,0.4367,0.0313,False,20261002T161736Z-ca8d5e70187843dea77657aff399f9f6,3.0,0.5
KXETH15M-26OCT021500-00,0.7,1790967362.274496,1790967600.0,yes,0.9516,0.4517,0.032299999999999995,False,20261002T161736Z-ca8d5e70187843dea77657aff399f9f6,1.0,0.55
KXETH15M-26OCT021500-00,0.75,1790967381.4316866,1790967600.0,yes,0.93,0.6543999999999993,0.0456,False,20261002T161736Z-ca8d5e70187843dea77657aff399f9f6,1.0,0.5
KXETH15M-26OCT021500-00,0.75,1790967380.419606,1790967600.0,yes,0.9280000000000002,0.6731999999999989,0.0468,False,20261002T161736Z-ca8d5e70187843dea77657aff399f9f6,0.5,0.5
KXETH15M-26OCT021500-00,0.75,1790967383.4422462,1790967600.0,yes,0.9381,0.5782999999999998,0.0407,False,20261002T161736Z-ca8d5e70187843dea77657aff399f9f6,3.0,0.5
KXETH15M-26OCT021500-00,0.75,1790967381.4316866,1790967600.0,yes,0.93,0.6543999999999993,0.0456,False,20261002T161736Z-ca8d5e70187843dea77657aff399f9f6,1.0,0.55
KXETH15M-26OCT021515-15,0.5,1790968290.6264234,1790968330.4047477,yes,0.82,-3.877299999999999,0.2773,True,20261002T161736Z-ca8d5e70187843dea77657aff399f9f6,1.0,0.5
KXETH15M-26OCT021515-15,0.5,1790968289.6720178,1790968330.4047477,yes,0.8299999999999998,-3.9726999999999983,0.2727,True,20261002T161736Z-ca8d5e70187843dea77657aff399f9f6,0.5,0.5
KXETH15M-26OCT021515-15,0.5,1790968293.6504412,1790968332.397018,yes,0.8100000000000002,-3.980300000000001,0.2803,True,20261002T161736Z-ca8d5e70187843dea77657aff399f9f6,3.0,0.5
KXETH15M-26OCT021515-15,0.5,1790968290.6264234,1790968326.3705444,yes,0.82,-3.2882,0.2782,True,20261002T161736Z-ca8d5e70187843dea77657aff399f9f6,1.0,0.55
KXETH15M-26OCT021515-15,0.55,1790968290.6264234,1790968330.4047477,yes,0.82,-3.877299999999999,0.2773,True,20261002T161736Z-ca8d5e70187843dea77657aff399f9f6,1.0,0.5
KXETH15M-26OCT021515-15,0.55,1790968289.6720178,1790968330.4047477,yes,0.8299999999999998,-3.9726999999999983,0.2727,True,20261002T161736Z-ca8d5e70187843dea77657aff399f9f6,0.5,0.5
KXETH15M-26OCT021515-15,0.55,1790968293.6504412,1790968332.397018,yes,0.8100000000000002,-3.980300000000001,0.2803,True,20261002T161736Z-ca8d5e70187843dea77657aff399f9f6,3.0,0.5
KXETH15M-26OCT021515-15,0.55,1790968290.6264234,1790968326.3705444,yes,0.82,-3.2882,0.2782,True,20261002T161736Z-ca8d5e70187843dea77657aff399f9f6,1.0,0.55
KXETH15M-26OCT021530-30,0.5,1790968861.4803586,1790969050.4028308,no,0.8699999999999999,-4.2536000000000005,0.2536,True,20261002T161736Z-ca8d5e70187843dea77657aff399f9f6,1.0,0.5
KXETH15M-26OCT021530-30,0.5,1790968861.4803586,1790969050.4028308,no,0.8699999999999999,-4.2536000000000005,0.2536,True,20261002T161736Z-ca8d5e70187843dea77657aff399f9f6,0.5,0.5
KXETH15M-26OCT021530-30,0.5,1790968863.5018349,1790969052.4162521,no,0.8699999999999999,-3.9541999999999993,0.2542,True,20261002T161736Z-ca8d5e70187843dea77657aff399f9f6,3.0,0.5
KXETH15M-26OCT021530-30,0.5,1790968861.4803586,1790969048.3837535,no,0.8699999999999999,-3.8541999999999996,0.2542,True,20261002T161736Z-ca8d5e70187843dea77657aff399f9f6,1.0,0.55
KXETH15M-26OCT021530-30,0.55,1790968861.4803586,1790969050.4028308,no,0.8699999999999999,-4.2536000000000005,0.2536,True,20261002T161736Z-ca8d5e70187843dea77657aff399f9f6,1.0,0.5
KXETH15M-26OCT021530-30,0.55,1790968861.4803586,1790969050.4028308,no,0.8699999999999999,-4.2536000000000005,0.2536,True,20261002T161736Z-ca8d5e70187843dea77657aff399f9f6,0.5,0.5
KXETH15M-26OCT021530-30,0.55,1790968863.5018349,1790969052.4162521,no,0.8699999999999999,-3.9541999999999993,0.2542,True,20261002T161736Z-ca8d5e70187843dea77657aff399f9f6,3.0,0.5
KXETH15M-26OCT021530-30,0.55,1790968861.4803586,1790969048.3837535,no,0.8699999999999999,-3.8541999999999996,0.2542,True,20261002T161736Z-ca8d5e70187843dea77657aff399f9f6,1.0,0.55
KXETH15M-26OCT021530-30,0.6,1790969264.6450455,1790969400.0,yes,0.953,0.43860000000000066,0.0314,False,20261002T161736Z-ca8d5e70187843dea77657aff399f9f6,1.0,0.5
KXETH15M-26OCT021530-30,0.6,1790969263.6757922,1790969400.0,yes,0.9570000000000001,0.40109999999999973,0.0289,False,20261002T161736Z-ca8d5e70187843dea77657aff399f9f6,0.5,0.5
KXETH15M-26OCT021530-30,0.6,1790969266.6607676,1790969400.0,yes,0.9593,0.37960000000000005,0.0274,False,20261002T161736Z-ca8d5e70187843dea77657aff399f9f6,3.0,0.5
KXETH15M-26OCT021530-30,0.6,1790969264.6450455,1790969400.0,yes,0.953,0.43860000000000066,0.0314,False,20261002T161736Z-ca8d5e70187843dea77657aff399f9f6,1.0,0.55
KXETH15M-26OCT021545-45,0.5,1790970196.6878133,1790970300.0,no,0.82,1.6966000000000008,0.1034,False,20261002T161736Z-ca8d5e70187843dea77657aff399f9f6,1.0,0.5
KXETH15M-26OCT021545-45,0.5,1790970170.9553487,1790970300.0,no,0.8299999999999998,1.601200000000001,0.0988,False,20261002T161736Z-ca8d5e70187843dea77657aff399f9f6,0.5,0.5
KXETH15M-26OCT021545-45,0.5,1790970174.000948,1790970300.0,no,0.8,1.888,0.112,False,20261002T161736Z-ca8d5e70187843dea77657aff399f9f6,3.0,0.5
KXETH15M-26OCT021545-45,0.5,1790970196.6878133,1790970300.0,no,0.82,1.6966000000000008,0.1034,False,20261002T161736Z-ca8d5e70187843dea77657aff399f9f6,1.0,0.55
KXETH15M-26OCT021545-45,0.55,1790970196.6878133,1790970300.0,no,0.82,1.6966000000000008,0.1034,False,20261002T161736Z-ca8d5e70187843dea77657aff399f9f6,1.0,0.5
KXETH15M-26OCT021545-45,0.55,1790970195.6786473,1790970300.0,no,0.8299999999999998,1.601200000000001,0.0988,False,20261002T161736Z-ca8d5e70187843dea77657aff399f9f6,0.5,0.5
KXETH15M-26OCT021545-45,0.55,1790970175.0118732,1790970300.0,no,0.8100000000000002,1.7921999999999985,0.1078,False,20261002T161736Z-ca8d5e70187843dea77657aff399f9f6,3.0,0.5
KXETH15M-26OCT021545-45,0.55,1790970196.6878133,1790970300.0,no,0.82,1.6966000000000008,0.1034,False,20261002T161736Z-ca8d5e70187843dea77657aff399f9f6,1.0,0.55
KXETH15M-26OCT021545-45,0.6,1790970241.0117953,1790970300.0,no,0.9410000000000001,0.5510999999999998,0.0389,False,20261002T161736Z-ca8d5e70187843dea77657aff399f9f6,1.0,0.5
KXETH15M-26OCT021545-45,0.6,1790970240.0053456,1790970300.0,no,0.933,0.6262,0.0438,False,20261002T161736Z-ca8d5e70187843dea77657aff399f9f6,0.5,0.5
KXETH15M-26OCT021545-45,0.6,1790970243.0144994,1790970300.0,no,0.954,0.42920000000000086,0.0308,False,20261002T161736Z-ca8d5e70187843dea77657aff399f9f6,3.0,0.5
KXETH15M-26OCT021545-45,0.6,1790970241.0117953,1790970300.0,no,0.9410000000000001,0.5510999999999998,0.0389,False,20261002T161736Z-ca8d5e70187843dea77657aff399f9f6,1.0,0.55
KXETH15M-26OCT021545-45,0.65,1790970242.0098934,1790970300.0,no,0.9419000000000001,0.5425999999999995,0.038400000000000004,False,20261002T161736Z-ca8d5e70187843dea77657aff399f9f6,1.0,0.5
KXETH15M-26OCT021545-45,0.65,1790970241.0117953,1790970300.0,no,0.9410000000000001,0.5510999999999998,0.0389,False,20261002T161736Z-ca8d5e70187843dea77657aff399f9f6,0.5,0.5
KXETH15M-26OCT021545-45,0.65,1790970244.0168118,1790970300.0,no,0.9559999999999998,0.4105000000000013,0.0295,False,20261002T161736Z-ca8d5e70187843dea77657aff399f9f6,3.0,0.5
KXETH15M-26OCT021545-45,0.65,1790970242.0098934,1790970300.0,no,0.9419000000000001,0.5425999999999995,0.038400000000000004,False,20261002T161736Z-ca8d5e70187843dea77657aff399f9f6,1.0,0.55
KXETH15M-26OCT021545-45,0.7,1790970242.0098934,1790970300.0,no,0.9419000000000001,0.5425999999999995,0.038400000000000004,False,20261002T161736Z-ca8d5e70187843dea77657aff399f9f6,1.0,0.5
KXETH15M-26OCT021545-45,0.7,1790970241.0117953,1790970300.0,no,0.9410000000000001,0.5510999999999998,0.0389,False,20261002T161736Z-ca8d5e70187843dea77657aff399f9f6,0.5,0.5
KXETH15M-26OCT021545-45,0.7,1790970244.0168118,1790970300.0,no,0.9559999999999998,0.4105000000000013,0.0295,False,20261002T161736Z-ca8d5e70187843dea77657aff399f9f6,3.0,0.5
KXETH15M-26OCT021545-45,0.7,1790970242.0098934,1790970300.0,no,0.9419000000000001,0.5425999999999995,0.038400000000000004,False,20261002T161736Z-ca8d5e70187843dea77657aff399f9f6,1.0,0.55
KXETH15M-26OCT021545-45,0.75,1790970244.0168118,1790970300.0,no,0.9559999999999998,0.4105000000000013,0.0295,False,20261002T161736Z-ca8d5e70187843dea77657aff399f9f6,0.5,0.5
KXETH15M-26OCT021545-45,0.75,1790970247.0136983,1790970300.0,no,0.958,0.3917999999999999,0.0282,False,20261002T161736Z-ca8d5e70187843dea77657aff399f9f6,3.0,0.5
KXETH15M-26OCT021600-00,0.5,1790971082.4323378,1790971200.0,yes,0.9259999999999999,0.6920000000000002,0.048,False,20261002T161736Z-ca8d5e70187843dea77657aff399f9f6,1.0,0.5
KXETH15M-26OCT021600-00,0.5,1790971082.4323378,1790971200.0,yes,0.9259999999999999,0.6920000000000002,0.048,False,20261002T161736Z-ca8d5e70187843dea77657aff399f9f6,0.5,0.5
KXETH15M-26OCT021600-00,0.5,1790971084.9084063,1790971200.0,yes,0.95,0.4667,0.0333,False,20261002T161736Z-ca8d5e70187843dea77657aff399f9f6,3.0,0.5
KXETH15M-26OCT021600-00,0.5,1790971082.4323378,1790971200.0,yes,0.9259999999999999,0.6920000000000002,0.048,False,20261002T161736Z-ca8d5e70187843dea77657aff399f9f6,1.0,0.55
KXETH15M-26OCT021600-00,0.55,1790971084.9084063,1790971200.0,yes,0.95,0.4667,0.0333,False,20261002T161736Z-ca8d5e70187843dea77657aff399f9f6,1.0,0.5
KXETH15M-26OCT021600-00,0.55,1790971084.9084063,1790971200.0,yes,0.95,0.4667,0.0333,False,20261002T161736Z-ca8d5e70187843dea77657aff399f9f6,0.5,0.5
KXETH15M-26OCT021600-00,0.55,1790971084.9084063,1790971200.0,yes,0.95,0.4667,0.0333,False,20261002T161736Z-ca8d5e70187843dea77657aff399f9f6,1.0,0.55
KXETH15M-26OCT021600-00,0.6,1790971084.9084063,1790971200.0,yes,0.95,0.4667,0.0333,False,20261002T161736Z-ca8d5e70187843dea77657aff399f9f6,1.0,0.5
KXETH15M-26OCT021600-00,0.6,1790971084.9084063,1790971200.0,yes,0.95,0.4667,0.0333,False,20261002T161736Z-ca8d5e70187843dea77657aff399f9f6,0.5,0.5
KXETH15M-26OCT021600-00,0.6,1790971084.9084063,1790971200.0,yes,0.95,0.4667,0.0333,False,20261002T161736Z-ca8d5e70187843dea77657aff399f9f6,1.0,0.55
KXETH15M-26OCT021600-00,0.65,1790971084.9084063,1790971200.0,yes,0.95,0.4667,0.0333,False,20261002T161736Z-ca8d5e70187843dea77657aff399f9f6,1.0,0.5
KXETH15M-26OCT021600-00,0.65,1790971084.9084063,1790971200.0,yes,0.95,0.4667,0.0333,False,20261002T161736Z-ca8d5e70187843dea77657aff399f9f6,0.5,0.5
KXETH15M-26OCT021600-00,0.65,1790971084.9084063,1790971200.0,yes,0.95,0.4667,0.0333,False,20261002T161736Z-ca8d5e70187843dea77657aff399f9f6,1.0,0.55
KXETH15M-26OCT021600-00,0.7,1790971084.9084063,1790971200.0,yes,0.95,0.4667,0.0333,False,20261002T161736Z-ca8d5e70187843dea77657aff399f9f6,1.0,0.5
KXETH15M-26OCT021600-00,0.7,1790971084.9084063,1790971200.0,yes,0.95,0.4667,0.0333,False,20261002T161736Z-ca8d5e70187843dea77657aff399f9f6,0.5,0.5
KXETH15M-26OCT021600-00,0.7,1790971084.9084063,1790971200.0,yes,0.95,0.4667,0.0333,False,20261002T161736Z-ca8d5e70187843dea77657aff399f9f6,1.0,0.55
KXETH15M-26OCT021600-00,0.75,1790971084.9084063,1790971200.0,yes,0.95,0.4667,0.0333,False,20261002T161736Z-ca8d5e70187843dea77657aff399f9f6,1.0,0.5
KXETH15M-26OCT021600-00,0.75,1790971084.9084063,1790971200.0,yes,0.95,0.4667,0.0333,False,20261002T161736Z-ca8d5e70187843dea77657aff399f9f6,0.5,0.5
KXETH15M-26OCT021600-00,0.75,1790971084.9084063,1790971200.0,yes,0.95,0.4667,0.0333,False,20261002T161736Z-ca8d5e70187843dea77657aff399f9f6,1.0,0.55
KXETH15M-26OCT021600-00,0.8,1790971084.9084063,1790971200.0,yes,0.95,0.4667,0.0333,False,20261002T161736Z-ca8d5e70187843dea77657aff399f9f6,1.0,0.5
KXETH15M-26OCT021600-00,0.8,1790971084.9084063,1790971200.0,yes,0.95,0.4667,0.0333,False,20261002T161736Z-ca8d5e70187843dea77657aff399f9f6,0.5,0.5
KXETH15M-26OCT021600-00,0.8,1790971084.9084063,1790971200.0,yes,0.95,0.4667,0.0333,False,20261002T161736Z-ca8d5e70187843dea77657aff399f9f6,1.0,0.55
KXETH15M-26OCT021615-15,0.5,1790971912.0602794,1790972025.2989926,yes,0.8800000000000001,-2.9406000000000008,0.24059999999999998,True,20261002T161736Z-ca8d5e70187843dea77657aff399f9f6,1.0,0.5
KXETH15M-26OCT021615-15,0.5,1790971911.050174,1790972024.2961483,yes,0.8800000000000001,-3.4465,0.2465,True,20261002T161736Z-ca8d5e70187843dea77657aff399f9f6,0.5,0.5
KXETH15M-26OCT021615-15,0.5,1790971914.070622,1790972027.3310544,yes,0.8800000000000001,-2.8390000000000004,0.239,True,20261002T161736Z-ca8d5e70187843dea77657aff399f9f6,3.0,0.5
KXETH15M-26OCT021615-15,0.5,1790971912.0602794,1790972020.5228558,yes,0.8800000000000001,-3.3456000000000015,0.24559999999999998,True,20261002T161736Z-ca8d5e70187843dea77657aff399f9f6,1.0,0.55
KXETH15M-26OCT021615-15,0.55,1790971922.1684363,1790972025.2989926,yes,0.89,-3.0352000000000006,0.2352,True,20261002T161736Z-ca8d5e70187843dea77657aff399f9f6,1.0,0.5
KXETH15M-26OCT021615-15,0.55,1790971921.1741264,1790972024.2961483,yes,0.89,-3.5410999999999997,0.24109999999999998,True,20261002T161736Z-ca8d5e70187843dea77657aff399f9f6,0.5,0.5
KXETH15M-26OCT021615-15,0.55,1790971924.1933265,1790972027.3310544,yes,0.89,-2.9336,0.2336,True,20261002T161736Z-ca8d5e70187843dea77657aff399f9f6,3.0,0.5
KXETH15M-26OCT021615-15,0.55,1790971922.1684363,1790972020.5228558,yes,0.89,-3.4402000000000013,0.2402,True,20261002T161736Z-ca8d5e70187843dea77657aff399f9f6,1.0,0.55
KXETH15M-26OCT021615-15,0.6,1790971929.3816576,1790972025.2989926,yes,0.9179999999999999,-3.2993,0.2193,True,20261002T161736Z-ca8d5e70187843dea77657aff399f9f6,1.0,0.5
KXETH15M-26OCT021615-15,0.6,1790971929.3816576,1790972024.2961483,yes,0.9179999999999999,-3.8051999999999992,0.22519999999999998,True,20261002T161736Z-ca8d5e70187843dea77657aff399f9f6,0.5,0.5
KXETH15M-26OCT021615-15,0.6,1790971931.2908697,1790972027.3310544,yes,0.9360000000000002,-3.367000000000001,0.20700000000000002,True,20261002T161736Z-ca8d5e70187843dea77657aff399f9f6,3.0,0.5
KXETH15M-26OCT021615-15,0.6,1790971929.3816576,1790972020.5228558,yes,0.9179999999999999,-3.704300000000001,0.2243,True,20261002T161736Z-ca8d5e70187843dea77657aff399f9f6,1.0,0.55
KXETH15M-26OCT021615-15,0.65,1790971935.2493455,1790972025.2989926,yes,0.9411999999999999,-3.5173999999999994,0.2054,True,20261002T161736Z-ca8d5e70187843dea77657aff399f9f6,1.0,0.5
KXETH15M-26OCT021615-15,0.65,1790971934.2776678,1790972024.2961483,yes,0.9421999999999999,-4.032699999999998,0.2107,True,20261002T161736Z-ca8d5e70187843dea77657aff399f9f6,0.5,0.5
KXETH15M-26OCT021615-15,0.65,1790971937.2536051,1790972027.3310544,yes,0.9259999999999999,-3.2729999999999997,0.21300000000000002,True,20261002T161736Z-ca8d5e70187843dea77657aff399f9f6,3.0,0.5
KXETH15M-26OCT021615-15,0.65,1790971935.2493455,1790972020.5228558,yes,0.9411999999999999,-3.9224,0.2104,True,20261002T161736Z-ca8d5e70187843dea77657aff399f9f6,1.0,0.55
KXETH15M-26OCT021615-15,0.7,1790972013.8044522,1790972025.2989926,yes,0.95,-3.5999000000000003,0.1999,True,20261002T161736Z-ca8d5e70187843dea77657aff399f9f6,1.0,0.5
KXETH15M-26OCT021615-15,0.7,1790972013.8044522,1790972024.2961483,yes,0.95,-4.1057999999999995,0.20579999999999998,True,20261002T161736Z-ca8d5e70187843dea77657aff399f9f6,0.5,0.5
KXETH15M-26OCT021615-15,0.7,1790972013.8044522,1790972027.3310544,yes,0.95,-3.4983,0.1983,True,20261002T161736Z-ca8d5e70187843dea77657aff399f9f6,3.0,0.5
KXETH15M-26OCT021615-15,0.7,1790972013.8044522,1790972020.5228558,yes,0.95,-4.004900000000001,0.2049,True,20261002T161736Z-ca8d5e70187843dea77657aff399f9f6,1.0,0.55
KXETH15M-26OCT021615-15,0.75,1790972013.8044522,1790972027.3310544,yes,0.95,-3.4983,0.1983,True,20261002T161736Z-ca8d5e70187843dea77657aff399f9f6,3.0,0.5
KXETH15M-26OCT021630-30,0.5,1790972716.648465,1790972866.701642,yes,0.8100000000000002,-4.178400000000002,0.2784,True,20261002T161736Z-ca8d5e70187843dea77657aff399f9f6,1.0,0.5
KXETH15M-26OCT021630-30,0.5,1790972715.6664677,1790972866.701642,yes,0.8,-4.0826,0.2826,True,20261002T161736Z-ca8d5e70187843dea77657aff399f9f6,0.5,0.5
KXETH15M-26OCT021630-30,0.5,1790972718.649163,1790972869.243586,yes,0.8,-4.1814,0.2814,True,20261002T161736Z-ca8d5e70187843dea77657aff399f9f6,3.0,0.5
KXETH15M-26OCT021630-30,0.5,1790972716.648465,1790972865.99245,yes,0.8100000000000002,-4.0794000000000015,0.2794,True,20261002T161736Z-ca8d5e70187843dea77657aff399f9f6,1.0,0.55
KXETH15M-26OCT021630-30,0.55,1790972716.648465,1790972866.701642,yes,0.8100000000000002,-4.178400000000002,0.2784,True,20261002T161736Z-ca8d5e70187843dea77657aff399f9f6,1.0,0.5
KXETH15M-26OCT021630-30,0.55,1790972715.6664677,1790972866.701642,yes,0.8,-4.0826,0.2826,True,20261002T161736Z-ca8d5e70187843dea77657aff399f9f6,0.5,0.5
KXETH15M-26OCT021630-30,0.55,1790972718.649163,1790972869.243586,yes,0.8,-4.1814,0.2814,True,20261002T161736Z-ca8d5e70187843dea77657aff399f9f6,3.0,0.5
KXETH15M-26OCT021630-30,0.55,1790972716.648465,1790972865.99245,yes,0.8100000000000002,-4.0794000000000015,0.2794,True,20261002T161736Z-ca8d5e70187843dea77657aff399f9f6,1.0,0.55
KXETH15M-26OCT021630-30,0.6,1790972716.648465,1790972866.701642,yes,0.8100000000000002,-4.178400000000002,0.2784,True,20261002T161736Z-ca8d5e70187843dea77657aff399f9f6,1.0,0.5
KXETH15M-26OCT021630-30,0.6,1790972715.6664677,1790972866.701642,yes,0.8,-4.0826,0.2826,True,20261002T161736Z-ca8d5e70187843dea77657aff399f9f6,0.5,0.5
KXETH15M-26OCT021630-30,0.6,1790972718.649163,1790972869.243586,yes,0.8,-4.1814,0.2814,True,20261002T161736Z-ca8d5e70187843dea77657aff399f9f6,3.0,0.5
KXETH15M-26OCT021630-30,0.6,1790972716.648465,1790972865.99245,yes,0.8100000000000002,-4.0794000000000015,0.2794,True,20261002T161736Z-ca8d5e70187843dea77657aff399f9f6,1.0,0.55
KXETH15M-26OCT021630-30,0.65,1790972739.886868,1790972866.701642,yes,0.8400000000000001,-4.464700000000001,0.2647,True,20261002T161736Z-ca8d5e70187843dea77657aff399f9f6,1.0,0.5
KXETH15M-26OCT021630-30,0.65,1790972738.8870416,1790972866.701642,yes,0.8400000000000001,-4.464700000000001,0.2647,True,20261002T161736Z-ca8d5e70187843dea77657aff399f9f6,0.5,0.5
KXETH15M-26OCT021630-30,0.65,1790972741.912708,1790972869.243586,yes,0.8299999999999998,-4.4681999999999995,0.2682,True,20261002T161736Z-ca8d5e70187843dea77657aff399f9f6,3.0,0.5
KXETH15M-26OCT021630-30,0.65,1790972739.886868,1790972865.99245,yes,0.8400000000000001,-4.3657,0.2657,True,20261002T161736Z-ca8d5e70187843dea77657aff399f9f6,1.0,0.55
KXETH15M-26OCT021630-30,0.7,1790972771.1378312,1790972866.701642,yes,0.8699999999999999,-4.7498,0.24980000000000002,True,20261002T161736Z-ca8d5e70187843dea77657aff399f9f6,1.0,0.5
KXETH15M-26OCT021630-30,0.7,1790972771.1378312,1790972866.701642,yes,0.8699999999999999,-4.7498,0.24980000000000002,True,20261002T161736Z-ca8d5e70187843dea77657aff399f9f6,0.5,0.5
KXETH15M-26OCT021630-30,0.7,1790972773.148234,1790972869.243586,yes,0.8800000000000001,-4.9434000000000005,0.2434,True,20261002T161736Z-ca8d5e70187843dea77657aff399f9f6,3.0,0.5
KXETH15M-26OCT021630-30,0.7,1790972771.1378312,1790972865.99245,yes,0.8699999999999999,-4.650799999999999,0.2508,True,20261002T161736Z-ca8d5e70187843dea77657aff399f9f6,1.0,0.55
KXETH15M-26OCT021630-30,0.75,1790972771.1378312,1790972866.701642,yes,0.8699999999999999,-4.7498,0.24980000000000002,True,20261002T161736Z-ca8d5e70187843dea77657aff399f9f6,1.0,0.5
KXETH15M-26OCT021630-30,0.75,1790972771.1378312,1790972866.701642,yes,0.8699999999999999,-4.7498,0.24980000000000002,True,20261002T161736Z-ca8d5e70187843dea77657aff399f9f6,0.5,0.5
KXETH15M-26OCT021630-30,0.75,1790972773.148234,1790972869.243586,yes,0.8800000000000001,-4.9434000000000005,0.2434,True,20261002T161736Z-ca8d5e70187843dea77657aff399f9f6,3.0,0.5
KXETH15M-26OCT021630-30,0.75,1790972771.1378312,1790972865.99245,yes,0.8699999999999999,-4.650799999999999,0.2508,True,20261002T161736Z-ca8d5e70187843dea77657aff399f9f6,1.0,0.55
KXETH15M-26OCT021630-30,0.8,1790972776.1896234,1790972866.701642,yes,0.89,-4.9392000000000005,0.2392,True,20261002T161736Z-ca8d5e70187843dea77657aff399f9f6,1.0,0.5
KXETH15M-26OCT021630-30,0.8,1790972776.1896234,1790972866.701642,yes,0.89,-4.9392000000000005,0.2392,True,20261002T161736Z-ca8d5e70187843dea77657aff399f9f6,0.5,0.5
KXETH15M-26OCT021630-30,0.8,1790972778.300046,1790972869.243586,yes,0.9,-5.1324000000000005,0.2324,True,20261002T161736Z-ca8d5e70187843dea77657aff399f9f6,3.0,0.5
KXETH15M-26OCT021630-30,0.8,1790972776.1896234,1790972865.99245,yes,0.89,-4.8402,0.2402,True,20261002T161736Z-ca8d5e70187843dea77657aff399f9f6,1.0,0.55
KXETH15M-26OCT021630-30,0.85,1790972782.2914903,1790972866.701642,yes,0.913,-5.156300000000001,0.2263,True,20261002T161736Z-ca8d5e70187843dea77657aff399f9f6,1.0,0.5
KXETH15M-26OCT021630-30,0.85,1790972782.2914903,1790972866.701642,yes,0.913,-5.156300000000001,0.2263,True,20261002T161736Z-ca8d5e70187843dea77657aff399f9f6,0.5,0.5
KXETH15M-26OCT021630-30,0.85,1790972784.32911,1790972869.243586,yes,0.9182,-5.304,0.222,True,20261002T161736Z-ca8d5e70187843dea77657aff399f9f6,3.0,0.5
KXETH15M-26OCT021630-30,0.85,1790972782.2914903,1790972865.99245,yes,0.913,-5.057300000000001,0.2273,True,20261002T161736Z-ca8d5e70187843dea77657aff399f9f6,1.0,0.55
KXETH15M-26OCT021630-30,0.9,1790972782.2914903,1790972866.701642,yes,0.913,-5.156300000000001,0.2263,True,20261002T161736Z-ca8d5e70187843dea77657aff399f9f6,1.0,0.5
KXETH15M-26OCT021630-30,0.9,1790972782.2914903,1790972866.701642,yes,0.913,-5.156300000000001,0.2263,True,20261002T161736Z-ca8d5e70187843dea77657aff399f9f6,0.5,0.5
KXETH15M-26OCT021630-30,0.9,1790972784.32911,1790972869.243586,yes,0.9182,-5.304,0.222,True,20261002T161736Z-ca8d5e70187843dea77657aff399f9f6,3.0,0.5
KXETH15M-26OCT021630-30,0.9,1790972782.2914903,1790972865.99245,yes,0.913,-5.057300000000001,0.2273,True,20261002T161736Z-ca8d5e70187843dea77657aff399f9f6,1.0,0.55
KXETH15M-26OCT021630-30,0.95,1790972794.6319606,1790972866.701642,yes,0.95,-5.5039,0.2039,True,20261002T161736Z-ca8d5e70187843dea77657aff399f9f6,1.0,0.5
KXETH15M-26OCT021630-30,0.95,1790972794.6319606,1790972866.701642,yes,0.95,-5.5039,0.2039,True,20261002T161736Z-ca8d5e70187843dea77657aff399f9f6,0.5,0.5
KXETH15M-26OCT021630-30,0.95,1790972796.3470035,1790972869.243586,yes,0.931,-5.4244,0.21439999999999998,True,20261002T161736Z-ca8d5e70187843dea77657aff399f9f6,3.0,0.5
KXETH15M-26OCT021630-30,0.95,1790972794.6319606,1790972865.99245,yes,0.95,-5.4049,0.2049,True,20261002T161736Z-ca8d5e70187843dea77657aff399f9f6,1.0,0.55
KXETH15M-26OCT021630-30,1.0,1790972797.3479586,1790972866.701642,yes,0.9399999999999998,-5.410099999999999,0.2101,True,20261002T161736Z-ca8d5e70187843dea77657aff399f9f6,1.0,0.5
KXETH15M-26OCT021630-30,1.0,1790972797.3479586,1790972866.701642,yes,0.9399999999999998,-5.410099999999999,0.2101,True,20261002T161736Z-ca8d5e70187843dea77657aff399f9f6,0.5,0.5
KXETH15M-26OCT021630-30,1.0,1790972799.5741034,1790972869.243586,yes,0.9366369999999999,-5.477399999999999,0.21103,True,20261002T161736Z-ca8d5e70187843dea77657aff399f9f6,3.0,0.5
KXETH15M-26OCT021630-30,1.0,1790972797.3479586,1790972865.99245,yes,0.9399999999999998,-5.311099999999999,0.2111,True,20261002T161736Z-ca8d5e70187843dea77657aff399f9f6,1.0,0.55
KXETH15M-26OCT021715-15,0.5,1790975112.0654438,1790975700.0,yes,0.8,1.888,0.112,False,20261002T205037Z-a280a1c0491b4ea4a2023fddd30eaeac,1.0,0.5
KXETH15M-26OCT021715-15,0.5,1790975111.0530245,1790975700.0,yes,0.8,1.888,0.112,False,20261002T205037Z-a280a1c0491b4ea4a2023fddd30eaeac,0.5,0.5
KXETH15M-26OCT021715-15,0.5,1790975114.0675771,1790975700.0,yes,0.8100000000000002,1.7921999999999985,0.1078,False,20261002T205037Z-a280a1c0491b4ea4a2023fddd30eaeac,3.0,0.5
KXETH15M-26OCT021715-15,0.5,1790975112.0654438,1790975700.0,yes,0.8,1.888,0.112,False,20261002T205037Z-a280a1c0491b4ea4a2023fddd30eaeac,1.0,0.55
KXETH15M-26OCT021715-15,0.55,1790975112.0654438,1790975700.0,yes,0.8,1.888,0.112,False,20261002T205037Z-a280a1c0491b4ea4a2023fddd30eaeac,1.0,0.5
KXETH15M-26OCT021715-15,0.55,1790975111.0530245,1790975700.0,yes,0.8,1.888,0.112,False,20261002T205037Z-a280a1c0491b4ea4a2023fddd30eaeac,0.5,0.5
KXETH15M-26OCT021715-15,0.55,1790975114.0675771,1790975700.0,yes,0.8100000000000002,1.7921999999999985,0.1078,False,20261002T205037Z-a280a1c0491b4ea4a2023fddd30eaeac,3.0,0.5
KXETH15M-26OCT021715-15,0.55,1790975112.0654438,1790975700.0,yes,0.8,1.888,0.112,False,20261002T205037Z-a280a1c0491b4ea4a2023fddd30eaeac,1.0,0.55
KXETH15M-26OCT021715-15,0.6,1790975112.0654438,1790975700.0,yes,0.8,1.888,0.112,False,20261002T205037Z-a280a1c0491b4ea4a2023fddd30eaeac,1.0,0.5
KXETH15M-26OCT021715-15,0.6,1790975111.0530245,1790975700.0,yes,0.8,1.888,0.112,False,20261002T205037Z-a280a1c0491b4ea4a2023fddd30eaeac,0.5,0.5
KXETH15M-26OCT021715-15,0.6,1790975114.0675771,1790975700.0,yes,0.8100000000000002,1.7921999999999985,0.1078,False,20261002T205037Z-a280a1c0491b4ea4a2023fddd30eaeac,3.0,0.5
KXETH15M-26OCT021715-15,0.6,1790975112.0654438,1790975700.0,yes,0.8,1.888,0.112,False,20261002T205037Z-a280a1c0491b4ea4a2023fddd30eaeac,1.0,0.55
KXETH15M-26OCT021715-15,0.65,1790975112.0654438,1790975700.0,yes,0.8,1.888,0.112,False,20261002T205037Z-a280a1c0491b4ea4a2023fddd30eaeac,1.0,0.5
KXETH15M-26OCT021715-15,0.65,1790975111.0530245,1790975700.0,yes,0.8,1.888,0.112,False,20261002T205037Z-a280a1c0491b4ea4a2023fddd30eaeac,0.5,0.5
KXETH15M-26OCT021715-15,0.65,1790975114.0675771,1790975700.0,yes,0.8100000000000002,1.7921999999999985,0.1078,False,20261002T205037Z-a280a1c0491b4ea4a2023fddd30eaeac,3.0,0.5
KXETH15M-26OCT021715-15,0.65,1790975112.0654438,1790975700.0,yes,0.8,1.888,0.112,False,20261002T205037Z-a280a1c0491b4ea4a2023fddd30eaeac,1.0,0.55
KXETH15M-26OCT021715-15,0.7,1790975112.0654438,1790975700.0,yes,0.8,1.888,0.112,False,20261002T205037Z-a280a1c0491b4ea4a2023fddd30eaeac,1.0,0.5
KXETH15M-26OCT021715-15,0.7,1790975111.0530245,1790975700.0,yes,0.8,1.888,0.112,False,20261002T205037Z-a280a1c0491b4ea4a2023fddd30eaeac,0.5,0.5
KXETH15M-26OCT021715-15,0.7,1790975114.0675771,1790975700.0,yes,0.8100000000000002,1.7921999999999985,0.1078,False,20261002T205037Z-a280a1c0491b4ea4a2023fddd30eaeac,3.0,0.5
KXETH15M-26OCT021715-15,0.7,1790975112.0654438,1790975700.0,yes,0.8,1.888,0.112,False,20261002T205037Z-a280a1c0491b4ea4a2023fddd30eaeac,1.0,0.55
KXETH15M-26OCT021715-15,0.75,1790975112.0654438,1790975700.0,yes,0.8,1.888,0.112,False,20261002T205037Z-a280a1c0491b4ea4a2023fddd30eaeac,1.0,0.5
KXETH15M-26OCT021715-15,0.75,1790975111.0530245,1790975700.0,yes,0.8,1.888,0.112,False,20261002T205037Z-a280a1c0491b4ea4a2023fddd30eaeac,0.5,0.5
KXETH15M-26OCT021715-15,0.75,1790975114.0675771,1790975700.0,yes,0.8100000000000002,1.7921999999999985,0.1078,False,20261002T205037Z-a280a1c0491b4ea4a2023fddd30eaeac,3.0,0.5
KXETH15M-26OCT021715-15,0.75,1790975112.0654438,1790975700.0,yes,0.8,1.888,0.112,False,20261002T205037Z-a280a1c0491b4ea4a2023fddd30eaeac,1.0,0.55
KXETH15M-26OCT021715-15,0.8,1790975112.0654438,1790975700.0,yes,0.8,1.888,0.112,False,20261002T205037Z-a280a1c0491b4ea4a2023fddd30eaeac,1.0,0.5
KXETH15M-26OCT021715-15,0.8,1790975111.0530245,1790975700.0,yes,0.8,1.888,0.112,False,20261002T205037Z-a280a1c0491b4ea4a2023fddd30eaeac,0.5,0.5
KXETH15M-26OCT021715-15,0.8,1790975114.0675771,1790975700.0,yes,0.8100000000000002,1.7921999999999985,0.1078,False,20261002T205037Z-a280a1c0491b4ea4a2023fddd30eaeac,3.0,0.5
KXETH15M-26OCT021715-15,0.8,1790975112.0654438,1790975700.0,yes,0.8,1.888,0.112,False,20261002T205037Z-a280a1c0491b4ea4a2023fddd30eaeac,1.0,0.55
KXETH15M-26OCT021715-15,0.85,1790975112.0654438,1790975700.0,yes,0.8,1.888,0.112,False,20261002T205037Z-a280a1c0491b4ea4a2023fddd30eaeac,1.0,0.5
KXETH15M-26OCT021715-15,0.85,1790975111.0530245,1790975700.0,yes,0.8,1.888,0.112,False,20261002T205037Z-a280a1c0491b4ea4a2023fddd30eaeac,0.5,0.5
KXETH15M-26OCT021715-15,0.85,1790975114.0675771,1790975700.0,yes,0.8100000000000002,1.7921999999999985,0.1078,False,20261002T205037Z-a280a1c0491b4ea4a2023fddd30eaeac,3.0,0.5
KXETH15M-26OCT021715-15,0.85,1790975112.0654438,1790975700.0,yes,0.8,1.888,0.112,False,20261002T205037Z-a280a1c0491b4ea4a2023fddd30eaeac,1.0,0.55
KXETH15M-26OCT021715-15,0.9,1790975112.0654438,1790975700.0,yes,0.8,1.888,0.112,False,20261002T205037Z-a280a1c0491b4ea4a2023fddd30eaeac,1.0,0.5
KXETH15M-26OCT021715-15,0.9,1790975111.0530245,1790975700.0,yes,0.8,1.888,0.112,False,20261002T205037Z-a280a1c0491b4ea4a2023fddd30eaeac,0.5,0.5
KXETH15M-26OCT021715-15,0.9,1790975114.0675771,1790975700.0,yes,0.8100000000000002,1.7921999999999985,0.1078,False,20261002T205037Z-a280a1c0491b4ea4a2023fddd30eaeac,3.0,0.5
KXETH15M-26OCT021715-15,0.9,1790975112.0654438,1790975700.0,yes,0.8,1.888,0.112,False,20261002T205037Z-a280a1c0491b4ea4a2023fddd30eaeac,1.0,0.55
KXETH15M-26OCT021715-15,0.95,1790975112.0654438,1790975700.0,yes,0.8,1.888,0.112,False,20261002T205037Z-a280a1c0491b4ea4a2023fddd30eaeac,1.0,0.5
KXETH15M-26OCT021715-15,0.95,1790975111.0530245,1790975700.0,yes,0.8,1.888,0.112,False,20261002T205037Z-a280a1c0491b4ea4a2023fddd30eaeac,0.5,0.5
KXETH15M-26OCT021715-15,0.95,1790975114.0675771,1790975700.0,yes,0.8100000000000002,1.7921999999999985,0.1078,False,20261002T205037Z-a280a1c0491b4ea4a2023fddd30eaeac,3.0,0.5
KXETH15M-26OCT021715-15,0.95,1790975112.0654438,1790975700.0,yes,0.8,1.888,0.112,False,20261002T205037Z-a280a1c0491b4ea4a2023fddd30eaeac,1.0,0.55
KXETH15M-26OCT021715-15,1.0,1790975112.0654438,1790975700.0,yes,0.8,1.888,0.112,False,20261002T205037Z-a280a1c0491b4ea4a2023fddd30eaeac,1.0,0.5
KXETH15M-26OCT021715-15,1.0,1790975111.0530245,1790975700.0,yes,0.8,1.888,0.112,False,20261002T205037Z-a280a1c0491b4ea4a2023fddd30eaeac,0.5,0.5
KXETH15M-26OCT021715-15,1.0,1790975114.0675771,1790975700.0,yes,0.8100000000000002,1.7921999999999985,0.1078,False,20261002T205037Z-a280a1c0491b4ea4a2023fddd30eaeac,3.0,0.5
KXETH15M-26OCT021715-15,1.0,1790975112.0654438,1790975700.0,yes,0.8,1.888,0.112,False,20261002T205037Z-a280a1c0491b4ea4a2023fddd30eaeac,1.0,0.55
KXETH15M-26OCT021715-15,1.05,1790975112.0654438,1790975700.0,yes,0.8,1.888,0.112,False,20261002T205037Z-a280a1c0491b4ea4a2023fddd30eaeac,1.0,0.5
KXETH15M-26OCT021715-15,1.05,1790975111.0530245,1790975700.0,yes,0.8,1.888,0.112,False,20261002T205037Z-a280a1c0491b4ea4a2023fddd30eaeac,0.5,0.5
KXETH15M-26OCT021715-15,1.05,1790975114.0675771,1790975700.0,yes,0.8100000000000002,1.7921999999999985,0.1078,False,20261002T205037Z-a280a1c0491b4ea4a2023fddd30eaeac,3.0,0.5
KXETH15M-26OCT021715-15,1.05,1790975112.0654438,1790975700.0,yes,0.8,1.888,0.112,False,20261002T205037Z-a280a1c0491b4ea4a2023fddd30eaeac,1.0,0.55
KXETH15M-26OCT021715-15,1.1,1790975112.0654438,1790975700.0,yes,0.8,1.888,0.112,False,20261002T205037Z-a280a1c0491b4ea4a2023fddd30eaeac,1.0,0.5
KXETH15M-26OCT021715-15,1.1,1790975111.0530245,1790975700.0,yes,0.8,1.888,0.112,False,20261002T205037Z-a280a1c0491b4ea4a2023fddd30eaeac,0.5,0.5
KXETH15M-26OCT021715-15,1.1,1790975114.0675771,1790975700.0,yes,0.8100000000000002,1.7921999999999985,0.1078,False,20261002T205037Z-a280a1c0491b4ea4a2023fddd30eaeac,3.0,0.5
KXETH15M-26OCT021715-15,1.1,1790975112.0654438,1790975700.0,yes,0.8,1.888,0.112,False,20261002T205037Z-a280a1c0491b4ea4a2023fddd30eaeac,1.0,0.55
KXETH15M-26OCT021715-15,1.15,1790975112.0654438,1790975700.0,yes,0.8,1.888,0.112,False,20261002T205037Z-a280a1c0491b4ea4a2023fddd30eaeac,1.0,0.5
KXETH15M-26OCT021715-15,1.15,1790975111.0530245,1790975700.0,yes,0.8,1.888,0.112,False,20261002T205037Z-a280a1c0491b4ea4a2023fddd30eaeac,0.5,0.5
KXETH15M-26OCT021715-15,1.15,1790975114.0675771,1790975700.0,yes,0.8100000000000002,1.7921999999999985,0.1078,False,20261002T205037Z-a280a1c0491b4ea4a2023fddd30eaeac,3.0,0.5
KXETH15M-26OCT021715-15,1.15,1790975112.0654438,1790975700.0,yes,0.8,1.888,0.112,False,20261002T205037Z-a280a1c0491b4ea4a2023fddd30eaeac,1.0,0.55
KXETH15M-26OCT021715-15,1.2,1790975112.0654438,1790975700.0,yes,0.8,1.888,0.112,False,20261002T205037Z-a280a1c0491b4ea4a2023fddd30eaeac,1.0,0.5
KXETH15M-26OCT021715-15,1.2,1790975111.0530245,1790975700.0,yes,0.8,1.888,0.112,False,20261002T205037Z-a280a1c0491b4ea4a2023fddd30eaeac,0.5,0.5
KXETH15M-26OCT021715-15,1.2,1790975114.0675771,1790975700.0,yes,0.8100000000000002,1.7921999999999985,0.1078,False,20261002T205037Z-a280a1c0491b4ea4a2023fddd30eaeac,3.0,0.5
KXETH15M-26OCT021715-15,1.2,1790975112.0654438,1790975700.0,yes,0.8,1.888,0.112,False,20261002T205037Z-a280a1c0491b4ea4a2023fddd30eaeac,1.0,0.55
KXETH15M-26OCT021715-15,1.25,1790975112.0654438,1790975700.0,yes,0.8,1.888,0.112,False,20261002T205037Z-a280a1c0491b4ea4a2023fddd30eaeac,1.0,0.5
KXETH15M-26OCT021715-15,1.25,1790975111.0530245,1790975700.0,yes,0.8,1.888,0.112,False,20261002T205037Z-a280a1c0491b4ea4a2023fddd30eaeac,0.5,0.5
KXETH15M-26OCT021715-15,1.25,1790975114.0675771,1790975700.0,yes,0.8100000000000002,1.7921999999999985,0.1078,False,20261002T205037Z-a280a1c0491b4ea4a2023fddd30eaeac,3.0,0.5
KXETH15M-26OCT021715-15,1.25,1790975112.0654438,1790975700.0,yes,0.8,1.888,0.112,False,20261002T205037Z-a280a1c0491b4ea4a2023fddd30eaeac,1.0,0.55
KXETH15M-26OCT021715-15,1.3,1790975112.0654438,1790975700.0,yes,0.8,1.888,0.112,False,20261002T205037Z-a280a1c0491b4ea4a2023fddd30eaeac,1.0,0.5
KXETH15M-26OCT021715-15,1.3,1790975111.0530245,1790975700.0,yes,0.8,1.888,0.112,False,20261002T205037Z-a280a1c0491b4ea4a2023fddd30eaeac,0.5,0.5
KXETH15M-26OCT021715-15,1.3,1790975114.0675771,1790975700.0,yes,0.8100000000000002,1.7921999999999985,0.1078,False,20261002T205037Z-a280a1c0491b4ea4a2023fddd30eaeac,3.0,0.5
KXETH15M-26OCT021715-15,1.3,1790975112.0654438,1790975700.0,yes,0.8,1.888,0.112,False,20261002T205037Z-a280a1c0491b4ea4a2023fddd30eaeac,1.0,0.55
KXETH15M-26OCT021715-15,1.35,1790975112.0654438,1790975700.0,yes,0.8,1.888,0.112,False,20261002T205037Z-a280a1c0491b4ea4a2023fddd30eaeac,1.0,0.5
KXETH15M-26OCT021715-15,1.35,1790975111.0530245,1790975700.0,yes,0.8,1.888,0.112,False,20261002T205037Z-a280a1c0491b4ea4a2023fddd30eaeac,0.5,0.5
KXETH15M-26OCT021715-15,1.35,1790975114.0675771,1790975700.0,yes,0.8100000000000002,1.7921999999999985,0.1078,False,20261002T205037Z-a280a1c0491b4ea4a2023fddd30eaeac,3.0,0.5
KXETH15M-26OCT021715-15,1.35,1790975112.0654438,1790975700.0,yes,0.8,1.888,0.112,False,20261002T205037Z-a280a1c0491b4ea4a2023fddd30eaeac,1.0,0.55
KXETH15M-26OCT021715-15,1.4,1790975112.0654438,1790975700.0,yes,0.8,1.888,0.112,False,20261002T205037Z-a280a1c0491b4ea4a2023fddd30eaeac,1.0,0.5
KXETH15M-26OCT021715-15,1.4,1790975111.0530245,1790975700.0,yes,0.8,1.888,0.112,False,20261002T205037Z-a280a1c0491b4ea4a2023fddd30eaeac,0.5,0.5
KXETH15M-26OCT021715-15,1.4,1790975114.0675771,1790975700.0,yes,0.8100000000000002,1.7921999999999985,0.1078,False,20261002T205037Z-a280a1c0491b4ea4a2023fddd30eaeac,3.0,0.5
KXETH15M-26OCT021715-15,1.4,1790975112.0654438,1790975700.0,yes,0.8,1.888,0.112,False,20261002T205037Z-a280a1c0491b4ea4a2023fddd30eaeac,1.0,0.55
KXETH15M-26OCT021715-15,1.45,1790975112.0654438,1790975700.0,yes,0.8,1.888,0.112,False,20261002T205037Z-a280a1c0491b4ea4a2023fddd30eaeac,1.0,0.5
KXETH15M-26OCT021715-15,1.45,1790975111.0530245,1790975700.0,yes,0.8,1.888,0.112,False,20261002T205037Z-a280a1c0491b4ea4a2023fddd30eaeac,0.5,0.5
KXETH15M-26OCT021715-15,1.45,1790975114.0675771,1790975700.0,yes,0.8100000000000002,1.7921999999999985,0.1078,False,20261002T205037Z-a280a1c0491b4ea4a2023fddd30eaeac,3.0,0.5
KXETH15M-26OCT021715-15,1.45,1790975112.0654438,1790975700.0,yes,0.8,1.888,0.112,False,20261002T205037Z-a280a1c0491b4ea4a2023fddd30eaeac,1.0,0.55
KXETH15M-26OCT021715-15,1.5,1790975115.078491,1790975700.0,yes,0.8100000000000002,1.7921999999999985,0.1078,False,20261002T205037Z-a280a1c0491b4ea4a2023fddd30eaeac,1.0,0.5
KXETH15M-26OCT021715-15,1.5,1790975114.0675771,1790975700.0,yes,0.8100000000000002,1.7921999999999985,0.1078,False,20261002T205037Z-a280a1c0491b4ea4a2023fddd30eaeac,0.5,0.5
KXETH15M-26OCT021715-15,1.5,1790975117.1156435,1790975700.0,yes,0.8100000000000002,1.7921999999999985,0.1078,False,20261002T205037Z-a280a1c0491b4ea4a2023fddd30eaeac,3.0,0.5
KXETH15M-26OCT021715-15,1.5,1790975115.078491,1790975700.0,yes,0.8100000000000002,1.7921999999999985,0.1078,False,20261002T205037Z-a280a1c0491b4ea4a2023fddd30eaeac,1.0,0.55
KXETH15M-26OCT021715-15,1.55,1790975152.2907643,1790975700.0,yes,0.82,1.6966000000000008,0.1034,False,20261002T205037Z-a280a1c0491b4ea4a2023fddd30eaeac,1.0,0.5
KXETH15M-26OCT021715-15,1.55,1790975152.2907643,1790975700.0,yes,0.82,1.6966000000000008,0.1034,False,20261002T205037Z-a280a1c0491b4ea4a2023fddd30eaeac,0.5,0.5
KXETH15M-26OCT021715-15,1.55,1790975154.2985892,1790975700.0,yes,0.82,1.6966000000000008,0.1034,False,20261002T205037Z-a280a1c0491b4ea4a2023fddd30eaeac,3.0,0.5
KXETH15M-26OCT021715-15,1.55,1790975152.2907643,1790975700.0,yes,0.82,1.6966000000000008,0.1034,False,20261002T205037Z-a280a1c0491b4ea4a2023fddd30eaeac,1.0,0.55
KXETH15M-26OCT021715-15,1.6,1790975152.2907643,1790975700.0,yes,0.82,1.6966000000000008,0.1034,False,20261002T205037Z-a280a1c0491b4ea4a2023fddd30eaeac,1.0,0.5
KXETH15M-26OCT021715-15,1.6,1790975152.2907643,1790975700.0,yes,0.82,1.6966000000000008,0.1034,False,20261002T205037Z-a280a1c0491b4ea4a2023fddd30eaeac,0.5,0.5
KXETH15M-26OCT021715-15,1.6,1790975154.2985892,1790975700.0,yes,0.82,1.6966000000000008,0.1034,False,20261002T205037Z-a280a1c0491b4ea4a2023fddd30eaeac,3.0,0.5
KXETH15M-26OCT021715-15,1.6,1790975152.2907643,1790975700.0,yes,0.82,1.6966000000000008,0.1034,False,20261002T205037Z-a280a1c0491b4ea4a2023fddd30eaeac,1.0,0.55
KXETH15M-26OCT021715-15,1.65,1790975152.2907643,1790975700.0,yes,0.82,1.6966000000000008,0.1034,False,20261002T205037Z-a280a1c0491b4ea4a2023fddd30eaeac,1.0,0.5
KXETH15M-26OCT021715-15,1.65,1790975152.2907643,1790975700.0,yes,0.82,1.6966000000000008,0.1034,False,20261002T205037Z-a280a1c0491b4ea4a2023fddd30eaeac,0.5,0.5
KXETH15M-26OCT021715-15,1.65,1790975154.2985892,1790975700.0,yes,0.82,1.6966000000000008,0.1034,False,20261002T205037Z-a280a1c0491b4ea4a2023fddd30eaeac,3.0,0.5
KXETH15M-26OCT021715-15,1.65,1790975152.2907643,1790975700.0,yes,0.82,1.6966000000000008,0.1034,False,20261002T205037Z-a280a1c0491b4ea4a2023fddd30eaeac,1.0,0.55
KXETH15M-26OCT021715-15,1.7,1790975152.2907643,1790975700.0,yes,0.82,1.6966000000000008,0.1034,False,20261002T205037Z-a280a1c0491b4ea4a2023fddd30eaeac,1.0,0.5
KXETH15M-26OCT021715-15,1.7,1790975152.2907643,1790975700.0,yes,0.82,1.6966000000000008,0.1034,False,20261002T205037Z-a280a1c0491b4ea4a2023fddd30eaeac,0.5,0.5
KXETH15M-26OCT021715-15,1.7,1790975154.2985892,1790975700.0,yes,0.82,1.6966000000000008,0.1034,False,20261002T205037Z-a280a1c0491b4ea4a2023fddd30eaeac,3.0,0.5
KXETH15M-26OCT021715-15,1.7,1790975152.2907643,1790975700.0,yes,0.82,1.6966000000000008,0.1034,False,20261002T205037Z-a280a1c0491b4ea4a2023fddd30eaeac,1.0,0.55
KXETH15M-26OCT021730-30,0.5,1790976303.375077,1790976600.0,no,0.8,1.888,0.112,False,20261002T205037Z-a280a1c0491b4ea4a2023fddd30eaeac,1.0,0.5
KXETH15M-26OCT021730-30,0.5,1790976303.375077,1790976600.0,no,0.8,1.888,0.112,False,20261002T205037Z-a280a1c0491b4ea4a2023fddd30eaeac,0.5,0.5
KXETH15M-26OCT021730-30,0.5,1790976305.384324,1790976600.0,no,0.8,1.888,0.112,False,20261002T205037Z-a280a1c0491b4ea4a2023fddd30eaeac,3.0,0.5
KXETH15M-26OCT021730-30,0.5,1790976303.375077,1790976600.0,no,0.8,1.888,0.112,False,20261002T205037Z-a280a1c0491b4ea4a2023fddd30eaeac,1.0,0.55
KXETH15M-26OCT021730-30,0.55,1790976303.375077,1790976600.0,no,0.8,1.888,0.112,False,20261002T205037Z-a280a1c0491b4ea4a2023fddd30eaeac,1.0,0.5
KXETH15M-26OCT021730-30,0.55,1790976303.375077,1790976600.0,no,0.8,1.888,0.112,False,20261002T205037Z-a280a1c0491b4ea4a2023fddd30eaeac,0.5,0.5
KXETH15M-26OCT021730-30,0.55,1790976305.384324,1790976600.0,no,0.8,1.888,0.112,False,20261002T205037Z-a280a1c0491b4ea4a2023fddd30eaeac,3.0,0.5
KXETH15M-26OCT021730-30,0.55,1790976303.375077,1790976600.0,no,0.8,1.888,0.112,False,20261002T205037Z-a280a1c0491b4ea4a2023fddd30eaeac,1.0,0.55
KXETH15M-26OCT021730-30,0.6,1790976303.375077,1790976600.0,no,0.8,1.888,0.112,False,20261002T205037Z-a280a1c0491b4ea4a2023fddd30eaeac,1.0,0.5
KXETH15M-26OCT021730-30,0.6,1790976303.375077,1790976600.0,no,0.8,1.888,0.112,False,20261002T205037Z-a280a1c0491b4ea4a2023fddd30eaeac,0.5,0.5
KXETH15M-26OCT021730-30,0.6,1790976305.384324,1790976600.0,no,0.8,1.888,0.112,False,20261002T205037Z-a280a1c0491b4ea4a2023fddd30eaeac,3.0,0.5
KXETH15M-26OCT021730-30,0.6,1790976303.375077,1790976600.0,no,0.8,1.888,0.112,False,20261002T205037Z-a280a1c0491b4ea4a2023fddd30eaeac,1.0,0.55
KXETH15M-26OCT021730-30,0.65,1790976303.375077,1790976600.0,no,0.8,1.888,0.112,False,20261002T205037Z-a280a1c0491b4ea4a2023fddd30eaeac,1.0,0.5
KXETH15M-26OCT021730-30,0.65,1790976303.375077,1790976600.0,no,0.8,1.888,0.112,False,20261002T205037Z-a280a1c0491b4ea4a2023fddd30eaeac,0.5,0.5
KXETH15M-26OCT021730-30,0.65,1790976305.384324,1790976600.0,no,0.8,1.888,0.112,False,20261002T205037Z-a280a1c0491b4ea4a2023fddd30eaeac,3.0,0.5
KXETH15M-26OCT021730-30,0.65,1790976303.375077,1790976600.0,no,0.8,1.888,0.112,False,20261002T205037Z-a280a1c0491b4ea4a2023fddd30eaeac,1.0,0.55
KXETH15M-26OCT021730-30,0.7,1790976303.375077,1790976600.0,no,0.8,1.888,0.112,False,20261002T205037Z-a280a1c0491b4ea4a2023fddd30eaeac,1.0,0.5
KXETH15M-26OCT021730-30,0.7,1790976303.375077,1790976600.0,no,0.8,1.888,0.112,False,20261002T205037Z-a280a1c0491b4ea4a2023fddd30eaeac,0.5,0.5
KXETH15M-26OCT021730-30,0.7,1790976305.384324,1790976600.0,no,0.8,1.888,0.112,False,20261002T205037Z-a280a1c0491b4ea4a2023fddd30eaeac,3.0,0.5
KXETH15M-26OCT021730-30,0.7,1790976303.375077,1790976600.0,no,0.8,1.888,0.112,False,20261002T205037Z-a280a1c0491b4ea4a2023fddd30eaeac,1.0,0.55
KXETH15M-26OCT021730-30,0.75,1790976303.375077,1790976600.0,no,0.8,1.888,0.112,False,20261002T205037Z-a280a1c0491b4ea4a2023fddd30eaeac,1.0,0.5
KXETH15M-26OCT021730-30,0.75,1790976303.375077,1790976600.0,no,0.8,1.888,0.112,False,20261002T205037Z-a280a1c0491b4ea4a2023fddd30eaeac,0.5,0.5
KXETH15M-26OCT021730-30,0.75,1790976305.384324,1790976600.0,no,0.8,1.888,0.112,False,20261002T205037Z-a280a1c0491b4ea4a2023fddd30eaeac,3.0,0.5
KXETH15M-26OCT021730-30,0.75,1790976303.375077,1790976600.0,no,0.8,1.888,0.112,False,20261002T205037Z-a280a1c0491b4ea4a2023fddd30eaeac,1.0,0.55
KXETH15M-26OCT021730-30,0.8,1790976315.430243,1790976600.0,no,0.8299999999999998,1.601200000000001,0.0988,False,20261002T205037Z-a280a1c0491b4ea4a2023fddd30eaeac,1.0,0.5
KXETH15M-26OCT021730-30,0.8,1790976315.430243,1790976600.0,no,0.8299999999999998,1.601200000000001,0.0988,False,20261002T205037Z-a280a1c0491b4ea4a2023fddd30eaeac,0.5,0.5
KXETH15M-26OCT021730-30,0.8,1790976317.439432,1790976600.0,no,0.85,1.4107,0.0893,False,20261002T205037Z-a280a1c0491b4ea4a2023fddd30eaeac,3.0,0.5
KXETH15M-26OCT021730-30,0.8,1790976315.430243,1790976600.0,no,0.8299999999999998,1.601200000000001,0.0988,False,20261002T205037Z-a280a1c0491b4ea4a2023fddd30eaeac,1.0,0.55
KXETH15M-26OCT021730-30,0.85,1790976318.4442923,1790976600.0,no,0.86,1.3157000000000003,0.0843,False,20261002T205037Z-a280a1c0491b4ea4a2023fddd30eaeac,1.0,0.5
KXETH15M-26OCT021730-30,0.85,1790976318.4442923,1790976600.0,no,0.86,1.3157000000000003,0.0843,False,20261002T205037Z-a280a1c0491b4ea4a2023fddd30eaeac,0.5,0.5
KXETH15M-26OCT021730-30,0.85,1790976320.4596868,1790976600.0,no,0.86,1.3157000000000003,0.0843,False,20261002T205037Z-a280a1c0491b4ea4a2023fddd30eaeac,3.0,0.5
KXETH15M-26OCT021730-30,0.85,1790976318.4442923,1790976600.0,no,0.86,1.3157000000000003,0.0843,False,20261002T205037Z-a280a1c0491b4ea4a2023fddd30eaeac,1.0,0.55
KXETH15M-26OCT021730-30,0.9,1790976330.508659,1790976600.0,no,0.8699999999999999,1.2208000000000008,0.0792,False,20261002T205037Z-a280a1c0491b4ea4a2023fddd30eaeac,1.0,0.5
KXETH15M-26OCT021730-30,0.9,1790976330.508659,1790976600.0,no,0.8699999999999999,1.2208000000000008,0.0792,False,20261002T205037Z-a280a1c0491b4ea4a2023fddd30eaeac,0.5,0.5
KXETH15M-26OCT021730-30,0.9,1790976332.5198412,1790976600.0,no,0.8699999999999999,1.2208000000000008,0.0792,False,20261002T205037Z-a280a1c0491b4ea4a2023fddd30eaeac,3.0,0.5
KXETH15M-26OCT021730-30,0.9,1790976330.508659,1790976600.0,no,0.8699999999999999,1.2208000000000008,0.0792,False,20261002T205037Z-a280a1c0491b4ea4a2023fddd30eaeac,1.0,0.55
KXETH15M-26OCT021730-30,0.95,1790976338.5476587,1790976600.0,no,0.89,1.0313999999999997,0.0686,False,20261002T205037Z-a280a1c0491b4ea4a2023fddd30eaeac,1.0,0.5
KXETH15M-26OCT021730-30,0.95,1790976338.5476587,1790976600.0,no,0.89,1.0313999999999997,0.0686,False,20261002T205037Z-a280a1c0491b4ea4a2023fddd30eaeac,0.5,0.5
KXETH15M-26OCT021730-30,0.95,1790976340.5629218,1790976600.0,no,0.8800000000000001,1.1259999999999992,0.074,False,20261002T205037Z-a280a1c0491b4ea4a2023fddd30eaeac,3.0,0.5
KXETH15M-26OCT021730-30,0.95,1790976338.5476587,1790976600.0,no,0.89,1.0313999999999997,0.0686,False,20261002T205037Z-a280a1c0491b4ea4a2023fddd30eaeac,1.0,0.55
KXETH15M-26OCT021730-30,1.0,1790976338.5476587,1790976600.0,no,0.89,1.0313999999999997,0.0686,False,20261002T205037Z-a280a1c0491b4ea4a2023fddd30eaeac,1.0,0.5
KXETH15M-26OCT021730-30,1.0,1790976338.5476587,1790976600.0,no,0.89,1.0313999999999997,0.0686,False,20261002T205037Z-a280a1c0491b4ea4a2023fddd30eaeac,0.5,0.5
KXETH15M-26OCT021730-30,1.0,1790976340.5629218,1790976600.0,no,0.8800000000000001,1.1259999999999992,0.074,False,20261002T205037Z-a280a1c0491b4ea4a2023fddd30eaeac,3.0,0.5
KXETH15M-26OCT021730-30,1.0,1790976338.5476587,1790976600.0,no,0.89,1.0313999999999997,0.0686,False,20261002T205037Z-a280a1c0491b4ea4a2023fddd30eaeac,1.0,0.55
KXETH15M-26OCT021730-30,1.05,1790976375.7714772,1790976600.0,no,0.908,0.8614999999999999,0.0585,False,20261002T205037Z-a280a1c0491b4ea4a2023fddd30eaeac,1.0,0.5
KXETH15M-26OCT021730-30,1.05,1790976374.7681715,1790976600.0,no,0.908,0.8614999999999999,0.0585,False,20261002T205037Z-a280a1c0491b4ea4a2023fddd30eaeac,0.5,0.5
KXETH15M-26OCT021730-30,1.05,1790976377.7838302,1790976600.0,no,0.908,0.8614999999999999,0.0585,False,20261002T205037Z-a280a1c0491b4ea4a2023fddd30eaeac,3.0,0.5
KXETH15M-26OCT021730-30,1.05,1790976375.7714772,1790976600.0,no,0.908,0.8614999999999999,0.0585,False,20261002T205037Z-a280a1c0491b4ea4a2023fddd30eaeac,1.0,0.55
KXETH15M-26OCT021730-30,1.1,1790976394.9684901,1790976600.0,no,0.9527999999999999,0.44050000000000133,0.0315,False,20261002T205037Z-a280a1c0491b4ea4a2023fddd30eaeac,1.0,0.5
KXETH15M-26OCT021730-30,1.1,1790976380.136003,1790976600.0,no,0.95,0.4667,0.0333,False,20261002T205037Z-a280a1c0491b4ea4a2023fddd30eaeac,0.5,0.5
KXETH15M-26OCT021730-30,1.1,1790976396.9700356,1790976600.0,no,0.954,0.42920000000000086,0.0308,False,20261002T205037Z-a280a1c0491b4ea4a2023fddd30eaeac,3.0,0.5
KXETH15M-26OCT021730-30,1.1,1790976394.9684901,1790976600.0,no,0.9527999999999999,0.44050000000000133,0.0315,False,20261002T205037Z-a280a1c0491b4ea4a2023fddd30eaeac,1.0,0.55
KXETH15M-26OCT021730-30,1.15,1790976394.9684901,1790976600.0,no,0.9527999999999999,0.44050000000000133,0.0315,False,20261002T205037Z-a280a1c0491b4ea4a2023fddd30eaeac,1.0,0.5
KXETH15M-26OCT021730-30,1.15,1790976393.955806,1790976600.0,no,0.9545999999999999,0.42360000000000064,0.0304,False,20261002T205037Z-a280a1c0491b4ea4a2023fddd30eaeac,0.5,0.5
KXETH15M-26OCT021730-30,1.15,1790976396.9700356,1790976600.0,no,0.954,0.42920000000000086,0.0308,False,20261002T205037Z-a280a1c0491b4ea4a2023fddd30eaeac,3.0,0.5
KXETH15M-26OCT021730-30,1.15,1790976394.9684901,1790976600.0,no,0.9527999999999999,0.44050000000000133,0.0315,False,20261002T205037Z-a280a1c0491b4ea4a2023fddd30eaeac,1.0,0.55
KXETH15M-26OCT021730-30,1.2,1790976394.9684901,1790976600.0,no,0.9527999999999999,0.44050000000000133,0.0315,False,20261002T205037Z-a280a1c0491b4ea4a2023fddd30eaeac,1.0,0.5
KXETH15M-26OCT021730-30,1.2,1790976393.955806,1790976600.0,no,0.9545999999999999,0.42360000000000064,0.0304,False,20261002T205037Z-a280a1c0491b4ea4a2023fddd30eaeac,0.5,0.5
KXETH15M-26OCT021730-30,1.2,1790976396.9700356,1790976600.0,no,0.954,0.42920000000000086,0.0308,False,20261002T205037Z-a280a1c0491b4ea4a2023fddd30eaeac,3.0,0.5
KXETH15M-26OCT021730-30,1.2,1790976394.9684901,1790976600.0,no,0.9527999999999999,0.44050000000000133,0.0315,False,20261002T205037Z-a280a1c0491b4ea4a2023fddd30eaeac,1.0,0.55
KXETH15M-26OCT021730-30,1.25,1790976394.9684901,1790976600.0,no,0.9527999999999999,0.44050000000000133,0.0315,False,20261002T205037Z-a280a1c0491b4ea4a2023fddd30eaeac,1.0,0.5
KXETH15M-26OCT021730-30,1.25,1790976393.955806,1790976600.0,no,0.9545999999999999,0.42360000000000064,0.0304,False,20261002T205037Z-a280a1c0491b4ea4a2023fddd30eaeac,0.5,0.5
KXETH15M-26OCT021730-30,1.25,1790976396.9700356,1790976600.0,no,0.954,0.42920000000000086,0.0308,False,20261002T205037Z-a280a1c0491b4ea4a2023fddd30eaeac,3.0,0.5
KXETH15M-26OCT021730-30,1.25,1790976394.9684901,1790976600.0,no,0.9527999999999999,0.44050000000000133,0.0315,False,20261002T205037Z-a280a1c0491b4ea4a2023fddd30eaeac,1.0,0.55
KXETH15M-26OCT021730-30,1.3,1790976395.9641938,1790976600.0,no,0.950846,0.45880000000000054,0.03274,False,20261002T205037Z-a280a1c0491b4ea4a2023fddd30eaeac,1.0,0.5
KXETH15M-26OCT021730-30,1.3,1790976395.9641938,1790976600.0,no,0.950846,0.45880000000000054,0.03274,False,20261002T205037Z-a280a1c0491b4ea4a2023fddd30eaeac,0.5,0.5
KXETH15M-26OCT021730-30,1.3,1790976397.9842937,1790976600.0,no,0.9570000000000001,0.40109999999999973,0.0289,False,20261002T205037Z-a280a1c0491b4ea4a2023fddd30eaeac,3.0,0.5
KXETH15M-26OCT021730-30,1.3,1790976395.9641938,1790976600.0,no,0.950846,0.45880000000000054,0.03274,False,20261002T205037Z-a280a1c0491b4ea4a2023fddd30eaeac,1.0,0.55
KXETH15M-26OCT021730-30,1.35,1790976397.9842937,1790976600.0,no,0.9570000000000001,0.40109999999999973,0.0289,False,20261002T205037Z-a280a1c0491b4ea4a2023fddd30eaeac,1.0,0.5
KXETH15M-26OCT021730-30,1.35,1790976396.9700356,1790976600.0,no,0.954,0.42920000000000086,0.0308,False,20261002T205037Z-a280a1c0491b4ea4a2023fddd30eaeac,0.5,0.5
KXETH15M-26OCT021730-30,1.35,1790976402.0091445,1790976600.0,no,0.96,0.3731000000000004,0.0269,False,20261002T205037Z-a280a1c0491b4ea4a2023fddd30eaeac,3.0,0.5
KXETH15M-26OCT021730-30,1.35,1790976397.9842937,1790976600.0,no,0.9570000000000001,0.40109999999999973,0.0289,False,20261002T205037Z-a280a1c0491b4ea4a2023fddd30eaeac,1.0,0.55
KXETH15M-26OCT021730-30,1.4,1790976398.9953368,1790976600.0,no,0.9568,0.40300000000000036,0.028999999999999998,False,20261002T205037Z-a280a1c0491b4ea4a2023fddd30eaeac,1.0,0.5
KXETH15M-26OCT021730-30,1.4,1790976397.9842937,1790976600.0,no,0.9570000000000001,0.40109999999999973,0.0289,False,20261002T205037Z-a280a1c0491b4ea4a2023fddd30eaeac,0.5,0.5
KXETH15M-26OCT021730-30,1.4,1790976402.0091445,1790976600.0,no,0.96,0.3731000000000004,0.0269,False,20261002T205037Z-a280a1c0491b4ea4a2023fddd30eaeac,3.0,0.5
KXETH15M-26OCT021730-30,1.4,1790976398.9953368,1790976600.0,no,0.9568,0.40300000000000036,0.028999999999999998,False,20261002T205037Z-a280a1c0491b4ea4a2023fddd30eaeac,1.0,0.55
KXETH15M-26OCT021730-30,1.45,1790976398.9953368,1790976600.0,no,0.9568,0.40300000000000036,0.028999999999999998,False,20261002T205037Z-a280a1c0491b4ea4a2023fddd30eaeac,0.5,0.5
KXETH15M-26OCT021730-30,1.45,1790976402.0091445,1790976600.0,no,0.96,0.3731000000000004,0.0269,False,20261002T205037Z-a280a1c0491b4ea4a2023fddd30eaeac,3.0,0.5
KXETH15M-26OCT021745-45,0.5,1790977155.7923892,1790977500.0,yes,0.8,1.888,0.112,False,20261002T205037Z-a280a1c0491b4ea4a2023fddd30eaeac,1.0,0.5
KXETH15M-26OCT021745-45,0.5,1790977153.778911,1790977500.0,yes,0.8299999999999998,1.601200000000001,0.0988,False,20261002T205037Z-a280a1c0491b4ea4a2023fddd30eaeac,0.5,0.5
KXETH15M-26OCT021745-45,0.5,1790977156.7983363,1790977500.0,yes,0.8100000000000002,1.7921999999999985,0.1078,False,20261002T205037Z-a280a1c0491b4ea4a2023fddd30eaeac,3.0,0.5
KXETH15M-26OCT021745-45,0.5,1790977155.7923892,1790977500.0,yes,0.8,1.888,0.112,False,20261002T205037Z-a280a1c0491b4ea4a2023fddd30eaeac,1.0,0.55
KXETH15M-26OCT021745-45,0.55,1790977166.84763,1790977500.0,yes,0.85,1.4107,0.0893,False,20261002T205037Z-a280a1c0491b4ea4a2023fddd30eaeac,1.0,0.5
KXETH15M-26OCT021745-45,0.55,1790977165.8451865,1790977500.0,yes,0.8299999999999998,1.601200000000001,0.0988,False,20261002T205037Z-a280a1c0491b4ea4a2023fddd30eaeac,0.5,0.5
KXETH15M-26OCT021745-45,0.55,1790977168.8588462,1790977500.0,yes,0.86,1.3157000000000003,0.0843,False,20261002T205037Z-a280a1c0491b4ea4a2023fddd30eaeac,3.0,0.5
KXETH15M-26OCT021745-45,0.55,1790977166.84763,1790977500.0,yes,0.85,1.4107,0.0893,False,20261002T205037Z-a280a1c0491b4ea4a2023fddd30eaeac,1.0,0.55
KXETH15M-26OCT021745-45,0.6,1790977167.8480499,1790977500.0,yes,0.86,1.3157000000000003,0.0843,False,20261002T205037Z-a280a1c0491b4ea4a2023fddd30eaeac,1.0,0.5
KXETH15M-26OCT021745-45,0.6,1790977166.84763,1790977500.0,yes,0.85,1.4107,0.0893,False,20261002T205037Z-a280a1c0491b4ea4a2023fddd30eaeac,0.5,0.5
KXETH15M-26OCT021745-45,0.6,1790977169.8640375,1790977500.0,yes,0.86,1.3157000000000003,0.0843,False,20261002T205037Z-a280a1c0491b4ea4a2023fddd30eaeac,3.0,0.5
KXETH15M-26OCT021745-45,0.6,1790977167.8480499,1790977500.0,yes,0.86,1.3157000000000003,0.0843,False,20261002T205037Z-a280a1c0491b4ea4a2023fddd30eaeac,1.0,0.55
KXETH15M-26OCT021745-45,0.65,1790977185.9380982,1790977500.0,yes,0.9040000000000001,0.8991999999999991,0.0608,False,20261002T205037Z-a280a1c0491b4ea4a2023fddd30eaeac,1.0,0.5
KXETH15M-26OCT021745-45,0.65,1790977184.933016,1790977500.0,yes,0.9044000000000001,0.8953999999999995,0.0606,False,20261002T205037Z-a280a1c0491b4ea4a2023fddd30eaeac,0.5,0.5
KXETH15M-26OCT021745-45,0.65,1790977187.9510136,1790977500.0,yes,0.9026,0.9124000000000002,0.0616,False,20261002T205037Z-a280a1c0491b4ea4a2023fddd30eaeac,3.0,0.5
KXETH15M-26OCT021745-45,0.65,1790977185.9380982,1790977500.0,yes,0.9040000000000001,0.8991999999999991,0.0608,False,20261002T205037Z-a280a1c0491b4ea4a2023fddd30eaeac,1.0,0.55
KXETH15M-26OCT021745-45,0.7,1790977202.0198247,1790977500.0,yes,0.859,1.3252000000000002,0.0848,False,20261002T205037Z-a280a1c0491b4ea4a2023fddd30eaeac,1.0,0.5
KXETH15M-26OCT021745-45,0.7,1790977202.0198247,1790977500.0,yes,0.859,1.3252000000000002,0.0848,False,20261002T205037Z-a280a1c0491b4ea4a2023fddd30eaeac,0.5,0.5
KXETH15M-26OCT021745-45,0.7,1790977204.0486042,1790977500.0,yes,0.89,1.0313999999999997,0.0686,False,20261002T205037Z-a280a1c0491b4ea4a2023fddd30eaeac,3.0,0.5
KXETH15M-26OCT021745-45,0.7,1790977202.0198247,1790977500.0,yes,0.859,1.3252000000000002,0.0848,False,20261002T205037Z-a280a1c0491b4ea4a2023fddd30eaeac,1.0,0.55
KXETH15M-26OCT021745-45,0.75,1790977202.0198247,1790977500.0,yes,0.859,1.3252000000000002,0.0848,False,20261002T205037Z-a280a1c0491b4ea4a2023fddd30eaeac,1.0,0.5
KXETH15M-26OCT021745-45,0.75,1790977202.0198247,1790977500.0,yes,0.859,1.3252000000000002,0.0848,False,20261002T205037Z-a280a1c0491b4ea4a2023fddd30eaeac,0.5,0.5
KXETH15M-26OCT021745-45,0.75,1790977204.0486042,1790977500.0,yes,0.89,1.0313999999999997,0.0686,False,20261002T205037Z-a280a1c0491b4ea4a2023fddd30eaeac,3.0,0.5
KXETH15M-26OCT021745-45,0.75,1790977202.0198247,1790977500.0,yes,0.859,1.3252000000000002,0.0848,False,20261002T205037Z-a280a1c0491b4ea4a2023fddd30eaeac,1.0,0.55
KXETH15M-26OCT021745-45,0.8,1790977202.0198247,1790977500.0,yes,0.859,1.3252000000000002,0.0848,False,20261002T205037Z-a280a1c0491b4ea4a2023fddd30eaeac,1.0,0.5
KXETH15M-26OCT021745-45,0.8,1790977202.0198247,1790977500.0,yes,0.859,1.3252000000000002,0.0848,False,20261002T205037Z-a280a1c0491b4ea4a2023fddd30eaeac,0.5,0.5
KXETH15M-26OCT021745-45,0.8,1790977204.0486042,1790977500.0,yes,0.89,1.0313999999999997,0.0686,False,20261002T205037Z-a280a1c0491b4ea4a2023fddd30eaeac,3.0,0.5
KXETH15M-26OCT021745-45,0.8,1790977202.0198247,1790977500.0,yes,0.859,1.3252000000000002,0.0848,False,20261002T205037Z-a280a1c0491b4ea4a2023fddd30eaeac,1.0,0.55
KXETH15M-26OCT021745-45,0.85,1790977244.399403,1790977500.0,yes,0.9345000000000001,0.6120999999999993,0.0429,False,20261002T205037Z-a280a1c0491b4ea4a2023fddd30eaeac,1.0,0.5
KXETH15M-26OCT021745-45,0.85,1790977244.399403,1790977500.0,yes,0.9345000000000001,0.6120999999999993,0.0429,False,20261002T205037Z-a280a1c0491b4ea4a2023fddd30eaeac,0.5,0.5
KXETH15M-26OCT021745-45,0.85,1790977246.4239204,1790977500.0,yes,0.932,0.6355999999999997,0.0444,False,20261002T205037Z-a280a1c0491b4ea4a2023fddd30eaeac,3.0,0.5
KXETH15M-26OCT021745-45,0.85,1790977244.399403,1790977500.0,yes,0.9345000000000001,0.6120999999999993,0.0429,False,20261002T205037Z-a280a1c0491b4ea4a2023fddd30eaeac,1.0,0.55
KXETH15M-26OCT021745-45,0.9,1790977253.4515417,1790977500.0,yes,0.9469999999999998,0.49480000000000113,0.0352,False,20261002T205037Z-a280a1c0491b4ea4a2023fddd30eaeac,1.0,0.5
KXETH15M-26OCT021745-45,0.9,1790977253.4515417,1790977500.0,yes,0.9469999999999998,0.49480000000000113,0.0352,False,20261002T205037Z-a280a1c0491b4ea4a2023fddd30eaeac,0.5,0.5
KXETH15M-26OCT021745-45,0.9,1790977255.4710433,1790977500.0,yes,0.9490000000000001,0.4760999999999998,0.0339,False,20261002T205037Z-a280a1c0491b4ea4a2023fddd30eaeac,3.0,0.5
KXETH15M-26OCT021745-45,0.9,1790977253.4515417,1790977500.0,yes,0.9469999999999998,0.49480000000000113,0.0352,False,20261002T205037Z-a280a1c0491b4ea4a2023fddd30eaeac,1.0,0.55
KXETH15M-26OCT021745-45,0.95,1790977257.4964926,1790977500.0,yes,0.9583920000000001,0.3880999999999991,0.027979999999999998,False,20261002T205037Z-a280a1c0491b4ea4a2023fddd30eaeac,1.0,0.5
KXETH15M-26OCT021745-45,0.95,1790977257.4964926,1790977500.0,yes,0.9583920000000001,0.3880999999999991,0.027979999999999998,False,20261002T205037Z-a280a1c0491b4ea4a2023fddd30eaeac,0.5,0.5
KXETH15M-26OCT021745-45,0.95,1790977259.8512506,1790977500.0,yes,0.954,0.42920000000000086,0.0308,False,20261002T205037Z-a280a1c0491b4ea4a2023fddd30eaeac,3.0,0.5
KXETH15M-26OCT021745-45,0.95,1790977257.4964926,1790977500.0,yes,0.9583920000000001,0.3880999999999991,0.027979999999999998,False,20261002T205037Z-a280a1c0491b4ea4a2023fddd30eaeac,1.0,0.55
KXETH15M-26OCT021800-00,0.5,1790977955.4583685,1790978400.0,yes,0.82,1.6966000000000008,0.1034,False,20261002T205037Z-a280a1c0491b4ea4a2023fddd30eaeac,1.0,0.5
KXETH15M-26OCT021800-00,0.5,1790977955.4583685,1790978400.0,yes,0.82,1.6966000000000008,0.1034,False,20261002T205037Z-a280a1c0491b4ea4a2023fddd30eaeac,0.5,0.5
KXETH15M-26OCT021800-00,0.5,1790977957.4652667,1790978400.0,yes,0.8400000000000001,1.5058999999999996,0.0941,False,20261002T205037Z-a280a1c0491b4ea4a2023fddd30eaeac,3.0,0.5
KXETH15M-26OCT021800-00,0.5,1790977955.4583685,1790978400.0,yes,0.82,1.6966000000000008,0.1034,False,20261002T205037Z-a280a1c0491b4ea4a2023fddd30eaeac,1.0,0.55
KXETH15M-26OCT021800-00,0.55,1790977965.5116825,1790978400.0,yes,0.86,1.3157000000000003,0.0843,False,20261002T205037Z-a280a1c0491b4ea4a2023fddd30eaeac,1.0,0.5
KXETH15M-26OCT021800-00,0.55,1790977965.5116825,1790978400.0,yes,0.86,1.3157000000000003,0.0843,False,20261002T205037Z-a280a1c0491b4ea4a2023fddd30eaeac,0.5,0.5
KXETH15M-26OCT021800-00,0.55,1790977967.523932,1790978400.0,yes,0.8100000000000002,1.7921999999999985,0.1078,False,20261002T205037Z-a280a1c0491b4ea4a2023fddd30eaeac,3.0,0.5
KXETH15M-26OCT021800-00,0.55,1790977965.5116825,1790978400.0,yes,0.86,1.3157000000000003,0.0843,False,20261002T205037Z-a280a1c0491b4ea4a2023fddd30eaeac,1.0,0.55
KXETH15M-26OCT021800-00,0.6,1790977982.6422894,1790978400.0,yes,0.8392799999999999,1.5127000000000006,0.0945,False,20261002T205037Z-a280a1c0491b4ea4a2023fddd30eaeac,1.0,0.5
KXETH15M-26OCT021800-00,0.6,1790977981.6284227,1790978400.0,yes,0.8389999999999999,1.5154000000000012,0.0946,False,20261002T205037Z-a280a1c0491b4ea4a2023fddd30eaeac,0.5,0.5
KXETH15M-26OCT021800-00,0.6,1790977984.6636028,1790978400.0,yes,0.8699999999999999,1.2208000000000008,0.0792,False,20261002T205037Z-a280a1c0491b4ea4a2023fddd30eaeac,3.0,0.5
KXETH15M-26OCT021800-00,0.6,1790977982.6422894,1790978400.0,yes,0.8392799999999999,1.5127000000000006,0.0945,False,20261002T205037Z-a280a1c0491b4ea4a2023fddd30eaeac,1.0,0.55
KXETH15M-26OCT021800-00,0.65,1790977986.6743612,1790978400.0,yes,0.869,1.2303000000000006,0.0797,False,20261002T205037Z-a280a1c0491b4ea4a2023fddd30eaeac,1.0,0.5
KXETH15M-26OCT021800-00,0.65,1790977985.6683562,1790978400.0,yes,0.8699999999999999,1.2208000000000008,0.0792,False,20261002T205037Z-a280a1c0491b4ea4a2023fddd30eaeac,0.5,0.5
KXETH15M-26OCT021800-00,0.65,1790977988.6912775,1790978400.0,yes,0.8800000000000001,1.1259999999999992,0.074,False,20261002T205037Z-a280a1c0491b4ea4a2023fddd30eaeac,3.0,0.5
KXETH15M-26OCT021800-00,0.65,1790977986.6743612,1790978400.0,yes,0.869,1.2303000000000006,0.0797,False,20261002T205037Z-a280a1c0491b4ea4a2023fddd30eaeac,1.0,0.55
KXETH15M-26OCT021800-00,0.7,1790977989.6960173,1790978400.0,yes,0.8699999999999999,1.2208000000000008,0.0792,False,20261002T205037Z-a280a1c0491b4ea4a2023fddd30eaeac,1.0,0.5
KXETH15M-26OCT021800-00,0.7,1790977989.6960173,1790978400.0,yes,0.8699999999999999,1.2208000000000008,0.0792,False,20261002T205037Z-a280a1c0491b4ea4a2023fddd30eaeac,0.5,0.5
KXETH15M-26OCT021800-00,0.7,1790977991.7260888,1790978400.0,yes,0.89,1.0313999999999997,0.0686,False,20261002T205037Z-a280a1c0491b4ea4a2023fddd30eaeac,3.0,0.5
KXETH15M-26OCT021800-00,0.7,1790977989.6960173,1790978400.0,yes,0.8699999999999999,1.2208000000000008,0.0792,False,20261002T205037Z-a280a1c0491b4ea4a2023fddd30eaeac,1.0,0.55
KXETH15M-26OCT021800-00,0.75,1790977999.7668316,1790978400.0,yes,0.8800000000000001,1.1259999999999992,0.074,False,20261002T205037Z-a280a1c0491b4ea4a2023fddd30eaeac,1.0,0.5
KXETH15M-26OCT021800-00,0.75,1790977998.7535632,1790978400.0,yes,0.8699999999999999,1.2208000000000008,0.0792,False,20261002T205037Z-a280a1c0491b4ea4a2023fddd30eaeac,0.5,0.5
KXETH15M-26OCT021800-00,0.75,1790978001.7757547,1790978400.0,yes,0.9,0.937,0.063,False,20261002T205037Z-a280a1c0491b4ea4a2023fddd30eaeac,3.0,0.5
KXETH15M-26OCT021800-00,0.75,1790977999.7668316,1790978400.0,yes,0.8800000000000001,1.1259999999999992,0.074,False,20261002T205037Z-a280a1c0491b4ea4a2023fddd30eaeac,1.0,0.55
KXETH15M-26OCT021800-00,0.8,1790977999.7668316,1790978400.0,yes,0.8800000000000001,1.1259999999999992,0.074,False,20261002T205037Z-a280a1c0491b4ea4a2023fddd30eaeac,1.0,0.5
KXETH15M-26OCT021800-00,0.8,1790977998.7535632,1790978400.0,yes,0.8699999999999999,1.2208000000000008,0.0792,False,20261002T205037Z-a280a1c0491b4ea4a2023fddd30eaeac,0.5,0.5
KXETH15M-26OCT021800-00,0.8,1790978001.7757547,1790978400.0,yes,0.9,0.937,0.063,False,20261002T205037Z-a280a1c0491b4ea4a2023fddd30eaeac,3.0,0.5
KXETH15M-26OCT021800-00,0.8,1790977999.7668316,1790978400.0,yes,0.8800000000000001,1.1259999999999992,0.074,False,20261002T205037Z-a280a1c0491b4ea4a2023fddd30eaeac,1.0,0.55
KXETH15M-26OCT021800-00,0.85,1790977999.7668316,1790978400.0,yes,0.8800000000000001,1.1259999999999992,0.074,False,20261002T205037Z-a280a1c0491b4ea4a2023fddd30eaeac,1.0,0.5
KXETH15M-26OCT021800-00,0.85,1790977998.7535632,1790978400.0,yes,0.8699999999999999,1.2208000000000008,0.0792,False,20261002T205037Z-a280a1c0491b4ea4a2023fddd30eaeac,0.5,0.5
KXETH15M-26OCT021800-00,0.85,1790978001.7757547,1790978400.0,yes,0.9,0.937,0.063,False,20261002T205037Z-a280a1c0491b4ea4a2023fddd30eaeac,3.0,0.5
KXETH15M-26OCT021800-00,0.85,1790977999.7668316,1790978400.0,yes,0.8800000000000001,1.1259999999999992,0.074,False,20261002T205037Z-a280a1c0491b4ea4a2023fddd30eaeac,1.0,0.55
KXETH15M-26OCT021800-00,0.9,1790978010.817282,1790978400.0,yes,0.9109999999999999,0.8332000000000006,0.0568,False,20261002T205037Z-a280a1c0491b4ea4a2023fddd30eaeac,1.0,0.5
KXETH15M-26OCT021800-00,0.9,1790978009.8062844,1790978400.0,yes,0.909,0.8520000000000001,0.058,False,20261002T205037Z-a280a1c0491b4ea4a2023fddd30eaeac,0.5,0.5
KXETH15M-26OCT021800-00,0.9,1790978011.913999,1790978400.0,yes,0.89,1.0313999999999997,0.0686,False,20261002T205037Z-a280a1c0491b4ea4a2023fddd30eaeac,3.0,0.5
KXETH15M-26OCT021800-00,0.9,1790978010.817282,1790978400.0,yes,0.9109999999999999,0.8332000000000006,0.0568,False,20261002T205037Z-a280a1c0491b4ea4a2023fddd30eaeac,1.0,0.55
KXETH15M-26OCT021800-00,0.95,1790978025.8929799,1790978400.0,yes,0.9280000000000002,0.6731999999999989,0.0468,False,20261002T205037Z-a280a1c0491b4ea4a2023fddd30eaeac,1.0,0.5
KXETH15M-26OCT021800-00,0.95,1790978024.8864903,1790978400.0,yes,0.9280000000000002,0.6731999999999989,0.0468,False,20261002T205037Z-a280a1c0491b4ea4a2023fddd30eaeac,0.5,0.5
KXETH15M-26OCT021800-00,0.95,1790978027.935461,1790978400.0,yes,0.9222000000000001,0.7276999999999987,0.050300000000000004,False,20261002T205037Z-a280a1c0491b4ea4a2023fddd30eaeac,3.0,0.5
KXETH15M-26OCT021800-00,0.95,1790978025.8929799,1790978400.0,yes,0.9280000000000002,0.6731999999999989,0.0468,False,20261002T205037Z-a280a1c0491b4ea4a2023fddd30eaeac,1.0,0.55
KXETH15M-26OCT021800-00,1.0,1790978038.9627013,1790978400.0,yes,0.9481999999999999,0.4836000000000007,0.0344,False,20261002T205037Z-a280a1c0491b4ea4a2023fddd30eaeac,1.0,0.5
KXETH15M-26OCT021800-00,1.0,1790978037.96361,1790978400.0,yes,0.9389999999999998,0.5699000000000012,0.0401,False,20261002T205037Z-a280a1c0491b4ea4a2023fddd30eaeac,0.5,0.5
KXETH15M-26OCT021800-00,1.0,1790978040.9812045,1790978400.0,yes,0.95,0.4667,0.0333,False,20261002T205037Z-a280a1c0491b4ea4a2023fddd30eaeac,3.0,0.5
KXETH15M-26OCT021800-00,1.0,1790978038.9627013,1790978400.0,yes,0.9481999999999999,0.4836000000000007,0.0344,False,20261002T205037Z-a280a1c0491b4ea4a2023fddd30eaeac,1.0,0.55
KXETH15M-26OCT021800-00,1.05,1790978039.9749432,1790978400.0,yes,0.9480000000000001,0.48539999999999955,0.0346,False,20261002T205037Z-a280a1c0491b4ea4a2023fddd30eaeac,1.0,0.5
KXETH15M-26OCT021800-00,1.05,1790978038.9627013,1790978400.0,yes,0.9481999999999999,0.4836000000000007,0.0344,False,20261002T205037Z-a280a1c0491b4ea4a2023fddd30eaeac,0.5,0.5
KXETH15M-26OCT021800-00,1.05,1790978042.0109365,1790978400.0,yes,0.9469999999999998,0.49480000000000113,0.0352,False,20261002T205037Z-a280a1c0491b4ea4a2023fddd30eaeac,3.0,0.5
KXETH15M-26OCT021800-00,1.05,1790978039.9749432,1790978400.0,yes,0.9480000000000001,0.48539999999999955,0.0346,False,20261002T205037Z-a280a1c0491b4ea4a2023fddd30eaeac,1.0,0.55
KXETH15M-26OCT021800-00,1.1,1790978062.1465797,1790978400.0,yes,0.958,0.3917999999999999,0.0282,False,20261002T205037Z-a280a1c0491b4ea4a2023fddd30eaeac,1.0,0.5
KXETH15M-26OCT021800-00,1.1,1790978062.1465797,1790978400.0,yes,0.958,0.3917999999999999,0.0282,False,20261002T205037Z-a280a1c0491b4ea4a2023fddd30eaeac,0.5,0.5
KXETH15M-26OCT021800-00,1.1,1790978066.2375512,1790978400.0,yes,0.96,0.3731000000000004,0.0269,False,20261002T205037Z-a280a1c0491b4ea4a2023fddd30eaeac,3.0,0.5
KXETH15M-26OCT021800-00,1.1,1790978062.1465797,1790978400.0,yes,0.958,0.3917999999999999,0.0282,False,20261002T205037Z-a280a1c0491b4ea4a2023fddd30eaeac,1.0,0.55
KXETH15M-26OCT021800-00,1.15,1790978075.2777946,1790978400.0,yes,0.9541000000000001,0.4282999999999996,0.030699999999999998,False,20261002T205037Z-a280a1c0491b4ea4a2023fddd30eaeac,1.0,0.5
KXETH15M-26OCT021800-00,1.15,1790978075.2777946,1790978400.0,yes,0.9541000000000001,0.4282999999999996,0.030699999999999998,False,20261002T205037Z-a280a1c0491b4ea4a2023fddd30eaeac,0.5,0.5
KXETH15M-26OCT021800-00,1.15,1790978075.2777946,1790978400.0,yes,0.9541000000000001,0.4282999999999996,0.030699999999999998,False,20261002T205037Z-a280a1c0491b4ea4a2023fddd30eaeac,1.0,0.55
KXETH15M-26OCT021815-15,0.5,1790978765.9273257,1790979300.0,no,0.8100000000000002,1.7921999999999985,0.1078,False,20261002T205037Z-a280a1c0491b4ea4a2023fddd30eaeac,1.0,0.5
KXETH15M-26OCT021815-15,0.5,1790978764.9153075,1790979300.0,no,0.8100000000000002,1.7921999999999985,0.1078,False,20261002T205037Z-a280a1c0491b4ea4a2023fddd30eaeac,0.5,0.5
KXETH15M-26OCT021815-15,0.5,1790978767.936557,1790979300.0,no,0.8100000000000002,1.7921999999999985,0.1078,False,20261002T205037Z-a280a1c0491b4ea4a2023fddd30eaeac,3.0,0.5
KXETH15M-26OCT021815-15,0.5,1790978765.9273257,1790979300.0,no,0.8100000000000002,1.7921999999999985,0.1078,False,20261002T205037Z-a280a1c0491b4ea4a2023fddd30eaeac,1.0,0.55
KXETH15M-26OCT021815-15,0.55,1790978787.0613034,1790979300.0,no,0.8699999999999999,1.2208000000000008,0.0792,False,20261002T205037Z-a280a1c0491b4ea4a2023fddd30eaeac,1.0,0.5
KXETH15M-26OCT021815-15,0.55,1790978786.0560234,1790979300.0,no,0.8699999999999999,1.2208000000000008,0.0792,False,20261002T205037Z-a280a1c0491b4ea4a2023fddd30eaeac,0.5,0.5
KXETH15M-26OCT021815-15,0.55,1790978789.0746343,1790979300.0,no,0.8699999999999999,1.2208000000000008,0.0792,False,20261002T205037Z-a280a1c0491b4ea4a2023fddd30eaeac,3.0,0.5
KXETH15M-26OCT021815-15,0.55,1790978787.0613034,1790979300.0,no,0.8699999999999999,1.2208000000000008,0.0792,False,20261002T205037Z-a280a1c0491b4ea4a2023fddd30eaeac,1.0,0.55
KXETH15M-26OCT021815-15,0.6,1790978787.0613034,1790979300.0,no,0.8699999999999999,1.2208000000000008,0.0792,False,20261002T205037Z-a280a1c0491b4ea4a2023fddd30eaeac,1.0,0.5
KXETH15M-26OCT021815-15,0.6,1790978786.0560234,1790979300.0,no,0.8699999999999999,1.2208000000000008,0.0792,False,20261002T205037Z-a280a1c0491b4ea4a2023fddd30eaeac,0.5,0.5
KXETH15M-26OCT021815-15,0.6,1790978789.0746343,1790979300.0,no,0.8699999999999999,1.2208000000000008,0.0792,False,20261002T205037Z-a280a1c0491b4ea4a2023fddd30eaeac,3.0,0.5
KXETH15M-26OCT021815-15,0.6,1790978787.0613034,1790979300.0,no,0.8699999999999999,1.2208000000000008,0.0792,False,20261002T205037Z-a280a1c0491b4ea4a2023fddd30eaeac,1.0,0.55
KXETH15M-26OCT021815-15,0.65,1790978797.1193893,1790979300.0,no,0.8800000000000001,1.1259999999999992,0.074,False,20261002T205037Z-a280a1c0491b4ea4a2023fddd30eaeac,1.0,0.5
KXETH15M-26OCT021815-15,0.65,1790978796.1156664,1790979300.0,no,0.8800000000000001,1.1259999999999992,0.074,False,20261002T205037Z-a280a1c0491b4ea4a2023fddd30eaeac,0.5,0.5
KXETH15M-26OCT021815-15,0.65,1790978798.1289778,1790979300.0,no,0.8699999999999999,1.2208000000000008,0.0792,False,20261002T205037Z-a280a1c0491b4ea4a2023fddd30eaeac,3.0,0.5
KXETH15M-26OCT021815-15,0.65,1790978797.1193893,1790979300.0,no,0.8800000000000001,1.1259999999999992,0.074,False,20261002T205037Z-a280a1c0491b4ea4a2023fddd30eaeac,1.0,0.55
KXETH15M-26OCT021815-15,0.7,1790979082.6138854,1790979300.0,no,0.9260999999999999,0.6910000000000007,0.048,False,20261002T205037Z-a280a1c0491b4ea4a2023fddd30eaeac,1.0,0.5
KXETH15M-26OCT021815-15,0.7,1790979082.6138854,1790979300.0,no,0.9260999999999999,0.6910000000000007,0.048,False,20261002T205037Z-a280a1c0491b4ea4a2023fddd30eaeac,0.5,0.5
KXETH15M-26OCT021815-15,0.7,1790979084.642355,1790979300.0,no,0.9249,0.7022999999999995,0.0487,False,20261002T205037Z-a280a1c0491b4ea4a2023fddd30eaeac,3.0,0.5
KXETH15M-26OCT021815-15,0.7,1790979082.6138854,1790979300.0,no,0.9260999999999999,0.6910000000000007,0.048,False,20261002T205037Z-a280a1c0491b4ea4a2023fddd30eaeac,1.0,0.55
KXETH15M-26OCT021815-15,0.75,1790979094.700652,1790979300.0,no,0.9549999999999998,0.41990000000000105,0.0301,False,20261002T205037Z-a280a1c0491b4ea4a2023fddd30eaeac,1.0,0.5
KXETH15M-26OCT021815-15,0.75,1790979093.7551,1790979300.0,no,0.9550999999999998,0.4189000000000016,0.0301,False,20261002T205037Z-a280a1c0491b4ea4a2023fddd30eaeac,0.5,0.5
KXETH15M-26OCT021815-15,0.75,1790979096.7060313,1790979300.0,no,0.9109999999999999,0.8332000000000006,0.0568,False,20261002T205037Z-a280a1c0491b4ea4a2023fddd30eaeac,3.0,0.5
KXETH15M-26OCT021815-15,0.75,1790979094.700652,1790979300.0,no,0.9549999999999998,0.41990000000000105,0.0301,False,20261002T205037Z-a280a1c0491b4ea4a2023fddd30eaeac,1.0,0.55
KXETH15M-26OCT021815-15,0.8,1790979095.7069597,1790979300.0,no,0.958,0.3917999999999999,0.0282,False,20261002T205037Z-a280a1c0491b4ea4a2023fddd30eaeac,1.0,0.5
KXETH15M-26OCT021815-15,0.8,1790979094.700652,1790979300.0,no,0.9549999999999998,0.41990000000000105,0.0301,False,20261002T205037Z-a280a1c0491b4ea4a2023fddd30eaeac,0.5,0.5
KXETH15M-26OCT021815-15,0.8,1790979097.7058983,1790979300.0,no,0.9109999999999999,0.8332000000000006,0.0568,False,20261002T205037Z-a280a1c0491b4ea4a2023fddd30eaeac,3.0,0.5
KXETH15M-26OCT021815-15,0.8,1790979095.7069597,1790979300.0,no,0.958,0.3917999999999999,0.0282,False,20261002T205037Z-a280a1c0491b4ea4a2023fddd30eaeac,1.0,0.55
KXETH15M-26OCT021830-30,0.5,1790979875.4569774,1790980200.0,yes,0.8,1.888,0.112,False,20261002T205037Z-a280a1c0491b4ea4a2023fddd30eaeac,1.0,0.5
KXETH15M-26OCT021830-30,0.5,1790979875.4569774,1790980200.0,yes,0.8,1.888,0.112,False,20261002T205037Z-a280a1c0491b4ea4a2023fddd30eaeac,0.5,0.5
KXETH15M-26OCT021830-30,0.5,1790979877.4657185,1790980200.0,yes,0.8100000000000002,1.7921999999999985,0.1078,False,20261002T205037Z-a280a1c0491b4ea4a2023fddd30eaeac,3.0,0.5
KXETH15M-26OCT021830-30,0.5,1790979875.4569774,1790980200.0,yes,0.8,1.888,0.112,False,20261002T205037Z-a280a1c0491b4ea4a2023fddd30eaeac,1.0,0.55
KXETH15M-26OCT021830-30,0.55,1790979887.513945,1790980200.0,yes,0.9187439999999999,0.7603000000000011,0.05226000000000018,False,20261002T205037Z-a280a1c0491b4ea4a2023fddd30eaeac,1.0,0.5
KXETH15M-26OCT021830-30,0.55,1790979887.513945,1790980200.0,yes,0.9187439999999999,0.7603000000000011,0.05226000000000018,False,20261002T205037Z-a280a1c0491b4ea4a2023fddd30eaeac,0.5,0.5
KXETH15M-26OCT021830-30,0.55,1790979889.5252433,1790980200.0,yes,0.917,0.7767000000000001,0.0533,False,20261002T205037Z-a280a1c0491b4ea4a2023fddd30eaeac,3.0,0.5
KXETH15M-26OCT021830-30,0.55,1790979887.513945,1790980200.0,yes,0.9187439999999999,0.7603000000000011,0.05226000000000018,False,20261002T205037Z-a280a1c0491b4ea4a2023fddd30eaeac,1.0,0.55
KXETH15M-26OCT021830-30,0.6,1790979887.513945,1790980200.0,yes,0.9187439999999999,0.7603000000000011,0.05226000000000018,False,20261002T205037Z-a280a1c0491b4ea4a2023fddd30eaeac,1.0,0.5
KXETH15M-26OCT021830-30,0.6,1790979887.513945,1790980200.0,yes,0.9187439999999999,0.7603000000000011,0.05226000000000018,False,20261002T205037Z-a280a1c0491b4ea4a2023fddd30eaeac,0.5,0.5
KXETH15M-26OCT021830-30,0.6,1790979889.5252433,1790980200.0,yes,0.917,0.7767000000000001,0.0533,False,20261002T205037Z-a280a1c0491b4ea4a2023fddd30eaeac,3.0,0.5
KXETH15M-26OCT021830-30,0.6,1790979887.513945,1790980200.0,yes,0.9187439999999999,0.7603000000000011,0.05226000000000018,False,20261002T205037Z-a280a1c0491b4ea4a2023fddd30eaeac,1.0,0.55
KXETH15M-26OCT021830-30,0.65,1790979887.513945,1790980200.0,yes,0.9187439999999999,0.7603000000000011,0.05226000000000018,False,20261002T205037Z-a280a1c0491b4ea4a2023fddd30eaeac,1.0,0.5
KXETH15M-26OCT021830-30,0.65,1790979887.513945,1790980200.0,yes,0.9187439999999999,0.7603000000000011,0.05226000000000018,False,20261002T205037Z-a280a1c0491b4ea4a2023fddd30eaeac,0.5,0.5
KXETH15M-26OCT021830-30,0.65,1790979889.5252433,1790980200.0,yes,0.917,0.7767000000000001,0.0533,False,20261002T205037Z-a280a1c0491b4ea4a2023fddd30eaeac,3.0,0.5
KXETH15M-26OCT021830-30,0.65,1790979887.513945,1790980200.0,yes,0.9187439999999999,0.7603000000000011,0.05226000000000018,False,20261002T205037Z-a280a1c0491b4ea4a2023fddd30eaeac,1.0,0.55
KXETH15M-26OCT021830-30,0.7,1790979887.513945,1790980200.0,yes,0.9187439999999999,0.7603000000000011,0.05226000000000018,False,20261002T205037Z-a280a1c0491b4ea4a2023fddd30eaeac,1.0,0.5
KXETH15M-26OCT021830-30,0.7,1790979887.513945,1790980200.0,yes,0.9187439999999999,0.7603000000000011,0.05226000000000018,False,20261002T205037Z-a280a1c0491b4ea4a2023fddd30eaeac,0.5,0.5
KXETH15M-26OCT021830-30,0.7,1790979889.5252433,1790980200.0,yes,0.917,0.7767000000000001,0.0533,False,20261002T205037Z-a280a1c0491b4ea4a2023fddd30eaeac,3.0,0.5
KXETH15M-26OCT021830-30,0.7,1790979887.513945,1790980200.0,yes,0.9187439999999999,0.7603000000000011,0.05226000000000018,False,20261002T205037Z-a280a1c0491b4ea4a2023fddd30eaeac,1.0,0.55
KXETH15M-26OCT021830-30,0.75,1790979887.513945,1790980200.0,yes,0.9187439999999999,0.7603000000000011,0.05226000000000018,False,20261002T205037Z-a280a1c0491b4ea4a2023fddd30eaeac,1.0,0.5
KXETH15M-26OCT021830-30,0.75,1790979887.513945,1790980200.0,yes,0.9187439999999999,0.7603000000000011,0.05226000000000018,False,20261002T205037Z-a280a1c0491b4ea4a2023fddd30eaeac,0.5,0.5
KXETH15M-26OCT021830-30,0.75,1790979889.5252433,1790980200.0,yes,0.917,0.7767000000000001,0.0533,False,20261002T205037Z-a280a1c0491b4ea4a2023fddd30eaeac,3.0,0.5
KXETH15M-26OCT021830-30,0.75,1790979887.513945,1790980200.0,yes,0.9187439999999999,0.7603000000000011,0.05226000000000018,False,20261002T205037Z-a280a1c0491b4ea4a2023fddd30eaeac,1.0,0.55
KXETH15M-26OCT021830-30,0.8,1790979887.513945,1790980200.0,yes,0.9187439999999999,0.7603000000000011,0.05226000000000018,False,20261002T205037Z-a280a1c0491b4ea4a2023fddd30eaeac,1.0,0.5
KXETH15M-26OCT021830-30,0.8,1790979887.513945,1790980200.0,yes,0.9187439999999999,0.7603000000000011,0.05226000000000018,False,20261002T205037Z-a280a1c0491b4ea4a2023fddd30eaeac,0.5,0.5
KXETH15M-26OCT021830-30,0.8,1790979889.5252433,1790980200.0,yes,0.917,0.7767000000000001,0.0533,False,20261002T205037Z-a280a1c0491b4ea4a2023fddd30eaeac,3.0,0.5
KXETH15M-26OCT021830-30,0.8,1790979887.513945,1790980200.0,yes,0.9187439999999999,0.7603000000000011,0.05226000000000018,False,20261002T205037Z-a280a1c0491b4ea4a2023fddd30eaeac,1.0,0.55
KXETH15M-26OCT021830-30,0.85,1790979888.5214627,1790980200.0,yes,0.917,0.7767000000000001,0.0533,False,20261002T205037Z-a280a1c0491b4ea4a2023fddd30eaeac,1.0,0.5
KXETH15M-26OCT021830-30,0.85,1790979888.5214627,1790980200.0,yes,0.917,0.7767000000000001,0.0533,False,20261002T205037Z-a280a1c0491b4ea4a2023fddd30eaeac,0.5,0.5
KXETH15M-26OCT021830-30,0.85,1790979890.5244148,1790980200.0,yes,0.9,0.937,0.063,False,20261002T205037Z-a280a1c0491b4ea4a2023fddd30eaeac,3.0,0.5
KXETH15M-26OCT021830-30,0.85,1790979888.5214627,1790980200.0,yes,0.917,0.7767000000000001,0.0533,False,20261002T205037Z-a280a1c0491b4ea4a2023fddd30eaeac,1.0,0.55
KXETH15M-26OCT021830-30,0.9,1790979901.5885594,1790980200.0,yes,0.9176,0.7709999999999998,0.053000000000000005,False,20261002T205037Z-a280a1c0491b4ea4a2023fddd30eaeac,1.0,0.5
KXETH15M-26OCT021830-30,0.9,1790979901.5885594,1790980200.0,yes,0.9176,0.7709999999999998,0.053000000000000005,False,20261002T205037Z-a280a1c0491b4ea4a2023fddd30eaeac,0.5,0.5
KXETH15M-26OCT021830-30,0.9,1790979903.639547,1790980200.0,yes,0.9155000000000001,0.7907999999999988,0.0542,False,20261002T205037Z-a280a1c0491b4ea4a2023fddd30eaeac,3.0,0.5
KXETH15M-26OCT021830-30,0.9,1790979901.5885594,1790980200.0,yes,0.9176,0.7709999999999998,0.053000000000000005,False,20261002T205037Z-a280a1c0491b4ea4a2023fddd30eaeac,1.0,0.55
KXETH15M-26OCT021830-30,0.95,1790979901.5885594,1790980200.0,yes,0.9176,0.7709999999999998,0.053000000000000005,False,20261002T205037Z-a280a1c0491b4ea4a2023fddd30eaeac,1.0,0.5
KXETH15M-26OCT021830-30,0.95,1790979901.5885594,1790980200.0,yes,0.9176,0.7709999999999998,0.053000000000000005,False,20261002T205037Z-a280a1c0491b4ea4a2023fddd30eaeac,0.5,0.5
KXETH15M-26OCT021830-30,0.95,1790979903.639547,1790980200.0,yes,0.9155000000000001,0.7907999999999988,0.0542,False,20261002T205037Z-a280a1c0491b4ea4a2023fddd30eaeac,3.0,0.5
KXETH15M-26OCT021830-30,0.95,1790979901.5885594,1790980200.0,yes,0.9176,0.7709999999999998,0.053000000000000005,False,20261002T205037Z-a280a1c0491b4ea4a2023fddd30eaeac,1.0,0.55
KXETH15M-26OCT021830-30,1.0,1790979906.6514723,1790980200.0,yes,0.931339,0.6417999999999997,0.04481000000000028,False,20261002T205037Z-a280a1c0491b4ea4a2023fddd30eaeac,1.0,0.5
KXETH15M-26OCT021830-30,1.0,1790979906.6514723,1790980200.0,yes,0.931339,0.6417999999999997,0.04481000000000028,False,20261002T205037Z-a280a1c0491b4ea4a2023fddd30eaeac,0.5,0.5
KXETH15M-26OCT021830-30,1.0,1790979908.6559908,1790980200.0,yes,0.9052,0.8879000000000004,0.0601,False,20261002T205037Z-a280a1c0491b4ea4a2023fddd30eaeac,3.0,0.5
KXETH15M-26OCT021830-30,1.0,1790979906.6514723,1790980200.0,yes,0.931339,0.6417999999999997,0.04481000000000028,False,20261002T205037Z-a280a1c0491b4ea4a2023fddd30eaeac,1.0,0.55
KXETH15M-26OCT021845-45,0.5,1790980667.3576276,1790980799.3000038,yes,0.8400000000000001,-3.968500000000001,0.2685,True,20261002T205037Z-a280a1c0491b4ea4a2023fddd30eaeac,1.0,0.5
KXETH15M-26OCT021845-45,0.5,1790980667.3576276,1790980799.3000038,yes,0.8400000000000001,-3.968500000000001,0.2685,True,20261002T205037Z-a280a1c0491b4ea4a2023fddd30eaeac,0.5,0.5
KXETH15M-26OCT021845-45,0.5,1790980669.365946,1790980801.3162882,yes,0.85764,-3.936899999999999,0.2605,True,20261002T205037Z-a280a1c0491b4ea4a2023fddd30eaeac,3.0,0.5
KXETH15M-26OCT021845-45,0.5,1790980667.3576276,1790980788.91642,yes,0.8400000000000001,-2.6621000000000006,0.2621,True,20261002T205037Z-a280a1c0491b4ea4a2023fddd30eaeac,1.0,0.55
KXETH15M-26OCT021845-45,0.55,1790980667.3576276,1790980799.3000038,yes,0.8400000000000001,-3.968500000000001,0.2685,True,20261002T205037Z-a280a1c0491b4ea4a2023fddd30eaeac,1.0,0.5
KXETH15M-26OCT021845-45,0.55,1790980667.3576276,1790980799.3000038,yes,0.8400000000000001,-3.968500000000001,0.2685,True,20261002T205037Z-a280a1c0491b4ea4a2023fddd30eaeac,0.5,0.5
KXETH15M-26OCT021845-45,0.55,1790980669.365946,1790980801.3162882,yes,0.85764,-3.936899999999999,0.2605,True,20261002T205037Z-a280a1c0491b4ea4a2023fddd30eaeac,3.0,0.5
KXETH15M-26OCT021845-45,0.55,1790980667.3576276,1790980788.91642,yes,0.8400000000000001,-2.6621000000000006,0.2621,True,20261002T205037Z-a280a1c0491b4ea4a2023fddd30eaeac,1.0,0.55
KXETH15M-26OCT021845-45,0.6,1790980673.3839812,1790980799.3000038,yes,0.8488199999999999,-4.0525,0.2643,True,20261002T205037Z-a280a1c0491b4ea4a2023fddd30eaeac,1.0,0.5
KXETH15M-26OCT021845-45,0.6,1790980673.3839812,1790980799.3000038,yes,0.8488199999999999,-4.0525,0.2643,True,20261002T205037Z-a280a1c0491b4ea4a2023fddd30eaeac,0.5,0.5
KXETH15M-26OCT021845-45,0.6,1790980675.3978496,1790980801.3162882,yes,0.86,-3.959299999999999,0.2593,True,20261002T205037Z-a280a1c0491b4ea4a2023fddd30eaeac,3.0,0.5
KXETH15M-26OCT021845-45,0.6,1790980673.3839812,1790980788.91642,yes,0.8488199999999999,-2.7460999999999993,0.2579,True,20261002T205037Z-a280a1c0491b4ea4a2023fddd30eaeac,1.0,0.55
KXETH15M-26OCT021845-45,0.65,1790980681.4337173,1790980799.3000038,yes,0.82,-3.7778,0.2778,True,20261002T205037Z-a280a1c0491b4ea4a2023fddd30eaeac,1.0,0.5
KXETH15M-26OCT021845-45,0.65,1790980680.6091402,1790980799.3000038,yes,0.8400000000000001,-3.968500000000001,0.2685,True,20261002T205037Z-a280a1c0491b4ea4a2023fddd30eaeac,0.5,0.5
KXETH15M-26OCT021845-45,0.65,1790980683.4444113,1790980801.3162882,yes,0.82,-3.578399999999999,0.2784,True,20261002T205037Z-a280a1c0491b4ea4a2023fddd30eaeac,3.0,0.5
KXETH15M-26OCT021845-45,0.65,1790980681.4337173,1790980788.91642,yes,0.82,-2.4713999999999996,0.27140000000000003,True,20261002T205037Z-a280a1c0491b4ea4a2023fddd30eaeac,1.0,0.55
KXETH15M-26OCT021845-45,0.7,1790980681.4337173,1790980799.3000038,yes,0.82,-3.7778,0.2778,True,20261002T205037Z-a280a1c0491b4ea4a2023fddd30eaeac,1.0,0.5
KXETH15M-26OCT021845-45,0.7,1790980680.6091402,1790980799.3000038,yes,0.8400000000000001,-3.968500000000001,0.2685,True,20261002T205037Z-a280a1c0491b4ea4a2023fddd30eaeac,0.5,0.5
KXETH15M-26OCT021845-45,0.7,1790980683.4444113,1790980801.3162882,yes,0.82,-3.578399999999999,0.2784,True,20261002T205037Z-a280a1c0491b4ea4a2023fddd30eaeac,3.0,0.5
KXETH15M-26OCT021845-45,0.7,1790980681.4337173,1790980788.91642,yes,0.82,-2.4713999999999996,0.27140000000000003,True,20261002T205037Z-a280a1c0491b4ea4a2023fddd30eaeac,1.0,0.55
KXETH15M-26OCT021845-45,0.75,1790980681.4337173,1790980799.3000038,yes,0.82,-3.7778,0.2778,True,20261002T205037Z-a280a1c0491b4ea4a2023fddd30eaeac,1.0,0.5
KXETH15M-26OCT021845-45,0.75,1790980680.6091402,1790980799.3000038,yes,0.8400000000000001,-3.968500000000001,0.2685,True,20261002T205037Z-a280a1c0491b4ea4a2023fddd30eaeac,0.5,0.5
KXETH15M-26OCT021845-45,0.75,1790980683.4444113,1790980801.3162882,yes,0.82,-3.578399999999999,0.2784,True,20261002T205037Z-a280a1c0491b4ea4a2023fddd30eaeac,3.0,0.5
KXETH15M-26OCT021845-45,0.75,1790980681.4337173,1790980788.91642,yes,0.82,-2.4713999999999996,0.27140000000000003,True,20261002T205037Z-a280a1c0491b4ea4a2023fddd30eaeac,1.0,0.55
KXETH15M-26OCT021845-45,0.8,1790980681.4337173,1790980799.3000038,yes,0.82,-3.7778,0.2778,True,20261002T205037Z-a280a1c0491b4ea4a2023fddd30eaeac,1.0,0.5
KXETH15M-26OCT021845-45,0.8,1790980680.6091402,1790980799.3000038,yes,0.8400000000000001,-3.968500000000001,0.2685,True,20261002T205037Z-a280a1c0491b4ea4a2023fddd30eaeac,0.5,0.5
KXETH15M-26OCT021845-45,0.8,1790980683.4444113,1790980801.3162882,yes,0.82,-3.578399999999999,0.2784,True,20261002T205037Z-a280a1c0491b4ea4a2023fddd30eaeac,3.0,0.5
KXETH15M-26OCT021845-45,0.8,1790980681.4337173,1790980788.91642,yes,0.82,-2.4713999999999996,0.27140000000000003,True,20261002T205037Z-a280a1c0491b4ea4a2023fddd30eaeac,1.0,0.55
KXETH15M-26OCT021845-45,0.85,1790980681.4337173,1790980799.3000038,yes,0.82,-3.7778,0.2778,True,20261002T205037Z-a280a1c0491b4ea4a2023fddd30eaeac,1.0,0.5
KXETH15M-26OCT021845-45,0.85,1790980680.6091402,1790980799.3000038,yes,0.8400000000000001,-3.968500000000001,0.2685,True,20261002T205037Z-a280a1c0491b4ea4a2023fddd30eaeac,0.5,0.5
KXETH15M-26OCT021845-45,0.85,1790980683.4444113,1790980801.3162882,yes,0.82,-3.578399999999999,0.2784,True,20261002T205037Z-a280a1c0491b4ea4a2023fddd30eaeac,3.0,0.5
KXETH15M-26OCT021845-45,0.85,1790980681.4337173,1790980788.91642,yes,0.82,-2.4713999999999996,0.27140000000000003,True,20261002T205037Z-a280a1c0491b4ea4a2023fddd30eaeac,1.0,0.55
KXETH15M-26OCT021845-45,0.9,1790980681.4337173,1790980799.3000038,yes,0.82,-3.7778,0.2778,True,20261002T205037Z-a280a1c0491b4ea4a2023fddd30eaeac,1.0,0.5
KXETH15M-26OCT021845-45,0.9,1790980680.6091402,1790980799.3000038,yes,0.8400000000000001,-3.968500000000001,0.2685,True,20261002T205037Z-a280a1c0491b4ea4a2023fddd30eaeac,0.5,0.5
KXETH15M-26OCT021845-45,0.9,1790980683.4444113,1790980801.3162882,yes,0.82,-3.578399999999999,0.2784,True,20261002T205037Z-a280a1c0491b4ea4a2023fddd30eaeac,3.0,0.5
KXETH15M-26OCT021845-45,0.9,1790980681.4337173,1790980788.91642,yes,0.82,-2.4713999999999996,0.27140000000000003,True,20261002T205037Z-a280a1c0491b4ea4a2023fddd30eaeac,1.0,0.55
KXETH15M-26OCT021845-45,0.95,1790980681.4337173,1790980799.3000038,yes,0.82,-3.7778,0.2778,True,20261002T205037Z-a280a1c0491b4ea4a2023fddd30eaeac,1.0,0.5
KXETH15M-26OCT021845-45,0.95,1790980680.6091402,1790980799.3000038,yes,0.8400000000000001,-3.968500000000001,0.2685,True,20261002T205037Z-a280a1c0491b4ea4a2023fddd30eaeac,0.5,0.5
KXETH15M-26OCT021845-45,0.95,1790980683.4444113,1790980801.3162882,yes,0.82,-3.578399999999999,0.2784,True,20261002T205037Z-a280a1c0491b4ea4a2023fddd30eaeac,3.0,0.5
KXETH15M-26OCT021845-45,0.95,1790980681.4337173,1790980788.91642,yes,0.82,-2.4713999999999996,0.27140000000000003,True,20261002T205037Z-a280a1c0491b4ea4a2023fddd30eaeac,1.0,0.55
KXETH15M-26OCT021845-45,1.0,1790980681.4337173,1790980799.3000038,yes,0.82,-3.7778,0.2778,True,20261002T205037Z-a280a1c0491b4ea4a2023fddd30eaeac,1.0,0.5
KXETH15M-26OCT021845-45,1.0,1790980680.6091402,1790980799.3000038,yes,0.8400000000000001,-3.968500000000001,0.2685,True,20261002T205037Z-a280a1c0491b4ea4a2023fddd30eaeac,0.5,0.5
KXETH15M-26OCT021845-45,1.0,1790980683.4444113,1790980801.3162882,yes,0.82,-3.578399999999999,0.2784,True,20261002T205037Z-a280a1c0491b4ea4a2023fddd30eaeac,3.0,0.5
KXETH15M-26OCT021845-45,1.0,1790980681.4337173,1790980788.91642,yes,0.82,-2.4713999999999996,0.27140000000000003,True,20261002T205037Z-a280a1c0491b4ea4a2023fddd30eaeac,1.0,0.55
KXETH15M-26OCT021845-45,1.05,1790981021.3928006,1790981100.0,yes,0.96,0.3731000000000004,0.0269,False,20261002T205037Z-a280a1c0491b4ea4a2023fddd30eaeac,1.0,0.5
KXETH15M-26OCT021845-45,1.05,1790981020.260435,1790981100.0,yes,0.9582999999999998,0.38900000000000157,0.028000000000000004,False,20261002T205037Z-a280a1c0491b4ea4a2023fddd30eaeac,0.5,0.5
KXETH15M-26OCT021845-45,1.05,1790981021.3928006,1790981100.0,yes,0.96,0.3731000000000004,0.0269,False,20261002T205037Z-a280a1c0491b4ea4a2023fddd30eaeac,1.0,0.55
KXETH15M-26OCT021845-45,1.1,1790981021.3928006,1790981100.0,yes,0.96,0.3731000000000004,0.0269,False,20261002T205037Z-a280a1c0491b4ea4a2023fddd30eaeac,1.0,0.5
KXETH15M-26OCT021845-45,1.1,1790981020.260435,1790981100.0,yes,0.9582999999999998,0.38900000000000157,0.028000000000000004,False,20261002T205037Z-a280a1c0491b4ea4a2023fddd30eaeac,0.5,0.5
KXETH15M-26OCT021845-45,1.1,1790981021.3928006,1790981100.0,yes,0.96,0.3731000000000004,0.0269,False,20261002T205037Z-a280a1c0491b4ea4a2023fddd30eaeac,1.0,0.55
KXETH15M-26OCT021845-45,1.15,1790981021.3928006,1790981100.0,yes,0.96,0.3731000000000004,0.0269,False,20261002T205037Z-a280a1c0491b4ea4a2023fddd30eaeac,1.0,0.5
KXETH15M-26OCT021845-45,1.15,1790981020.260435,1790981100.0,yes,0.9582999999999998,0.38900000000000157,0.028000000000000004,False,20261002T205037Z-a280a1c0491b4ea4a2023fddd30eaeac,0.5,0.5
KXETH15M-26OCT021845-45,1.15,1790981021.3928006,1790981100.0,yes,0.96,0.3731000000000004,0.0269,False,20261002T205037Z-a280a1c0491b4ea4a2023fddd30eaeac,1.0,0.55
KXETH15M-26OCT021845-45,1.2,1790981021.3928006,1790981100.0,yes,0.96,0.3731000000000004,0.0269,False,20261002T205037Z-a280a1c0491b4ea4a2023fddd30eaeac,1.0,0.5
KXETH15M-26OCT021845-45,1.2,1790981020.260435,1790981100.0,yes,0.9582999999999998,0.38900000000000157,0.028000000000000004,False,20261002T205037Z-a280a1c0491b4ea4a2023fddd30eaeac,0.5,0.5
KXETH15M-26OCT021845-45,1.2,1790981021.3928006,1790981100.0,yes,0.96,0.3731000000000004,0.0269,False,20261002T205037Z-a280a1c0491b4ea4a2023fddd30eaeac,1.0,0.55
KXETH15M-26OCT021900-00,0.5,1790981520.900268,1790982000.0,yes,0.8400000000000001,1.5058999999999996,0.0941,False,20261002T205037Z-a280a1c0491b4ea4a2023fddd30eaeac,1.0,0.5
KXETH15M-26OCT021900-00,0.5,1790981519.8955238,1790982000.0,yes,0.8400000000000001,1.5058999999999996,0.0941,False,20261002T205037Z-a280a1c0491b4ea4a2023fddd30eaeac,0.5,0.5
KXETH15M-26OCT021900-00,0.5,1790981522.915388,1790982000.0,yes,0.8771899999999999,1.152700000000001,0.07540000000000044,False,20261002T205037Z-a280a1c0491b4ea4a2023fddd30eaeac,3.0,0.5
KXETH15M-26OCT021900-00,0.5,1790981520.900268,1790982000.0,yes,0.8400000000000001,1.5058999999999996,0.0941,False,20261002T205037Z-a280a1c0491b4ea4a2023fddd30eaeac,1.0,0.55
KXETH15M-26OCT021900-00,0.55,1790981524.9224648,1790982000.0,yes,0.8800000000000001,1.1259999999999992,0.074,False,20261002T205037Z-a280a1c0491b4ea4a2023fddd30eaeac,1.0,0.5
KXETH15M-26OCT021900-00,0.55,1790981523.9200807,1790982000.0,yes,0.8783799999999999,1.1414000000000002,0.07480000000000044,False,20261002T205037Z-a280a1c0491b4ea4a2023fddd30eaeac,0.5,0.5
KXETH15M-26OCT021900-00,0.55,1790981526.9308195,1790982000.0,yes,0.9,0.937,0.063,False,20261002T205037Z-a280a1c0491b4ea4a2023fddd30eaeac,3.0,0.5
KXETH15M-26OCT021900-00,0.55,1790981524.9224648,1790982000.0,yes,0.8800000000000001,1.1259999999999992,0.074,False,20261002T205037Z-a280a1c0491b4ea4a2023fddd30eaeac,1.0,0.55
KXETH15M-26OCT021900-00,0.6,1790981524.9224648,1790982000.0,yes,0.8800000000000001,1.1259999999999992,0.074,False,20261002T205037Z-a280a1c0491b4ea4a2023fddd30eaeac,1.0,0.5
KXETH15M-26OCT021900-00,0.6,1790981523.9200807,1790982000.0,yes,0.8783799999999999,1.1414000000000002,0.07480000000000044,False,20261002T205037Z-a280a1c0491b4ea4a2023fddd30eaeac,0.5,0.5
KXETH15M-26OCT021900-00,0.6,1790981526.9308195,1790982000.0,yes,0.9,0.937,0.063,False,20261002T205037Z-a280a1c0491b4ea4a2023fddd30eaeac,3.0,0.5
KXETH15M-26OCT021900-00,0.6,1790981524.9224648,1790982000.0,yes,0.8800000000000001,1.1259999999999992,0.074,False,20261002T205037Z-a280a1c0491b4ea4a2023fddd30eaeac,1.0,0.55
KXETH15M-26OCT021900-00,0.65,1790981524.9224648,1790982000.0,yes,0.8800000000000001,1.1259999999999992,0.074,False,20261002T205037Z-a280a1c0491b4ea4a2023fddd30eaeac,1.0,0.5
KXETH15M-26OCT021900-00,0.65,1790981523.9200807,1790982000.0,yes,0.8783799999999999,1.1414000000000002,0.07480000000000044,False,20261002T205037Z-a280a1c0491b4ea4a2023fddd30eaeac,0.5,0.5
KXETH15M-26OCT021900-00,0.65,1790981526.9308195,1790982000.0,yes,0.9,0.937,0.063,False,20261002T205037Z-a280a1c0491b4ea4a2023fddd30eaeac,3.0,0.5
KXETH15M-26OCT021900-00,0.65,1790981524.9224648,1790982000.0,yes,0.8800000000000001,1.1259999999999992,0.074,False,20261002T205037Z-a280a1c0491b4ea4a2023fddd30eaeac,1.0,0.55
KXETH15M-26OCT021900-00,0.7,1790981528.9386196,1790982000.0,yes,0.9,0.937,0.063,False,20261002T205037Z-a280a1c0491b4ea4a2023fddd30eaeac,1.0,0.5
KXETH15M-26OCT021900-00,0.7,1790981527.936172,1790982000.0,yes,0.9,0.937,0.063,False,20261002T205037Z-a280a1c0491b4ea4a2023fddd30eaeac,0.5,0.5
KXETH15M-26OCT021900-00,0.7,1790981530.9628093,1790982000.0,yes,0.9,0.937,0.063,False,20261002T205037Z-a280a1c0491b4ea4a2023fddd30eaeac,3.0,0.5
KXETH15M-26OCT021900-00,0.7,1790981528.9386196,1790982000.0,yes,0.9,0.937,0.063,False,20261002T205037Z-a280a1c0491b4ea4a2023fddd30eaeac,1.0,0.55
KXETH15M-26OCT021900-00,0.75,1790981528.9386196,1790982000.0,yes,0.9,0.937,0.063,False,20261002T205037Z-a280a1c0491b4ea4a2023fddd30eaeac,1.0,0.5
KXETH15M-26OCT021900-00,0.75,1790981527.936172,1790982000.0,yes,0.9,0.937,0.063,False,20261002T205037Z-a280a1c0491b4ea4a2023fddd30eaeac,0.5,0.5
KXETH15M-26OCT021900-00,0.75,1790981530.9628093,1790982000.0,yes,0.9,0.937,0.063,False,20261002T205037Z-a280a1c0491b4ea4a2023fddd30eaeac,3.0,0.5
KXETH15M-26OCT021900-00,0.75,1790981528.9386196,1790982000.0,yes,0.9,0.937,0.063,False,20261002T205037Z-a280a1c0491b4ea4a2023fddd30eaeac,1.0,0.55
KXETH15M-26OCT021900-00,0.8,1790981528.9386196,1790982000.0,yes,0.9,0.937,0.063,False,20261002T205037Z-a280a1c0491b4ea4a2023fddd30eaeac,1.0,0.5
KXETH15M-26OCT021900-00,0.8,1790981527.936172,1790982000.0,yes,0.9,0.937,0.063,False,20261002T205037Z-a280a1c0491b4ea4a2023fddd30eaeac,0.5,0.5
KXETH15M-26OCT021900-00,0.8,1790981530.9628093,1790982000.0,yes,0.9,0.937,0.063,False,20261002T205037Z-a280a1c0491b4ea4a2023fddd30eaeac,3.0,0.5
KXETH15M-26OCT021900-00,0.8,1790981528.9386196,1790982000.0,yes,0.9,0.937,0.063,False,20261002T205037Z-a280a1c0491b4ea4a2023fddd30eaeac,1.0,0.55
KXETH15M-26OCT021900-00,0.85,1790981544.5230367,1790982000.0,yes,0.929,0.6637999999999991,0.0462,False,20261002T205037Z-a280a1c0491b4ea4a2023fddd30eaeac,1.0,0.5
KXETH15M-26OCT021900-00,0.85,1790981543.020048,1790982000.0,yes,0.9040000000000001,0.8991999999999991,0.0608,False,20261002T205037Z-a280a1c0491b4ea4a2023fddd30eaeac,0.5,0.5
KXETH15M-26OCT021900-00,0.85,1790981546.0416903,1790982000.0,yes,0.9109999999999999,0.8332000000000006,0.0568,False,20261002T205037Z-a280a1c0491b4ea4a2023fddd30eaeac,3.0,0.5
KXETH15M-26OCT021900-00,0.85,1790981544.5230367,1790982000.0,yes,0.929,0.6637999999999991,0.0462,False,20261002T205037Z-a280a1c0491b4ea4a2023fddd30eaeac,1.0,0.55
KXETH15M-26OCT021900-00,0.9,1790981547.073417,1790982000.0,yes,0.9087,0.8549000000000002,0.0581,False,20261002T205037Z-a280a1c0491b4ea4a2023fddd30eaeac,1.0,0.5
KXETH15M-26OCT021900-00,0.9,1790981546.0416903,1790982000.0,yes,0.9109999999999999,0.8332000000000006,0.0568,False,20261002T205037Z-a280a1c0491b4ea4a2023fddd30eaeac,0.5,0.5
KXETH15M-26OCT021900-00,0.9,1790981549.2459168,1790982000.0,yes,0.9,0.937,0.063,False,20261002T205037Z-a280a1c0491b4ea4a2023fddd30eaeac,3.0,0.5
KXETH15M-26OCT021900-00,0.9,1790981547.073417,1790982000.0,yes,0.9087,0.8549000000000002,0.0581,False,20261002T205037Z-a280a1c0491b4ea4a2023fddd30eaeac,1.0,0.55
KXETH15M-26OCT021900-00,0.95,1790981547.073417,1790982000.0,yes,0.9087,0.8549000000000002,0.0581,False,20261002T205037Z-a280a1c0491b4ea4a2023fddd30eaeac,1.0,0.5
KXETH15M-26OCT021900-00,0.95,1790981546.0416903,1790982000.0,yes,0.9109999999999999,0.8332000000000006,0.0568,False,20261002T205037Z-a280a1c0491b4ea4a2023fddd30eaeac,0.5,0.5
KXETH15M-26OCT021900-00,0.95,1790981549.2459168,1790982000.0,yes,0.9,0.937,0.063,False,20261002T205037Z-a280a1c0491b4ea4a2023fddd30eaeac,3.0,0.5
KXETH15M-26OCT021900-00,0.95,1790981547.073417,1790982000.0,yes,0.9087,0.8549000000000002,0.0581,False,20261002T205037Z-a280a1c0491b4ea4a2023fddd30eaeac,1.0,0.55
KXETH15M-26OCT021900-00,1.0,1790981703.3383744,1790982000.0,yes,0.85,1.4107,0.0893,False,20261002T205037Z-a280a1c0491b4ea4a2023fddd30eaeac,1.0,0.5
KXETH15M-26OCT021900-00,1.0,1790981702.2732246,1790982000.0,yes,0.9469999999999998,0.49480000000000113,0.0352,False,20261002T205037Z-a280a1c0491b4ea4a2023fddd30eaeac,0.5,0.5
KXETH15M-26OCT021900-00,1.0,1790981705.3026729,1790982000.0,yes,0.8699999999999999,1.2208000000000008,0.0792,False,20261002T205037Z-a280a1c0491b4ea4a2023fddd30eaeac,3.0,0.5
KXETH15M-26OCT021900-00,1.0,1790981703.3383744,1790982000.0,yes,0.85,1.4107,0.0893,False,20261002T205037Z-a280a1c0491b4ea4a2023fddd30eaeac,1.0,0.55
KXETH15M-26OCT021900-00,1.05,1790981795.2442243,1790982000.0,yes,0.959,0.38240000000000013,0.0276,False,20261002T205037Z-a280a1c0491b4ea4a2023fddd30eaeac,1.0,0.5
KXETH15M-26OCT021900-00,1.05,1790981771.0171554,1790982000.0,yes,0.9549999999999998,0.41990000000000105,0.0301,False,20261002T205037Z-a280a1c0491b4ea4a2023fddd30eaeac,0.5,0.5
KXETH15M-26OCT021900-00,1.05,1790981770.0507395,1790982000.0,yes,0.9591999999999998,0.38060000000000127,0.0274,False,20261002T205037Z-a280a1c0491b4ea4a2023fddd30eaeac,3.0,0.5
KXETH15M-26OCT021900-00,1.05,1790981795.2442243,1790982000.0,yes,0.959,0.38240000000000013,0.0276,False,20261002T205037Z-a280a1c0491b4ea4a2023fddd30eaeac,1.0,0.55
KXETH15M-26OCT021900-00,1.1,1790981771.0171554,1790982000.0,yes,0.9549999999999998,0.41990000000000105,0.0301,False,20261002T205037Z-a280a1c0491b4ea4a2023fddd30eaeac,0.5,0.5
KXETH15M-26OCT021900-00,1.1,1790981770.0507395,1790982000.0,yes,0.9591999999999998,0.38060000000000127,0.0274,False,20261002T205037Z-a280a1c0491b4ea4a2023fddd30eaeac,3.0,0.5
KXETH15M-26OCT021900-00,1.15,1790981771.0171554,1790982000.0,yes,0.9549999999999998,0.41990000000000105,0.0301,False,20261002T205037Z-a280a1c0491b4ea4a2023fddd30eaeac,0.5,0.5
KXETH15M-26OCT021900-00,1.15,1790981770.0507395,1790982000.0,yes,0.9591999999999998,0.38060000000000127,0.0274,False,20261002T205037Z-a280a1c0491b4ea4a2023fddd30eaeac,3.0,0.5
KXETH15M-26OCT021900-00,1.2,1790981771.0171554,1790982000.0,yes,0.9549999999999998,0.41990000000000105,0.0301,False,20261002T205037Z-a280a1c0491b4ea4a2023fddd30eaeac,0.5,0.5
KXETH15M-26OCT021915-15,0.5,1790982514.0321696,1790982900.0,no,0.86,1.3157000000000003,0.0843,False,20261002T205037Z-a280a1c0491b4ea4a2023fddd30eaeac,1.0,0.5
KXETH15M-26OCT021915-15,0.5,1790982513.0317605,1790982900.0,no,0.85,1.4107,0.0893,False,20261002T205037Z-a280a1c0491b4ea4a2023fddd30eaeac,0.5,0.5
KXETH15M-26OCT021915-15,0.5,1790982516.05134,1790982900.0,no,0.8699999999999999,1.2208000000000008,0.0792,False,20261002T205037Z-a280a1c0491b4ea4a2023fddd30eaeac,3.0,0.5
KXETH15M-26OCT021915-15,0.5,1790982514.0321696,1790982900.0,no,0.86,1.3157000000000003,0.0843,False,20261002T205037Z-a280a1c0491b4ea4a2023fddd30eaeac,1.0,0.55
KXETH15M-26OCT021915-15,0.55,1790982514.0321696,1790982900.0,no,0.86,1.3157000000000003,0.0843,False,20261002T205037Z-a280a1c0491b4ea4a2023fddd30eaeac,1.0,0.5
KXETH15M-26OCT021915-15,0.55,1790982513.0317605,1790982900.0,no,0.85,1.4107,0.0893,False,20261002T205037Z-a280a1c0491b4ea4a2023fddd30eaeac,0.5,0.5
KXETH15M-26OCT021915-15,0.55,1790982516.05134,1790982900.0,no,0.8699999999999999,1.2208000000000008,0.0792,False,20261002T205037Z-a280a1c0491b4ea4a2023fddd30eaeac,3.0,0.5
KXETH15M-26OCT021915-15,0.55,1790982514.0321696,1790982900.0,no,0.86,1.3157000000000003,0.0843,False,20261002T205037Z-a280a1c0491b4ea4a2023fddd30eaeac,1.0,0.55
KXETH15M-26OCT021915-15,0.6,1790982514.0321696,1790982900.0,no,0.86,1.3157000000000003,0.0843,False,20261002T205037Z-a280a1c0491b4ea4a2023fddd30eaeac,1.0,0.5
KXETH15M-26OCT021915-15,0.6,1790982513.0317605,1790982900.0,no,0.85,1.4107,0.0893,False,20261002T205037Z-a280a1c0491b4ea4a2023fddd30eaeac,0.5,0.5
KXETH15M-26OCT021915-15,0.6,1790982516.05134,1790982900.0,no,0.8699999999999999,1.2208000000000008,0.0792,False,20261002T205037Z-a280a1c0491b4ea4a2023fddd30eaeac,3.0,0.5
KXETH15M-26OCT021915-15,0.6,1790982514.0321696,1790982900.0,no,0.86,1.3157000000000003,0.0843,False,20261002T205037Z-a280a1c0491b4ea4a2023fddd30eaeac,1.0,0.55
KXETH15M-26OCT021915-15,0.65,1790982514.0321696,1790982900.0,no,0.86,1.3157000000000003,0.0843,False,20261002T205037Z-a280a1c0491b4ea4a2023fddd30eaeac,1.0,0.5
KXETH15M-26OCT021915-15,0.65,1790982513.0317605,1790982900.0,no,0.85,1.4107,0.0893,False,20261002T205037Z-a280a1c0491b4ea4a2023fddd30eaeac,0.5,0.5
KXETH15M-26OCT021915-15,0.65,1790982516.05134,1790982900.0,no,0.8699999999999999,1.2208000000000008,0.0792,False,20261002T205037Z-a280a1c0491b4ea4a2023fddd30eaeac,3.0,0.5
KXETH15M-26OCT021915-15,0.65,1790982514.0321696,1790982900.0,no,0.86,1.3157000000000003,0.0843,False,20261002T205037Z-a280a1c0491b4ea4a2023fddd30eaeac,1.0,0.55
KXETH15M-26OCT021915-15,0.7,1790982517.0617661,1790982900.0,no,0.89,1.0313999999999997,0.0686,False,20261002T205037Z-a280a1c0491b4ea4a2023fddd30eaeac,1.0,0.5
KXETH15M-26OCT021915-15,0.7,1790982516.05134,1790982900.0,no,0.8699999999999999,1.2208000000000008,0.0792,False,20261002T205037Z-a280a1c0491b4ea4a2023fddd30eaeac,0.5,0.5
KXETH15M-26OCT021915-15,0.7,1790982518.1442196,1790982900.0,no,0.89,1.0313999999999997,0.0686,False,20261002T205037Z-a280a1c0491b4ea4a2023fddd30eaeac,3.0,0.5
KXETH15M-26OCT021915-15,0.7,1790982517.0617661,1790982900.0,no,0.89,1.0313999999999997,0.0686,False,20261002T205037Z-a280a1c0491b4ea4a2023fddd30eaeac,1.0,0.55
KXETH15M-26OCT021915-15,0.75,1790982520.1144147,1790982900.0,no,0.9,0.937,0.063,False,20261002T205037Z-a280a1c0491b4ea4a2023fddd30eaeac,1.0,0.5
KXETH15M-26OCT021915-15,0.75,1790982519.1431892,1790982900.0,no,0.9,0.937,0.063,False,20261002T205037Z-a280a1c0491b4ea4a2023fddd30eaeac,0.5,0.5
KXETH15M-26OCT021915-15,0.75,1790982521.148,1790982900.0,no,0.8800000000000001,1.1259999999999992,0.074,False,20261002T205037Z-a280a1c0491b4ea4a2023fddd30eaeac,3.0,0.5
KXETH15M-26OCT021915-15,0.75,1790982520.1144147,1790982900.0,no,0.9,0.937,0.063,False,20261002T205037Z-a280a1c0491b4ea4a2023fddd30eaeac,1.0,0.55
KXETH15M-26OCT021915-15,0.8,1790982521.148,1790982900.0,no,0.8800000000000001,1.1259999999999992,0.074,False,20261002T205037Z-a280a1c0491b4ea4a2023fddd30eaeac,1.0,0.5
KXETH15M-26OCT021915-15,0.8,1790982521.148,1790982900.0,no,0.8800000000000001,1.1259999999999992,0.074,False,20261002T205037Z-a280a1c0491b4ea4a2023fddd30eaeac,0.5,0.5
KXETH15M-26OCT021915-15,0.8,1790982523.1278062,1790982900.0,no,0.8800000000000001,1.1259999999999992,0.074,False,20261002T205037Z-a280a1c0491b4ea4a2023fddd30eaeac,3.0,0.5
KXETH15M-26OCT021915-15,0.8,1790982521.148,1790982900.0,no,0.8800000000000001,1.1259999999999992,0.074,False,20261002T205037Z-a280a1c0491b4ea4a2023fddd30eaeac,1.0,0.55
KXETH15M-26OCT021915-15,0.85,1790982544.2455158,1790982900.0,no,0.9,0.937,0.063,False,20261002T205037Z-a280a1c0491b4ea4a2023fddd30eaeac,1.0,0.5
KXETH15M-26OCT021915-15,0.85,1790982544.2455158,1790982900.0,no,0.9,0.937,0.063,False,20261002T205037Z-a280a1c0491b4ea4a2023fddd30eaeac,0.5,0.5
KXETH15M-26OCT021915-15,0.85,1790982546.2564762,1790982900.0,no,0.9,0.937,0.063,False,20261002T205037Z-a280a1c0491b4ea4a2023fddd30eaeac,3.0,0.5
KXETH15M-26OCT021915-15,0.85,1790982544.2455158,1790982900.0,no,0.9,0.937,0.063,False,20261002T205037Z-a280a1c0491b4ea4a2023fddd30eaeac,1.0,0.55
KXETH15M-26OCT021915-15,0.9,1790982544.2455158,1790982900.0,no,0.9,0.937,0.063,False,20261002T205037Z-a280a1c0491b4ea4a2023fddd30eaeac,1.0,0.5
KXETH15M-26OCT021915-15,0.9,1790982544.2455158,1790982900.0,no,0.9,0.937,0.063,False,20261002T205037Z-a280a1c0491b4ea4a2023fddd30eaeac,0.5,0.5
KXETH15M-26OCT021915-15,0.9,1790982546.2564762,1790982900.0,no,0.9,0.937,0.063,False,20261002T205037Z-a280a1c0491b4ea4a2023fddd30eaeac,3.0,0.5
KXETH15M-26OCT021915-15,0.9,1790982544.2455158,1790982900.0,no,0.9,0.937,0.063,False,20261002T205037Z-a280a1c0491b4ea4a2023fddd30eaeac,1.0,0.55
KXETH15M-26OCT021915-15,0.95,1790982544.2455158,1790982900.0,no,0.9,0.937,0.063,False,20261002T205037Z-a280a1c0491b4ea4a2023fddd30eaeac,1.0,0.5
KXETH15M-26OCT021915-15,0.95,1790982544.2455158,1790982900.0,no,0.9,0.937,0.063,False,20261002T205037Z-a280a1c0491b4ea4a2023fddd30eaeac,0.5,0.5
KXETH15M-26OCT021915-15,0.95,1790982546.2564762,1790982900.0,no,0.9,0.937,0.063,False,20261002T205037Z-a280a1c0491b4ea4a2023fddd30eaeac,3.0,0.5
KXETH15M-26OCT021915-15,0.95,1790982544.2455158,1790982900.0,no,0.9,0.937,0.063,False,20261002T205037Z-a280a1c0491b4ea4a2023fddd30eaeac,1.0,0.55
KXETH15M-26OCT021915-15,1.0,1790982549.270034,1790982900.0,no,0.9041,0.8982999999999997,0.060700000000000004,False,20261002T205037Z-a280a1c0491b4ea4a2023fddd30eaeac,1.0,0.5
KXETH15M-26OCT021915-15,1.0,1790982549.270034,1790982900.0,no,0.9041,0.8982999999999997,0.060700000000000004,False,20261002T205037Z-a280a1c0491b4ea4a2023fddd30eaeac,0.5,0.5
KXETH15M-26OCT021915-15,1.0,1790982551.2788775,1790982900.0,no,0.9029,0.9096000000000001,0.0614,False,20261002T205037Z-a280a1c0491b4ea4a2023fddd30eaeac,3.0,0.5
KXETH15M-26OCT021915-15,1.0,1790982549.270034,1790982900.0,no,0.9041,0.8982999999999997,0.060700000000000004,False,20261002T205037Z-a280a1c0491b4ea4a2023fddd30eaeac,1.0,0.55
KXETH15M-26OCT021915-15,1.05,1790982604.6068923,1790982900.0,no,0.85,1.4107,0.0893,False,20261002T205037Z-a280a1c0491b4ea4a2023fddd30eaeac,1.0,0.5
KXETH15M-26OCT021915-15,1.05,1790982604.6068923,1790982900.0,no,0.85,1.4107,0.0893,False,20261002T205037Z-a280a1c0491b4ea4a2023fddd30eaeac,0.5,0.5
KXETH15M-26OCT021915-15,1.05,1790982606.6484165,1790982900.0,no,0.86,1.3157000000000003,0.0843,False,20261002T205037Z-a280a1c0491b4ea4a2023fddd30eaeac,3.0,0.5
KXETH15M-26OCT021915-15,1.05,1790982604.6068923,1790982900.0,no,0.85,1.4107,0.0893,False,20261002T205037Z-a280a1c0491b4ea4a2023fddd30eaeac,1.0,0.55
KXETH15M-26OCT021915-15,1.1,1790982604.6068923,1790982900.0,no,0.85,1.4107,0.0893,False,20261002T205037Z-a280a1c0491b4ea4a2023fddd30eaeac,1.0,0.5
KXETH15M-26OCT021915-15,1.1,1790982604.6068923,1790982900.0,no,0.85,1.4107,0.0893,False,20261002T205037Z-a280a1c0491b4ea4a2023fddd30eaeac,0.5,0.5
KXETH15M-26OCT021915-15,1.1,1790982606.6484165,1790982900.0,no,0.86,1.3157000000000003,0.0843,False,20261002T205037Z-a280a1c0491b4ea4a2023fddd30eaeac,3.0,0.5
KXETH15M-26OCT021915-15,1.1,1790982604.6068923,1790982900.0,no,0.85,1.4107,0.0893,False,20261002T205037Z-a280a1c0491b4ea4a2023fddd30eaeac,1.0,0.55
KXETH15M-26OCT021915-15,1.15,1790982604.6068923,1790982900.0,no,0.85,1.4107,0.0893,False,20261002T205037Z-a280a1c0491b4ea4a2023fddd30eaeac,1.0,0.5
KXETH15M-26OCT021915-15,1.15,1790982604.6068923,1790982900.0,no,0.85,1.4107,0.0893,False,20261002T205037Z-a280a1c0491b4ea4a2023fddd30eaeac,0.5,0.5
KXETH15M-26OCT021915-15,1.15,1790982606.6484165,1790982900.0,no,0.86,1.3157000000000003,0.0843,False,20261002T205037Z-a280a1c0491b4ea4a2023fddd30eaeac,3.0,0.5
KXETH15M-26OCT021915-15,1.15,1790982604.6068923,1790982900.0,no,0.85,1.4107,0.0893,False,20261002T205037Z-a280a1c0491b4ea4a2023fddd30eaeac,1.0,0.55
KXETH15M-26OCT021915-15,1.2,1790982604.6068923,1790982900.0,no,0.85,1.4107,0.0893,False,20261002T205037Z-a280a1c0491b4ea4a2023fddd30eaeac,1.0,0.5
KXETH15M-26OCT021915-15,1.2,1790982604.6068923,1790982900.0,no,0.85,1.4107,0.0893,False,20261002T205037Z-a280a1c0491b4ea4a2023fddd30eaeac,0.5,0.5
KXETH15M-26OCT021915-15,1.2,1790982606.6484165,1790982900.0,no,0.86,1.3157000000000003,0.0843,False,20261002T205037Z-a280a1c0491b4ea4a2023fddd30eaeac,3.0,0.5
KXETH15M-26OCT021915-15,1.2,1790982604.6068923,1790982900.0,no,0.85,1.4107,0.0893,False,20261002T205037Z-a280a1c0491b4ea4a2023fddd30eaeac,1.0,0.55
KXETH15M-26OCT021930-30,0.5,1790983484.9055982,1790983800.0,yes,0.8,1.888,0.112,False,20261002T205037Z-a280a1c0491b4ea4a2023fddd30eaeac,1.0,0.5
KXETH15M-26OCT021930-30,0.5,1790983483.8901393,1790983800.0,yes,0.8,1.888,0.112,False,20261002T205037Z-a280a1c0491b4ea4a2023fddd30eaeac,0.5,0.5
KXETH15M-26OCT021930-30,0.5,1790983497.9746962,1790983800.0,yes,0.8,1.888,0.112,False,20261002T205037Z-a280a1c0491b4ea4a2023fddd30eaeac,3.0,0.5
KXETH15M-26OCT021930-30,0.5,1790983484.9055982,1790983800.0,yes,0.8,1.888,0.112,False,20261002T205037Z-a280a1c0491b4ea4a2023fddd30eaeac,1.0,0.55
KXETH15M-26OCT021930-30,0.55,1790983484.9055982,1790983800.0,yes,0.8,1.888,0.112,False,20261002T205037Z-a280a1c0491b4ea4a2023fddd30eaeac,1.0,0.5
KXETH15M-26OCT021930-30,0.55,1790983483.8901393,1790983800.0,yes,0.8,1.888,0.112,False,20261002T205037Z-a280a1c0491b4ea4a2023fddd30eaeac,0.5,0.5
KXETH15M-26OCT021930-30,0.55,1790983497.9746962,1790983800.0,yes,0.8,1.888,0.112,False,20261002T205037Z-a280a1c0491b4ea4a2023fddd30eaeac,3.0,0.5
KXETH15M-26OCT021930-30,0.55,1790983484.9055982,1790983800.0,yes,0.8,1.888,0.112,False,20261002T205037Z-a280a1c0491b4ea4a2023fddd30eaeac,1.0,0.55
KXETH15M-26OCT021930-30,0.6,1790983508.0214858,1790983800.0,yes,0.8,1.888,0.112,False,20261002T205037Z-a280a1c0491b4ea4a2023fddd30eaeac,1.0,0.5
KXETH15M-26OCT021930-30,0.6,1790983500.9876437,1790983800.0,yes,0.8,1.888,0.112,False,20261002T205037Z-a280a1c0491b4ea4a2023fddd30eaeac,0.5,0.5
KXETH15M-26OCT021930-30,0.6,1790983510.030306,1790983800.0,yes,0.82,1.6966000000000008,0.1034,False,20261002T205037Z-a280a1c0491b4ea4a2023fddd30eaeac,3.0,0.5
KXETH15M-26OCT021930-30,0.6,1790983508.0214858,1790983800.0,yes,0.8,1.888,0.112,False,20261002T205037Z-a280a1c0491b4ea4a2023fddd30eaeac,1.0,0.55
KXETH15M-26OCT021930-30,0.65,1790983508.0214858,1790983800.0,yes,0.8,1.888,0.112,False,20261002T205037Z-a280a1c0491b4ea4a2023fddd30eaeac,1.0,0.5
KXETH15M-26OCT021930-30,0.65,1790983500.9876437,1790983800.0,yes,0.8,1.888,0.112,False,20261002T205037Z-a280a1c0491b4ea4a2023fddd30eaeac,0.5,0.5
KXETH15M-26OCT021930-30,0.65,1790983510.030306,1790983800.0,yes,0.82,1.6966000000000008,0.1034,False,20261002T205037Z-a280a1c0491b4ea4a2023fddd30eaeac,3.0,0.5
KXETH15M-26OCT021930-30,0.65,1790983508.0214858,1790983800.0,yes,0.8,1.888,0.112,False,20261002T205037Z-a280a1c0491b4ea4a2023fddd30eaeac,1.0,0.55
KXETH15M-26OCT021930-30,0.7,1790983521.1423314,1790983800.0,yes,0.8100000000000002,1.7921999999999985,0.1078,False,20261002T205037Z-a280a1c0491b4ea4a2023fddd30eaeac,1.0,0.5
KXETH15M-26OCT021930-30,0.7,1790983521.1423314,1790983800.0,yes,0.8100000000000002,1.7921999999999985,0.1078,False,20261002T205037Z-a280a1c0491b4ea4a2023fddd30eaeac,0.5,0.5
KXETH15M-26OCT021930-30,0.7,1790983523.162427,1790983800.0,yes,0.82,1.6966000000000008,0.1034,False,20261002T205037Z-a280a1c0491b4ea4a2023fddd30eaeac,3.0,0.5
KXETH15M-26OCT021930-30,0.7,1790983521.1423314,1790983800.0,yes,0.8100000000000002,1.7921999999999985,0.1078,False,20261002T205037Z-a280a1c0491b4ea4a2023fddd30eaeac,1.0,0.55
KXETH15M-26OCT021930-30,0.75,1790983521.1423314,1790983800.0,yes,0.8100000000000002,1.7921999999999985,0.1078,False,20261002T205037Z-a280a1c0491b4ea4a2023fddd30eaeac,1.0,0.5
KXETH15M-26OCT021930-30,0.75,1790983521.1423314,1790983800.0,yes,0.8100000000000002,1.7921999999999985,0.1078,False,20261002T205037Z-a280a1c0491b4ea4a2023fddd30eaeac,0.5,0.5
KXETH15M-26OCT021930-30,0.75,1790983523.162427,1790983800.0,yes,0.82,1.6966000000000008,0.1034,False,20261002T205037Z-a280a1c0491b4ea4a2023fddd30eaeac,3.0,0.5
KXETH15M-26OCT021930-30,0.75,1790983521.1423314,1790983800.0,yes,0.8100000000000002,1.7921999999999985,0.1078,False,20261002T205037Z-a280a1c0491b4ea4a2023fddd30eaeac,1.0,0.55
KXETH15M-26OCT021930-30,0.8,1790983577.5186079,1790983800.0,yes,0.89,1.0313999999999997,0.0686,False,20261002T205037Z-a280a1c0491b4ea4a2023fddd30eaeac,1.0,0.5
KXETH15M-26OCT021930-30,0.8,1790983577.5186079,1790983800.0,yes,0.89,1.0313999999999997,0.0686,False,20261002T205037Z-a280a1c0491b4ea4a2023fddd30eaeac,0.5,0.5
KXETH15M-26OCT021930-30,0.8,1790983579.537241,1790983800.0,yes,0.9030000000000001,0.9085999999999989,0.0614,False,20261002T205037Z-a280a1c0491b4ea4a2023fddd30eaeac,3.0,0.5
KXETH15M-26OCT021930-30,0.8,1790983577.5186079,1790983800.0,yes,0.89,1.0313999999999997,0.0686,False,20261002T205037Z-a280a1c0491b4ea4a2023fddd30eaeac,1.0,0.55
KXETH15M-26OCT021930-30,0.85,1790983577.5186079,1790983800.0,yes,0.89,1.0313999999999997,0.0686,False,20261002T205037Z-a280a1c0491b4ea4a2023fddd30eaeac,1.0,0.5
KXETH15M-26OCT021930-30,0.85,1790983577.5186079,1790983800.0,yes,0.89,1.0313999999999997,0.0686,False,20261002T205037Z-a280a1c0491b4ea4a2023fddd30eaeac,0.5,0.5
KXETH15M-26OCT021930-30,0.85,1790983579.537241,1790983800.0,yes,0.9030000000000001,0.9085999999999989,0.0614,False,20261002T205037Z-a280a1c0491b4ea4a2023fddd30eaeac,3.0,0.5
KXETH15M-26OCT021930-30,0.85,1790983577.5186079,1790983800.0,yes,0.89,1.0313999999999997,0.0686,False,20261002T205037Z-a280a1c0491b4ea4a2023fddd30eaeac,1.0,0.55
KXETH15M-26OCT021930-30,0.9,1790983577.5186079,1790983800.0,yes,0.89,1.0313999999999997,0.0686,False,20261002T205037Z-a280a1c0491b4ea4a2023fddd30eaeac,1.0,0.5
KXETH15M-26OCT021930-30,0.9,1790983577.5186079,1790983800.0,yes,0.89,1.0313999999999997,0.0686,False,20261002T205037Z-a280a1c0491b4ea4a2023fddd30eaeac,0.5,0.5
KXETH15M-26OCT021930-30,0.9,1790983579.537241,1790983800.0,yes,0.9030000000000001,0.9085999999999989,0.0614,False,20261002T205037Z-a280a1c0491b4ea4a2023fddd30eaeac,3.0,0.5
KXETH15M-26OCT021930-30,0.9,1790983577.5186079,1790983800.0,yes,0.89,1.0313999999999997,0.0686,False,20261002T205037Z-a280a1c0491b4ea4a2023fddd30eaeac,1.0,0.55
KXETH15M-26OCT021930-30,0.95,1790983577.5186079,1790983800.0,yes,0.89,1.0313999999999997,0.0686,False,20261002T205037Z-a280a1c0491b4ea4a2023fddd30eaeac,1.0,0.5
KXETH15M-26OCT021930-30,0.95,1790983577.5186079,1790983800.0,yes,0.89,1.0313999999999997,0.0686,False,20261002T205037Z-a280a1c0491b4ea4a2023fddd30eaeac,0.5,0.5
KXETH15M-26OCT021930-30,0.95,1790983579.537241,1790983800.0,yes,0.9030000000000001,0.9085999999999989,0.0614,False,20261002T205037Z-a280a1c0491b4ea4a2023fddd30eaeac,3.0,0.5
KXETH15M-26OCT021930-30,0.95,1790983577.5186079,1790983800.0,yes,0.89,1.0313999999999997,0.0686,False,20261002T205037Z-a280a1c0491b4ea4a2023fddd30eaeac,1.0,0.55
KXETH15M-26OCT021930-30,1.0,1790983577.5186079,1790983800.0,yes,0.89,1.0313999999999997,0.0686,False,20261002T205037Z-a280a1c0491b4ea4a2023fddd30eaeac,1.0,0.5
KXETH15M-26OCT021930-30,1.0,1790983577.5186079,1790983800.0,yes,0.89,1.0313999999999997,0.0686,False,20261002T205037Z-a280a1c0491b4ea4a2023fddd30eaeac,0.5,0.5
KXETH15M-26OCT021930-30,1.0,1790983579.537241,1790983800.0,yes,0.9030000000000001,0.9085999999999989,0.0614,False,20261002T205037Z-a280a1c0491b4ea4a2023fddd30eaeac,3.0,0.5
KXETH15M-26OCT021930-30,1.0,1790983577.5186079,1790983800.0,yes,0.89,1.0313999999999997,0.0686,False,20261002T205037Z-a280a1c0491b4ea4a2023fddd30eaeac,1.0,0.55
KXETH15M-26OCT021930-30,1.05,1790983580.5519583,1790983800.0,yes,0.9,0.937,0.063,False,20261002T205037Z-a280a1c0491b4ea4a2023fddd30eaeac,1.0,0.5
KXETH15M-26OCT021930-30,1.05,1790983580.5519583,1790983800.0,yes,0.9,0.937,0.063,False,20261002T205037Z-a280a1c0491b4ea4a2023fddd30eaeac,0.5,0.5
KXETH15M-26OCT021930-30,1.05,1790983582.5595415,1790983800.0,yes,0.89,1.0313999999999997,0.0686,False,20261002T205037Z-a280a1c0491b4ea4a2023fddd30eaeac,3.0,0.5
KXETH15M-26OCT021930-30,1.05,1790983580.5519583,1790983800.0,yes,0.9,0.937,0.063,False,20261002T205037Z-a280a1c0491b4ea4a2023fddd30eaeac,1.0,0.55
KXETH15M-26OCT021930-30,1.1,1790983596.6869829,1790983800.0,yes,0.9394,0.5660999999999998,0.0399,False,20261002T205037Z-a280a1c0491b4ea4a2023fddd30eaeac,1.0,0.5
KXETH15M-26OCT021930-30,1.1,1790983595.7499738,1790983800.0,yes,0.929,0.6637999999999991,0.0462,False,20261002T205037Z-a280a1c0491b4ea4a2023fddd30eaeac,0.5,0.5
KXETH15M-26OCT021930-30,1.1,1790983596.6869829,1790983800.0,yes,0.9394,0.5660999999999998,0.0399,False,20261002T205037Z-a280a1c0491b4ea4a2023fddd30eaeac,1.0,0.55
KXETH15M-26OCT021945-45,0.5,1790984594.5660572,1790984700.0,yes,0.8,1.888,0.112,False,20261002T205037Z-a280a1c0491b4ea4a2023fddd30eaeac,1.0,0.5
KXETH15M-26OCT021945-45,0.5,1790984594.5660572,1790984700.0,yes,0.8,1.888,0.112,False,20261002T205037Z-a280a1c0491b4ea4a2023fddd30eaeac,0.5,0.5
KXETH15M-26OCT021945-45,0.5,1790984596.5900626,1790984700.0,yes,0.8100000000000002,1.7921999999999985,0.1078,False,20261002T205037Z-a280a1c0491b4ea4a2023fddd30eaeac,3.0,0.5
KXETH15M-26OCT021945-45,0.5,1790984594.5660572,1790984700.0,yes,0.8,1.888,0.112,False,20261002T205037Z-a280a1c0491b4ea4a2023fddd30eaeac,1.0,0.55
KXETH15M-26OCT021945-45,0.55,1790984601.63509,1790984700.0,yes,0.83429,1.5602999999999998,0.0968,False,20261002T205037Z-a280a1c0491b4ea4a2023fddd30eaeac,1.0,0.5
KXETH15M-26OCT021945-45,0.55,1790984601.63509,1790984700.0,yes,0.83429,1.5602999999999998,0.0968,False,20261002T205037Z-a280a1c0491b4ea4a2023fddd30eaeac,0.5,0.5
KXETH15M-26OCT021945-45,0.55,1790984603.643413,1790984700.0,yes,0.9057919999999999,0.8823000000000008,0.05978,False,20261002T205037Z-a280a1c0491b4ea4a2023fddd30eaeac,3.0,0.5
KXETH15M-26OCT021945-45,0.55,1790984601.63509,1790984700.0,yes,0.83429,1.5602999999999998,0.0968,False,20261002T205037Z-a280a1c0491b4ea4a2023fddd30eaeac,1.0,0.55
KXETH15M-26OCT021945-45,0.6,1790984604.6439166,1790984700.0,yes,0.908,0.8614999999999999,0.0585,False,20261002T205037Z-a280a1c0491b4ea4a2023fddd30eaeac,1.0,0.5
KXETH15M-26OCT021945-45,0.6,1790984604.6439166,1790984700.0,yes,0.908,0.8614999999999999,0.0585,False,20261002T205037Z-a280a1c0491b4ea4a2023fddd30eaeac,0.5,0.5
KXETH15M-26OCT021945-45,0.6,1790984606.650338,1790984700.0,yes,0.908,0.8614999999999999,0.0585,False,20261002T205037Z-a280a1c0491b4ea4a2023fddd30eaeac,3.0,0.5
KXETH15M-26OCT021945-45,0.6,1790984604.6439166,1790984700.0,yes,0.908,0.8614999999999999,0.0585,False,20261002T205037Z-a280a1c0491b4ea4a2023fddd30eaeac,1.0,0.55
KXETH15M-26OCT021945-45,0.65,1790984604.6439166,1790984700.0,yes,0.908,0.8614999999999999,0.0585,False,20261002T205037Z-a280a1c0491b4ea4a2023fddd30eaeac,1.0,0.5
KXETH15M-26OCT021945-45,0.65,1790984604.6439166,1790984700.0,yes,0.908,0.8614999999999999,0.0585,False,20261002T205037Z-a280a1c0491b4ea4a2023fddd30eaeac,0.5,0.5
KXETH15M-26OCT021945-45,0.65,1790984606.650338,1790984700.0,yes,0.908,0.8614999999999999,0.0585,False,20261002T205037Z-a280a1c0491b4ea4a2023fddd30eaeac,3.0,0.5
KXETH15M-26OCT021945-45,0.65,1790984604.6439166,1790984700.0,yes,0.908,0.8614999999999999,0.0585,False,20261002T205037Z-a280a1c0491b4ea4a2023fddd30eaeac,1.0,0.55
KXETH15M-26OCT021945-45,0.7,1790984604.6439166,1790984700.0,yes,0.908,0.8614999999999999,0.0585,False,20261002T205037Z-a280a1c0491b4ea4a2023fddd30eaeac,1.0,0.5
KXETH15M-26OCT021945-45,0.7,1790984604.6439166,1790984700.0,yes,0.908,0.8614999999999999,0.0585,False,20261002T205037Z-a280a1c0491b4ea4a2023fddd30eaeac,0.5,0.5
KXETH15M-26OCT021945-45,0.7,1790984606.650338,1790984700.0,yes,0.908,0.8614999999999999,0.0585,False,20261002T205037Z-a280a1c0491b4ea4a2023fddd30eaeac,3.0,0.5
KXETH15M-26OCT021945-45,0.7,1790984604.6439166,1790984700.0,yes,0.908,0.8614999999999999,0.0585,False,20261002T205037Z-a280a1c0491b4ea4a2023fddd30eaeac,1.0,0.55
KXETH15M-26OCT021945-45,0.75,1790984610.6764476,1790984700.0,yes,0.929,0.6637999999999991,0.0462,False,20261002T205037Z-a280a1c0491b4ea4a2023fddd30eaeac,1.0,0.5
KXETH15M-26OCT021945-45,0.75,1790984610.6764476,1790984700.0,yes,0.929,0.6637999999999991,0.0462,False,20261002T205037Z-a280a1c0491b4ea4a2023fddd30eaeac,0.5,0.5
KXETH15M-26OCT021945-45,0.75,1790984612.683104,1790984700.0,yes,0.931,0.6449999999999995,0.045,False,20261002T205037Z-a280a1c0491b4ea4a2023fddd30eaeac,3.0,0.5
KXETH15M-26OCT021945-45,0.75,1790984610.6764476,1790984700.0,yes,0.929,0.6637999999999991,0.0462,False,20261002T205037Z-a280a1c0491b4ea4a2023fddd30eaeac,1.0,0.55
KXETH15M-26OCT021945-45,0.8,1790984610.6764476,1790984700.0,yes,0.929,0.6637999999999991,0.0462,False,20261002T205037Z-a280a1c0491b4ea4a2023fddd30eaeac,1.0,0.5
KXETH15M-26OCT021945-45,0.8,1790984610.6764476,1790984700.0,yes,0.929,0.6637999999999991,0.0462,False,20261002T205037Z-a280a1c0491b4ea4a2023fddd30eaeac,0.5,0.5
KXETH15M-26OCT021945-45,0.8,1790984612.683104,1790984700.0,yes,0.931,0.6449999999999995,0.045,False,20261002T205037Z-a280a1c0491b4ea4a2023fddd30eaeac,3.0,0.5
KXETH15M-26OCT021945-45,0.8,1790984610.6764476,1790984700.0,yes,0.929,0.6637999999999991,0.0462,False,20261002T205037Z-a280a1c0491b4ea4a2023fddd30eaeac,1.0,0.55
KXETH15M-26OCT021945-45,0.85,1790984612.683104,1790984700.0,yes,0.931,0.6449999999999995,0.045,False,20261002T205037Z-a280a1c0491b4ea4a2023fddd30eaeac,1.0,0.5
KXETH15M-26OCT021945-45,0.85,1790984611.6790197,1790984700.0,yes,0.932,0.6355999999999997,0.0444,False,20261002T205037Z-a280a1c0491b4ea4a2023fddd30eaeac,0.5,0.5
KXETH15M-26OCT021945-45,0.85,1790984614.7053752,1790984700.0,yes,0.942,0.5417000000000001,0.0383,False,20261002T205037Z-a280a1c0491b4ea4a2023fddd30eaeac,3.0,0.5
KXETH15M-26OCT021945-45,0.85,1790984612.683104,1790984700.0,yes,0.931,0.6449999999999995,0.045,False,20261002T205037Z-a280a1c0491b4ea4a2023fddd30eaeac,1.0,0.55
KXETH15M-26OCT022000-00,0.5,1790985310.752728,1790985353.0297031,no,0.8100000000000002,-3.3828000000000014,0.2828,True,20261002T205037Z-a280a1c0491b4ea4a2023fddd30eaeac,1.0,0.5
KXETH15M-26OCT022000-00,0.5,1790985309.7533476,1790985352.028578,no,0.8100000000000002,-3.2828000000000017,0.2828,True,20261002T205037Z-a280a1c0491b4ea4a2023fddd30eaeac,0.5,0.5
KXETH15M-26OCT022000-00,0.5,1790985312.7683558,1790985355.0715172,no,0.8100000000000002,-3.3828000000000014,0.2828,True,20261002T205037Z-a280a1c0491b4ea4a2023fddd30eaeac,3.0,0.5
KXETH15M-26OCT022000-00,0.5,1790985310.752728,1790985350.220941,no,0.8100000000000002,-1.9691000000000012,0.2691,True,20261002T205037Z-a280a1c0491b4ea4a2023fddd30eaeac,1.0,0.55
KXETH15M-26OCT022000-00,0.55,1790985310.752728,1790985353.0297031,no,0.8100000000000002,-3.3828000000000014,0.2828,True,20261002T205037Z-a280a1c0491b4ea4a2023fddd30eaeac,1.0,0.5
KXETH15M-26OCT022000-00,0.55,1790985309.7533476,1790985352.028578,no,0.8100000000000002,-3.2828000000000017,0.2828,True,20261002T205037Z-a280a1c0491b4ea4a2023fddd30eaeac,0.5,0.5
KXETH15M-26OCT022000-00,0.55,1790985312.7683558,1790985355.0715172,no,0.8100000000000002,-3.3828000000000014,0.2828,True,20261002T205037Z-a280a1c0491b4ea4a2023fddd30eaeac,3.0,0.5
KXETH15M-26OCT022000-00,0.55,1790985310.752728,1790985350.220941,no,0.8100000000000002,-1.9691000000000012,0.2691,True,20261002T205037Z-a280a1c0491b4ea4a2023fddd30eaeac,1.0,0.55
KXETH15M-26OCT022000-00,0.6,1790985310.752728,1790985353.0297031,no,0.8100000000000002,-3.3828000000000014,0.2828,True,20261002T205037Z-a280a1c0491b4ea4a2023fddd30eaeac,1.0,0.5
KXETH15M-26OCT022000-00,0.6,1790985309.7533476,1790985352.028578,no,0.8100000000000002,-3.2828000000000017,0.2828,True,20261002T205037Z-a280a1c0491b4ea4a2023fddd30eaeac,0.5,0.5
KXETH15M-26OCT022000-00,0.6,1790985312.7683558,1790985355.0715172,no,0.8100000000000002,-3.3828000000000014,0.2828,True,20261002T205037Z-a280a1c0491b4ea4a2023fddd30eaeac,3.0,0.5
KXETH15M-26OCT022000-00,0.6,1790985310.752728,1790985350.220941,no,0.8100000000000002,-1.9691000000000012,0.2691,True,20261002T205037Z-a280a1c0491b4ea4a2023fddd30eaeac,1.0,0.55
KXETH15M-26OCT022000-00,0.65,1790985310.752728,1790985353.0297031,no,0.8100000000000002,-3.3828000000000014,0.2828,True,20261002T205037Z-a280a1c0491b4ea4a2023fddd30eaeac,1.0,0.5
KXETH15M-26OCT022000-00,0.65,1790985309.7533476,1790985352.028578,no,0.8100000000000002,-3.2828000000000017,0.2828,True,20261002T205037Z-a280a1c0491b4ea4a2023fddd30eaeac,0.5,0.5
KXETH15M-26OCT022000-00,0.65,1790985312.7683558,1790985355.0715172,no,0.8100000000000002,-3.3828000000000014,0.2828,True,20261002T205037Z-a280a1c0491b4ea4a2023fddd30eaeac,3.0,0.5
KXETH15M-26OCT022000-00,0.65,1790985310.752728,1790985350.220941,no,0.8100000000000002,-1.9691000000000012,0.2691,True,20261002T205037Z-a280a1c0491b4ea4a2023fddd30eaeac,1.0,0.55
KXETH15M-26OCT022000-00,0.7,1790985310.752728,1790985353.0297031,no,0.8100000000000002,-3.3828000000000014,0.2828,True,20261002T205037Z-a280a1c0491b4ea4a2023fddd30eaeac,1.0,0.5
KXETH15M-26OCT022000-00,0.7,1790985309.7533476,1790985352.028578,no,0.8100000000000002,-3.2828000000000017,0.2828,True,20261002T205037Z-a280a1c0491b4ea4a2023fddd30eaeac,0.5,0.5
KXETH15M-26OCT022000-00,0.7,1790985312.7683558,1790985355.0715172,no,0.8100000000000002,-3.3828000000000014,0.2828,True,20261002T205037Z-a280a1c0491b4ea4a2023fddd30eaeac,3.0,0.5
KXETH15M-26OCT022000-00,0.7,1790985310.752728,1790985350.220941,no,0.8100000000000002,-1.9691000000000012,0.2691,True,20261002T205037Z-a280a1c0491b4ea4a2023fddd30eaeac,1.0,0.55
KXETH15M-26OCT022000-00,0.75,1790985310.752728,1790985353.0297031,no,0.8100000000000002,-3.3828000000000014,0.2828,True,20261002T205037Z-a280a1c0491b4ea4a2023fddd30eaeac,1.0,0.5
KXETH15M-26OCT022000-00,0.75,1790985309.7533476,1790985352.028578,no,0.8100000000000002,-3.2828000000000017,0.2828,True,20261002T205037Z-a280a1c0491b4ea4a2023fddd30eaeac,0.5,0.5
KXETH15M-26OCT022000-00,0.75,1790985312.7683558,1790985355.0715172,no,0.8100000000000002,-3.3828000000000014,0.2828,True,20261002T205037Z-a280a1c0491b4ea4a2023fddd30eaeac,3.0,0.5
KXETH15M-26OCT022000-00,0.75,1790985310.752728,1790985350.220941,no,0.8100000000000002,-1.9691000000000012,0.2691,True,20261002T205037Z-a280a1c0491b4ea4a2023fddd30eaeac,1.0,0.55
KXETH15M-26OCT022000-00,0.8,1790985405.8850677,1790985600.0,no,0.9,0.937,0.063,False,20261002T205037Z-a280a1c0491b4ea4a2023fddd30eaeac,1.0,0.5
KXETH15M-26OCT022000-00,0.8,1790985404.860712,1790985600.0,no,0.9,0.937,0.063,False,20261002T205037Z-a280a1c0491b4ea4a2023fddd30eaeac,0.5,0.5
KXETH15M-26OCT022000-00,0.8,1790985407.9632306,1790985600.0,no,0.9,0.937,0.063,False,20261002T205037Z-a280a1c0491b4ea4a2023fddd30eaeac,3.0,0.5
KXETH15M-26OCT022000-00,0.8,1790985405.8850677,1790985600.0,no,0.9,0.937,0.063,False,20261002T205037Z-a280a1c0491b4ea4a2023fddd30eaeac,1.0,0.55
KXETH15M-26OCT022000-00,0.85,1790985405.8850677,1790985600.0,no,0.9,0.937,0.063,False,20261002T205037Z-a280a1c0491b4ea4a2023fddd30eaeac,1.0,0.5
KXETH15M-26OCT022000-00,0.85,1790985404.860712,1790985600.0,no,0.9,0.937,0.063,False,20261002T205037Z-a280a1c0491b4ea4a2023fddd30eaeac,0.5,0.5
KXETH15M-26OCT022000-00,0.85,1790985407.9632306,1790985600.0,no,0.9,0.937,0.063,False,20261002T205037Z-a280a1c0491b4ea4a2023fddd30eaeac,3.0,0.5
KXETH15M-26OCT022000-00,0.85,1790985405.8850677,1790985600.0,no,0.9,0.937,0.063,False,20261002T205037Z-a280a1c0491b4ea4a2023fddd30eaeac,1.0,0.55
KXETH15M-26OCT022000-00,0.9,1790985417.0052967,1790985600.0,no,0.93,0.6543999999999993,0.0456,False,20261002T205037Z-a280a1c0491b4ea4a2023fddd30eaeac,1.0,0.5
KXETH15M-26OCT022000-00,0.9,1790985417.0052967,1790985600.0,no,0.93,0.6543999999999993,0.0456,False,20261002T205037Z-a280a1c0491b4ea4a2023fddd30eaeac,0.5,0.5
KXETH15M-26OCT022000-00,0.9,1790985419.007613,1790985600.0,no,0.937,0.588599999999999,0.0414,False,20261002T205037Z-a280a1c0491b4ea4a2023fddd30eaeac,3.0,0.5
KXETH15M-26OCT022000-00,0.9,1790985417.0052967,1790985600.0,no,0.93,0.6543999999999993,0.0456,False,20261002T205037Z-a280a1c0491b4ea4a2023fddd30eaeac,1.0,0.55
KXETH15M-26OCT022000-00,0.95,1790985423.0476027,1790985600.0,no,0.9490000000000001,0.4760999999999998,0.0339,False,20261002T205037Z-a280a1c0491b4ea4a2023fddd30eaeac,1.0,0.5
KXETH15M-26OCT022000-00,0.95,1790985422.0271473,1790985600.0,no,0.9559999999999998,0.4105000000000013,0.0295,False,20261002T205037Z-a280a1c0491b4ea4a2023fddd30eaeac,0.5,0.5
KXETH15M-26OCT022000-00,0.95,1790985425.0374804,1790985600.0,no,0.952,0.4480000000000004,0.032,False,20261002T205037Z-a280a1c0491b4ea4a2023fddd30eaeac,3.0,0.5
KXETH15M-26OCT022000-00,0.95,1790985423.0476027,1790985600.0,no,0.9490000000000001,0.4760999999999998,0.0339,False,20261002T205037Z-a280a1c0491b4ea4a2023fddd30eaeac,1.0,0.55
KXETH15M-26OCT022000-00,1.0,1790985423.0476027,1790985600.0,no,0.9490000000000001,0.4760999999999998,0.0339,False,20261002T205037Z-a280a1c0491b4ea4a2023fddd30eaeac,1.0,0.5
KXETH15M-26OCT022000-00,1.0,1790985422.0271473,1790985600.0,no,0.9559999999999998,0.4105000000000013,0.0295,False,20261002T205037Z-a280a1c0491b4ea4a2023fddd30eaeac,0.5,0.5
KXETH15M-26OCT022000-00,1.0,1790985425.0374804,1790985600.0,no,0.952,0.4480000000000004,0.032,False,20261002T205037Z-a280a1c0491b4ea4a2023fddd30eaeac,3.0,0.5
KXETH15M-26OCT022000-00,1.0,1790985423.0476027,1790985600.0,no,0.9490000000000001,0.4760999999999998,0.0339,False,20261002T205037Z-a280a1c0491b4ea4a2023fddd30eaeac,1.0,0.55
KXETH15M-26OCT022000-00,1.05,1790985423.0476027,1790985600.0,no,0.9490000000000001,0.4760999999999998,0.0339,False,20261002T205037Z-a280a1c0491b4ea4a2023fddd30eaeac,1.0,0.5
KXETH15M-26OCT022000-00,1.05,1790985422.0271473,1790985600.0,no,0.9559999999999998,0.4105000000000013,0.0295,False,20261002T205037Z-a280a1c0491b4ea4a2023fddd30eaeac,0.5,0.5
KXETH15M-26OCT022000-00,1.05,1790985425.0374804,1790985600.0,no,0.952,0.4480000000000004,0.032,False,20261002T205037Z-a280a1c0491b4ea4a2023fddd30eaeac,3.0,0.5
KXETH15M-26OCT022000-00,1.05,1790985423.0476027,1790985600.0,no,0.9490000000000001,0.4760999999999998,0.0339,False,20261002T205037Z-a280a1c0491b4ea4a2023fddd30eaeac,1.0,0.55
KXETH15M-26OCT022000-00,1.1,1790985423.0476027,1790985600.0,no,0.9490000000000001,0.4760999999999998,0.0339,False,20261002T205037Z-a280a1c0491b4ea4a2023fddd30eaeac,1.0,0.5
KXETH15M-26OCT022000-00,1.1,1790985422.0271473,1790985600.0,no,0.9559999999999998,0.4105000000000013,0.0295,False,20261002T205037Z-a280a1c0491b4ea4a2023fddd30eaeac,0.5,0.5
KXETH15M-26OCT022000-00,1.1,1790985425.0374804,1790985600.0,no,0.952,0.4480000000000004,0.032,False,20261002T205037Z-a280a1c0491b4ea4a2023fddd30eaeac,3.0,0.5
KXETH15M-26OCT022000-00,1.1,1790985423.0476027,1790985600.0,no,0.9490000000000001,0.4760999999999998,0.0339,False,20261002T205037Z-a280a1c0491b4ea4a2023fddd30eaeac,1.0,0.55
KXETH15M-26OCT022000-00,1.15,1790985423.0476027,1790985600.0,no,0.9490000000000001,0.4760999999999998,0.0339,False,20261002T205037Z-a280a1c0491b4ea4a2023fddd30eaeac,1.0,0.5
KXETH15M-26OCT022000-00,1.15,1790985422.0271473,1790985600.0,no,0.9559999999999998,0.4105000000000013,0.0295,False,20261002T205037Z-a280a1c0491b4ea4a2023fddd30eaeac,0.5,0.5
KXETH15M-26OCT022000-00,1.15,1790985425.0374804,1790985600.0,no,0.952,0.4480000000000004,0.032,False,20261002T205037Z-a280a1c0491b4ea4a2023fddd30eaeac,3.0,0.5
KXETH15M-26OCT022000-00,1.15,1790985423.0476027,1790985600.0,no,0.9490000000000001,0.4760999999999998,0.0339,False,20261002T205037Z-a280a1c0491b4ea4a2023fddd30eaeac,1.0,0.55
KXETH15M-26OCT022000-00,1.2,1790985423.0476027,1790985600.0,no,0.9490000000000001,0.4760999999999998,0.0339,False,20261002T205037Z-a280a1c0491b4ea4a2023fddd30eaeac,1.0,0.5
KXETH15M-26OCT022000-00,1.2,1790985422.0271473,1790985600.0,no,0.9559999999999998,0.4105000000000013,0.0295,False,20261002T205037Z-a280a1c0491b4ea4a2023fddd30eaeac,0.5,0.5
KXETH15M-26OCT022000-00,1.2,1790985425.0374804,1790985600.0,no,0.952,0.4480000000000004,0.032,False,20261002T205037Z-a280a1c0491b4ea4a2023fddd30eaeac,3.0,0.5
KXETH15M-26OCT022000-00,1.2,1790985423.0476027,1790985600.0,no,0.9490000000000001,0.4760999999999998,0.0339,False,20261002T205037Z-a280a1c0491b4ea4a2023fddd30eaeac,1.0,0.55
KXETH15M-26OCT022000-00,1.25,1790985423.0476027,1790985600.0,no,0.9490000000000001,0.4760999999999998,0.0339,False,20261002T205037Z-a280a1c0491b4ea4a2023fddd30eaeac,1.0,0.5
KXETH15M-26OCT022000-00,1.25,1790985422.0271473,1790985600.0,no,0.9559999999999998,0.4105000000000013,0.0295,False,20261002T205037Z-a280a1c0491b4ea4a2023fddd30eaeac,0.5,0.5
KXETH15M-26OCT022000-00,1.25,1790985425.0374804,1790985600.0,no,0.952,0.4480000000000004,0.032,False,20261002T205037Z-a280a1c0491b4ea4a2023fddd30eaeac,3.0,0.5
KXETH15M-26OCT022000-00,1.25,1790985423.0476027,1790985600.0,no,0.9490000000000001,0.4760999999999998,0.0339,False,20261002T205037Z-a280a1c0491b4ea4a2023fddd30eaeac,1.0,0.55
KXETH15M-26OCT022015-15,0.5,1790985901.5638134,1790986367.9539328,no,0.923,-4.684500000000001,0.22449999999999998,True,20261002T205037Z-a280a1c0491b4ea4a2023fddd30eaeac,1.0,0.5
KXETH15M-26OCT022015-15,0.5,1790985901.5638134,1790986367.9539328,no,0.923,-4.684500000000001,0.22449999999999998,True,20261002T205037Z-a280a1c0491b4ea4a2023fddd30eaeac,0.5,0.5
KXETH15M-26OCT022015-15,0.5,1790985903.5852025,1790986369.9828205,no,0.9190000000000002,-4.796200000000001,0.22619999999999998,True,20261002T205037Z-a280a1c0491b4ea4a2023fddd30eaeac,3.0,0.5
KXETH15M-26OCT022015-15,0.5,1790985901.5638134,1790986259.741093,no,0.923,-2.9391000000000003,0.2091,True,20261002T205037Z-a280a1c0491b4ea4a2023fddd30eaeac,1.0,0.55
KXETH15M-26OCT022015-15,0.55,1790985901.5638134,1790986367.9539328,no,0.923,-4.684500000000001,0.22449999999999998,True,20261002T205037Z-a280a1c0491b4ea4a2023fddd30eaeac,1.0,0.5
KXETH15M-26OCT022015-15,0.55,1790985901.5638134,1790986367.9539328,no,0.923,-4.684500000000001,0.22449999999999998,True,20261002T205037Z-a280a1c0491b4ea4a2023fddd30eaeac,0.5,0.5
KXETH15M-26OCT022015-15,0.55,1790985903.5852025,1790986369.9828205,no,0.9190000000000002,-4.796200000000001,0.22619999999999998,True,20261002T205037Z-a280a1c0491b4ea4a2023fddd30eaeac,3.0,0.5
KXETH15M-26OCT022015-15,0.55,1790985901.5638134,1790986259.741093,no,0.923,-2.9391000000000003,0.2091,True,20261002T205037Z-a280a1c0491b4ea4a2023fddd30eaeac,1.0,0.55
KXETH15M-26OCT022015-15,0.6,1790985901.5638134,1790986367.9539328,no,0.923,-4.684500000000001,0.22449999999999998,True,20261002T205037Z-a280a1c0491b4ea4a2023fddd30eaeac,1.0,0.5
KXETH15M-26OCT022015-15,0.6,1790985901.5638134,1790986367.9539328,no,0.923,-4.684500000000001,0.22449999999999998,True,20261002T205037Z-a280a1c0491b4ea4a2023fddd30eaeac,0.5,0.5
KXETH15M-26OCT022015-15,0.6,1790985903.5852025,1790986369.9828205,no,0.9190000000000002,-4.796200000000001,0.22619999999999998,True,20261002T205037Z-a280a1c0491b4ea4a2023fddd30eaeac,3.0,0.5
KXETH15M-26OCT022015-15,0.6,1790985901.5638134,1790986259.741093,no,0.923,-2.9391000000000003,0.2091,True,20261002T205037Z-a280a1c0491b4ea4a2023fddd30eaeac,1.0,0.55
KXETH15M-26OCT022015-15,0.65,1790985901.5638134,1790986367.9539328,no,0.923,-4.684500000000001,0.22449999999999998,True,20261002T205037Z-a280a1c0491b4ea4a2023fddd30eaeac,1.0,0.5
KXETH15M-26OCT022015-15,0.65,1790985901.5638134,1790986367.9539328,no,0.923,-4.684500000000001,0.22449999999999998,True,20261002T205037Z-a280a1c0491b4ea4a2023fddd30eaeac,0.5,0.5
KXETH15M-26OCT022015-15,0.65,1790985903.5852025,1790986369.9828205,no,0.9190000000000002,-4.796200000000001,0.22619999999999998,True,20261002T205037Z-a280a1c0491b4ea4a2023fddd30eaeac,3.0,0.5
KXETH15M-26OCT022015-15,0.65,1790985901.5638134,1790986259.741093,no,0.923,-2.9391000000000003,0.2091,True,20261002T205037Z-a280a1c0491b4ea4a2023fddd30eaeac,1.0,0.55
KXETH15M-26OCT022015-15,0.7,1790985901.5638134,1790986367.9539328,no,0.923,-4.684500000000001,0.22449999999999998,True,20261002T205037Z-a280a1c0491b4ea4a2023fddd30eaeac,1.0,0.5
KXETH15M-26OCT022015-15,0.7,1790985901.5638134,1790986367.9539328,no,0.923,-4.684500000000001,0.22449999999999998,True,20261002T205037Z-a280a1c0491b4ea4a2023fddd30eaeac,0.5,0.5
KXETH15M-26OCT022015-15,0.7,1790985903.5852025,1790986369.9828205,no,0.9190000000000002,-4.796200000000001,0.22619999999999998,True,20261002T205037Z-a280a1c0491b4ea4a2023fddd30eaeac,3.0,0.5
KXETH15M-26OCT022015-15,0.7,1790985901.5638134,1790986259.741093,no,0.923,-2.9391000000000003,0.2091,True,20261002T205037Z-a280a1c0491b4ea4a2023fddd30eaeac,1.0,0.55
KXETH15M-26OCT022015-15,0.75,1790985901.5638134,1790986367.9539328,no,0.923,-4.684500000000001,0.22449999999999998,True,20261002T205037Z-a280a1c0491b4ea4a2023fddd30eaeac,1.0,0.5
KXETH15M-26OCT022015-15,0.75,1790985901.5638134,1790986367.9539328,no,0.923,-4.684500000000001,0.22449999999999998,True,20261002T205037Z-a280a1c0491b4ea4a2023fddd30eaeac,0.5,0.5
KXETH15M-26OCT022015-15,0.75,1790985903.5852025,1790986369.9828205,no,0.9190000000000002,-4.796200000000001,0.22619999999999998,True,20261002T205037Z-a280a1c0491b4ea4a2023fddd30eaeac,3.0,0.5
KXETH15M-26OCT022015-15,0.75,1790985901.5638134,1790986259.741093,no,0.923,-2.9391000000000003,0.2091,True,20261002T205037Z-a280a1c0491b4ea4a2023fddd30eaeac,1.0,0.55
KXETH15M-26OCT022015-15,0.8,1790985901.5638134,1790986367.9539328,no,0.923,-4.684500000000001,0.22449999999999998,True,20261002T205037Z-a280a1c0491b4ea4a2023fddd30eaeac,1.0,0.5
KXETH15M-26OCT022015-15,0.8,1790985901.5638134,1790986367.9539328,no,0.923,-4.684500000000001,0.22449999999999998,True,20261002T205037Z-a280a1c0491b4ea4a2023fddd30eaeac,0.5,0.5
KXETH15M-26OCT022015-15,0.8,1790985903.5852025,1790986369.9828205,no,0.9190000000000002,-4.796200000000001,0.22619999999999998,True,20261002T205037Z-a280a1c0491b4ea4a2023fddd30eaeac,3.0,0.5
KXETH15M-26OCT022015-15,0.8,1790985901.5638134,1790986259.741093,no,0.923,-2.9391000000000003,0.2091,True,20261002T205037Z-a280a1c0491b4ea4a2023fddd30eaeac,1.0,0.55
KXETH15M-26OCT022015-15,0.85,1790985901.5638134,1790986367.9539328,no,0.923,-4.684500000000001,0.22449999999999998,True,20261002T205037Z-a280a1c0491b4ea4a2023fddd30eaeac,1.0,0.5
KXETH15M-26OCT022015-15,0.85,1790985901.5638134,1790986367.9539328,no,0.923,-4.684500000000001,0.22449999999999998,True,20261002T205037Z-a280a1c0491b4ea4a2023fddd30eaeac,0.5,0.5
KXETH15M-26OCT022015-15,0.85,1790985903.5852025,1790986369.9828205,no,0.9190000000000002,-4.796200000000001,0.22619999999999998,True,20261002T205037Z-a280a1c0491b4ea4a2023fddd30eaeac,3.0,0.5
KXETH15M-26OCT022015-15,0.85,1790985901.5638134,1790986259.741093,no,0.923,-2.9391000000000003,0.2091,True,20261002T205037Z-a280a1c0491b4ea4a2023fddd30eaeac,1.0,0.55
KXETH15M-26OCT022015-15,0.9,1790985901.5638134,1790986367.9539328,no,0.923,-4.684500000000001,0.22449999999999998,True,20261002T205037Z-a280a1c0491b4ea4a2023fddd30eaeac,1.0,0.5
KXETH15M-26OCT022015-15,0.9,1790985901.5638134,1790986367.9539328,no,0.923,-4.684500000000001,0.22449999999999998,True,20261002T205037Z-a280a1c0491b4ea4a2023fddd30eaeac,0.5,0.5
KXETH15M-26OCT022015-15,0.9,1790985903.5852025,1790986369.9828205,no,0.9190000000000002,-4.796200000000001,0.22619999999999998,True,20261002T205037Z-a280a1c0491b4ea4a2023fddd30eaeac,3.0,0.5
KXETH15M-26OCT022015-15,0.9,1790985901.5638134,1790986259.741093,no,0.923,-2.9391000000000003,0.2091,True,20261002T205037Z-a280a1c0491b4ea4a2023fddd30eaeac,1.0,0.55
KXETH15M-26OCT022015-15,0.95,1790985901.5638134,1790986367.9539328,no,0.923,-4.684500000000001,0.22449999999999998,True,20261002T205037Z-a280a1c0491b4ea4a2023fddd30eaeac,1.0,0.5
KXETH15M-26OCT022015-15,0.95,1790985901.5638134,1790986367.9539328,no,0.923,-4.684500000000001,0.22449999999999998,True,20261002T205037Z-a280a1c0491b4ea4a2023fddd30eaeac,0.5,0.5
KXETH15M-26OCT022015-15,0.95,1790985903.5852025,1790986369.9828205,no,0.9190000000000002,-4.796200000000001,0.22619999999999998,True,20261002T205037Z-a280a1c0491b4ea4a2023fddd30eaeac,3.0,0.5
KXETH15M-26OCT022015-15,0.95,1790985901.5638134,1790986259.741093,no,0.923,-2.9391000000000003,0.2091,True,20261002T205037Z-a280a1c0491b4ea4a2023fddd30eaeac,1.0,0.55
KXETH15M-26OCT022015-15,1.0,1790985901.5638134,1790986367.9539328,no,0.923,-4.684500000000001,0.22449999999999998,True,20261002T205037Z-a280a1c0491b4ea4a2023fddd30eaeac,1.0,0.5
KXETH15M-26OCT022015-15,1.0,1790985901.5638134,1790986367.9539328,no,0.923,-4.684500000000001,0.22449999999999998,True,20261002T205037Z-a280a1c0491b4ea4a2023fddd30eaeac,0.5,0.5
KXETH15M-26OCT022015-15,1.0,1790985903.5852025,1790986369.9828205,no,0.9190000000000002,-4.796200000000001,0.22619999999999998,True,20261002T205037Z-a280a1c0491b4ea4a2023fddd30eaeac,3.0,0.5
KXETH15M-26OCT022015-15,1.0,1790985901.5638134,1790986259.741093,no,0.923,-2.9391000000000003,0.2091,True,20261002T205037Z-a280a1c0491b4ea4a2023fddd30eaeac,1.0,0.55
KXETH15M-26OCT022015-15,1.05,1790985901.5638134,1790986367.9539328,no,0.923,-4.684500000000001,0.22449999999999998,True,20261002T205037Z-a280a1c0491b4ea4a2023fddd30eaeac,1.0,0.5
KXETH15M-26OCT022015-15,1.05,1790985901.5638134,1790986367.9539328,no,0.923,-4.684500000000001,0.22449999999999998,True,20261002T205037Z-a280a1c0491b4ea4a2023fddd30eaeac,0.5,0.5
KXETH15M-26OCT022015-15,1.05,1790985903.5852025,1790986369.9828205,no,0.9190000000000002,-4.796200000000001,0.22619999999999998,True,20261002T205037Z-a280a1c0491b4ea4a2023fddd30eaeac,3.0,0.5
KXETH15M-26OCT022015-15,1.05,1790985901.5638134,1790986259.741093,no,0.923,-2.9391000000000003,0.2091,True,20261002T205037Z-a280a1c0491b4ea4a2023fddd30eaeac,1.0,0.55
KXETH15M-26OCT022015-15,1.1,1790985901.5638134,1790986367.9539328,no,0.923,-4.684500000000001,0.22449999999999998,True,20261002T205037Z-a280a1c0491b4ea4a2023fddd30eaeac,1.0,0.5
KXETH15M-26OCT022015-15,1.1,1790985901.5638134,1790986367.9539328,no,0.923,-4.684500000000001,0.22449999999999998,True,20261002T205037Z-a280a1c0491b4ea4a2023fddd30eaeac,0.5,0.5
KXETH15M-26OCT022015-15,1.1,1790985903.5852025,1790986369.9828205,no,0.9190000000000002,-4.796200000000001,0.22619999999999998,True,20261002T205037Z-a280a1c0491b4ea4a2023fddd30eaeac,3.0,0.5
KXETH15M-26OCT022015-15,1.1,1790985901.5638134,1790986259.741093,no,0.923,-2.9391000000000003,0.2091,True,20261002T205037Z-a280a1c0491b4ea4a2023fddd30eaeac,1.0,0.55
KXETH15M-26OCT022015-15,1.15,1790985901.5638134,1790986367.9539328,no,0.923,-4.684500000000001,0.22449999999999998,True,20261002T205037Z-a280a1c0491b4ea4a2023fddd30eaeac,1.0,0.5
KXETH15M-26OCT022015-15,1.15,1790985901.5638134,1790986367.9539328,no,0.923,-4.684500000000001,0.22449999999999998,True,20261002T205037Z-a280a1c0491b4ea4a2023fddd30eaeac,0.5,0.5
KXETH15M-26OCT022015-15,1.15,1790985903.5852025,1790986369.9828205,no,0.9190000000000002,-4.796200000000001,0.22619999999999998,True,20261002T205037Z-a280a1c0491b4ea4a2023fddd30eaeac,3.0,0.5
KXETH15M-26OCT022015-15,1.15,1790985901.5638134,1790986259.741093,no,0.923,-2.9391000000000003,0.2091,True,20261002T205037Z-a280a1c0491b4ea4a2023fddd30eaeac,1.0,0.55
KXETH15M-26OCT022015-15,1.2,1790985910.701956,1790986367.9539328,no,0.915,-4.6092,0.2292,True,20261002T205037Z-a280a1c0491b4ea4a2023fddd30eaeac,1.0,0.5
KXETH15M-26OCT022015-15,1.2,1790985909.6471,1790986367.9539328,no,0.915,-4.6092,0.2292,True,20261002T205037Z-a280a1c0491b4ea4a2023fddd30eaeac,0.5,0.5
KXETH15M-26OCT022015-15,1.2,1790985912.7210708,1790986369.9828205,no,0.915,-4.7585,0.22849999999999998,True,20261002T205037Z-a280a1c0491b4ea4a2023fddd30eaeac,3.0,0.5
KXETH15M-26OCT022015-15,1.2,1790985910.701956,1790986259.741093,no,0.915,-2.8638000000000003,0.2138,True,20261002T205037Z-a280a1c0491b4ea4a2023fddd30eaeac,1.0,0.55
KXETH15M-26OCT022030-30,0.5,1790986998.8340776,1790987400.0,yes,0.8800000000000001,1.1259999999999992,0.074,False,20261002T205037Z-a280a1c0491b4ea4a2023fddd30eaeac,1.0,0.5
KXETH15M-26OCT022030-30,0.5,1790986997.8286226,1790987400.0,yes,0.89,1.0313999999999997,0.0686,False,20261002T205037Z-a280a1c0491b4ea4a2023fddd30eaeac,0.5,0.5
KXETH15M-26OCT022030-30,0.5,1790987000.8382776,1790987400.0,yes,0.89,1.0313999999999997,0.0686,False,20261002T205037Z-a280a1c0491b4ea4a2023fddd30eaeac,3.0,0.5
KXETH15M-26OCT022030-30,0.5,1790986998.8340776,1790987400.0,yes,0.8800000000000001,1.1259999999999992,0.074,False,20261002T205037Z-a280a1c0491b4ea4a2023fddd30eaeac,1.0,0.55
KXETH15M-26OCT022030-30,0.55,1790986998.8340776,1790987400.0,yes,0.8800000000000001,1.1259999999999992,0.074,False,20261002T205037Z-a280a1c0491b4ea4a2023fddd30eaeac,1.0,0.5
KXETH15M-26OCT022030-30,0.55,1790986997.8286226,1790987400.0,yes,0.89,1.0313999999999997,0.0686,False,20261002T205037Z-a280a1c0491b4ea4a2023fddd30eaeac,0.5,0.5
KXETH15M-26OCT022030-30,0.55,1790987000.8382776,1790987400.0,yes,0.89,1.0313999999999997,0.0686,False,20261002T205037Z-a280a1c0491b4ea4a2023fddd30eaeac,3.0,0.5
KXETH15M-26OCT022030-30,0.55,1790986998.8340776,1790987400.0,yes,0.8800000000000001,1.1259999999999992,0.074,False,20261002T205037Z-a280a1c0491b4ea4a2023fddd30eaeac,1.0,0.55
KXETH15M-26OCT022030-30,0.6,1790987014.9045525,1790987400.0,yes,0.923,0.7201999999999996,0.0498,False,20261002T205037Z-a280a1c0491b4ea4a2023fddd30eaeac,1.0,0.5
KXETH15M-26OCT022030-30,0.6,1790987013.9035058,1790987400.0,yes,0.9212,0.7371000000000003,0.0509,False,20261002T205037Z-a280a1c0491b4ea4a2023fddd30eaeac,0.5,0.5
KXETH15M-26OCT022030-30,0.6,1790987016.9272075,1790987400.0,yes,0.9244,0.7070000000000002,0.049,False,20261002T205037Z-a280a1c0491b4ea4a2023fddd30eaeac,3.0,0.5
KXETH15M-26OCT022030-30,0.6,1790987014.9045525,1790987400.0,yes,0.923,0.7201999999999996,0.0498,False,20261002T205037Z-a280a1c0491b4ea4a2023fddd30eaeac,1.0,0.55
KXETH15M-26OCT022030-30,0.65,1790987052.2529364,1790987400.0,yes,0.923,0.7201999999999996,0.0498,False,20261002T205037Z-a280a1c0491b4ea4a2023fddd30eaeac,1.0,0.5
KXETH15M-26OCT022030-30,0.65,1790987052.2529364,1790987400.0,yes,0.923,0.7201999999999996,0.0498,False,20261002T205037Z-a280a1c0491b4ea4a2023fddd30eaeac,0.5,0.5
KXETH15M-26OCT022030-30,0.65,1790987054.2550297,1790987400.0,yes,0.9259999999999999,0.6920000000000002,0.048,False,20261002T205037Z-a280a1c0491b4ea4a2023fddd30eaeac,3.0,0.5
KXETH15M-26OCT022030-30,0.65,1790987052.2529364,1790987400.0,yes,0.923,0.7201999999999996,0.0498,False,20261002T205037Z-a280a1c0491b4ea4a2023fddd30eaeac,1.0,0.55
KXETH15M-26OCT022030-30,0.7,1790987052.2529364,1790987400.0,yes,0.923,0.7201999999999996,0.0498,False,20261002T205037Z-a280a1c0491b4ea4a2023fddd30eaeac,1.0,0.5
KXETH15M-26OCT022030-30,0.7,1790987052.2529364,1790987400.0,yes,0.923,0.7201999999999996,0.0498,False,20261002T205037Z-a280a1c0491b4ea4a2023fddd30eaeac,0.5,0.5
KXETH15M-26OCT022030-30,0.7,1790987054.2550297,1790987400.0,yes,0.9259999999999999,0.6920000000000002,0.048,False,20261002T205037Z-a280a1c0491b4ea4a2023fddd30eaeac,3.0,0.5
KXETH15M-26OCT022030-30,0.7,1790987052.2529364,1790987400.0,yes,0.923,0.7201999999999996,0.0498,False,20261002T205037Z-a280a1c0491b4ea4a2023fddd30eaeac,1.0,0.55
KXETH15M-26OCT022030-30,0.75,1790987060.3155313,1790987400.0,yes,0.9323,0.6327999999999996,0.0442,False,20261002T205037Z-a280a1c0491b4ea4a2023fddd30eaeac,1.0,0.5
KXETH15M-26OCT022030-30,0.75,1790987060.3155313,1790987400.0,yes,0.9323,0.6327999999999996,0.0442,False,20261002T205037Z-a280a1c0491b4ea4a2023fddd30eaeac,0.5,0.5
KXETH15M-26OCT022030-30,0.75,1790987062.3206391,1790987400.0,yes,0.9350000000000002,0.6073999999999986,0.0426,False,20261002T205037Z-a280a1c0491b4ea4a2023fddd30eaeac,3.0,0.5
KXETH15M-26OCT022030-30,0.75,1790987060.3155313,1790987400.0,yes,0.9323,0.6327999999999996,0.0442,False,20261002T205037Z-a280a1c0491b4ea4a2023fddd30eaeac,1.0,0.55
KXETH15M-26OCT022030-30,0.8,1790987102.592064,1790987400.0,yes,0.959,0.38240000000000013,0.0276,False,20261002T205037Z-a280a1c0491b4ea4a2023fddd30eaeac,1.0,0.5
KXETH15M-26OCT022030-30,0.8,1790987098.5504153,1790987400.0,yes,0.9577,0.39460000000000006,0.028399999999999998,False,20261002T205037Z-a280a1c0491b4ea4a2023fddd30eaeac,0.5,0.5
KXETH15M-26OCT022030-30,0.8,1790987101.5658102,1790987400.0,yes,0.9561999999999999,0.40860000000000063,0.0294,False,20261002T205037Z-a280a1c0491b4ea4a2023fddd30eaeac,3.0,0.5
KXETH15M-26OCT022030-30,0.8,1790987102.592064,1790987400.0,yes,0.959,0.38240000000000013,0.0276,False,20261002T205037Z-a280a1c0491b4ea4a2023fddd30eaeac,1.0,0.55
KXETH15M-26OCT022030-30,0.85,1790987102.592064,1790987400.0,yes,0.959,0.38240000000000013,0.0276,False,20261002T205037Z-a280a1c0491b4ea4a2023fddd30eaeac,1.0,0.5
KXETH15M-26OCT022030-30,0.85,1790987098.5504153,1790987400.0,yes,0.9577,0.39460000000000006,0.028399999999999998,False,20261002T205037Z-a280a1c0491b4ea4a2023fddd30eaeac,0.5,0.5
KXETH15M-26OCT022030-30,0.85,1790987101.5658102,1790987400.0,yes,0.9561999999999999,0.40860000000000063,0.0294,False,20261002T205037Z-a280a1c0491b4ea4a2023fddd30eaeac,3.0,0.5
KXETH15M-26OCT022030-30,0.85,1790987102.592064,1790987400.0,yes,0.959,0.38240000000000013,0.0276,False,20261002T205037Z-a280a1c0491b4ea4a2023fddd30eaeac,1.0,0.55
KXETH15M-26OCT022030-30,0.9,1790987102.592064,1790987400.0,yes,0.959,0.38240000000000013,0.0276,False,20261002T205037Z-a280a1c0491b4ea4a2023fddd30eaeac,1.0,0.5
KXETH15M-26OCT022030-30,0.9,1790987102.592064,1790987400.0,yes,0.959,0.38240000000000013,0.0276,False,20261002T205037Z-a280a1c0491b4ea4a2023fddd30eaeac,0.5,0.5
KXETH15M-26OCT022030-30,0.9,1790987104.612281,1790987400.0,yes,0.9574999999999999,0.3965000000000007,0.0285,False,20261002T205037Z-a280a1c0491b4ea4a2023fddd30eaeac,3.0,0.5
KXETH15M-26OCT022030-30,0.9,1790987102.592064,1790987400.0,yes,0.959,0.38240000000000013,0.0276,False,20261002T205037Z-a280a1c0491b4ea4a2023fddd30eaeac,1.0,0.55
KXETH15M-26OCT022045-45,0.5,1790987701.8640041,1790988300.0,yes,0.9155000000000001,0.7907999999999988,0.0542,False,20261002T205037Z-a280a1c0491b4ea4a2023fddd30eaeac,1.0,0.5
KXETH15M-26OCT022045-45,0.5,1790987700.8591433,1790988300.0,yes,0.915,0.7954999999999997,0.0545,False,20261002T205037Z-a280a1c0491b4ea4a2023fddd30eaeac,0.5,0.5
KXETH15M-26OCT022045-45,0.5,1790987703.8774836,1790988300.0,yes,0.924,0.7107999999999998,0.0492,False,20261002T205037Z-a280a1c0491b4ea4a2023fddd30eaeac,3.0,0.5
KXETH15M-26OCT022045-45,0.5,1790987701.8640041,1790987937.7891614,yes,0.9155000000000001,-2.5616000000000003,0.2066,True,20261002T205037Z-a280a1c0491b4ea4a2023fddd30eaeac,1.0,0.55
KXETH15M-26OCT022045-45,0.55,1790987701.8640041,1790988300.0,yes,0.9155000000000001,0.7907999999999988,0.0542,False,20261002T205037Z-a280a1c0491b4ea4a2023fddd30eaeac,1.0,0.5
KXETH15M-26OCT022045-45,0.55,1790987700.8591433,1790988300.0,yes,0.915,0.7954999999999997,0.0545,False,20261002T205037Z-a280a1c0491b4ea4a2023fddd30eaeac,0.5,0.5
KXETH15M-26OCT022045-45,0.55,1790987703.8774836,1790988300.0,yes,0.924,0.7107999999999998,0.0492,False,20261002T205037Z-a280a1c0491b4ea4a2023fddd30eaeac,3.0,0.5
KXETH15M-26OCT022045-45,0.55,1790987701.8640041,1790987937.7891614,yes,0.9155000000000001,-2.5616000000000003,0.2066,True,20261002T205037Z-a280a1c0491b4ea4a2023fddd30eaeac,1.0,0.55
KXETH15M-26OCT022045-45,0.6,1790987701.8640041,1790988300.0,yes,0.9155000000000001,0.7907999999999988,0.0542,False,20261002T205037Z-a280a1c0491b4ea4a2023fddd30eaeac,1.0,0.5
KXETH15M-26OCT022045-45,0.6,1790987700.8591433,1790988300.0,yes,0.915,0.7954999999999997,0.0545,False,20261002T205037Z-a280a1c0491b4ea4a2023fddd30eaeac,0.5,0.5
KXETH15M-26OCT022045-45,0.6,1790987703.8774836,1790988300.0,yes,0.924,0.7107999999999998,0.0492,False,20261002T205037Z-a280a1c0491b4ea4a2023fddd30eaeac,3.0,0.5
KXETH15M-26OCT022045-45,0.6,1790987701.8640041,1790987937.7891614,yes,0.9155000000000001,-2.5616000000000003,0.2066,True,20261002T205037Z-a280a1c0491b4ea4a2023fddd30eaeac,1.0,0.55
KXETH15M-26OCT022045-45,0.65,1790987701.8640041,1790988300.0,yes,0.9155000000000001,0.7907999999999988,0.0542,False,20261002T205037Z-a280a1c0491b4ea4a2023fddd30eaeac,1.0,0.5
KXETH15M-26OCT022045-45,0.65,1790987700.8591433,1790988300.0,yes,0.915,0.7954999999999997,0.0545,False,20261002T205037Z-a280a1c0491b4ea4a2023fddd30eaeac,0.5,0.5
KXETH15M-26OCT022045-45,0.65,1790987703.8774836,1790988300.0,yes,0.924,0.7107999999999998,0.0492,False,20261002T205037Z-a280a1c0491b4ea4a2023fddd30eaeac,3.0,0.5
KXETH15M-26OCT022045-45,0.65,1790987701.8640041,1790987937.7891614,yes,0.9155000000000001,-2.5616000000000003,0.2066,True,20261002T205037Z-a280a1c0491b4ea4a2023fddd30eaeac,1.0,0.55
KXETH15M-26OCT022045-45,0.7,1790987701.8640041,1790988300.0,yes,0.9155000000000001,0.7907999999999988,0.0542,False,20261002T205037Z-a280a1c0491b4ea4a2023fddd30eaeac,1.0,0.5
KXETH15M-26OCT022045-45,0.7,1790987700.8591433,1790988300.0,yes,0.915,0.7954999999999997,0.0545,False,20261002T205037Z-a280a1c0491b4ea4a2023fddd30eaeac,0.5,0.5
KXETH15M-26OCT022045-45,0.7,1790987703.8774836,1790988300.0,yes,0.924,0.7107999999999998,0.0492,False,20261002T205037Z-a280a1c0491b4ea4a2023fddd30eaeac,3.0,0.5
KXETH15M-26OCT022045-45,0.7,1790987701.8640041,1790987937.7891614,yes,0.9155000000000001,-2.5616000000000003,0.2066,True,20261002T205037Z-a280a1c0491b4ea4a2023fddd30eaeac,1.0,0.55
KXETH15M-26OCT022045-45,0.75,1790987701.8640041,1790988300.0,yes,0.9155000000000001,0.7907999999999988,0.0542,False,20261002T205037Z-a280a1c0491b4ea4a2023fddd30eaeac,1.0,0.5
KXETH15M-26OCT022045-45,0.75,1790987700.8591433,1790988300.0,yes,0.915,0.7954999999999997,0.0545,False,20261002T205037Z-a280a1c0491b4ea4a2023fddd30eaeac,0.5,0.5
KXETH15M-26OCT022045-45,0.75,1790987703.8774836,1790988300.0,yes,0.924,0.7107999999999998,0.0492,False,20261002T205037Z-a280a1c0491b4ea4a2023fddd30eaeac,3.0,0.5
KXETH15M-26OCT022045-45,0.75,1790987701.8640041,1790987937.7891614,yes,0.9155000000000001,-2.5616000000000003,0.2066,True,20261002T205037Z-a280a1c0491b4ea4a2023fddd30eaeac,1.0,0.55
KXETH15M-26OCT022045-45,0.8,1790987701.8640041,1790988300.0,yes,0.9155000000000001,0.7907999999999988,0.0542,False,20261002T205037Z-a280a1c0491b4ea4a2023fddd30eaeac,1.0,0.5
KXETH15M-26OCT022045-45,0.8,1790987700.8591433,1790988300.0,yes,0.915,0.7954999999999997,0.0545,False,20261002T205037Z-a280a1c0491b4ea4a2023fddd30eaeac,0.5,0.5
KXETH15M-26OCT022045-45,0.8,1790987703.8774836,1790988300.0,yes,0.924,0.7107999999999998,0.0492,False,20261002T205037Z-a280a1c0491b4ea4a2023fddd30eaeac,3.0,0.5
KXETH15M-26OCT022045-45,0.8,1790987701.8640041,1790987937.7891614,yes,0.9155000000000001,-2.5616000000000003,0.2066,True,20261002T205037Z-a280a1c0491b4ea4a2023fddd30eaeac,1.0,0.55
KXETH15M-26OCT022045-45,0.85,1790987704.872633,1790988300.0,yes,0.9275,0.6778999999999996,0.0471,False,20261002T205037Z-a280a1c0491b4ea4a2023fddd30eaeac,1.0,0.5
KXETH15M-26OCT022045-45,0.85,1790987703.8774836,1790988300.0,yes,0.924,0.7107999999999998,0.0492,False,20261002T205037Z-a280a1c0491b4ea4a2023fddd30eaeac,0.5,0.5
KXETH15M-26OCT022045-45,0.85,1790987706.9033458,1790988300.0,yes,0.916,0.7860999999999998,0.0539,False,20261002T205037Z-a280a1c0491b4ea4a2023fddd30eaeac,3.0,0.5
KXETH15M-26OCT022045-45,0.85,1790987704.872633,1790987937.7891614,yes,0.9275,-2.6744999999999997,0.1995,True,20261002T205037Z-a280a1c0491b4ea4a2023fddd30eaeac,1.0,0.55
KXETH15M-26OCT022045-45,0.9,1790987784.4320996,1790988300.0,yes,0.956249,0.40819999999999973,0.029309999999999906,False,20261002T205037Z-a280a1c0491b4ea4a2023fddd30eaeac,1.0,0.5
KXETH15M-26OCT022045-45,0.9,1790987783.4299355,1790988300.0,yes,0.9549999999999998,0.41990000000000105,0.0301,False,20261002T205037Z-a280a1c0491b4ea4a2023fddd30eaeac,0.5,0.5
KXETH15M-26OCT022045-45,0.9,1790987786.4390335,1790988300.0,yes,0.956166,0.40900000000000025,0.029339999999999904,False,20261002T205037Z-a280a1c0491b4ea4a2023fddd30eaeac,3.0,0.5
KXETH15M-26OCT022045-45,0.9,1790987784.4320996,1790987937.7891614,yes,0.956249,-2.9441999999999995,0.18170999999999993,True,20261002T205037Z-a280a1c0491b4ea4a2023fddd30eaeac,1.0,0.55
KXETH15M-26OCT022045-45,0.95,1790987887.1339197,1790988300.0,yes,0.945,0.5136000000000007,0.0364,False,20261002T205037Z-a280a1c0491b4ea4a2023fddd30eaeac,1.0,0.5
KXETH15M-26OCT022045-45,0.95,1790987886.0765696,1790988300.0,yes,0.945,0.5136000000000007,0.0364,False,20261002T205037Z-a280a1c0491b4ea4a2023fddd30eaeac,0.5,0.5
KXETH15M-26OCT022045-45,0.95,1790987889.1713772,1790988300.0,yes,0.944,0.5229000000000005,0.0371,False,20261002T205037Z-a280a1c0491b4ea4a2023fddd30eaeac,3.0,0.5
KXETH15M-26OCT022045-45,0.95,1790987887.1339197,1790987937.7891614,yes,0.945,-2.8387999999999987,0.18880000000000002,True,20261002T205037Z-a280a1c0491b4ea4a2023fddd30eaeac,1.0,0.55
KXETH15M-26OCT022045-45,1.0,1790987892.1259515,1790988300.0,yes,0.9565999999999999,0.40490000000000104,0.0291,False,20261002T205037Z-a280a1c0491b4ea4a2023fddd30eaeac,1.0,0.5
KXETH15M-26OCT022045-45,1.0,1790987892.1259515,1790988300.0,yes,0.9565999999999999,0.40490000000000104,0.0291,False,20261002T205037Z-a280a1c0491b4ea4a2023fddd30eaeac,0.5,0.5
KXETH15M-26OCT022045-45,1.0,1790987892.1259515,1790987937.7891614,yes,0.9565999999999999,-2.9474999999999985,0.1815,True,20261002T205037Z-a280a1c0491b4ea4a2023fddd30eaeac,1.0,0.55
KXETH15M-26OCT022100-00,0.5,1790988602.7857318,1790989200.0,yes,0.8100000000000002,1.7921999999999985,0.1078,False,20261002T205037Z-a280a1c0491b4ea4a2023fddd30eaeac,1.0,0.5
KXETH15M-26OCT022100-00,0.5,1790988601.780854,1790989200.0,yes,0.8100000000000002,1.7921999999999985,0.1078,False,20261002T205037Z-a280a1c0491b4ea4a2023fddd30eaeac,0.5,0.5
KXETH15M-26OCT022100-00,0.5,1790988604.8006165,1790989200.0,yes,0.82,1.6966000000000008,0.1034,False,20261002T205037Z-a280a1c0491b4ea4a2023fddd30eaeac,3.0,0.5
KXETH15M-26OCT022100-00,0.5,1790988602.7857318,1790989200.0,yes,0.8100000000000002,1.7921999999999985,0.1078,False,20261002T205037Z-a280a1c0491b4ea4a2023fddd30eaeac,1.0,0.55
KXETH15M-26OCT022100-00,0.55,1790988631.9263535,1790989200.0,yes,0.8299999999999998,1.601200000000001,0.0988,False,20261002T205037Z-a280a1c0491b4ea4a2023fddd30eaeac,1.0,0.5
KXETH15M-26OCT022100-00,0.55,1790988630.9211495,1790989200.0,yes,0.8299999999999998,1.601200000000001,0.0988,False,20261002T205037Z-a280a1c0491b4ea4a2023fddd30eaeac,0.5,0.5
KXETH15M-26OCT022100-00,0.55,1790988633.933491,1790989200.0,yes,0.8299999999999998,1.601200000000001,0.0988,False,20261002T205037Z-a280a1c0491b4ea4a2023fddd30eaeac,3.0,0.5
KXETH15M-26OCT022100-00,0.55,1790988631.9263535,1790989200.0,yes,0.8299999999999998,1.601200000000001,0.0988,False,20261002T205037Z-a280a1c0491b4ea4a2023fddd30eaeac,1.0,0.55
KXETH15M-26OCT022100-00,0.6,1790988642.9782844,1790989200.0,yes,0.86,1.3157000000000003,0.0843,False,20261002T205037Z-a280a1c0491b4ea4a2023fddd30eaeac,1.0,0.5
KXETH15M-26OCT022100-00,0.6,1790988641.972688,1790989200.0,yes,0.85,1.4107,0.0893,False,20261002T205037Z-a280a1c0491b4ea4a2023fddd30eaeac,0.5,0.5
KXETH15M-26OCT022100-00,0.6,1790988644.9961786,1790989200.0,yes,0.8699999999999999,1.2208000000000008,0.0792,False,20261002T205037Z-a280a1c0491b4ea4a2023fddd30eaeac,3.0,0.5
KXETH15M-26OCT022100-00,0.6,1790988642.9782844,1790989200.0,yes,0.86,1.3157000000000003,0.0843,False,20261002T205037Z-a280a1c0491b4ea4a2023fddd30eaeac,1.0,0.55
KXETH15M-26OCT022100-00,0.65,1790988715.3800464,1790989200.0,yes,0.915,0.7954999999999997,0.0545,False,20261002T205037Z-a280a1c0491b4ea4a2023fddd30eaeac,1.0,0.5
KXETH15M-26OCT022100-00,0.65,1790988714.3789434,1790989200.0,yes,0.9,0.937,0.063,False,20261002T205037Z-a280a1c0491b4ea4a2023fddd30eaeac,0.5,0.5
KXETH15M-26OCT022100-00,0.65,1790988717.4179435,1790989200.0,yes,0.89,1.0313999999999997,0.0686,False,20261002T205037Z-a280a1c0491b4ea4a2023fddd30eaeac,3.0,0.5
KXETH15M-26OCT022100-00,0.65,1790988715.3800464,1790989200.0,yes,0.915,0.7954999999999997,0.0545,False,20261002T205037Z-a280a1c0491b4ea4a2023fddd30eaeac,1.0,0.55
KXETH15M-26OCT022100-00,0.7,1790988715.3800464,1790989200.0,yes,0.915,0.7954999999999997,0.0545,False,20261002T205037Z-a280a1c0491b4ea4a2023fddd30eaeac,1.0,0.5
KXETH15M-26OCT022100-00,0.7,1790988714.3789434,1790989200.0,yes,0.9,0.937,0.063,False,20261002T205037Z-a280a1c0491b4ea4a2023fddd30eaeac,0.5,0.5
KXETH15M-26OCT022100-00,0.7,1790988717.4179435,1790989200.0,yes,0.89,1.0313999999999997,0.0686,False,20261002T205037Z-a280a1c0491b4ea4a2023fddd30eaeac,3.0,0.5
KXETH15M-26OCT022100-00,0.7,1790988715.3800464,1790989200.0,yes,0.915,0.7954999999999997,0.0545,False,20261002T205037Z-a280a1c0491b4ea4a2023fddd30eaeac,1.0,0.55
KXETH15M-26OCT022100-00,0.75,1790988717.4179435,1790989200.0,yes,0.89,1.0313999999999997,0.0686,False,20261002T205037Z-a280a1c0491b4ea4a2023fddd30eaeac,1.0,0.5
KXETH15M-26OCT022100-00,0.75,1790988717.4179435,1790989200.0,yes,0.89,1.0313999999999997,0.0686,False,20261002T205037Z-a280a1c0491b4ea4a2023fddd30eaeac,0.5,0.5
KXETH15M-26OCT022100-00,0.75,1790988719.4358337,1790989200.0,yes,0.8800000000000001,1.1259999999999992,0.074,False,20261002T205037Z-a280a1c0491b4ea4a2023fddd30eaeac,3.0,0.5
KXETH15M-26OCT022100-00,0.75,1790988717.4179435,1790989200.0,yes,0.89,1.0313999999999997,0.0686,False,20261002T205037Z-a280a1c0491b4ea4a2023fddd30eaeac,1.0,0.55
KXETH15M-26OCT022100-00,0.8,1790988721.4377844,1790989200.0,yes,0.89,1.0313999999999997,0.0686,False,20261002T205037Z-a280a1c0491b4ea4a2023fddd30eaeac,1.0,0.5
KXETH15M-26OCT022100-00,0.8,1790988721.4377844,1790989200.0,yes,0.89,1.0313999999999997,0.0686,False,20261002T205037Z-a280a1c0491b4ea4a2023fddd30eaeac,0.5,0.5
KXETH15M-26OCT022100-00,0.8,1790988723.4639444,1790989200.0,yes,0.89,1.0313999999999997,0.0686,False,20261002T205037Z-a280a1c0491b4ea4a2023fddd30eaeac,3.0,0.5
KXETH15M-26OCT022100-00,0.8,1790988721.4377844,1790989200.0,yes,0.89,1.0313999999999997,0.0686,False,20261002T205037Z-a280a1c0491b4ea4a2023fddd30eaeac,1.0,0.55
KXETH15M-26OCT022100-00,0.85,1790988721.4377844,1790989200.0,yes,0.89,1.0313999999999997,0.0686,False,20261002T205037Z-a280a1c0491b4ea4a2023fddd30eaeac,1.0,0.5
KXETH15M-26OCT022100-00,0.85,1790988721.4377844,1790989200.0,yes,0.89,1.0313999999999997,0.0686,False,20261002T205037Z-a280a1c0491b4ea4a2023fddd30eaeac,0.5,0.5
KXETH15M-26OCT022100-00,0.85,1790988723.4639444,1790989200.0,yes,0.89,1.0313999999999997,0.0686,False,20261002T205037Z-a280a1c0491b4ea4a2023fddd30eaeac,3.0,0.5
KXETH15M-26OCT022100-00,0.85,1790988721.4377844,1790989200.0,yes,0.89,1.0313999999999997,0.0686,False,20261002T205037Z-a280a1c0491b4ea4a2023fddd30eaeac,1.0,0.55
KXETH15M-26OCT022100-00,0.9,1790988742.5729392,1790989200.0,yes,0.924,0.7107999999999998,0.0492,False,20261002T205037Z-a280a1c0491b4ea4a2023fddd30eaeac,1.0,0.5
KXETH15M-26OCT022100-00,0.9,1790988742.5729392,1790989200.0,yes,0.924,0.7107999999999998,0.0492,False,20261002T205037Z-a280a1c0491b4ea4a2023fddd30eaeac,0.5,0.5
KXETH15M-26OCT022100-00,0.9,1790988744.578048,1790989200.0,yes,0.9183,0.7644000000000002,0.0526,False,20261002T205037Z-a280a1c0491b4ea4a2023fddd30eaeac,3.0,0.5
KXETH15M-26OCT022100-00,0.9,1790988742.5729392,1790989200.0,yes,0.924,0.7107999999999998,0.0492,False,20261002T205037Z-a280a1c0491b4ea4a2023fddd30eaeac,1.0,0.55
KXETH15M-26OCT022100-00,0.95,1790988742.5729392,1790989200.0,yes,0.924,0.7107999999999998,0.0492,False,20261002T205037Z-a280a1c0491b4ea4a2023fddd30eaeac,1.0,0.5
KXETH15M-26OCT022100-00,0.95,1790988742.5729392,1790989200.0,yes,0.924,0.7107999999999998,0.0492,False,20261002T205037Z-a280a1c0491b4ea4a2023fddd30eaeac,0.5,0.5
KXETH15M-26OCT022100-00,0.95,1790988744.578048,1790989200.0,yes,0.9183,0.7644000000000002,0.0526,False,20261002T205037Z-a280a1c0491b4ea4a2023fddd30eaeac,3.0,0.5
KXETH15M-26OCT022100-00,0.95,1790988742.5729392,1790989200.0,yes,0.924,0.7107999999999998,0.0492,False,20261002T205037Z-a280a1c0491b4ea4a2023fddd30eaeac,1.0,0.55
KXETH15M-26OCT022100-00,1.0,1790988742.5729392,1790989200.0,yes,0.924,0.7107999999999998,0.0492,False,20261002T205037Z-a280a1c0491b4ea4a2023fddd30eaeac,1.0,0.5
KXETH15M-26OCT022100-00,1.0,1790988742.5729392,1790989200.0,yes,0.924,0.7107999999999998,0.0492,False,20261002T205037Z-a280a1c0491b4ea4a2023fddd30eaeac,0.5,0.5
KXETH15M-26OCT022100-00,1.0,1790988744.578048,1790989200.0,yes,0.9183,0.7644000000000002,0.0526,False,20261002T205037Z-a280a1c0491b4ea4a2023fddd30eaeac,3.0,0.5
KXETH15M-26OCT022100-00,1.0,1790988742.5729392,1790989200.0,yes,0.924,0.7107999999999998,0.0492,False,20261002T205037Z-a280a1c0491b4ea4a2023fddd30eaeac,1.0,0.55
KXETH15M-26OCT022100-00,1.05,1790988742.5729392,1790989200.0,yes,0.924,0.7107999999999998,0.0492,False,20261002T205037Z-a280a1c0491b4ea4a2023fddd30eaeac,1.0,0.5
KXETH15M-26OCT022100-00,1.05,1790988742.5729392,1790989200.0,yes,0.924,0.7107999999999998,0.0492,False,20261002T205037Z-a280a1c0491b4ea4a2023fddd30eaeac,0.5,0.5
KXETH15M-26OCT022100-00,1.05,1790988744.578048,1790989200.0,yes,0.9183,0.7644000000000002,0.0526,False,20261002T205037Z-a280a1c0491b4ea4a2023fddd30eaeac,3.0,0.5
KXETH15M-26OCT022100-00,1.05,1790988742.5729392,1790989200.0,yes,0.924,0.7107999999999998,0.0492,False,20261002T205037Z-a280a1c0491b4ea4a2023fddd30eaeac,1.0,0.55
KXETH15M-26OCT022100-00,1.1,1790988748.5915334,1790989200.0,yes,0.9324000000000001,0.6317999999999984,0.0442,False,20261002T205037Z-a280a1c0491b4ea4a2023fddd30eaeac,1.0,0.5
KXETH15M-26OCT022100-00,1.1,1790988747.5864139,1790989200.0,yes,0.9353,0.6046000000000002,0.0424,False,20261002T205037Z-a280a1c0491b4ea4a2023fddd30eaeac,0.5,0.5
KXETH15M-26OCT022100-00,1.1,1790988750.59702,1790989200.0,yes,0.933,0.6262,0.0438,False,20261002T205037Z-a280a1c0491b4ea4a2023fddd30eaeac,3.0,0.5
KXETH15M-26OCT022100-00,1.1,1790988748.5915334,1790989200.0,yes,0.9324000000000001,0.6317999999999984,0.0442,False,20261002T205037Z-a280a1c0491b4ea4a2023fddd30eaeac,1.0,0.55
KXETH15M-26OCT022100-00,1.15,1790988748.5915334,1790989200.0,yes,0.9324000000000001,0.6317999999999984,0.0442,False,20261002T205037Z-a280a1c0491b4ea4a2023fddd30eaeac,1.0,0.5
KXETH15M-26OCT022100-00,1.15,1790988747.5864139,1790989200.0,yes,0.9353,0.6046000000000002,0.0424,False,20261002T205037Z-a280a1c0491b4ea4a2023fddd30eaeac,0.5,0.5
KXETH15M-26OCT022100-00,1.15,1790988750.59702,1790989200.0,yes,0.933,0.6262,0.0438,False,20261002T205037Z-a280a1c0491b4ea4a2023fddd30eaeac,3.0,0.5
KXETH15M-26OCT022100-00,1.15,1790988748.5915334,1790989200.0,yes,0.9324000000000001,0.6317999999999984,0.0442,False,20261002T205037Z-a280a1c0491b4ea4a2023fddd30eaeac,1.0,0.55
KXETH15M-26OCT022100-00,1.2,1790988782.8071046,1790989200.0,yes,0.9191,0.7568999999999992,0.052099999999999994,False,20261002T205037Z-a280a1c0491b4ea4a2023fddd30eaeac,1.0,0.5
KXETH15M-26OCT022100-00,1.2,1790988781.8073897,1790989200.0,yes,0.9193,0.7550000000000003,0.052,False,20261002T205037Z-a280a1c0491b4ea4a2023fddd30eaeac,0.5,0.5
KXETH15M-26OCT022100-00,1.2,1790988784.837205,1790989200.0,yes,0.921,0.7389999999999991,0.051,False,20261002T205037Z-a280a1c0491b4ea4a2023fddd30eaeac,3.0,0.5
KXETH15M-26OCT022100-00,1.2,1790988782.8071046,1790989200.0,yes,0.9191,0.7568999999999992,0.052099999999999994,False,20261002T205037Z-a280a1c0491b4ea4a2023fddd30eaeac,1.0,0.55
KXETH15M-26OCT022100-00,1.25,1790988782.8071046,1790989200.0,yes,0.9191,0.7568999999999992,0.052099999999999994,False,20261002T205037Z-a280a1c0491b4ea4a2023fddd30eaeac,1.0,0.5
KXETH15M-26OCT022100-00,1.25,1790988781.8073897,1790989200.0,yes,0.9193,0.7550000000000003,0.052,False,20261002T205037Z-a280a1c0491b4ea4a2023fddd30eaeac,0.5,0.5
KXETH15M-26OCT022100-00,1.25,1790988784.837205,1790989200.0,yes,0.921,0.7389999999999991,0.051,False,20261002T205037Z-a280a1c0491b4ea4a2023fddd30eaeac,3.0,0.5
KXETH15M-26OCT022100-00,1.25,1790988782.8071046,1790989200.0,yes,0.9191,0.7568999999999992,0.052099999999999994,False,20261002T205037Z-a280a1c0491b4ea4a2023fddd30eaeac,1.0,0.55
KXETH15M-26OCT022100-00,1.3,1790988855.2353766,1790989200.0,yes,0.9491999999999999,0.4742000000000009,0.0338,False,20261002T205037Z-a280a1c0491b4ea4a2023fddd30eaeac,1.0,0.5
KXETH15M-26OCT022100-00,1.3,1790988855.2353766,1790989200.0,yes,0.9491999999999999,0.4742000000000009,0.0338,False,20261002T205037Z-a280a1c0491b4ea4a2023fddd30eaeac,0.5,0.5
KXETH15M-26OCT022100-00,1.3,1790988857.2546556,1790989200.0,yes,0.9490000000000001,0.4760999999999998,0.0339,False,20261002T205037Z-a280a1c0491b4ea4a2023fddd30eaeac,3.0,0.5
KXETH15M-26OCT022100-00,1.3,1790988855.2353766,1790989200.0,yes,0.9491999999999999,0.4742000000000009,0.0338,False,20261002T205037Z-a280a1c0491b4ea4a2023fddd30eaeac,1.0,0.55
KXETH15M-26OCT022100-00,1.35,1790988926.631628,1790989200.0,yes,0.89,1.0313999999999997,0.0686,False,20261002T205037Z-a280a1c0491b4ea4a2023fddd30eaeac,1.0,0.5
KXETH15M-26OCT022100-00,1.35,1790988926.631628,1790989200.0,yes,0.89,1.0313999999999997,0.0686,False,20261002T205037Z-a280a1c0491b4ea4a2023fddd30eaeac,0.5,0.5
KXETH15M-26OCT022100-00,1.35,1790988928.6421432,1790989200.0,yes,0.89,1.0313999999999997,0.0686,False,20261002T205037Z-a280a1c0491b4ea4a2023fddd30eaeac,3.0,0.5
KXETH15M-26OCT022100-00,1.35,1790988926.631628,1790989200.0,yes,0.89,1.0313999999999997,0.0686,False,20261002T205037Z-a280a1c0491b4ea4a2023fddd30eaeac,1.0,0.55
KXETH15M-26OCT022100-00,1.4,1790988926.631628,1790989200.0,yes,0.89,1.0313999999999997,0.0686,False,20261002T205037Z-a280a1c0491b4ea4a2023fddd30eaeac,1.0,0.5
KXETH15M-26OCT022100-00,1.4,1790988926.631628,1790989200.0,yes,0.89,1.0313999999999997,0.0686,False,20261002T205037Z-a280a1c0491b4ea4a2023fddd30eaeac,0.5,0.5
KXETH15M-26OCT022100-00,1.4,1790988928.6421432,1790989200.0,yes,0.89,1.0313999999999997,0.0686,False,20261002T205037Z-a280a1c0491b4ea4a2023fddd30eaeac,3.0,0.5
KXETH15M-26OCT022100-00,1.4,1790988926.631628,1790989200.0,yes,0.89,1.0313999999999997,0.0686,False,20261002T205037Z-a280a1c0491b4ea4a2023fddd30eaeac,1.0,0.55
KXETH15M-26OCT022100-00,1.45,1790988926.631628,1790989200.0,yes,0.89,1.0313999999999997,0.0686,False,20261002T205037Z-a280a1c0491b4ea4a2023fddd30eaeac,1.0,0.5
KXETH15M-26OCT022100-00,1.45,1790988926.631628,1790989200.0,yes,0.89,1.0313999999999997,0.0686,False,20261002T205037Z-a280a1c0491b4ea4a2023fddd30eaeac,0.5,0.5
KXETH15M-26OCT022100-00,1.45,1790988928.6421432,1790989200.0,yes,0.89,1.0313999999999997,0.0686,False,20261002T205037Z-a280a1c0491b4ea4a2023fddd30eaeac,3.0,0.5
KXETH15M-26OCT022100-00,1.45,1790988926.631628,1790989200.0,yes,0.89,1.0313999999999997,0.0686,False,20261002T205037Z-a280a1c0491b4ea4a2023fddd30eaeac,1.0,0.55
KXETH15M-26OCT022100-00,1.5,1790988926.631628,1790989200.0,yes,0.89,1.0313999999999997,0.0686,False,20261002T205037Z-a280a1c0491b4ea4a2023fddd30eaeac,1.0,0.5
KXETH15M-26OCT022100-00,1.5,1790988926.631628,1790989200.0,yes,0.89,1.0313999999999997,0.0686,False,20261002T205037Z-a280a1c0491b4ea4a2023fddd30eaeac,0.5,0.5
KXETH15M-26OCT022100-00,1.5,1790988928.6421432,1790989200.0,yes,0.89,1.0313999999999997,0.0686,False,20261002T205037Z-a280a1c0491b4ea4a2023fddd30eaeac,3.0,0.5
KXETH15M-26OCT022100-00,1.5,1790988926.631628,1790989200.0,yes,0.89,1.0313999999999997,0.0686,False,20261002T205037Z-a280a1c0491b4ea4a2023fddd30eaeac,1.0,0.55
KXETH15M-26OCT022100-00,1.55,1790988926.631628,1790989200.0,yes,0.89,1.0313999999999997,0.0686,False,20261002T205037Z-a280a1c0491b4ea4a2023fddd30eaeac,1.0,0.5
KXETH15M-26OCT022100-00,1.55,1790988926.631628,1790989200.0,yes,0.89,1.0313999999999997,0.0686,False,20261002T205037Z-a280a1c0491b4ea4a2023fddd30eaeac,0.5,0.5
KXETH15M-26OCT022100-00,1.55,1790988928.6421432,1790989200.0,yes,0.89,1.0313999999999997,0.0686,False,20261002T205037Z-a280a1c0491b4ea4a2023fddd30eaeac,3.0,0.5
KXETH15M-26OCT022100-00,1.55,1790988926.631628,1790989200.0,yes,0.89,1.0313999999999997,0.0686,False,20261002T205037Z-a280a1c0491b4ea4a2023fddd30eaeac,1.0,0.55
KXETH15M-26OCT022115-15,0.5,1790989581.518223,1790990100.0,yes,0.8,1.888,0.112,False,20261002T205037Z-a280a1c0491b4ea4a2023fddd30eaeac,1.0,0.5
KXETH15M-26OCT022115-15,0.5,1790989581.518223,1790990100.0,yes,0.8,1.888,0.112,False,20261002T205037Z-a280a1c0491b4ea4a2023fddd30eaeac,0.5,0.5
KXETH15M-26OCT022115-15,0.5,1790989583.5263824,1790990100.0,yes,0.8,1.888,0.112,False,20261002T205037Z-a280a1c0491b4ea4a2023fddd30eaeac,3.0,0.5
KXETH15M-26OCT022115-15,0.5,1790989581.518223,1790990100.0,yes,0.8,1.888,0.112,False,20261002T205037Z-a280a1c0491b4ea4a2023fddd30eaeac,1.0,0.55
KXETH15M-26OCT022115-15,0.55,1790989642.9272559,1790990100.0,yes,0.82,1.6966000000000008,0.1034,False,20261002T205037Z-a280a1c0491b4ea4a2023fddd30eaeac,1.0,0.5
KXETH15M-26OCT022115-15,0.55,1790989641.9234145,1790990100.0,yes,0.82,1.6966000000000008,0.1034,False,20261002T205037Z-a280a1c0491b4ea4a2023fddd30eaeac,0.5,0.5
KXETH15M-26OCT022115-15,0.55,1790989644.938257,1790990100.0,yes,0.8299999999999998,1.601200000000001,0.0988,False,20261002T205037Z-a280a1c0491b4ea4a2023fddd30eaeac,3.0,0.5
KXETH15M-26OCT022115-15,0.55,1790989642.9272559,1790990100.0,yes,0.82,1.6966000000000008,0.1034,False,20261002T205037Z-a280a1c0491b4ea4a2023fddd30eaeac,1.0,0.55
KXETH15M-26OCT022115-15,0.6,1790989649.9631906,1790990100.0,yes,0.86,1.3157000000000003,0.0843,False,20261002T205037Z-a280a1c0491b4ea4a2023fddd30eaeac,1.0,0.5
KXETH15M-26OCT022115-15,0.6,1790989648.9585996,1790990100.0,yes,0.85,1.4107,0.0893,False,20261002T205037Z-a280a1c0491b4ea4a2023fddd30eaeac,0.5,0.5
KXETH15M-26OCT022115-15,0.6,1790989651.974062,1790990100.0,yes,0.86,1.3157000000000003,0.0843,False,20261002T205037Z-a280a1c0491b4ea4a2023fddd30eaeac,3.0,0.5
KXETH15M-26OCT022115-15,0.6,1790989649.9631906,1790990100.0,yes,0.86,1.3157000000000003,0.0843,False,20261002T205037Z-a280a1c0491b4ea4a2023fddd30eaeac,1.0,0.55
KXETH15M-26OCT022115-15,0.65,1790989682.1656969,1790990100.0,yes,0.8699999999999999,1.2208000000000008,0.0792,False,20261002T205037Z-a280a1c0491b4ea4a2023fddd30eaeac,1.0,0.5
KXETH15M-26OCT022115-15,0.65,1790989682.1656969,1790990100.0,yes,0.8699999999999999,1.2208000000000008,0.0792,False,20261002T205037Z-a280a1c0491b4ea4a2023fddd30eaeac,0.5,0.5
KXETH15M-26OCT022115-15,0.65,1790989684.1808105,1790990100.0,yes,0.86,1.3157000000000003,0.0843,False,20261002T205037Z-a280a1c0491b4ea4a2023fddd30eaeac,3.0,0.5
KXETH15M-26OCT022115-15,0.65,1790989682.1656969,1790990100.0,yes,0.8699999999999999,1.2208000000000008,0.0792,False,20261002T205037Z-a280a1c0491b4ea4a2023fddd30eaeac,1.0,0.55
KXETH15M-26OCT022115-15,0.7,1790989708.3062594,1790990100.0,yes,0.9099999999999999,0.8426000000000003,0.0574,False,20261002T205037Z-a280a1c0491b4ea4a2023fddd30eaeac,1.0,0.5
KXETH15M-26OCT022115-15,0.7,1790989707.286138,1790990100.0,yes,0.9099999999999999,0.8426000000000003,0.0574,False,20261002T205037Z-a280a1c0491b4ea4a2023fddd30eaeac,0.5,0.5
KXETH15M-26OCT022115-15,0.7,1790989710.321042,1790990100.0,yes,0.9188600000000001,0.759199999999999,0.052199999999999996,False,20261002T205037Z-a280a1c0491b4ea4a2023fddd30eaeac,3.0,0.5
KXETH15M-26OCT022115-15,0.7,1790989708.3062594,1790990100.0,yes,0.9099999999999999,0.8426000000000003,0.0574,False,20261002T205037Z-a280a1c0491b4ea4a2023fddd30eaeac,1.0,0.55
KXETH15M-26OCT022115-15,0.75,1790989710.321042,1790990100.0,yes,0.9188600000000001,0.759199999999999,0.052199999999999996,False,20261002T205037Z-a280a1c0491b4ea4a2023fddd30eaeac,1.0,0.5
KXETH15M-26OCT022115-15,0.75,1790989710.321042,1790990100.0,yes,0.9188600000000001,0.759199999999999,0.052199999999999996,False,20261002T205037Z-a280a1c0491b4ea4a2023fddd30eaeac,0.5,0.5
KXETH15M-26OCT022115-15,0.75,1790989712.3510764,1790990100.0,yes,0.9235,0.7155000000000006,0.0495,False,20261002T205037Z-a280a1c0491b4ea4a2023fddd30eaeac,3.0,0.5
KXETH15M-26OCT022115-15,0.75,1790989710.321042,1790990100.0,yes,0.9188600000000001,0.759199999999999,0.052199999999999996,False,20261002T205037Z-a280a1c0491b4ea4a2023fddd30eaeac,1.0,0.55
KXETH15M-26OCT022115-15,0.8,1790989718.3864503,1790990100.0,yes,0.927007,0.6824999999999998,0.04742999999999974,False,20261002T205037Z-a280a1c0491b4ea4a2023fddd30eaeac,1.0,0.5
KXETH15M-26OCT022115-15,0.8,1790989718.3864503,1790990100.0,yes,0.927007,0.6824999999999998,0.04742999999999974,False,20261002T205037Z-a280a1c0491b4ea4a2023fddd30eaeac,0.5,0.5
KXETH15M-26OCT022115-15,0.8,1790989720.3913915,1790990100.0,yes,0.9291,0.6627999999999996,0.0462,False,20261002T205037Z-a280a1c0491b4ea4a2023fddd30eaeac,3.0,0.5
KXETH15M-26OCT022115-15,0.8,1790989718.3864503,1790990100.0,yes,0.927007,0.6824999999999998,0.04742999999999974,False,20261002T205037Z-a280a1c0491b4ea4a2023fddd30eaeac,1.0,0.55
KXETH15M-26OCT022115-15,0.85,1790989734.4544787,1790990100.0,yes,0.945,0.5136000000000007,0.0364,False,20261002T205037Z-a280a1c0491b4ea4a2023fddd30eaeac,1.0,0.5
KXETH15M-26OCT022115-15,0.85,1790989734.4544787,1790990100.0,yes,0.945,0.5136000000000007,0.0364,False,20261002T205037Z-a280a1c0491b4ea4a2023fddd30eaeac,0.5,0.5
KXETH15M-26OCT022115-15,0.85,1790989736.4605503,1790990100.0,yes,0.9494519999999997,0.47180000000000216,0.03368,False,20261002T205037Z-a280a1c0491b4ea4a2023fddd30eaeac,3.0,0.5
KXETH15M-26OCT022115-15,0.85,1790989734.4544787,1790990100.0,yes,0.945,0.5136000000000007,0.0364,False,20261002T205037Z-a280a1c0491b4ea4a2023fddd30eaeac,1.0,0.55
KXETH15M-26OCT022115-15,0.9,1790989735.4618967,1790990100.0,yes,0.9464,0.5003999999999996,0.0356,False,20261002T205037Z-a280a1c0491b4ea4a2023fddd30eaeac,1.0,0.5
KXETH15M-26OCT022115-15,0.9,1790989735.4618967,1790990100.0,yes,0.9464,0.5003999999999996,0.0356,False,20261002T205037Z-a280a1c0491b4ea4a2023fddd30eaeac,0.5,0.5
KXETH15M-26OCT022115-15,0.9,1790989737.5094948,1790990100.0,yes,0.9480000000000001,0.48539999999999955,0.0346,False,20261002T205037Z-a280a1c0491b4ea4a2023fddd30eaeac,3.0,0.5
KXETH15M-26OCT022115-15,0.9,1790989735.4618967,1790990100.0,yes,0.9464,0.5003999999999996,0.0356,False,20261002T205037Z-a280a1c0491b4ea4a2023fddd30eaeac,1.0,0.55
KXETH15M-26OCT022115-15,0.95,1790989735.4618967,1790990100.0,yes,0.9464,0.5003999999999996,0.0356,False,20261002T205037Z-a280a1c0491b4ea4a2023fddd30eaeac,1.0,0.5
KXETH15M-26OCT022115-15,0.95,1790989735.4618967,1790990100.0,yes,0.9464,0.5003999999999996,0.0356,False,20261002T205037Z-a280a1c0491b4ea4a2023fddd30eaeac,0.5,0.5
KXETH15M-26OCT022115-15,0.95,1790989737.5094948,1790990100.0,yes,0.9480000000000001,0.48539999999999955,0.0346,False,20261002T205037Z-a280a1c0491b4ea4a2023fddd30eaeac,3.0,0.5
KXETH15M-26OCT022115-15,0.95,1790989735.4618967,1790990100.0,yes,0.9464,0.5003999999999996,0.0356,False,20261002T205037Z-a280a1c0491b4ea4a2023fddd30eaeac,1.0,0.55
KXETH15M-26OCT022115-15,1.0,1790989735.4618967,1790990100.0,yes,0.9464,0.5003999999999996,0.0356,False,20261002T205037Z-a280a1c0491b4ea4a2023fddd30eaeac,1.0,0.5
KXETH15M-26OCT022115-15,1.0,1790989735.4618967,1790990100.0,yes,0.9464,0.5003999999999996,0.0356,False,20261002T205037Z-a280a1c0491b4ea4a2023fddd30eaeac,0.5,0.5
KXETH15M-26OCT022115-15,1.0,1790989737.5094948,1790990100.0,yes,0.9480000000000001,0.48539999999999955,0.0346,False,20261002T205037Z-a280a1c0491b4ea4a2023fddd30eaeac,3.0,0.5
KXETH15M-26OCT022115-15,1.0,1790989735.4618967,1790990100.0,yes,0.9464,0.5003999999999996,0.0356,False,20261002T205037Z-a280a1c0491b4ea4a2023fddd30eaeac,1.0,0.55
KXETH15M-26OCT022115-15,1.05,1790989735.4618967,1790990100.0,yes,0.9464,0.5003999999999996,0.0356,False,20261002T205037Z-a280a1c0491b4ea4a2023fddd30eaeac,1.0,0.5
KXETH15M-26OCT022115-15,1.05,1790989735.4618967,1790990100.0,yes,0.9464,0.5003999999999996,0.0356,False,20261002T205037Z-a280a1c0491b4ea4a2023fddd30eaeac,0.5,0.5
KXETH15M-26OCT022115-15,1.05,1790989737.5094948,1790990100.0,yes,0.9480000000000001,0.48539999999999955,0.0346,False,20261002T205037Z-a280a1c0491b4ea4a2023fddd30eaeac,3.0,0.5
KXETH15M-26OCT022115-15,1.05,1790989735.4618967,1790990100.0,yes,0.9464,0.5003999999999996,0.0356,False,20261002T205037Z-a280a1c0491b4ea4a2023fddd30eaeac,1.0,0.55
KXETH15M-26OCT022115-15,1.1,1790989740.6192062,1790990100.0,yes,0.958,0.3917999999999999,0.0282,False,20261002T205037Z-a280a1c0491b4ea4a2023fddd30eaeac,1.0,0.5
KXETH15M-26OCT022115-15,1.1,1790989740.6192062,1790990100.0,yes,0.958,0.3917999999999999,0.0282,False,20261002T205037Z-a280a1c0491b4ea4a2023fddd30eaeac,0.5,0.5
KXETH15M-26OCT022115-15,1.1,1790989742.5477178,1790990100.0,yes,0.9549999999999998,0.41990000000000105,0.0301,False,20261002T205037Z-a280a1c0491b4ea4a2023fddd30eaeac,3.0,0.5
KXETH15M-26OCT022115-15,1.1,1790989740.6192062,1790990100.0,yes,0.958,0.3917999999999999,0.0282,False,20261002T205037Z-a280a1c0491b4ea4a2023fddd30eaeac,1.0,0.55
KXETH15M-26OCT022115-15,1.15,1790989741.616613,1790990100.0,yes,0.9589000000000001,0.3833999999999996,0.0276,False,20261002T205037Z-a280a1c0491b4ea4a2023fddd30eaeac,1.0,0.5
KXETH15M-26OCT022115-15,1.15,1790989741.616613,1790990100.0,yes,0.9589000000000001,0.3833999999999996,0.0276,False,20261002T205037Z-a280a1c0491b4ea4a2023fddd30eaeac,0.5,0.5
KXETH15M-26OCT022115-15,1.15,1790989743.5420194,1790990100.0,yes,0.9570000000000001,0.40109999999999973,0.0289,False,20261002T205037Z-a280a1c0491b4ea4a2023fddd30eaeac,3.0,0.5
KXETH15M-26OCT022115-15,1.15,1790989741.616613,1790990100.0,yes,0.9589000000000001,0.3833999999999996,0.0276,False,20261002T205037Z-a280a1c0491b4ea4a2023fddd30eaeac,1.0,0.55
KXETH15M-26OCT022115-15,1.2,1790989741.616613,1790990100.0,yes,0.9589000000000001,0.3833999999999996,0.0276,False,20261002T205037Z-a280a1c0491b4ea4a2023fddd30eaeac,1.0,0.5
KXETH15M-26OCT022115-15,1.2,1790989741.616613,1790990100.0,yes,0.9589000000000001,0.3833999999999996,0.0276,False,20261002T205037Z-a280a1c0491b4ea4a2023fddd30eaeac,0.5,0.5
KXETH15M-26OCT022115-15,1.2,1790989743.5420194,1790990100.0,yes,0.9570000000000001,0.40109999999999973,0.0289,False,20261002T205037Z-a280a1c0491b4ea4a2023fddd30eaeac,3.0,0.5
KXETH15M-26OCT022115-15,1.2,1790989741.616613,1790990100.0,yes,0.9589000000000001,0.3833999999999996,0.0276,False,20261002T205037Z-a280a1c0491b4ea4a2023fddd30eaeac,1.0,0.55
KXETH15M-26OCT022115-15,1.25,1790989741.616613,1790990100.0,yes,0.9589000000000001,0.3833999999999996,0.0276,False,20261002T205037Z-a280a1c0491b4ea4a2023fddd30eaeac,1.0,0.5
KXETH15M-26OCT022115-15,1.25,1790989741.616613,1790990100.0,yes,0.9589000000000001,0.3833999999999996,0.0276,False,20261002T205037Z-a280a1c0491b4ea4a2023fddd30eaeac,0.5,0.5
KXETH15M-26OCT022115-15,1.25,1790989743.5420194,1790990100.0,yes,0.9570000000000001,0.40109999999999973,0.0289,False,20261002T205037Z-a280a1c0491b4ea4a2023fddd30eaeac,3.0,0.5
KXETH15M-26OCT022115-15,1.25,1790989741.616613,1790990100.0,yes,0.9589000000000001,0.3833999999999996,0.0276,False,20261002T205037Z-a280a1c0491b4ea4a2023fddd30eaeac,1.0,0.55
KXETH15M-26OCT022115-15,1.3,1790989743.5420194,1790990100.0,yes,0.9570000000000001,0.40109999999999973,0.0289,False,20261002T205037Z-a280a1c0491b4ea4a2023fddd30eaeac,1.0,0.5
KXETH15M-26OCT022115-15,1.3,1790989743.5420194,1790990100.0,yes,0.9570000000000001,0.40109999999999973,0.0289,False,20261002T205037Z-a280a1c0491b4ea4a2023fddd30eaeac,0.5,0.5
KXETH15M-26OCT022115-15,1.3,1790989745.567301,1790990100.0,yes,0.9591999999999998,0.38060000000000127,0.0274,False,20261002T205037Z-a280a1c0491b4ea4a2023fddd30eaeac,3.0,0.5
KXETH15M-26OCT022115-15,1.3,1790989743.5420194,1790990100.0,yes,0.9570000000000001,0.40109999999999973,0.0289,False,20261002T205037Z-a280a1c0491b4ea4a2023fddd30eaeac,1.0,0.55
KXETH15M-26OCT022130-30,0.5,1790990832.4413366,1790991000.0,no,0.919007,0.7577999999999991,0.05213000000000046,False,20261002T205037Z-a280a1c0491b4ea4a2023fddd30eaeac,1.0,0.5
KXETH15M-26OCT022130-30,0.5,1790990832.4413366,1790991000.0,no,0.919007,0.7577999999999991,0.05213000000000046,False,20261002T205037Z-a280a1c0491b4ea4a2023fddd30eaeac,0.5,0.5
KXETH15M-26OCT022130-30,0.5,1790990834.4504774,1790991000.0,no,0.9079,0.8623999999999994,0.0586,False,20261002T205037Z-a280a1c0491b4ea4a2023fddd30eaeac,3.0,0.5
KXETH15M-26OCT022130-30,0.5,1790990832.4413366,1790991000.0,no,0.919007,0.7577999999999991,0.05213000000000046,False,20261002T205037Z-a280a1c0491b4ea4a2023fddd30eaeac,1.0,0.55
KXETH15M-26OCT022130-30,0.55,1790990885.7426305,1790991000.0,no,0.925,0.7014,0.0486,False,20261002T205037Z-a280a1c0491b4ea4a2023fddd30eaeac,1.0,0.5
KXETH15M-26OCT022130-30,0.55,1790990885.7426305,1790991000.0,no,0.925,0.7014,0.0486,False,20261002T205037Z-a280a1c0491b4ea4a2023fddd30eaeac,0.5,0.5
KXETH15M-26OCT022130-30,0.55,1790990887.750324,1790991000.0,no,0.9274000000000001,0.6787999999999991,0.047200000000000006,False,20261002T205037Z-a280a1c0491b4ea4a2023fddd30eaeac,3.0,0.5
KXETH15M-26OCT022130-30,0.55,1790990885.7426305,1790991000.0,no,0.925,0.7014,0.0486,False,20261002T205037Z-a280a1c0491b4ea4a2023fddd30eaeac,1.0,0.55
KXETH15M-26OCT022130-30,0.6,1790990914.9055965,1790991000.0,no,0.9571999999999999,0.3993000000000008,0.0287,False,20261002T205037Z-a280a1c0491b4ea4a2023fddd30eaeac,1.0,0.5
KXETH15M-26OCT022130-30,0.6,1790990913.8980289,1790991000.0,no,0.953,0.43860000000000066,0.0314,False,20261002T205037Z-a280a1c0491b4ea4a2023fddd30eaeac,0.5,0.5
KXETH15M-26OCT022130-30,0.6,1790990914.9055965,1790991000.0,no,0.9571999999999999,0.3993000000000008,0.0287,False,20261002T205037Z-a280a1c0491b4ea4a2023fddd30eaeac,1.0,0.55
KXETH15M-26OCT022130-30,0.65,1790990914.9055965,1790991000.0,no,0.9571999999999999,0.3993000000000008,0.0287,False,20261002T205037Z-a280a1c0491b4ea4a2023fddd30eaeac,1.0,0.5
KXETH15M-26OCT022130-30,0.65,1790990913.8980289,1790991000.0,no,0.953,0.43860000000000066,0.0314,False,20261002T205037Z-a280a1c0491b4ea4a2023fddd30eaeac,0.5,0.5
KXETH15M-26OCT022130-30,0.65,1790990914.9055965,1790991000.0,no,0.9571999999999999,0.3993000000000008,0.0287,False,20261002T205037Z-a280a1c0491b4ea4a2023fddd30eaeac,1.0,0.55
KXETH15M-26OCT022145-45,0.5,1790991302.5056412,1790991900.0,yes,0.8,1.888,0.112,False,20261002T205037Z-a280a1c0491b4ea4a2023fddd30eaeac,1.0,0.5
KXETH15M-26OCT022145-45,0.5,1790991302.5056412,1790991900.0,yes,0.8,1.888,0.112,False,20261002T205037Z-a280a1c0491b4ea4a2023fddd30eaeac,0.5,0.5
KXETH15M-26OCT022145-45,0.5,1790991304.5241654,1790991900.0,yes,0.8100000000000002,1.7921999999999985,0.1078,False,20261002T205037Z-a280a1c0491b4ea4a2023fddd30eaeac,3.0,0.5
KXETH15M-26OCT022145-45,0.5,1790991302.5056412,1790991900.0,yes,0.8,1.888,0.112,False,20261002T205037Z-a280a1c0491b4ea4a2023fddd30eaeac,1.0,0.55
KXETH15M-26OCT022145-45,0.55,1790991322.6347668,1790991900.0,yes,0.8400000000000001,1.5058999999999996,0.0941,False,20261002T205037Z-a280a1c0491b4ea4a2023fddd30eaeac,1.0,0.5
KXETH15M-26OCT022145-45,0.55,1790991322.6347668,1790991900.0,yes,0.8400000000000001,1.5058999999999996,0.0941,False,20261002T205037Z-a280a1c0491b4ea4a2023fddd30eaeac,0.5,0.5
KXETH15M-26OCT022145-45,0.55,1790991324.642753,1790991900.0,yes,0.85,1.4107,0.0893,False,20261002T205037Z-a280a1c0491b4ea4a2023fddd30eaeac,3.0,0.5
KXETH15M-26OCT022145-45,0.55,1790991322.6347668,1790991900.0,yes,0.8400000000000001,1.5058999999999996,0.0941,False,20261002T205037Z-a280a1c0491b4ea4a2023fddd30eaeac,1.0,0.55
KXETH15M-26OCT022145-45,0.6,1790991322.6347668,1790991900.0,yes,0.8400000000000001,1.5058999999999996,0.0941,False,20261002T205037Z-a280a1c0491b4ea4a2023fddd30eaeac,1.0,0.5
KXETH15M-26OCT022145-45,0.6,1790991322.6347668,1790991900.0,yes,0.8400000000000001,1.5058999999999996,0.0941,False,20261002T205037Z-a280a1c0491b4ea4a2023fddd30eaeac,0.5,0.5
KXETH15M-26OCT022145-45,0.6,1790991324.642753,1790991900.0,yes,0.85,1.4107,0.0893,False,20261002T205037Z-a280a1c0491b4ea4a2023fddd30eaeac,3.0,0.5
KXETH15M-26OCT022145-45,0.6,1790991322.6347668,1790991900.0,yes,0.8400000000000001,1.5058999999999996,0.0941,False,20261002T205037Z-a280a1c0491b4ea4a2023fddd30eaeac,1.0,0.55
KXETH15M-26OCT022145-45,0.65,1790991322.6347668,1790991900.0,yes,0.8400000000000001,1.5058999999999996,0.0941,False,20261002T205037Z-a280a1c0491b4ea4a2023fddd30eaeac,1.0,0.5
KXETH15M-26OCT022145-45,0.65,1790991322.6347668,1790991900.0,yes,0.8400000000000001,1.5058999999999996,0.0941,False,20261002T205037Z-a280a1c0491b4ea4a2023fddd30eaeac,0.5,0.5
KXETH15M-26OCT022145-45,0.65,1790991324.642753,1790991900.0,yes,0.85,1.4107,0.0893,False,20261002T205037Z-a280a1c0491b4ea4a2023fddd30eaeac,3.0,0.5
KXETH15M-26OCT022145-45,0.65,1790991322.6347668,1790991900.0,yes,0.8400000000000001,1.5058999999999996,0.0941,False,20261002T205037Z-a280a1c0491b4ea4a2023fddd30eaeac,1.0,0.55
KXETH15M-26OCT022145-45,0.7,1790991330.6738467,1790991900.0,yes,0.8800000000000001,1.1259999999999992,0.074,False,20261002T205037Z-a280a1c0491b4ea4a2023fddd30eaeac,1.0,0.5
KXETH15M-26OCT022145-45,0.7,1790991330.6738467,1790991900.0,yes,0.8800000000000001,1.1259999999999992,0.074,False,20261002T205037Z-a280a1c0491b4ea4a2023fddd30eaeac,0.5,0.5
KXETH15M-26OCT022145-45,0.7,1790991332.6822302,1790991900.0,yes,0.8800000000000001,1.1259999999999992,0.074,False,20261002T205037Z-a280a1c0491b4ea4a2023fddd30eaeac,3.0,0.5
KXETH15M-26OCT022145-45,0.7,1790991330.6738467,1790991900.0,yes,0.8800000000000001,1.1259999999999992,0.074,False,20261002T205037Z-a280a1c0491b4ea4a2023fddd30eaeac,1.0,0.55
KXETH15M-26OCT022145-45,0.75,1790991362.8697736,1790991900.0,yes,0.9099999999999999,0.8426000000000003,0.0574,False,20261002T205037Z-a280a1c0491b4ea4a2023fddd30eaeac,1.0,0.5
KXETH15M-26OCT022145-45,0.75,1790991361.831692,1790991900.0,yes,0.9067999999999999,0.8728000000000004,0.0592,False,20261002T205037Z-a280a1c0491b4ea4a2023fddd30eaeac,0.5,0.5
KXETH15M-26OCT022145-45,0.75,1790991364.8393023,1790991900.0,yes,0.9081000000000001,0.8604999999999987,0.058499999999999996,False,20261002T205037Z-a280a1c0491b4ea4a2023fddd30eaeac,3.0,0.5
KXETH15M-26OCT022145-45,0.75,1790991362.8697736,1790991900.0,yes,0.9099999999999999,0.8426000000000003,0.0574,False,20261002T205037Z-a280a1c0491b4ea4a2023fddd30eaeac,1.0,0.55
KXETH15M-26OCT022145-45,0.8,1790991362.8697736,1790991900.0,yes,0.9099999999999999,0.8426000000000003,0.0574,False,20261002T205037Z-a280a1c0491b4ea4a2023fddd30eaeac,1.0,0.5
KXETH15M-26OCT022145-45,0.8,1790991361.831692,1790991900.0,yes,0.9067999999999999,0.8728000000000004,0.0592,False,20261002T205037Z-a280a1c0491b4ea4a2023fddd30eaeac,0.5,0.5
KXETH15M-26OCT022145-45,0.8,1790991364.8393023,1790991900.0,yes,0.9081000000000001,0.8604999999999987,0.058499999999999996,False,20261002T205037Z-a280a1c0491b4ea4a2023fddd30eaeac,3.0,0.5
KXETH15M-26OCT022145-45,0.8,1790991362.8697736,1790991900.0,yes,0.9099999999999999,0.8426000000000003,0.0574,False,20261002T205037Z-a280a1c0491b4ea4a2023fddd30eaeac,1.0,0.55
KXETH15M-26OCT022145-45,0.85,1790991536.8888497,1790991900.0,yes,0.932,0.6355999999999997,0.0444,False,20261002T205037Z-a280a1c0491b4ea4a2023fddd30eaeac,1.0,0.5
KXETH15M-26OCT022145-45,0.85,1790991535.8851771,1790991900.0,yes,0.9324199999999999,0.6316000000000005,0.04420000000000009,False,20261002T205037Z-a280a1c0491b4ea4a2023fddd30eaeac,0.5,0.5
KXETH15M-26OCT022145-45,0.85,1790991538.9023023,1790991900.0,yes,0.932,0.6355999999999997,0.0444,False,20261002T205037Z-a280a1c0491b4ea4a2023fddd30eaeac,3.0,0.5
KXETH15M-26OCT022145-45,0.85,1790991536.8888497,1790991900.0,yes,0.932,0.6355999999999997,0.0444,False,20261002T205037Z-a280a1c0491b4ea4a2023fddd30eaeac,1.0,0.55
KXETH15M-26OCT022145-45,0.9,1790991536.8888497,1790991900.0,yes,0.932,0.6355999999999997,0.0444,False,20261002T205037Z-a280a1c0491b4ea4a2023fddd30eaeac,1.0,0.5
KXETH15M-26OCT022145-45,0.9,1790991535.8851771,1790991900.0,yes,0.9324199999999999,0.6316000000000005,0.04420000000000009,False,20261002T205037Z-a280a1c0491b4ea4a2023fddd30eaeac,0.5,0.5
KXETH15M-26OCT022145-45,0.9,1790991538.9023023,1790991900.0,yes,0.932,0.6355999999999997,0.0444,False,20261002T205037Z-a280a1c0491b4ea4a2023fddd30eaeac,3.0,0.5
KXETH15M-26OCT022145-45,0.9,1790991536.8888497,1790991900.0,yes,0.932,0.6355999999999997,0.0444,False,20261002T205037Z-a280a1c0491b4ea4a2023fddd30eaeac,1.0,0.55
KXETH15M-26OCT022145-45,0.95,1790991544.9456227,1790991900.0,yes,0.9147000000000001,0.7982999999999998,0.0547,False,20261002T205037Z-a280a1c0491b4ea4a2023fddd30eaeac,1.0,0.5
KXETH15M-26OCT022145-45,0.95,1790991543.940713,1790991900.0,yes,0.9120000000000001,0.823799999999999,0.0562,False,20261002T205037Z-a280a1c0491b4ea4a2023fddd30eaeac,0.5,0.5
KXETH15M-26OCT022145-45,0.95,1790991546.9485795,1790991900.0,yes,0.9243,0.7079999999999996,0.049,False,20261002T205037Z-a280a1c0491b4ea4a2023fddd30eaeac,3.0,0.5
KXETH15M-26OCT022145-45,0.95,1790991544.9456227,1790991900.0,yes,0.9147000000000001,0.7982999999999998,0.0547,False,20261002T205037Z-a280a1c0491b4ea4a2023fddd30eaeac,1.0,0.55
KXETH15M-26OCT022145-45,1.0,1790991554.0306208,1790991900.0,yes,0.9469999999999998,0.49480000000000113,0.0352,False,20261002T205037Z-a280a1c0491b4ea4a2023fddd30eaeac,1.0,0.5
KXETH15M-26OCT022145-45,1.0,1790991554.0306208,1790991900.0,yes,0.9469999999999998,0.49480000000000113,0.0352,False,20261002T205037Z-a280a1c0491b4ea4a2023fddd30eaeac,0.5,0.5
KXETH15M-26OCT022145-45,1.0,1790991556.0364282,1790991900.0,yes,0.9482999999999999,0.48260000000000125,0.0344,False,20261002T205037Z-a280a1c0491b4ea4a2023fddd30eaeac,3.0,0.5
KXETH15M-26OCT022145-45,1.0,1790991554.0306208,1790991900.0,yes,0.9469999999999998,0.49480000000000113,0.0352,False,20261002T205037Z-a280a1c0491b4ea4a2023fddd30eaeac,1.0,0.55
KXETH15M-26OCT022145-45,1.05,1790991555.0356498,1790991900.0,yes,0.953,0.43860000000000066,0.0314,False,20261002T205037Z-a280a1c0491b4ea4a2023fddd30eaeac,1.0,0.5
KXETH15M-26OCT022145-45,1.05,1790991555.0356498,1790991900.0,yes,0.953,0.43860000000000066,0.0314,False,20261002T205037Z-a280a1c0491b4ea4a2023fddd30eaeac,0.5,0.5
KXETH15M-26OCT022145-45,1.05,1790991557.0447013,1790991900.0,yes,0.9501999999999999,0.4648000000000011,0.0332,False,20261002T205037Z-a280a1c0491b4ea4a2023fddd30eaeac,3.0,0.5
KXETH15M-26OCT022145-45,1.05,1790991555.0356498,1790991900.0,yes,0.953,0.43860000000000066,0.0314,False,20261002T205037Z-a280a1c0491b4ea4a2023fddd30eaeac,1.0,0.55
KXETH15M-26OCT022200-00,0.5,1790992373.4036114,1790992800.0,no,0.8,1.888,0.112,False,20261002T205037Z-a280a1c0491b4ea4a2023fddd30eaeac,1.0,0.5
KXETH15M-26OCT022200-00,0.5,1790992373.4036114,1790992800.0,no,0.8,1.888,0.112,False,20261002T205037Z-a280a1c0491b4ea4a2023fddd30eaeac,0.5,0.5
KXETH15M-26OCT022200-00,0.5,1790992375.4131408,1790992800.0,no,0.8,1.888,0.112,False,20261002T205037Z-a280a1c0491b4ea4a2023fddd30eaeac,3.0,0.5
KXETH15M-26OCT022200-00,0.5,1790992373.4036114,1790992800.0,no,0.8,1.888,0.112,False,20261002T205037Z-a280a1c0491b4ea4a2023fddd30eaeac,1.0,0.55
KXETH15M-26OCT022200-00,0.55,1790992373.4036114,1790992800.0,no,0.8,1.888,0.112,False,20261002T205037Z-a280a1c0491b4ea4a2023fddd30eaeac,1.0,0.5
KXETH15M-26OCT022200-00,0.55,1790992373.4036114,1790992800.0,no,0.8,1.888,0.112,False,20261002T205037Z-a280a1c0491b4ea4a2023fddd30eaeac,0.5,0.5
KXETH15M-26OCT022200-00,0.55,1790992375.4131408,1790992800.0,no,0.8,1.888,0.112,False,20261002T205037Z-a280a1c0491b4ea4a2023fddd30eaeac,3.0,0.5
KXETH15M-26OCT022200-00,0.55,1790992373.4036114,1790992800.0,no,0.8,1.888,0.112,False,20261002T205037Z-a280a1c0491b4ea4a2023fddd30eaeac,1.0,0.55
KXETH15M-26OCT022200-00,0.6,1790992381.449757,1790992800.0,no,0.8299999999999998,1.601200000000001,0.0988,False,20261002T205037Z-a280a1c0491b4ea4a2023fddd30eaeac,1.0,0.5
KXETH15M-26OCT022200-00,0.6,1790992381.449757,1790992800.0,no,0.8299999999999998,1.601200000000001,0.0988,False,20261002T205037Z-a280a1c0491b4ea4a2023fddd30eaeac,0.5,0.5
KXETH15M-26OCT022200-00,0.6,1790992383.4592655,1790992800.0,no,0.8299999999999998,1.601200000000001,0.0988,False,20261002T205037Z-a280a1c0491b4ea4a2023fddd30eaeac,3.0,0.5
KXETH15M-26OCT022200-00,0.6,1790992381.449757,1790992800.0,no,0.8299999999999998,1.601200000000001,0.0988,False,20261002T205037Z-a280a1c0491b4ea4a2023fddd30eaeac,1.0,0.55
KXETH15M-26OCT022200-00,0.65,1790992381.449757,1790992800.0,no,0.8299999999999998,1.601200000000001,0.0988,False,20261002T205037Z-a280a1c0491b4ea4a2023fddd30eaeac,1.0,0.5
KXETH15M-26OCT022200-00,0.65,1790992381.449757,1790992800.0,no,0.8299999999999998,1.601200000000001,0.0988,False,20261002T205037Z-a280a1c0491b4ea4a2023fddd30eaeac,0.5,0.5
KXETH15M-26OCT022200-00,0.65,1790992383.4592655,1790992800.0,no,0.8299999999999998,1.601200000000001,0.0988,False,20261002T205037Z-a280a1c0491b4ea4a2023fddd30eaeac,3.0,0.5
KXETH15M-26OCT022200-00,0.65,1790992381.449757,1790992800.0,no,0.8299999999999998,1.601200000000001,0.0988,False,20261002T205037Z-a280a1c0491b4ea4a2023fddd30eaeac,1.0,0.55
KXETH15M-26OCT022200-00,0.7,1790992382.4538753,1790992800.0,no,0.8299999999999998,1.601200000000001,0.0988,False,20261002T205037Z-a280a1c0491b4ea4a2023fddd30eaeac,1.0,0.5
KXETH15M-26OCT022200-00,0.7,1790992382.4538753,1790992800.0,no,0.8299999999999998,1.601200000000001,0.0988,False,20261002T205037Z-a280a1c0491b4ea4a2023fddd30eaeac,0.5,0.5
KXETH15M-26OCT022200-00,0.7,1790992384.4657645,1790992800.0,no,0.8299999999999998,1.601200000000001,0.0988,False,20261002T205037Z-a280a1c0491b4ea4a2023fddd30eaeac,3.0,0.5
KXETH15M-26OCT022200-00,0.7,1790992382.4538753,1790992800.0,no,0.8299999999999998,1.601200000000001,0.0988,False,20261002T205037Z-a280a1c0491b4ea4a2023fddd30eaeac,1.0,0.55
KXETH15M-26OCT022200-00,0.75,1790992420.641463,1790992800.0,no,0.8699999999999999,1.2208000000000008,0.0792,False,20261002T205037Z-a280a1c0491b4ea4a2023fddd30eaeac,1.0,0.5
KXETH15M-26OCT022200-00,0.75,1790992419.6361446,1790992800.0,no,0.8699999999999999,1.2208000000000008,0.0792,False,20261002T205037Z-a280a1c0491b4ea4a2023fddd30eaeac,0.5,0.5
KXETH15M-26OCT022200-00,0.75,1790992422.6647983,1790992800.0,no,0.9098580000000001,0.8439999999999999,0.05742,False,20261002T205037Z-a280a1c0491b4ea4a2023fddd30eaeac,3.0,0.5
KXETH15M-26OCT022200-00,0.75,1790992420.641463,1790992800.0,no,0.8699999999999999,1.2208000000000008,0.0792,False,20261002T205037Z-a280a1c0491b4ea4a2023fddd30eaeac,1.0,0.55
KXETH15M-26OCT022200-00,0.8,1790992422.6647983,1790992800.0,no,0.9098580000000001,0.8439999999999999,0.05742,False,20261002T205037Z-a280a1c0491b4ea4a2023fddd30eaeac,1.0,0.5
KXETH15M-26OCT022200-00,0.8,1790992422.6647983,1790992800.0,no,0.9098580000000001,0.8439999999999999,0.05742,False,20261002T205037Z-a280a1c0491b4ea4a2023fddd30eaeac,0.5,0.5
KXETH15M-26OCT022200-00,0.8,1790992424.6966882,1790992800.0,no,0.914,0.8048999999999994,0.0551,False,20261002T205037Z-a280a1c0491b4ea4a2023fddd30eaeac,3.0,0.5
KXETH15M-26OCT022200-00,0.8,1790992422.6647983,1790992800.0,no,0.9098580000000001,0.8439999999999999,0.05742,False,20261002T205037Z-a280a1c0491b4ea4a2023fddd30eaeac,1.0,0.55
KXETH15M-26OCT022200-00,0.85,1790992422.6647983,1790992800.0,no,0.9098580000000001,0.8439999999999999,0.05742,False,20261002T205037Z-a280a1c0491b4ea4a2023fddd30eaeac,1.0,0.5
KXETH15M-26OCT022200-00,0.85,1790992422.6647983,1790992800.0,no,0.9098580000000001,0.8439999999999999,0.05742,False,20261002T205037Z-a280a1c0491b4ea4a2023fddd30eaeac,0.5,0.5
KXETH15M-26OCT022200-00,0.85,1790992424.6966882,1790992800.0,no,0.914,0.8048999999999994,0.0551,False,20261002T205037Z-a280a1c0491b4ea4a2023fddd30eaeac,3.0,0.5
KXETH15M-26OCT022200-00,0.85,1790992422.6647983,1790992800.0,no,0.9098580000000001,0.8439999999999999,0.05742,False,20261002T205037Z-a280a1c0491b4ea4a2023fddd30eaeac,1.0,0.55
KXETH15M-26OCT022200-00,0.9,1790992422.6647983,1790992800.0,no,0.9098580000000001,0.8439999999999999,0.05742,False,20261002T205037Z-a280a1c0491b4ea4a2023fddd30eaeac,1.0,0.5
KXETH15M-26OCT022200-00,0.9,1790992422.6647983,1790992800.0,no,0.9098580000000001,0.8439999999999999,0.05742,False,20261002T205037Z-a280a1c0491b4ea4a2023fddd30eaeac,0.5,0.5
KXETH15M-26OCT022200-00,0.9,1790992424.6966882,1790992800.0,no,0.914,0.8048999999999994,0.0551,False,20261002T205037Z-a280a1c0491b4ea4a2023fddd30eaeac,3.0,0.5
KXETH15M-26OCT022200-00,0.9,1790992422.6647983,1790992800.0,no,0.9098580000000001,0.8439999999999999,0.05742,False,20261002T205037Z-a280a1c0491b4ea4a2023fddd30eaeac,1.0,0.55
KXETH15M-26OCT022200-00,0.95,1790992422.6647983,1790992800.0,no,0.9098580000000001,0.8439999999999999,0.05742,False,20261002T205037Z-a280a1c0491b4ea4a2023fddd30eaeac,1.0,0.5
KXETH15M-26OCT022200-00,0.95,1790992422.6647983,1790992800.0,no,0.9098580000000001,0.8439999999999999,0.05742,False,20261002T205037Z-a280a1c0491b4ea4a2023fddd30eaeac,0.5,0.5
KXETH15M-26OCT022200-00,0.95,1790992424.6966882,1790992800.0,no,0.914,0.8048999999999994,0.0551,False,20261002T205037Z-a280a1c0491b4ea4a2023fddd30eaeac,3.0,0.5
KXETH15M-26OCT022200-00,0.95,1790992422.6647983,1790992800.0,no,0.9098580000000001,0.8439999999999999,0.05742,False,20261002T205037Z-a280a1c0491b4ea4a2023fddd30eaeac,1.0,0.55
KXETH15M-26OCT022200-00,1.0,1790992424.6966882,1790992800.0,no,0.914,0.8048999999999994,0.0551,False,20261002T205037Z-a280a1c0491b4ea4a2023fddd30eaeac,1.0,0.5
KXETH15M-26OCT022200-00,1.0,1790992423.6848366,1790992800.0,no,0.9167,0.7795000000000002,0.0535,False,20261002T205037Z-a280a1c0491b4ea4a2023fddd30eaeac,0.5,0.5
KXETH15M-26OCT022200-00,1.0,1790992426.7317972,1790992800.0,no,0.9169,0.7775999999999995,0.0534,False,20261002T205037Z-a280a1c0491b4ea4a2023fddd30eaeac,3.0,0.5
KXETH15M-26OCT022200-00,1.0,1790992424.6966882,1790992800.0,no,0.914,0.8048999999999994,0.0551,False,20261002T205037Z-a280a1c0491b4ea4a2023fddd30eaeac,1.0,0.55
KXETH15M-26OCT022200-00,1.05,1790992442.8264241,1790992800.0,no,0.9154,0.7917000000000001,0.0543,False,20261002T205037Z-a280a1c0491b4ea4a2023fddd30eaeac,1.0,0.5
KXETH15M-26OCT022200-00,1.05,1790992442.8264241,1790992800.0,no,0.9154,0.7917000000000001,0.0543,False,20261002T205037Z-a280a1c0491b4ea4a2023fddd30eaeac,0.5,0.5
KXETH15M-26OCT022200-00,1.05,1790992444.8322597,1790992800.0,no,0.9132999999999999,0.8115000000000009,0.0555,False,20261002T205037Z-a280a1c0491b4ea4a2023fddd30eaeac,3.0,0.5
KXETH15M-26OCT022200-00,1.05,1790992442.8264241,1790992800.0,no,0.9154,0.7917000000000001,0.0543,False,20261002T205037Z-a280a1c0491b4ea4a2023fddd30eaeac,1.0,0.55
KXETH15M-26OCT022200-00,1.1,1790992448.836561,1790992800.0,no,0.9182,0.7653999999999996,0.0526,False,20261002T205037Z-a280a1c0491b4ea4a2023fddd30eaeac,1.0,0.5
KXETH15M-26OCT022200-00,1.1,1790992447.8360045,1790992800.0,no,0.9179999999999999,0.7673000000000003,0.0527,False,20261002T205037Z-a280a1c0491b4ea4a2023fddd30eaeac,0.5,0.5
KXETH15M-26OCT022200-00,1.1,1790992450.839348,1790992800.0,no,0.9195,0.7530999999999997,0.0519,False,20261002T205037Z-a280a1c0491b4ea4a2023fddd30eaeac,3.0,0.5
KXETH15M-26OCT022200-00,1.1,1790992448.836561,1790992800.0,no,0.9182,0.7653999999999996,0.0526,False,20261002T205037Z-a280a1c0491b4ea4a2023fddd30eaeac,1.0,0.55
KXETH15M-26OCT022200-00,1.15,1790992472.9954076,1790992800.0,no,0.9247,0.7042000000000002,0.0488,False,20261002T205037Z-a280a1c0491b4ea4a2023fddd30eaeac,1.0,0.5
KXETH15M-26OCT022200-00,1.15,1790992471.99005,1790992800.0,no,0.9244,0.7070000000000002,0.049,False,20261002T205037Z-a280a1c0491b4ea4a2023fddd30eaeac,0.5,0.5
KXETH15M-26OCT022200-00,1.15,1790992475.0040522,1790992800.0,no,0.9234,0.7164,0.0496,False,20261002T205037Z-a280a1c0491b4ea4a2023fddd30eaeac,3.0,0.5
KXETH15M-26OCT022200-00,1.15,1790992472.9954076,1790992800.0,no,0.9247,0.7042000000000002,0.0488,False,20261002T205037Z-a280a1c0491b4ea4a2023fddd30eaeac,1.0,0.55
KXETH15M-26OCT022200-00,1.2,1790992488.0708158,1790992800.0,no,0.9410999999999999,0.5501000000000004,0.038900000000000004,False,20261002T205037Z-a280a1c0491b4ea4a2023fddd30eaeac,1.0,0.5
KXETH15M-26OCT022200-00,1.2,1790992487.087385,1790992800.0,no,0.9464,0.5003999999999996,0.0356,False,20261002T205037Z-a280a1c0491b4ea4a2023fddd30eaeac,0.5,0.5
KXETH15M-26OCT022200-00,1.2,1790992490.114827,1790992800.0,no,0.945,0.5136000000000007,0.0364,False,20261002T205037Z-a280a1c0491b4ea4a2023fddd30eaeac,3.0,0.5
KXETH15M-26OCT022200-00,1.2,1790992488.0708158,1790992800.0,no,0.9410999999999999,0.5501000000000004,0.038900000000000004,False,20261002T205037Z-a280a1c0491b4ea4a2023fddd30eaeac,1.0,0.55
KXETH15M-26OCT022200-00,1.25,1790992500.2450535,1790992800.0,no,0.953,0.43860000000000066,0.0314,False,20261002T205037Z-a280a1c0491b4ea4a2023fddd30eaeac,1.0,0.5
KXETH15M-26OCT022200-00,1.25,1790992500.2450535,1790992800.0,no,0.953,0.43860000000000066,0.0314,False,20261002T205037Z-a280a1c0491b4ea4a2023fddd30eaeac,0.5,0.5
KXETH15M-26OCT022200-00,1.25,1790992502.2057807,1790992800.0,no,0.9276,0.6769000000000002,0.0471,False,20261002T205037Z-a280a1c0491b4ea4a2023fddd30eaeac,3.0,0.5
KXETH15M-26OCT022200-00,1.25,1790992500.2450535,1790992800.0,no,0.953,0.43860000000000066,0.0314,False,20261002T205037Z-a280a1c0491b4ea4a2023fddd30eaeac,1.0,0.55
KXETH15M-26OCT022200-00,1.3,1790992501.468899,1790992800.0,no,0.9213000000000001,0.7361999999999991,0.050800000000000005,False,20261002T205037Z-a280a1c0491b4ea4a2023fddd30eaeac,1.0,0.5
KXETH15M-26OCT022200-00,1.3,1790992501.468899,1790992800.0,no,0.9213000000000001,0.7361999999999991,0.050800000000000005,False,20261002T205037Z-a280a1c0491b4ea4a2023fddd30eaeac,0.5,0.5
KXETH15M-26OCT022200-00,1.3,1790992503.2334971,1790992800.0,no,0.9324000000000001,0.6317999999999984,0.0442,False,20261002T205037Z-a280a1c0491b4ea4a2023fddd30eaeac,3.0,0.5
KXETH15M-26OCT022200-00,1.3,1790992501.468899,1790992800.0,no,0.9213000000000001,0.7361999999999991,0.050800000000000005,False,20261002T205037Z-a280a1c0491b4ea4a2023fddd30eaeac,1.0,0.55
KXETH15M-26OCT022200-00,1.35,1790992501.468899,1790992800.0,no,0.9213000000000001,0.7361999999999991,0.050800000000000005,False,20261002T205037Z-a280a1c0491b4ea4a2023fddd30eaeac,1.0,0.5
KXETH15M-26OCT022200-00,1.35,1790992501.468899,1790992800.0,no,0.9213000000000001,0.7361999999999991,0.050800000000000005,False,20261002T205037Z-a280a1c0491b4ea4a2023fddd30eaeac,0.5,0.5
KXETH15M-26OCT022200-00,1.35,1790992503.2334971,1790992800.0,no,0.9324000000000001,0.6317999999999984,0.0442,False,20261002T205037Z-a280a1c0491b4ea4a2023fddd30eaeac,3.0,0.5
KXETH15M-26OCT022200-00,1.35,1790992501.468899,1790992800.0,no,0.9213000000000001,0.7361999999999991,0.050800000000000005,False,20261002T205037Z-a280a1c0491b4ea4a2023fddd30eaeac,1.0,0.55
KXETH15M-26OCT022200-00,1.4,1790992562.5698352,1790992800.0,no,0.9559999999999998,0.4105000000000013,0.0295,False,20261002T205037Z-a280a1c0491b4ea4a2023fddd30eaeac,1.0,0.5
KXETH15M-26OCT022200-00,1.4,1790992562.5698352,1790992800.0,no,0.9559999999999998,0.4105000000000013,0.0295,False,20261002T205037Z-a280a1c0491b4ea4a2023fddd30eaeac,0.5,0.5
KXETH15M-26OCT022200-00,1.4,1790992564.5839055,1790992800.0,no,0.958,0.3917999999999999,0.0282,False,20261002T205037Z-a280a1c0491b4ea4a2023fddd30eaeac,3.0,0.5
KXETH15M-26OCT022200-00,1.4,1790992562.5698352,1790992800.0,no,0.9559999999999998,0.4105000000000013,0.0295,False,20261002T205037Z-a280a1c0491b4ea4a2023fddd30eaeac,1.0,0.55
KXETH15M-26OCT022200-00,1.45,1790992568.6211772,1790992800.0,no,0.96,0.3731000000000004,0.0269,False,20261002T205037Z-a280a1c0491b4ea4a2023fddd30eaeac,1.0,0.5
KXETH15M-26OCT022200-00,1.45,1790992567.6148908,1790992800.0,no,0.959,0.38240000000000013,0.0276,False,20261002T205037Z-a280a1c0491b4ea4a2023fddd30eaeac,0.5,0.5
KXETH15M-26OCT022200-00,1.45,1790992570.6343174,1790992800.0,no,0.959,0.38240000000000013,0.0276,False,20261002T205037Z-a280a1c0491b4ea4a2023fddd30eaeac,3.0,0.5
KXETH15M-26OCT022200-00,1.45,1790992568.6211772,1790992800.0,no,0.96,0.3731000000000004,0.0269,False,20261002T205037Z-a280a1c0491b4ea4a2023fddd30eaeac,1.0,0.55
KXETH15M-26OCT022215-15,0.5,1790993159.564312,1790993700.0,no,0.8,1.888,0.112,False,20261002T205037Z-a280a1c0491b4ea4a2023fddd30eaeac,1.0,0.5
KXETH15M-26OCT022215-15,0.5,1790993159.564312,1790993700.0,no,0.8,1.888,0.112,False,20261002T205037Z-a280a1c0491b4ea4a2023fddd30eaeac,0.5,0.5
KXETH15M-26OCT022215-15,0.5,1790993161.5967119,1790993700.0,no,0.82,1.6966000000000008,0.1034,False,20261002T205037Z-a280a1c0491b4ea4a2023fddd30eaeac,3.0,0.5
KXETH15M-26OCT022215-15,0.5,1790993159.564312,1790993700.0,no,0.8,1.888,0.112,False,20261002T205037Z-a280a1c0491b4ea4a2023fddd30eaeac,1.0,0.55
KXETH15M-26OCT022215-15,0.55,1790993163.6215065,1790993700.0,no,0.82,1.6966000000000008,0.1034,False,20261002T205037Z-a280a1c0491b4ea4a2023fddd30eaeac,1.0,0.5
KXETH15M-26OCT022215-15,0.55,1790993163.6215065,1790993700.0,no,0.82,1.6966000000000008,0.1034,False,20261002T205037Z-a280a1c0491b4ea4a2023fddd30eaeac,0.5,0.5
KXETH15M-26OCT022215-15,0.55,1790993165.6340363,1790993700.0,no,0.82,1.6966000000000008,0.1034,False,20261002T205037Z-a280a1c0491b4ea4a2023fddd30eaeac,3.0,0.5
KXETH15M-26OCT022215-15,0.55,1790993163.6215065,1790993700.0,no,0.82,1.6966000000000008,0.1034,False,20261002T205037Z-a280a1c0491b4ea4a2023fddd30eaeac,1.0,0.55
KXETH15M-26OCT022215-15,0.6,1790993163.6215065,1790993700.0,no,0.82,1.6966000000000008,0.1034,False,20261002T205037Z-a280a1c0491b4ea4a2023fddd30eaeac,1.0,0.5
KXETH15M-26OCT022215-15,0.6,1790993163.6215065,1790993700.0,no,0.82,1.6966000000000008,0.1034,False,20261002T205037Z-a280a1c0491b4ea4a2023fddd30eaeac,0.5,0.5
KXETH15M-26OCT022215-15,0.6,1790993165.6340363,1790993700.0,no,0.82,1.6966000000000008,0.1034,False,20261002T205037Z-a280a1c0491b4ea4a2023fddd30eaeac,3.0,0.5
KXETH15M-26OCT022215-15,0.6,1790993163.6215065,1790993700.0,no,0.82,1.6966000000000008,0.1034,False,20261002T205037Z-a280a1c0491b4ea4a2023fddd30eaeac,1.0,0.55
KXETH15M-26OCT022215-15,0.65,1790993165.6340363,1790993700.0,no,0.82,1.6966000000000008,0.1034,False,20261002T205037Z-a280a1c0491b4ea4a2023fddd30eaeac,1.0,0.5
KXETH15M-26OCT022215-15,0.65,1790993164.6299028,1790993700.0,no,0.82,1.6966000000000008,0.1034,False,20261002T205037Z-a280a1c0491b4ea4a2023fddd30eaeac,0.5,0.5
KXETH15M-26OCT022215-15,0.65,1790993167.6465433,1790993700.0,no,0.8299999999999998,1.601200000000001,0.0988,False,20261002T205037Z-a280a1c0491b4ea4a2023fddd30eaeac,3.0,0.5
KXETH15M-26OCT022215-15,0.65,1790993165.6340363,1790993700.0,no,0.82,1.6966000000000008,0.1034,False,20261002T205037Z-a280a1c0491b4ea4a2023fddd30eaeac,1.0,0.55
KXETH15M-26OCT022215-15,0.7,1790993165.6340363,1790993700.0,no,0.82,1.6966000000000008,0.1034,False,20261002T205037Z-a280a1c0491b4ea4a2023fddd30eaeac,1.0,0.5
KXETH15M-26OCT022215-15,0.7,1790993164.6299028,1790993700.0,no,0.82,1.6966000000000008,0.1034,False,20261002T205037Z-a280a1c0491b4ea4a2023fddd30eaeac,0.5,0.5
KXETH15M-26OCT022215-15,0.7,1790993167.6465433,1790993700.0,no,0.8299999999999998,1.601200000000001,0.0988,False,20261002T205037Z-a280a1c0491b4ea4a2023fddd30eaeac,3.0,0.5
KXETH15M-26OCT022215-15,0.7,1790993165.6340363,1790993700.0,no,0.82,1.6966000000000008,0.1034,False,20261002T205037Z-a280a1c0491b4ea4a2023fddd30eaeac,1.0,0.55
KXETH15M-26OCT022215-15,0.75,1790993179.7031832,1790993700.0,no,0.86,1.3157000000000003,0.0843,False,20261002T205037Z-a280a1c0491b4ea4a2023fddd30eaeac,1.0,0.5
KXETH15M-26OCT022215-15,0.75,1790993178.700442,1790993700.0,no,0.8400000000000001,1.5058999999999996,0.0941,False,20261002T205037Z-a280a1c0491b4ea4a2023fddd30eaeac,0.5,0.5
KXETH15M-26OCT022215-15,0.75,1790993181.7206726,1790993700.0,no,0.86,1.3157000000000003,0.0843,False,20261002T205037Z-a280a1c0491b4ea4a2023fddd30eaeac,3.0,0.5
KXETH15M-26OCT022215-15,0.75,1790993179.7031832,1790993700.0,no,0.86,1.3157000000000003,0.0843,False,20261002T205037Z-a280a1c0491b4ea4a2023fddd30eaeac,1.0,0.55
KXETH15M-26OCT022215-15,0.8,1790993192.774776,1790993700.0,no,0.8699999999999999,1.2208000000000008,0.0792,False,20261002T205037Z-a280a1c0491b4ea4a2023fddd30eaeac,1.0,0.5
KXETH15M-26OCT022215-15,0.8,1790993192.774776,1790993700.0,no,0.8699999999999999,1.2208000000000008,0.0792,False,20261002T205037Z-a280a1c0491b4ea4a2023fddd30eaeac,0.5,0.5
KXETH15M-26OCT022215-15,0.8,1790993194.7818992,1790993700.0,no,0.8800000000000001,1.1259999999999992,0.074,False,20261002T205037Z-a280a1c0491b4ea4a2023fddd30eaeac,3.0,0.5
KXETH15M-26OCT022215-15,0.8,1790993192.774776,1790993700.0,no,0.8699999999999999,1.2208000000000008,0.0792,False,20261002T205037Z-a280a1c0491b4ea4a2023fddd30eaeac,1.0,0.55
KXETH15M-26OCT022215-15,0.85,1790993199.7934153,1790993700.0,no,0.943,0.5323000000000003,0.0377,False,20261002T205037Z-a280a1c0491b4ea4a2023fddd30eaeac,1.0,0.5
KXETH15M-26OCT022215-15,0.85,1790993199.7934153,1790993700.0,no,0.943,0.5323000000000003,0.0377,False,20261002T205037Z-a280a1c0491b4ea4a2023fddd30eaeac,0.5,0.5
KXETH15M-26OCT022215-15,0.85,1790993201.8114467,1790993700.0,no,0.9498,0.4686000000000007,0.0334,False,20261002T205037Z-a280a1c0491b4ea4a2023fddd30eaeac,3.0,0.5
KXETH15M-26OCT022215-15,0.85,1790993199.7934153,1790993700.0,no,0.943,0.5323000000000003,0.0377,False,20261002T205037Z-a280a1c0491b4ea4a2023fddd30eaeac,1.0,0.55
KXETH15M-26OCT022215-15,0.9,1790993199.7934153,1790993700.0,no,0.943,0.5323000000000003,0.0377,False,20261002T205037Z-a280a1c0491b4ea4a2023fddd30eaeac,1.0,0.5
KXETH15M-26OCT022215-15,0.9,1790993199.7934153,1790993700.0,no,0.943,0.5323000000000003,0.0377,False,20261002T205037Z-a280a1c0491b4ea4a2023fddd30eaeac,0.5,0.5
KXETH15M-26OCT022215-15,0.9,1790993201.8114467,1790993700.0,no,0.9498,0.4686000000000007,0.0334,False,20261002T205037Z-a280a1c0491b4ea4a2023fddd30eaeac,3.0,0.5
KXETH15M-26OCT022215-15,0.9,1790993199.7934153,1790993700.0,no,0.943,0.5323000000000003,0.0377,False,20261002T205037Z-a280a1c0491b4ea4a2023fddd30eaeac,1.0,0.55
KXETH15M-26OCT022215-15,0.95,1790993199.7934153,1790993700.0,no,0.943,0.5323000000000003,0.0377,False,20261002T205037Z-a280a1c0491b4ea4a2023fddd30eaeac,1.0,0.5
KXETH15M-26OCT022215-15,0.95,1790993199.7934153,1790993700.0,no,0.943,0.5323000000000003,0.0377,False,20261002T205037Z-a280a1c0491b4ea4a2023fddd30eaeac,0.5,0.5
KXETH15M-26OCT022215-15,0.95,1790993201.8114467,1790993700.0,no,0.9498,0.4686000000000007,0.0334,False,20261002T205037Z-a280a1c0491b4ea4a2023fddd30eaeac,3.0,0.5
KXETH15M-26OCT022215-15,0.95,1790993199.7934153,1790993700.0,no,0.943,0.5323000000000003,0.0377,False,20261002T205037Z-a280a1c0491b4ea4a2023fddd30eaeac,1.0,0.55
KXETH15M-26OCT022215-15,1.0,1790993199.7934153,1790993700.0,no,0.943,0.5323000000000003,0.0377,False,20261002T205037Z-a280a1c0491b4ea4a2023fddd30eaeac,1.0,0.5
KXETH15M-26OCT022215-15,1.0,1790993199.7934153,1790993700.0,no,0.943,0.5323000000000003,0.0377,False,20261002T205037Z-a280a1c0491b4ea4a2023fddd30eaeac,0.5,0.5
KXETH15M-26OCT022215-15,1.0,1790993201.8114467,1790993700.0,no,0.9498,0.4686000000000007,0.0334,False,20261002T205037Z-a280a1c0491b4ea4a2023fddd30eaeac,3.0,0.5
KXETH15M-26OCT022215-15,1.0,1790993199.7934153,1790993700.0,no,0.943,0.5323000000000003,0.0377,False,20261002T205037Z-a280a1c0491b4ea4a2023fddd30eaeac,1.0,0.55
KXETH15M-26OCT022215-15,1.05,1790993199.7934153,1790993700.0,no,0.943,0.5323000000000003,0.0377,False,20261002T205037Z-a280a1c0491b4ea4a2023fddd30eaeac,1.0,0.5
KXETH15M-26OCT022215-15,1.05,1790993199.7934153,1790993700.0,no,0.943,0.5323000000000003,0.0377,False,20261002T205037Z-a280a1c0491b4ea4a2023fddd30eaeac,0.5,0.5
KXETH15M-26OCT022215-15,1.05,1790993201.8114467,1790993700.0,no,0.9498,0.4686000000000007,0.0334,False,20261002T205037Z-a280a1c0491b4ea4a2023fddd30eaeac,3.0,0.5
KXETH15M-26OCT022215-15,1.05,1790993199.7934153,1790993700.0,no,0.943,0.5323000000000003,0.0377,False,20261002T205037Z-a280a1c0491b4ea4a2023fddd30eaeac,1.0,0.55
KXETH15M-26OCT022215-15,1.1,1790993199.7934153,1790993700.0,no,0.943,0.5323000000000003,0.0377,False,20261002T205037Z-a280a1c0491b4ea4a2023fddd30eaeac,1.0,0.5
KXETH15M-26OCT022215-15,1.1,1790993199.7934153,1790993700.0,no,0.943,0.5323000000000003,0.0377,False,20261002T205037Z-a280a1c0491b4ea4a2023fddd30eaeac,0.5,0.5
KXETH15M-26OCT022215-15,1.1,1790993201.8114467,1790993700.0,no,0.9498,0.4686000000000007,0.0334,False,20261002T205037Z-a280a1c0491b4ea4a2023fddd30eaeac,3.0,0.5
KXETH15M-26OCT022215-15,1.1,1790993199.7934153,1790993700.0,no,0.943,0.5323000000000003,0.0377,False,20261002T205037Z-a280a1c0491b4ea4a2023fddd30eaeac,1.0,0.55
KXETH15M-26OCT022215-15,1.15,1790993204.8357394,1790993700.0,no,0.9479,0.4864000000000008,0.0346,False,20261002T205037Z-a280a1c0491b4ea4a2023fddd30eaeac,1.0,0.5
KXETH15M-26OCT022215-15,1.15,1790993204.8357394,1790993700.0,no,0.9479,0.4864000000000008,0.0346,False,20261002T205037Z-a280a1c0491b4ea4a2023fddd30eaeac,0.5,0.5
KXETH15M-26OCT022215-15,1.15,1790993206.5730708,1790993700.0,no,0.946,0.5042000000000009,0.0358,False,20261002T205037Z-a280a1c0491b4ea4a2023fddd30eaeac,3.0,0.5
KXETH15M-26OCT022215-15,1.15,1790993204.8357394,1790993700.0,no,0.9479,0.4864000000000008,0.0346,False,20261002T205037Z-a280a1c0491b4ea4a2023fddd30eaeac,1.0,0.55
KXETH15M-26OCT022215-15,1.2,1790993204.8357394,1790993700.0,no,0.9479,0.4864000000000008,0.0346,False,20261002T205037Z-a280a1c0491b4ea4a2023fddd30eaeac,1.0,0.5
KXETH15M-26OCT022215-15,1.2,1790993204.8357394,1790993700.0,no,0.9479,0.4864000000000008,0.0346,False,20261002T205037Z-a280a1c0491b4ea4a2023fddd30eaeac,0.5,0.5
KXETH15M-26OCT022215-15,1.2,1790993206.5730708,1790993700.0,no,0.946,0.5042000000000009,0.0358,False,20261002T205037Z-a280a1c0491b4ea4a2023fddd30eaeac,3.0,0.5
KXETH15M-26OCT022215-15,1.2,1790993204.8357394,1790993700.0,no,0.9479,0.4864000000000008,0.0346,False,20261002T205037Z-a280a1c0491b4ea4a2023fddd30eaeac,1.0,0.55
KXETH15M-26OCT022215-15,1.25,1790993299.5654576,1790993700.0,no,0.95,0.4667,0.0333,False,20261002T205037Z-a280a1c0491b4ea4a2023fddd30eaeac,1.0,0.5
KXETH15M-26OCT022215-15,1.25,1790993299.5654576,1790993700.0,no,0.95,0.4667,0.0333,False,20261002T205037Z-a280a1c0491b4ea4a2023fddd30eaeac,0.5,0.5
KXETH15M-26OCT022215-15,1.25,1790993301.5938776,1790993700.0,no,0.95,0.4667,0.0333,False,20261002T205037Z-a280a1c0491b4ea4a2023fddd30eaeac,3.0,0.5
KXETH15M-26OCT022215-15,1.25,1790993299.5654576,1790993700.0,no,0.95,0.4667,0.0333,False,20261002T205037Z-a280a1c0491b4ea4a2023fddd30eaeac,1.0,0.55
KXETH15M-26OCT022215-15,1.3,1790993299.5654576,1790993700.0,no,0.95,0.4667,0.0333,False,20261002T205037Z-a280a1c0491b4ea4a2023fddd30eaeac,1.0,0.5
KXETH15M-26OCT022215-15,1.3,1790993299.5654576,1790993700.0,no,0.95,0.4667,0.0333,False,20261002T205037Z-a280a1c0491b4ea4a2023fddd30eaeac,0.5,0.5
KXETH15M-26OCT022215-15,1.3,1790993301.5938776,1790993700.0,no,0.95,0.4667,0.0333,False,20261002T205037Z-a280a1c0491b4ea4a2023fddd30eaeac,3.0,0.5
KXETH15M-26OCT022215-15,1.3,1790993299.5654576,1790993700.0,no,0.95,0.4667,0.0333,False,20261002T205037Z-a280a1c0491b4ea4a2023fddd30eaeac,1.0,0.55
KXETH15M-26OCT022215-15,1.35,1790993299.5654576,1790993700.0,no,0.95,0.4667,0.0333,False,20261002T205037Z-a280a1c0491b4ea4a2023fddd30eaeac,1.0,0.5
KXETH15M-26OCT022215-15,1.35,1790993299.5654576,1790993700.0,no,0.95,0.4667,0.0333,False,20261002T205037Z-a280a1c0491b4ea4a2023fddd30eaeac,0.5,0.5
KXETH15M-26OCT022215-15,1.35,1790993301.5938776,1790993700.0,no,0.95,0.4667,0.0333,False,20261002T205037Z-a280a1c0491b4ea4a2023fddd30eaeac,3.0,0.5
KXETH15M-26OCT022215-15,1.35,1790993299.5654576,1790993700.0,no,0.95,0.4667,0.0333,False,20261002T205037Z-a280a1c0491b4ea4a2023fddd30eaeac,1.0,0.55
KXETH15M-26OCT022215-15,1.4,1790993299.5654576,1790993700.0,no,0.95,0.4667,0.0333,False,20261002T205037Z-a280a1c0491b4ea4a2023fddd30eaeac,1.0,0.5
KXETH15M-26OCT022215-15,1.4,1790993299.5654576,1790993700.0,no,0.95,0.4667,0.0333,False,20261002T205037Z-a280a1c0491b4ea4a2023fddd30eaeac,0.5,0.5
KXETH15M-26OCT022215-15,1.4,1790993301.5938776,1790993700.0,no,0.95,0.4667,0.0333,False,20261002T205037Z-a280a1c0491b4ea4a2023fddd30eaeac,3.0,0.5
KXETH15M-26OCT022215-15,1.4,1790993299.5654576,1790993700.0,no,0.95,0.4667,0.0333,False,20261002T205037Z-a280a1c0491b4ea4a2023fddd30eaeac,1.0,0.55
KXETH15M-26OCT022215-15,1.45,1790993299.5654576,1790993700.0,no,0.95,0.4667,0.0333,False,20261002T205037Z-a280a1c0491b4ea4a2023fddd30eaeac,1.0,0.5
KXETH15M-26OCT022215-15,1.45,1790993299.5654576,1790993700.0,no,0.95,0.4667,0.0333,False,20261002T205037Z-a280a1c0491b4ea4a2023fddd30eaeac,0.5,0.5
KXETH15M-26OCT022215-15,1.45,1790993301.5938776,1790993700.0,no,0.95,0.4667,0.0333,False,20261002T205037Z-a280a1c0491b4ea4a2023fddd30eaeac,3.0,0.5
KXETH15M-26OCT022215-15,1.45,1790993299.5654576,1790993700.0,no,0.95,0.4667,0.0333,False,20261002T205037Z-a280a1c0491b4ea4a2023fddd30eaeac,1.0,0.55
KXETH15M-26OCT022215-15,1.5,1790993299.5654576,1790993700.0,no,0.95,0.4667,0.0333,False,20261002T205037Z-a280a1c0491b4ea4a2023fddd30eaeac,1.0,0.5
KXETH15M-26OCT022215-15,1.5,1790993299.5654576,1790993700.0,no,0.95,0.4667,0.0333,False,20261002T205037Z-a280a1c0491b4ea4a2023fddd30eaeac,0.5,0.5
KXETH15M-26OCT022215-15,1.5,1790993301.5938776,1790993700.0,no,0.95,0.4667,0.0333,False,20261002T205037Z-a280a1c0491b4ea4a2023fddd30eaeac,3.0,0.5
KXETH15M-26OCT022215-15,1.5,1790993299.5654576,1790993700.0,no,0.95,0.4667,0.0333,False,20261002T205037Z-a280a1c0491b4ea4a2023fddd30eaeac,1.0,0.55
KXETH15M-26OCT022230-30,0.5,1790994002.2082655,1790994600.0,yes,0.8800000000000001,1.1259999999999992,0.074,False,20261002T205037Z-a280a1c0491b4ea4a2023fddd30eaeac,1.0,0.5
KXETH15M-26OCT022230-30,0.5,1790994002.2082655,1790994600.0,yes,0.8800000000000001,1.1259999999999992,0.074,False,20261002T205037Z-a280a1c0491b4ea4a2023fddd30eaeac,0.5,0.5
KXETH15M-26OCT022230-30,0.5,1790994004.2182238,1790994600.0,yes,0.8800000000000001,1.1259999999999992,0.074,False,20261002T205037Z-a280a1c0491b4ea4a2023fddd30eaeac,3.0,0.5
KXETH15M-26OCT022230-30,0.5,1790994002.2082655,1790994600.0,yes,0.8800000000000001,1.1259999999999992,0.074,False,20261002T205037Z-a280a1c0491b4ea4a2023fddd30eaeac,1.0,0.55
KXETH15M-26OCT022230-30,0.55,1790994002.2082655,1790994600.0,yes,0.8800000000000001,1.1259999999999992,0.074,False,20261002T205037Z-a280a1c0491b4ea4a2023fddd30eaeac,1.0,0.5
KXETH15M-26OCT022230-30,0.55,1790994002.2082655,1790994600.0,yes,0.8800000000000001,1.1259999999999992,0.074,False,20261002T205037Z-a280a1c0491b4ea4a2023fddd30eaeac,0.5,0.5
KXETH15M-26OCT022230-30,0.55,1790994004.2182238,1790994600.0,yes,0.8800000000000001,1.1259999999999992,0.074,False,20261002T205037Z-a280a1c0491b4ea4a2023fddd30eaeac,3.0,0.5
KXETH15M-26OCT022230-30,0.55,1790994002.2082655,1790994600.0,yes,0.8800000000000001,1.1259999999999992,0.074,False,20261002T205037Z-a280a1c0491b4ea4a2023fddd30eaeac,1.0,0.55
KXETH15M-26OCT022230-30,0.6,1790994002.2082655,1790994600.0,yes,0.8800000000000001,1.1259999999999992,0.074,False,20261002T205037Z-a280a1c0491b4ea4a2023fddd30eaeac,1.0,0.5
KXETH15M-26OCT022230-30,0.6,1790994002.2082655,1790994600.0,yes,0.8800000000000001,1.1259999999999992,0.074,False,20261002T205037Z-a280a1c0491b4ea4a2023fddd30eaeac,0.5,0.5
KXETH15M-26OCT022230-30,0.6,1790994004.2182238,1790994600.0,yes,0.8800000000000001,1.1259999999999992,0.074,False,20261002T205037Z-a280a1c0491b4ea4a2023fddd30eaeac,3.0,0.5
KXETH15M-26OCT022230-30,0.6,1790994002.2082655,1790994600.0,yes,0.8800000000000001,1.1259999999999992,0.074,False,20261002T205037Z-a280a1c0491b4ea4a2023fddd30eaeac,1.0,0.55
KXETH15M-26OCT022230-30,0.65,1790994007.2472396,1790994600.0,yes,0.89,1.0313999999999997,0.0686,False,20261002T205037Z-a280a1c0491b4ea4a2023fddd30eaeac,1.0,0.5
KXETH15M-26OCT022230-30,0.65,1790994007.2472396,1790994600.0,yes,0.89,1.0313999999999997,0.0686,False,20261002T205037Z-a280a1c0491b4ea4a2023fddd30eaeac,0.5,0.5
KXETH15M-26OCT022230-30,0.65,1790994009.258516,1790994600.0,yes,0.89,1.0313999999999997,0.0686,False,20261002T205037Z-a280a1c0491b4ea4a2023fddd30eaeac,3.0,0.5
KXETH15M-26OCT022230-30,0.65,1790994007.2472396,1790994600.0,yes,0.89,1.0313999999999997,0.0686,False,20261002T205037Z-a280a1c0491b4ea4a2023fddd30eaeac,1.0,0.55
KXETH15M-26OCT022230-30,0.7,1790994062.5305426,1790994600.0,yes,0.9410000000000001,0.5510999999999998,0.0389,False,20261002T205037Z-a280a1c0491b4ea4a2023fddd30eaeac,1.0,0.5
KXETH15M-26OCT022230-30,0.7,1790994062.5305426,1790994600.0,yes,0.9410000000000001,0.5510999999999998,0.0389,False,20261002T205037Z-a280a1c0491b4ea4a2023fddd30eaeac,0.5,0.5
KXETH15M-26OCT022230-30,0.7,1790994064.5453286,1790994600.0,yes,0.943,0.5323000000000003,0.0377,False,20261002T205037Z-a280a1c0491b4ea4a2023fddd30eaeac,3.0,0.5
KXETH15M-26OCT022230-30,0.7,1790994062.5305426,1790994600.0,yes,0.9410000000000001,0.5510999999999998,0.0389,False,20261002T205037Z-a280a1c0491b4ea4a2023fddd30eaeac,1.0,0.55
KXETH15M-26OCT022230-30,0.75,1790994062.5305426,1790994600.0,yes,0.9410000000000001,0.5510999999999998,0.0389,False,20261002T205037Z-a280a1c0491b4ea4a2023fddd30eaeac,1.0,0.5
KXETH15M-26OCT022230-30,0.75,1790994062.5305426,1790994600.0,yes,0.9410000000000001,0.5510999999999998,0.0389,False,20261002T205037Z-a280a1c0491b4ea4a2023fddd30eaeac,0.5,0.5
KXETH15M-26OCT022230-30,0.75,1790994064.5453286,1790994600.0,yes,0.943,0.5323000000000003,0.0377,False,20261002T205037Z-a280a1c0491b4ea4a2023fddd30eaeac,3.0,0.5
KXETH15M-26OCT022230-30,0.75,1790994062.5305426,1790994600.0,yes,0.9410000000000001,0.5510999999999998,0.0389,False,20261002T205037Z-a280a1c0491b4ea4a2023fddd30eaeac,1.0,0.55
KXETH15M-26OCT022230-30,0.8,1790994062.5305426,1790994600.0,yes,0.9410000000000001,0.5510999999999998,0.0389,False,20261002T205037Z-a280a1c0491b4ea4a2023fddd30eaeac,1.0,0.5
KXETH15M-26OCT022230-30,0.8,1790994062.5305426,1790994600.0,yes,0.9410000000000001,0.5510999999999998,0.0389,False,20261002T205037Z-a280a1c0491b4ea4a2023fddd30eaeac,0.5,0.5
KXETH15M-26OCT022230-30,0.8,1790994064.5453286,1790994600.0,yes,0.943,0.5323000000000003,0.0377,False,20261002T205037Z-a280a1c0491b4ea4a2023fddd30eaeac,3.0,0.5
KXETH15M-26OCT022230-30,0.8,1790994062.5305426,1790994600.0,yes,0.9410000000000001,0.5510999999999998,0.0389,False,20261002T205037Z-a280a1c0491b4ea4a2023fddd30eaeac,1.0,0.55
KXETH15M-26OCT022230-30,0.85,1790994360.2381566,1790994600.0,yes,0.937,0.588599999999999,0.0414,False,20261002T205037Z-a280a1c0491b4ea4a2023fddd30eaeac,1.0,0.5
KXETH15M-26OCT022230-30,0.85,1790994359.235242,1790994600.0,yes,0.9369,0.5896000000000002,0.0414,False,20261002T205037Z-a280a1c0491b4ea4a2023fddd30eaeac,0.5,0.5
KXETH15M-26OCT022230-30,0.85,1790994362.2540457,1790994600.0,yes,0.9361,0.5970999999999993,0.0419,False,20261002T205037Z-a280a1c0491b4ea4a2023fddd30eaeac,3.0,0.5
KXETH15M-26OCT022230-30,0.85,1790994360.2381566,1790994600.0,yes,0.937,0.588599999999999,0.0414,False,20261002T205037Z-a280a1c0491b4ea4a2023fddd30eaeac,1.0,0.55
KXETH15M-26OCT022230-30,0.9,1790994362.2540457,1790994600.0,yes,0.9361,0.5970999999999993,0.0419,False,20261002T205037Z-a280a1c0491b4ea4a2023fddd30eaeac,1.0,0.5
KXETH15M-26OCT022230-30,0.9,1790994362.2540457,1790994600.0,yes,0.9361,0.5970999999999993,0.0419,False,20261002T205037Z-a280a1c0491b4ea4a2023fddd30eaeac,0.5,0.5
KXETH15M-26OCT022230-30,0.9,1790994364.2494783,1790994600.0,yes,0.9379,0.5802000000000005,0.0408,False,20261002T205037Z-a280a1c0491b4ea4a2023fddd30eaeac,3.0,0.5
KXETH15M-26OCT022230-30,0.9,1790994362.2540457,1790994600.0,yes,0.9361,0.5970999999999993,0.0419,False,20261002T205037Z-a280a1c0491b4ea4a2023fddd30eaeac,1.0,0.55
KXETH15M-26OCT022230-30,0.95,1790994368.287556,1790994600.0,yes,0.9490000000000001,0.4760999999999998,0.0339,False,20261002T205037Z-a280a1c0491b4ea4a2023fddd30eaeac,1.0,0.5
KXETH15M-26OCT022230-30,0.95,1790994368.287556,1790994600.0,yes,0.9490000000000001,0.4760999999999998,0.0339,False,20261002T205037Z-a280a1c0491b4ea4a2023fddd30eaeac,0.5,0.5
KXETH15M-26OCT022230-30,0.95,1790994370.2963884,1790994600.0,yes,0.95,0.4667,0.0333,False,20261002T205037Z-a280a1c0491b4ea4a2023fddd30eaeac,3.0,0.5
KXETH15M-26OCT022230-30,0.95,1790994368.287556,1790994600.0,yes,0.9490000000000001,0.4760999999999998,0.0339,False,20261002T205037Z-a280a1c0491b4ea4a2023fddd30eaeac,1.0,0.55
KXETH15M-26OCT022230-30,1.0,1790994368.287556,1790994600.0,yes,0.9490000000000001,0.4760999999999998,0.0339,False,20261002T205037Z-a280a1c0491b4ea4a2023fddd30eaeac,1.0,0.5
KXETH15M-26OCT022230-30,1.0,1790994368.287556,1790994600.0,yes,0.9490000000000001,0.4760999999999998,0.0339,False,20261002T205037Z-a280a1c0491b4ea4a2023fddd30eaeac,0.5,0.5
KXETH15M-26OCT022230-30,1.0,1790994370.2963884,1790994600.0,yes,0.95,0.4667,0.0333,False,20261002T205037Z-a280a1c0491b4ea4a2023fddd30eaeac,3.0,0.5
KXETH15M-26OCT022230-30,1.0,1790994368.287556,1790994600.0,yes,0.9490000000000001,0.4760999999999998,0.0339,False,20261002T205037Z-a280a1c0491b4ea4a2023fddd30eaeac,1.0,0.55
KXETH15M-26OCT022245-45,0.5,1790995196.5054195,1790995500.0,yes,0.85,1.4107,0.0893,False,20261002T205037Z-a280a1c0491b4ea4a2023fddd30eaeac,1.0,0.5
KXETH15M-26OCT022245-45,0.5,1790995195.5008235,1790995500.0,yes,0.8400000000000001,1.5058999999999996,0.0941,False,20261002T205037Z-a280a1c0491b4ea4a2023fddd30eaeac,0.5,0.5
KXETH15M-26OCT022245-45,0.5,1790995198.513421,1790995500.0,yes,0.85,1.4107,0.0893,False,20261002T205037Z-a280a1c0491b4ea4a2023fddd30eaeac,3.0,0.5
KXETH15M-26OCT022245-45,0.5,1790995196.5054195,1790995500.0,yes,0.85,1.4107,0.0893,False,20261002T205037Z-a280a1c0491b4ea4a2023fddd30eaeac,1.0,0.55
KXETH15M-26OCT022245-45,0.55,1790995196.5054195,1790995500.0,yes,0.85,1.4107,0.0893,False,20261002T205037Z-a280a1c0491b4ea4a2023fddd30eaeac,1.0,0.5
KXETH15M-26OCT022245-45,0.55,1790995195.5008235,1790995500.0,yes,0.8400000000000001,1.5058999999999996,0.0941,False,20261002T205037Z-a280a1c0491b4ea4a2023fddd30eaeac,0.5,0.5
KXETH15M-26OCT022245-45,0.55,1790995198.513421,1790995500.0,yes,0.85,1.4107,0.0893,False,20261002T205037Z-a280a1c0491b4ea4a2023fddd30eaeac,3.0,0.5
KXETH15M-26OCT022245-45,0.55,1790995196.5054195,1790995500.0,yes,0.85,1.4107,0.0893,False,20261002T205037Z-a280a1c0491b4ea4a2023fddd30eaeac,1.0,0.55
KXETH15M-26OCT022245-45,0.6,1790995197.509733,1790995500.0,yes,0.85,1.4107,0.0893,False,20261002T205037Z-a280a1c0491b4ea4a2023fddd30eaeac,1.0,0.5
KXETH15M-26OCT022245-45,0.6,1790995196.5054195,1790995500.0,yes,0.85,1.4107,0.0893,False,20261002T205037Z-a280a1c0491b4ea4a2023fddd30eaeac,0.5,0.5
KXETH15M-26OCT022245-45,0.6,1790995199.5184336,1790995500.0,yes,0.85,1.4107,0.0893,False,20261002T205037Z-a280a1c0491b4ea4a2023fddd30eaeac,3.0,0.5
KXETH15M-26OCT022245-45,0.6,1790995197.509733,1790995500.0,yes,0.85,1.4107,0.0893,False,20261002T205037Z-a280a1c0491b4ea4a2023fddd30eaeac,1.0,0.55
KXETH15M-26OCT022245-45,0.65,1790995313.192159,1790995500.0,yes,0.9399999999999998,0.5605000000000014,0.0395,False,20261002T205037Z-a280a1c0491b4ea4a2023fddd30eaeac,1.0,0.5
KXETH15M-26OCT022245-45,0.65,1790995313.192159,1790995500.0,yes,0.9399999999999998,0.5605000000000014,0.0395,False,20261002T205037Z-a280a1c0491b4ea4a2023fddd30eaeac,0.5,0.5
KXETH15M-26OCT022245-45,0.65,1790995315.203743,1790995500.0,yes,0.95,0.4667,0.0333,False,20261002T205037Z-a280a1c0491b4ea4a2023fddd30eaeac,3.0,0.5
KXETH15M-26OCT022245-45,0.65,1790995313.192159,1790995500.0,yes,0.9399999999999998,0.5605000000000014,0.0395,False,20261002T205037Z-a280a1c0491b4ea4a2023fddd30eaeac,1.0,0.55
KXETH15M-26OCT022245-45,0.7,1790995313.192159,1790995500.0,yes,0.9399999999999998,0.5605000000000014,0.0395,False,20261002T205037Z-a280a1c0491b4ea4a2023fddd30eaeac,1.0,0.5
KXETH15M-26OCT022245-45,0.7,1790995313.192159,1790995500.0,yes,0.9399999999999998,0.5605000000000014,0.0395,False,20261002T205037Z-a280a1c0491b4ea4a2023fddd30eaeac,0.5,0.5
KXETH15M-26OCT022245-45,0.7,1790995315.203743,1790995500.0,yes,0.95,0.4667,0.0333,False,20261002T205037Z-a280a1c0491b4ea4a2023fddd30eaeac,3.0,0.5
KXETH15M-26OCT022245-45,0.7,1790995313.192159,1790995500.0,yes,0.9399999999999998,0.5605000000000014,0.0395,False,20261002T205037Z-a280a1c0491b4ea4a2023fddd30eaeac,1.0,0.55
KXETH15M-26OCT022245-45,0.75,1790995313.192159,1790995500.0,yes,0.9399999999999998,0.5605000000000014,0.0395,False,20261002T205037Z-a280a1c0491b4ea4a2023fddd30eaeac,1.0,0.5
KXETH15M-26OCT022245-45,0.75,1790995313.192159,1790995500.0,yes,0.9399999999999998,0.5605000000000014,0.0395,False,20261002T205037Z-a280a1c0491b4ea4a2023fddd30eaeac,0.5,0.5
KXETH15M-26OCT022245-45,0.75,1790995315.203743,1790995500.0,yes,0.95,0.4667,0.0333,False,20261002T205037Z-a280a1c0491b4ea4a2023fddd30eaeac,3.0,0.5
KXETH15M-26OCT022245-45,0.75,1790995313.192159,1790995500.0,yes,0.9399999999999998,0.5605000000000014,0.0395,False,20261002T205037Z-a280a1c0491b4ea4a2023fddd30eaeac,1.0,0.55
KXETH15M-26OCT022245-45,0.8,1790995313.192159,1790995500.0,yes,0.9399999999999998,0.5605000000000014,0.0395,False,20261002T205037Z-a280a1c0491b4ea4a2023fddd30eaeac,1.0,0.5
KXETH15M-26OCT022245-45,0.8,1790995313.192159,1790995500.0,yes,0.9399999999999998,0.5605000000000014,0.0395,False,20261002T205037Z-a280a1c0491b4ea4a2023fddd30eaeac,0.5,0.5
KXETH15M-26OCT022245-45,0.8,1790995315.203743,1790995500.0,yes,0.95,0.4667,0.0333,False,20261002T205037Z-a280a1c0491b4ea4a2023fddd30eaeac,3.0,0.5
KXETH15M-26OCT022245-45,0.8,1790995313.192159,1790995500.0,yes,0.9399999999999998,0.5605000000000014,0.0395,False,20261002T205037Z-a280a1c0491b4ea4a2023fddd30eaeac,1.0,0.55
KXETH15M-26OCT022245-45,0.85,1790995313.192159,1790995500.0,yes,0.9399999999999998,0.5605000000000014,0.0395,False,20261002T205037Z-a280a1c0491b4ea4a2023fddd30eaeac,1.0,0.5
KXETH15M-26OCT022245-45,0.85,1790995313.192159,1790995500.0,yes,0.9399999999999998,0.5605000000000014,0.0395,False,20261002T205037Z-a280a1c0491b4ea4a2023fddd30eaeac,0.5,0.5
KXETH15M-26OCT022245-45,0.85,1790995315.203743,1790995500.0,yes,0.95,0.4667,0.0333,False,20261002T205037Z-a280a1c0491b4ea4a2023fddd30eaeac,3.0,0.5
KXETH15M-26OCT022245-45,0.85,1790995313.192159,1790995500.0,yes,0.9399999999999998,0.5605000000000014,0.0395,False,20261002T205037Z-a280a1c0491b4ea4a2023fddd30eaeac,1.0,0.55
KXETH15M-26OCT022245-45,0.9,1790995313.192159,1790995500.0,yes,0.9399999999999998,0.5605000000000014,0.0395,False,20261002T205037Z-a280a1c0491b4ea4a2023fddd30eaeac,1.0,0.5
KXETH15M-26OCT022245-45,0.9,1790995313.192159,1790995500.0,yes,0.9399999999999998,0.5605000000000014,0.0395,False,20261002T205037Z-a280a1c0491b4ea4a2023fddd30eaeac,0.5,0.5
KXETH15M-26OCT022245-45,0.9,1790995315.203743,1790995500.0,yes,0.95,0.4667,0.0333,False,20261002T205037Z-a280a1c0491b4ea4a2023fddd30eaeac,3.0,0.5
KXETH15M-26OCT022245-45,0.9,1790995313.192159,1790995500.0,yes,0.9399999999999998,0.5605000000000014,0.0395,False,20261002T205037Z-a280a1c0491b4ea4a2023fddd30eaeac,1.0,0.55
KXETH15M-26OCT022245-45,0.95,1790995313.192159,1790995500.0,yes,0.9399999999999998,0.5605000000000014,0.0395,False,20261002T205037Z-a280a1c0491b4ea4a2023fddd30eaeac,1.0,0.5
KXETH15M-26OCT022245-45,0.95,1790995313.192159,1790995500.0,yes,0.9399999999999998,0.5605000000000014,0.0395,False,20261002T205037Z-a280a1c0491b4ea4a2023fddd30eaeac,0.5,0.5
KXETH15M-26OCT022245-45,0.95,1790995315.203743,1790995500.0,yes,0.95,0.4667,0.0333,False,20261002T205037Z-a280a1c0491b4ea4a2023fddd30eaeac,3.0,0.5
KXETH15M-26OCT022245-45,0.95,1790995313.192159,1790995500.0,yes,0.9399999999999998,0.5605000000000014,0.0395,False,20261002T205037Z-a280a1c0491b4ea4a2023fddd30eaeac,1.0,0.55
KXETH15M-26OCT022245-45,1.0,1790995313.192159,1790995500.0,yes,0.9399999999999998,0.5605000000000014,0.0395,False,20261002T205037Z-a280a1c0491b4ea4a2023fddd30eaeac,1.0,0.5
KXETH15M-26OCT022245-45,1.0,1790995313.192159,1790995500.0,yes,0.9399999999999998,0.5605000000000014,0.0395,False,20261002T205037Z-a280a1c0491b4ea4a2023fddd30eaeac,0.5,0.5
KXETH15M-26OCT022245-45,1.0,1790995315.203743,1790995500.0,yes,0.95,0.4667,0.0333,False,20261002T205037Z-a280a1c0491b4ea4a2023fddd30eaeac,3.0,0.5
KXETH15M-26OCT022245-45,1.0,1790995313.192159,1790995500.0,yes,0.9399999999999998,0.5605000000000014,0.0395,False,20261002T205037Z-a280a1c0491b4ea4a2023fddd30eaeac,1.0,0.55
KXETH15M-26OCT022245-45,1.05,1790995313.192159,1790995500.0,yes,0.9399999999999998,0.5605000000000014,0.0395,False,20261002T205037Z-a280a1c0491b4ea4a2023fddd30eaeac,1.0,0.5
KXETH15M-26OCT022245-45,1.05,1790995313.192159,1790995500.0,yes,0.9399999999999998,0.5605000000000014,0.0395,False,20261002T205037Z-a280a1c0491b4ea4a2023fddd30eaeac,0.5,0.5
KXETH15M-26OCT022245-45,1.05,1790995315.203743,1790995500.0,yes,0.95,0.4667,0.0333,False,20261002T205037Z-a280a1c0491b4ea4a2023fddd30eaeac,3.0,0.5
KXETH15M-26OCT022245-45,1.05,1790995313.192159,1790995500.0,yes,0.9399999999999998,0.5605000000000014,0.0395,False,20261002T205037Z-a280a1c0491b4ea4a2023fddd30eaeac,1.0,0.55
KXETH15M-26OCT022300-00,0.5,1790996068.7048528,1790996400.0,no,0.8699999999999999,1.2208000000000008,0.0792,False,20261002T205037Z-a280a1c0491b4ea4a2023fddd30eaeac,1.0,0.5
KXETH15M-26OCT022300-00,0.5,1790996067.7023606,1790996400.0,no,0.8699999999999999,1.2208000000000008,0.0792,False,20261002T205037Z-a280a1c0491b4ea4a2023fddd30eaeac,0.5,0.5
KXETH15M-26OCT022300-00,0.5,1790996070.7158575,1790996400.0,no,0.8699999999999999,1.2208000000000008,0.0792,False,20261002T205037Z-a280a1c0491b4ea4a2023fddd30eaeac,3.0,0.5
KXETH15M-26OCT022300-00,0.5,1790996068.7048528,1790996400.0,no,0.8699999999999999,1.2208000000000008,0.0792,False,20261002T205037Z-a280a1c0491b4ea4a2023fddd30eaeac,1.0,0.55
KXETH15M-26OCT022300-00,0.55,1790996096.9143388,1790996400.0,no,0.9200000000000002,0.748399999999999,0.0516,False,20261002T205037Z-a280a1c0491b4ea4a2023fddd30eaeac,1.0,0.5
KXETH15M-26OCT022300-00,0.55,1790996095.9108713,1790996400.0,no,0.9200000000000002,0.748399999999999,0.0516,False,20261002T205037Z-a280a1c0491b4ea4a2023fddd30eaeac,0.5,0.5
KXETH15M-26OCT022300-00,0.55,1790996098.9192169,1790996400.0,no,0.9109999999999999,0.8332000000000006,0.0568,False,20261002T205037Z-a280a1c0491b4ea4a2023fddd30eaeac,3.0,0.5
KXETH15M-26OCT022300-00,0.55,1790996096.9143388,1790996400.0,no,0.9200000000000002,0.748399999999999,0.0516,False,20261002T205037Z-a280a1c0491b4ea4a2023fddd30eaeac,1.0,0.55
KXETH15M-26OCT022300-00,0.6,1790996102.9408941,1790996400.0,no,0.9120000000000001,0.823799999999999,0.0562,False,20261002T205037Z-a280a1c0491b4ea4a2023fddd30eaeac,1.0,0.5
KXETH15M-26OCT022300-00,0.6,1790996101.9441602,1790996400.0,no,0.9158999999999999,0.787000000000001,0.054,False,20261002T205037Z-a280a1c0491b4ea4a2023fddd30eaeac,0.5,0.5
KXETH15M-26OCT022300-00,0.6,1790996104.9567518,1790996400.0,no,0.916,0.7860999999999998,0.0539,False,20261002T205037Z-a280a1c0491b4ea4a2023fddd30eaeac,3.0,0.5
KXETH15M-26OCT022300-00,0.6,1790996102.9408941,1790996400.0,no,0.9120000000000001,0.823799999999999,0.0562,False,20261002T205037Z-a280a1c0491b4ea4a2023fddd30eaeac,1.0,0.55
KXETH15M-26OCT022300-00,0.65,1790996120.1025972,1790996400.0,no,0.938,0.579200000000001,0.0408,False,20261002T205037Z-a280a1c0491b4ea4a2023fddd30eaeac,1.0,0.5
KXETH15M-26OCT022300-00,0.65,1790996120.1025972,1790996400.0,no,0.938,0.579200000000001,0.0408,False,20261002T205037Z-a280a1c0491b4ea4a2023fddd30eaeac,0.5,0.5
KXETH15M-26OCT022300-00,0.65,1790996122.1352818,1790996400.0,no,0.9389999999999998,0.5699000000000012,0.0401,False,20261002T205037Z-a280a1c0491b4ea4a2023fddd30eaeac,3.0,0.5
KXETH15M-26OCT022300-00,0.65,1790996120.1025972,1790996400.0,no,0.938,0.579200000000001,0.0408,False,20261002T205037Z-a280a1c0491b4ea4a2023fddd30eaeac,1.0,0.55
KXETH15M-26OCT022300-00,0.7,1790996120.1025972,1790996400.0,no,0.938,0.579200000000001,0.0408,False,20261002T205037Z-a280a1c0491b4ea4a2023fddd30eaeac,1.0,0.5
KXETH15M-26OCT022300-00,0.7,1790996120.1025972,1790996400.0,no,0.938,0.579200000000001,0.0408,False,20261002T205037Z-a280a1c0491b4ea4a2023fddd30eaeac,0.5,0.5
KXETH15M-26OCT022300-00,0.7,1790996122.1352818,1790996400.0,no,0.9389999999999998,0.5699000000000012,0.0401,False,20261002T205037Z-a280a1c0491b4ea4a2023fddd30eaeac,3.0,0.5
KXETH15M-26OCT022300-00,0.7,1790996120.1025972,1790996400.0,no,0.938,0.579200000000001,0.0408,False,20261002T205037Z-a280a1c0491b4ea4a2023fddd30eaeac,1.0,0.55
KXETH15M-26OCT022300-00,0.75,1790996127.2210445,1790996400.0,no,0.9570000000000001,0.40109999999999973,0.0289,False,20261002T205037Z-a280a1c0491b4ea4a2023fddd30eaeac,1.0,0.5
KXETH15M-26OCT022300-00,0.75,1790996126.139783,1790996400.0,no,0.9559999999999998,0.4105000000000013,0.0295,False,20261002T205037Z-a280a1c0491b4ea4a2023fddd30eaeac,0.5,0.5
KXETH15M-26OCT022300-00,0.75,1790996137.2342832,1790996400.0,no,0.9521,0.44700000000000095,0.032,False,20261002T205037Z-a280a1c0491b4ea4a2023fddd30eaeac,3.0,0.5
KXETH15M-26OCT022300-00,0.75,1790996127.2210445,1790996400.0,no,0.9570000000000001,0.40109999999999973,0.0289,False,20261002T205037Z-a280a1c0491b4ea4a2023fddd30eaeac,1.0,0.55
KXETH15M-26OCT022300-00,0.8,1790996151.3399763,1790996400.0,no,0.96,0.3731000000000004,0.0269,False,20261002T205037Z-a280a1c0491b4ea4a2023fddd30eaeac,1.0,0.5
KXETH15M-26OCT022300-00,0.8,1790996151.3399763,1790996400.0,no,0.96,0.3731000000000004,0.0269,False,20261002T205037Z-a280a1c0491b4ea4a2023fddd30eaeac,0.5,0.5
KXETH15M-26OCT022300-00,0.8,1790996153.3469281,1790996400.0,no,0.959,0.38240000000000013,0.0276,False,20261002T205037Z-a280a1c0491b4ea4a2023fddd30eaeac,3.0,0.5
KXETH15M-26OCT022300-00,0.8,1790996151.3399763,1790996400.0,no,0.96,0.3731000000000004,0.0269,False,20261002T205037Z-a280a1c0491b4ea4a2023fddd30eaeac,1.0,0.55
KXETH15M-26OCT022315-15,0.5,1790997138.3806922,1790997233.8393934,no,0.8699999999999999,-3.1497999999999995,0.24980000000000002,True,20261002T205037Z-a280a1c0491b4ea4a2023fddd30eaeac,1.0,0.5
KXETH15M-26OCT022315-15,0.5,1790997138.3806922,1790997233.8393934,no,0.8699999999999999,-3.1497999999999995,0.24980000000000002,True,20261002T205037Z-a280a1c0491b4ea4a2023fddd30eaeac,0.5,0.5
KXETH15M-26OCT022315-15,0.5,1790997140.392267,1790997236.3102424,no,0.8800000000000001,-3.2446000000000006,0.24459999999999998,True,20261002T205037Z-a280a1c0491b4ea4a2023fddd30eaeac,3.0,0.5
KXETH15M-26OCT022315-15,0.5,1790997138.3806922,1790997233.8393934,no,0.8699999999999999,-3.1497999999999995,0.24980000000000002,True,20261002T205037Z-a280a1c0491b4ea4a2023fddd30eaeac,1.0,0.55
KXETH15M-26OCT022315-15,0.55,1790997138.3806922,1790997233.8393934,no,0.8699999999999999,-3.1497999999999995,0.24980000000000002,True,20261002T205037Z-a280a1c0491b4ea4a2023fddd30eaeac,1.0,0.5
KXETH15M-26OCT022315-15,0.55,1790997138.3806922,1790997233.8393934,no,0.8699999999999999,-3.1497999999999995,0.24980000000000002,True,20261002T205037Z-a280a1c0491b4ea4a2023fddd30eaeac,0.5,0.5
KXETH15M-26OCT022315-15,0.55,1790997140.392267,1790997236.3102424,no,0.8800000000000001,-3.2446000000000006,0.24459999999999998,True,20261002T205037Z-a280a1c0491b4ea4a2023fddd30eaeac,3.0,0.5
KXETH15M-26OCT022315-15,0.55,1790997138.3806922,1790997233.8393934,no,0.8699999999999999,-3.1497999999999995,0.24980000000000002,True,20261002T205037Z-a280a1c0491b4ea4a2023fddd30eaeac,1.0,0.55
KXETH15M-26OCT022315-15,0.6,1790997138.3806922,1790997233.8393934,no,0.8699999999999999,-3.1497999999999995,0.24980000000000002,True,20261002T205037Z-a280a1c0491b4ea4a2023fddd30eaeac,1.0,0.5
KXETH15M-26OCT022315-15,0.6,1790997138.3806922,1790997233.8393934,no,0.8699999999999999,-3.1497999999999995,0.24980000000000002,True,20261002T205037Z-a280a1c0491b4ea4a2023fddd30eaeac,0.5,0.5
KXETH15M-26OCT022315-15,0.6,1790997140.392267,1790997236.3102424,no,0.8800000000000001,-3.2446000000000006,0.24459999999999998,True,20261002T205037Z-a280a1c0491b4ea4a2023fddd30eaeac,3.0,0.5
KXETH15M-26OCT022315-15,0.6,1790997138.3806922,1790997233.8393934,no,0.8699999999999999,-3.1497999999999995,0.24980000000000002,True,20261002T205037Z-a280a1c0491b4ea4a2023fddd30eaeac,1.0,0.55
KXETH15M-26OCT022315-15,0.65,1790997176.5672548,1790997233.8393934,no,0.944,-3.8476999999999997,0.2077,True,20261002T205037Z-a280a1c0491b4ea4a2023fddd30eaeac,1.0,0.5
KXETH15M-26OCT022315-15,0.65,1790997176.5672548,1790997233.8393934,no,0.944,-3.8476999999999997,0.2077,True,20261002T205037Z-a280a1c0491b4ea4a2023fddd30eaeac,0.5,0.5
KXETH15M-26OCT022315-15,0.65,1790997176.5672548,1790997236.3102424,no,0.944,-3.8476999999999997,0.2077,True,20261002T205037Z-a280a1c0491b4ea4a2023fddd30eaeac,3.0,0.5
KXETH15M-26OCT022315-15,0.65,1790997176.5672548,1790997233.8393934,no,0.944,-3.8476999999999997,0.2077,True,20261002T205037Z-a280a1c0491b4ea4a2023fddd30eaeac,1.0,0.55
KXETH15M-26OCT022315-15,0.7,1790997176.5672548,1790997233.8393934,no,0.944,-3.8476999999999997,0.2077,True,20261002T205037Z-a280a1c0491b4ea4a2023fddd30eaeac,1.0,0.5
KXETH15M-26OCT022315-15,0.7,1790997176.5672548,1790997233.8393934,no,0.944,-3.8476999999999997,0.2077,True,20261002T205037Z-a280a1c0491b4ea4a2023fddd30eaeac,0.5,0.5
KXETH15M-26OCT022315-15,0.7,1790997176.5672548,1790997236.3102424,no,0.944,-3.8476999999999997,0.2077,True,20261002T205037Z-a280a1c0491b4ea4a2023fddd30eaeac,3.0,0.5
KXETH15M-26OCT022315-15,0.7,1790997176.5672548,1790997233.8393934,no,0.944,-3.8476999999999997,0.2077,True,20261002T205037Z-a280a1c0491b4ea4a2023fddd30eaeac,1.0,0.55
KXETH15M-26OCT022315-15,0.75,1790997176.5672548,1790997233.8393934,no,0.944,-3.8476999999999997,0.2077,True,20261002T205037Z-a280a1c0491b4ea4a2023fddd30eaeac,1.0,0.5
KXETH15M-26OCT022315-15,0.75,1790997176.5672548,1790997233.8393934,no,0.944,-3.8476999999999997,0.2077,True,20261002T205037Z-a280a1c0491b4ea4a2023fddd30eaeac,0.5,0.5
KXETH15M-26OCT022315-15,0.75,1790997176.5672548,1790997236.3102424,no,0.944,-3.8476999999999997,0.2077,True,20261002T205037Z-a280a1c0491b4ea4a2023fddd30eaeac,3.0,0.5
KXETH15M-26OCT022315-15,0.75,1790997176.5672548,1790997233.8393934,no,0.944,-3.8476999999999997,0.2077,True,20261002T205037Z-a280a1c0491b4ea4a2023fddd30eaeac,1.0,0.55
KXETH15M-26OCT022315-15,0.8,1790997176.5672548,1790997233.8393934,no,0.944,-3.8476999999999997,0.2077,True,20261002T205037Z-a280a1c0491b4ea4a2023fddd30eaeac,1.0,0.5
KXETH15M-26OCT022315-15,0.8,1790997176.5672548,1790997233.8393934,no,0.944,-3.8476999999999997,0.2077,True,20261002T205037Z-a280a1c0491b4ea4a2023fddd30eaeac,0.5,0.5
KXETH15M-26OCT022315-15,0.8,1790997176.5672548,1790997236.3102424,no,0.944,-3.8476999999999997,0.2077,True,20261002T205037Z-a280a1c0491b4ea4a2023fddd30eaeac,3.0,0.5
KXETH15M-26OCT022315-15,0.8,1790997176.5672548,1790997233.8393934,no,0.944,-3.8476999999999997,0.2077,True,20261002T205037Z-a280a1c0491b4ea4a2023fddd30eaeac,1.0,0.55
KXETH15M-26OCT022315-15,0.85,1790997176.5672548,1790997233.8393934,no,0.944,-3.8476999999999997,0.2077,True,20261002T205037Z-a280a1c0491b4ea4a2023fddd30eaeac,1.0,0.5
KXETH15M-26OCT022315-15,0.85,1790997176.5672548,1790997233.8393934,no,0.944,-3.8476999999999997,0.2077,True,20261002T205037Z-a280a1c0491b4ea4a2023fddd30eaeac,0.5,0.5
KXETH15M-26OCT022315-15,0.85,1790997176.5672548,1790997236.3102424,no,0.944,-3.8476999999999997,0.2077,True,20261002T205037Z-a280a1c0491b4ea4a2023fddd30eaeac,3.0,0.5
KXETH15M-26OCT022315-15,0.85,1790997176.5672548,1790997233.8393934,no,0.944,-3.8476999999999997,0.2077,True,20261002T205037Z-a280a1c0491b4ea4a2023fddd30eaeac,1.0,0.55
KXETH15M-26OCT022315-15,0.9,1790997176.5672548,1790997233.8393934,no,0.944,-3.8476999999999997,0.2077,True,20261002T205037Z-a280a1c0491b4ea4a2023fddd30eaeac,1.0,0.5
KXETH15M-26OCT022315-15,0.9,1790997176.5672548,1790997233.8393934,no,0.944,-3.8476999999999997,0.2077,True,20261002T205037Z-a280a1c0491b4ea4a2023fddd30eaeac,0.5,0.5
KXETH15M-26OCT022315-15,0.9,1790997178.5815074,1790997236.3102424,no,0.93,-3.7162000000000006,0.2162,True,20261002T205037Z-a280a1c0491b4ea4a2023fddd30eaeac,3.0,0.5
KXETH15M-26OCT022315-15,0.9,1790997176.5672548,1790997233.8393934,no,0.944,-3.8476999999999997,0.2077,True,20261002T205037Z-a280a1c0491b4ea4a2023fddd30eaeac,1.0,0.55
KXETH15M-26OCT022330-30,0.5,1790997601.9697375,1790998200.0,yes,0.8699999999999999,1.2208000000000008,0.0792,False,20261002T205037Z-a280a1c0491b4ea4a2023fddd30eaeac,1.0,0.5
KXETH15M-26OCT022330-30,0.5,1790997600.9570763,1790998200.0,yes,0.8699999999999999,1.2208000000000008,0.0792,False,20261002T205037Z-a280a1c0491b4ea4a2023fddd30eaeac,0.5,0.5
KXETH15M-26OCT022330-30,0.5,1790997603.978802,1790998200.0,yes,0.8699999999999999,1.2208000000000008,0.0792,False,20261002T205037Z-a280a1c0491b4ea4a2023fddd30eaeac,3.0,0.5
KXETH15M-26OCT022330-30,0.5,1790997601.9697375,1790998200.0,yes,0.8699999999999999,1.2208000000000008,0.0792,False,20261002T205037Z-a280a1c0491b4ea4a2023fddd30eaeac,1.0,0.55
KXETH15M-26OCT022330-30,0.55,1790997601.9697375,1790998200.0,yes,0.8699999999999999,1.2208000000000008,0.0792,False,20261002T205037Z-a280a1c0491b4ea4a2023fddd30eaeac,1.0,0.5
KXETH15M-26OCT022330-30,0.55,1790997600.9570763,1790998200.0,yes,0.8699999999999999,1.2208000000000008,0.0792,False,20261002T205037Z-a280a1c0491b4ea4a2023fddd30eaeac,0.5,0.5
KXETH15M-26OCT022330-30,0.55,1790997603.978802,1790998200.0,yes,0.8699999999999999,1.2208000000000008,0.0792,False,20261002T205037Z-a280a1c0491b4ea4a2023fddd30eaeac,3.0,0.5
KXETH15M-26OCT022330-30,0.55,1790997601.9697375,1790998200.0,yes,0.8699999999999999,1.2208000000000008,0.0792,False,20261002T205037Z-a280a1c0491b4ea4a2023fddd30eaeac,1.0,0.55
KXETH15M-26OCT022330-30,0.6,1790997604.9826884,1790998200.0,yes,0.8699999999999999,1.2208000000000008,0.0792,False,20261002T205037Z-a280a1c0491b4ea4a2023fddd30eaeac,1.0,0.5
KXETH15M-26OCT022330-30,0.6,1790997603.978802,1790998200.0,yes,0.8699999999999999,1.2208000000000008,0.0792,False,20261002T205037Z-a280a1c0491b4ea4a2023fddd30eaeac,0.5,0.5
KXETH15M-26OCT022330-30,0.6,1790997606.9908636,1790998200.0,yes,0.8800000000000001,1.1259999999999992,0.074,False,20261002T205037Z-a280a1c0491b4ea4a2023fddd30eaeac,3.0,0.5
KXETH15M-26OCT022330-30,0.6,1790997604.9826884,1790998200.0,yes,0.8699999999999999,1.2208000000000008,0.0792,False,20261002T205037Z-a280a1c0491b4ea4a2023fddd30eaeac,1.0,0.55
KXETH15M-26OCT022330-30,0.65,1790997665.3277757,1790998200.0,yes,0.9,0.937,0.063,False,20261002T205037Z-a280a1c0491b4ea4a2023fddd30eaeac,1.0,0.5
KXETH15M-26OCT022330-30,0.65,1790997665.3277757,1790998200.0,yes,0.9,0.937,0.063,False,20261002T205037Z-a280a1c0491b4ea4a2023fddd30eaeac,0.5,0.5
KXETH15M-26OCT022330-30,0.65,1790997667.3359535,1790998200.0,yes,0.89,1.0313999999999997,0.0686,False,20261002T205037Z-a280a1c0491b4ea4a2023fddd30eaeac,3.0,0.5
KXETH15M-26OCT022330-30,0.65,1790997665.3277757,1790998200.0,yes,0.9,0.937,0.063,False,20261002T205037Z-a280a1c0491b4ea4a2023fddd30eaeac,1.0,0.55
KXETH15M-26OCT022330-30,0.7,1790997665.3277757,1790998200.0,yes,0.9,0.937,0.063,False,20261002T205037Z-a280a1c0491b4ea4a2023fddd30eaeac,1.0,0.5
KXETH15M-26OCT022330-30,0.7,1790997665.3277757,1790998200.0,yes,0.9,0.937,0.063,False,20261002T205037Z-a280a1c0491b4ea4a2023fddd30eaeac,0.5,0.5
KXETH15M-26OCT022330-30,0.7,1790997667.3359535,1790998200.0,yes,0.89,1.0313999999999997,0.0686,False,20261002T205037Z-a280a1c0491b4ea4a2023fddd30eaeac,3.0,0.5
KXETH15M-26OCT022330-30,0.7,1790997665.3277757,1790998200.0,yes,0.9,0.937,0.063,False,20261002T205037Z-a280a1c0491b4ea4a2023fddd30eaeac,1.0,0.55
KXETH15M-26OCT022330-30,0.75,1790997665.3277757,1790998200.0,yes,0.9,0.937,0.063,False,20261002T205037Z-a280a1c0491b4ea4a2023fddd30eaeac,1.0,0.5
KXETH15M-26OCT022330-30,0.75,1790997665.3277757,1790998200.0,yes,0.9,0.937,0.063,False,20261002T205037Z-a280a1c0491b4ea4a2023fddd30eaeac,0.5,0.5
KXETH15M-26OCT022330-30,0.75,1790997667.3359535,1790998200.0,yes,0.89,1.0313999999999997,0.0686,False,20261002T205037Z-a280a1c0491b4ea4a2023fddd30eaeac,3.0,0.5
KXETH15M-26OCT022330-30,0.75,1790997665.3277757,1790998200.0,yes,0.9,0.937,0.063,False,20261002T205037Z-a280a1c0491b4ea4a2023fddd30eaeac,1.0,0.55
KXETH15M-26OCT022330-30,0.8,1790997783.0556855,1790998200.0,yes,0.9119000000000002,0.8246999999999984,0.0563,False,20261002T205037Z-a280a1c0491b4ea4a2023fddd30eaeac,1.0,0.5
KXETH15M-26OCT022330-30,0.8,1790997782.0416045,1790998200.0,yes,0.9099999999999999,0.8426000000000003,0.0574,False,20261002T205037Z-a280a1c0491b4ea4a2023fddd30eaeac,0.5,0.5
KXETH15M-26OCT022330-30,0.8,1790997785.0622082,1790998200.0,yes,0.918575,0.7617999999999995,0.05245,False,20261002T205037Z-a280a1c0491b4ea4a2023fddd30eaeac,3.0,0.5
KXETH15M-26OCT022330-30,0.8,1790997783.0556855,1790998200.0,yes,0.9119000000000002,0.8246999999999984,0.0563,False,20261002T205037Z-a280a1c0491b4ea4a2023fddd30eaeac,1.0,0.55
KXETH15M-26OCT022330-30,0.85,1790997783.0556855,1790998200.0,yes,0.9119000000000002,0.8246999999999984,0.0563,False,20261002T205037Z-a280a1c0491b4ea4a2023fddd30eaeac,1.0,0.5
KXETH15M-26OCT022330-30,0.85,1790997782.0416045,1790998200.0,yes,0.9099999999999999,0.8426000000000003,0.0574,False,20261002T205037Z-a280a1c0491b4ea4a2023fddd30eaeac,0.5,0.5
KXETH15M-26OCT022330-30,0.85,1790997785.0622082,1790998200.0,yes,0.918575,0.7617999999999995,0.05245,False,20261002T205037Z-a280a1c0491b4ea4a2023fddd30eaeac,3.0,0.5
KXETH15M-26OCT022330-30,0.85,1790997783.0556855,1790998200.0,yes,0.9119000000000002,0.8246999999999984,0.0563,False,20261002T205037Z-a280a1c0491b4ea4a2023fddd30eaeac,1.0,0.55
KXETH15M-26OCT022330-30,0.9,1790997790.1107292,1790998200.0,yes,0.9296,0.6581000000000006,0.045899999999999996,False,20261002T205037Z-a280a1c0491b4ea4a2023fddd30eaeac,1.0,0.5
KXETH15M-26OCT022330-30,0.9,1790997789.0980537,1790998200.0,yes,0.938,0.579200000000001,0.0408,False,20261002T205037Z-a280a1c0491b4ea4a2023fddd30eaeac,0.5,0.5
KXETH15M-26OCT022330-30,0.9,1790997791.1324737,1790998200.0,yes,0.9259999999999999,0.6920000000000002,0.048,False,20261002T205037Z-a280a1c0491b4ea4a2023fddd30eaeac,3.0,0.5
KXETH15M-26OCT022330-30,0.9,1790997790.1107292,1790998200.0,yes,0.9296,0.6581000000000006,0.045899999999999996,False,20261002T205037Z-a280a1c0491b4ea4a2023fddd30eaeac,1.0,0.55
KXETH15M-26OCT022330-30,0.95,1790997791.1324737,1790998200.0,yes,0.9259999999999999,0.6920000000000002,0.048,False,20261002T205037Z-a280a1c0491b4ea4a2023fddd30eaeac,1.0,0.5
KXETH15M-26OCT022330-30,0.95,1790997790.1107292,1790998200.0,yes,0.9296,0.6581000000000006,0.045899999999999996,False,20261002T205037Z-a280a1c0491b4ea4a2023fddd30eaeac,0.5,0.5
KXETH15M-26OCT022330-30,0.95,1790997793.1457295,1790998200.0,yes,0.9253,0.6985999999999999,0.0484,False,20261002T205037Z-a280a1c0491b4ea4a2023fddd30eaeac,3.0,0.5
KXETH15M-26OCT022330-30,0.95,1790997791.1324737,1790998200.0,yes,0.9259999999999999,0.6920000000000002,0.048,False,20261002T205037Z-a280a1c0491b4ea4a2023fddd30eaeac,1.0,0.55
KXETH15M-26OCT022330-30,1.0,1790997841.4102492,1790998200.0,yes,0.9497,0.46950000000000014,0.0335,False,20261002T205037Z-a280a1c0491b4ea4a2023fddd30eaeac,1.0,0.5
KXETH15M-26OCT022330-30,1.0,1790997841.4102492,1790998200.0,yes,0.9497,0.46950000000000014,0.0335,False,20261002T205037Z-a280a1c0491b4ea4a2023fddd30eaeac,0.5,0.5
KXETH15M-26OCT022330-30,1.0,1790997855.4896102,1790998200.0,yes,0.9570000000000001,0.40109999999999973,0.0289,False,20261002T205037Z-a280a1c0491b4ea4a2023fddd30eaeac,3.0,0.5
KXETH15M-26OCT022330-30,1.0,1790997841.4102492,1790998200.0,yes,0.9497,0.46950000000000014,0.0335,False,20261002T205037Z-a280a1c0491b4ea4a2023fddd30eaeac,1.0,0.55
KXETH15M-26OCT022330-30,1.05,1790997841.4102492,1790998200.0,yes,0.9497,0.46950000000000014,0.0335,False,20261002T205037Z-a280a1c0491b4ea4a2023fddd30eaeac,1.0,0.5
KXETH15M-26OCT022330-30,1.05,1790997841.4102492,1790998200.0,yes,0.9497,0.46950000000000014,0.0335,False,20261002T205037Z-a280a1c0491b4ea4a2023fddd30eaeac,0.5,0.5
KXETH15M-26OCT022330-30,1.05,1790997855.4896102,1790998200.0,yes,0.9570000000000001,0.40109999999999973,0.0289,False,20261002T205037Z-a280a1c0491b4ea4a2023fddd30eaeac,3.0,0.5
KXETH15M-26OCT022330-30,1.05,1790997841.4102492,1790998200.0,yes,0.9497,0.46950000000000014,0.0335,False,20261002T205037Z-a280a1c0491b4ea4a2023fddd30eaeac,1.0,0.55
KXETH15M-26OCT022330-30,1.1,1790997851.4684262,1790998200.0,yes,0.9570000000000001,0.40109999999999973,0.0289,False,20261002T205037Z-a280a1c0491b4ea4a2023fddd30eaeac,1.0,0.5
KXETH15M-26OCT022330-30,1.1,1790997851.4684262,1790998200.0,yes,0.9570000000000001,0.40109999999999973,0.0289,False,20261002T205037Z-a280a1c0491b4ea4a2023fddd30eaeac,0.5,0.5
KXETH15M-26OCT022330-30,1.1,1790997855.4896102,1790998200.0,yes,0.9570000000000001,0.40109999999999973,0.0289,False,20261002T205037Z-a280a1c0491b4ea4a2023fddd30eaeac,3.0,0.5
KXETH15M-26OCT022330-30,1.1,1790997851.4684262,1790998200.0,yes,0.9570000000000001,0.40109999999999973,0.0289,False,20261002T205037Z-a280a1c0491b4ea4a2023fddd30eaeac,1.0,0.55
KXETH15M-26OCT022330-30,1.15,1790997851.4684262,1790998200.0,yes,0.9570000000000001,0.40109999999999973,0.0289,False,20261002T205037Z-a280a1c0491b4ea4a2023fddd30eaeac,1.0,0.5
KXETH15M-26OCT022330-30,1.15,1790997851.4684262,1790998200.0,yes,0.9570000000000001,0.40109999999999973,0.0289,False,20261002T205037Z-a280a1c0491b4ea4a2023fddd30eaeac,0.5,0.5
KXETH15M-26OCT022330-30,1.15,1790997863.5545805,1790998200.0,yes,0.9549999999999998,0.41990000000000105,0.0301,False,20261002T205037Z-a280a1c0491b4ea4a2023fddd30eaeac,3.0,0.5
KXETH15M-26OCT022330-30,1.15,1790997851.4684262,1790998200.0,yes,0.9570000000000001,0.40109999999999973,0.0289,False,20261002T205037Z-a280a1c0491b4ea4a2023fddd30eaeac,1.0,0.55
KXETH15M-26OCT022330-30,1.2,1790997867.576966,1790998200.0,yes,0.951,0.4573000000000002,0.0327,False,20261002T205037Z-a280a1c0491b4ea4a2023fddd30eaeac,1.0,0.5
KXETH15M-26OCT022330-30,1.2,1790997866.5615513,1790998200.0,yes,0.952,0.4480000000000004,0.032,False,20261002T205037Z-a280a1c0491b4ea4a2023fddd30eaeac,0.5,0.5
KXETH15M-26OCT022330-30,1.2,1790997869.6011035,1790998200.0,yes,0.952,0.4480000000000004,0.032,False,20261002T205037Z-a280a1c0491b4ea4a2023fddd30eaeac,3.0,0.5
KXETH15M-26OCT022330-30,1.2,1790997867.576966,1790998200.0,yes,0.951,0.4573000000000002,0.0327,False,20261002T205037Z-a280a1c0491b4ea4a2023fddd30eaeac,1.0,0.55
KXETH15M-26OCT022345-45,0.5,1790998562.6184673,1790998991.8738985,no,0.8299999999999998,-3.273199999999998,0.2732,True,20261002T205037Z-a280a1c0491b4ea4a2023fddd30eaeac,1.0,0.5
KXETH15M-26OCT022345-45,0.5,1790998562.6184673,1790998991.363322,no,0.8299999999999998,-2.971299999999998,0.2713,True,20261002T205037Z-a280a1c0491b4ea4a2023fddd30eaeac,0.5,0.5
KXETH15M-26OCT022345-45,0.5,1790998564.6323414,1790998993.8939457,no,0.8299999999999998,-3.7735999999999987,0.2736,True,20261002T205037Z-a280a1c0491b4ea4a2023fddd30eaeac,3.0,0.5
KXETH15M-26OCT022345-45,0.5,1790998562.6184673,1790998986.8276148,no,0.8299999999999998,-2.6681999999999992,0.2682,True,20261002T205037Z-a280a1c0491b4ea4a2023fddd30eaeac,1.0,0.55
KXETH15M-26OCT022345-45,0.55,1790998562.6184673,1790998991.8738985,no,0.8299999999999998,-3.273199999999998,0.2732,True,20261002T205037Z-a280a1c0491b4ea4a2023fddd30eaeac,1.0,0.5
KXETH15M-26OCT022345-45,0.55,1790998562.6184673,1790998991.363322,no,0.8299999999999998,-2.971299999999998,0.2713,True,20261002T205037Z-a280a1c0491b4ea4a2023fddd30eaeac,0.5,0.5
KXETH15M-26OCT022345-45,0.55,1790998564.6323414,1790998993.8939457,no,0.8299999999999998,-3.7735999999999987,0.2736,True,20261002T205037Z-a280a1c0491b4ea4a2023fddd30eaeac,3.0,0.5
KXETH15M-26OCT022345-45,0.55,1790998562.6184673,1790998986.8276148,no,0.8299999999999998,-2.6681999999999992,0.2682,True,20261002T205037Z-a280a1c0491b4ea4a2023fddd30eaeac,1.0,0.55
KXETH15M-26OCT022345-45,0.6,1790998697.3563104,1790998991.8738985,no,0.8699999999999999,-3.6535999999999986,0.2536,True,20261002T205037Z-a280a1c0491b4ea4a2023fddd30eaeac,1.0,0.5
KXETH15M-26OCT022345-45,0.6,1790998697.3563104,1790998991.363322,no,0.8699999999999999,-3.351699999999999,0.2517,True,20261002T205037Z-a280a1c0491b4ea4a2023fddd30eaeac,0.5,0.5
KXETH15M-26OCT022345-45,0.6,1790998699.3649118,1790998993.8939457,no,0.8699999999999999,-4.154,0.254,True,20261002T205037Z-a280a1c0491b4ea4a2023fddd30eaeac,3.0,0.5
KXETH15M-26OCT022345-45,0.6,1790998697.3563104,1790998986.8276148,no,0.8699999999999999,-3.0486,0.2486,True,20261002T205037Z-a280a1c0491b4ea4a2023fddd30eaeac,1.0,0.55
KXETH15M-26OCT022345-45,0.65,1790998697.3563104,1790998991.8738985,no,0.8699999999999999,-3.6535999999999986,0.2536,True,20261002T205037Z-a280a1c0491b4ea4a2023fddd30eaeac,1.0,0.5
KXETH15M-26OCT022345-45,0.65,1790998697.3563104,1790998991.363322,no,0.8699999999999999,-3.351699999999999,0.2517,True,20261002T205037Z-a280a1c0491b4ea4a2023fddd30eaeac,0.5,0.5
KXETH15M-26OCT022345-45,0.65,1790998699.3649118,1790998993.8939457,no,0.8699999999999999,-4.154,0.254,True,20261002T205037Z-a280a1c0491b4ea4a2023fddd30eaeac,3.0,0.5
KXETH15M-26OCT022345-45,0.65,1790998697.3563104,1790998986.8276148,no,0.8699999999999999,-3.0486,0.2486,True,20261002T205037Z-a280a1c0491b4ea4a2023fddd30eaeac,1.0,0.55
KXETH15M-26OCT022345-45,0.7,1790998699.3649118,1790998991.8738985,no,0.8699999999999999,-3.6535999999999986,0.2536,True,20261002T205037Z-a280a1c0491b4ea4a2023fddd30eaeac,1.0,0.5
KXETH15M-26OCT022345-45,0.7,1790998699.3649118,1790998991.363322,no,0.8699999999999999,-3.351699999999999,0.2517,True,20261002T205037Z-a280a1c0491b4ea4a2023fddd30eaeac,0.5,0.5
KXETH15M-26OCT022345-45,0.7,1790998701.376441,1790998993.8939457,no,0.86,-4.0591,0.2591,True,20261002T205037Z-a280a1c0491b4ea4a2023fddd30eaeac,3.0,0.5
KXETH15M-26OCT022345-45,0.7,1790998699.3649118,1790998986.8276148,no,0.8699999999999999,-3.0486,0.2486,True,20261002T205037Z-a280a1c0491b4ea4a2023fddd30eaeac,1.0,0.55
KXETH15M-26OCT030000-00,0.5,1790999713.7739656,1791000000.0,yes,0.8,1.888,0.112,False,20261002T205037Z-a280a1c0491b4ea4a2023fddd30eaeac,1.0,0.5
KXETH15M-26OCT030000-00,0.5,1790999712.7698524,1791000000.0,yes,0.8,1.888,0.112,False,20261002T205037Z-a280a1c0491b4ea4a2023fddd30eaeac,0.5,0.5
KXETH15M-26OCT030000-00,0.5,1790999715.7827017,1791000000.0,yes,0.8,1.888,0.112,False,20261002T205037Z-a280a1c0491b4ea4a2023fddd30eaeac,3.0,0.5
KXETH15M-26OCT030000-00,0.5,1790999713.7739656,1791000000.0,yes,0.8,1.888,0.112,False,20261002T205037Z-a280a1c0491b4ea4a2023fddd30eaeac,1.0,0.55
KXETH15M-26OCT030000-00,0.55,1790999713.7739656,1791000000.0,yes,0.8,1.888,0.112,False,20261002T205037Z-a280a1c0491b4ea4a2023fddd30eaeac,1.0,0.5
KXETH15M-26OCT030000-00,0.55,1790999712.7698524,1791000000.0,yes,0.8,1.888,0.112,False,20261002T205037Z-a280a1c0491b4ea4a2023fddd30eaeac,0.5,0.5
KXETH15M-26OCT030000-00,0.55,1790999715.7827017,1791000000.0,yes,0.8,1.888,0.112,False,20261002T205037Z-a280a1c0491b4ea4a2023fddd30eaeac,3.0,0.5
KXETH15M-26OCT030000-00,0.55,1790999713.7739656,1791000000.0,yes,0.8,1.888,0.112,False,20261002T205037Z-a280a1c0491b4ea4a2023fddd30eaeac,1.0,0.55
KXETH15M-26OCT030000-00,0.6,1790999713.7739656,1791000000.0,yes,0.8,1.888,0.112,False,20261002T205037Z-a280a1c0491b4ea4a2023fddd30eaeac,1.0,0.5
KXETH15M-26OCT030000-00,0.6,1790999712.7698524,1791000000.0,yes,0.8,1.888,0.112,False,20261002T205037Z-a280a1c0491b4ea4a2023fddd30eaeac,0.5,0.5
KXETH15M-26OCT030000-00,0.6,1790999715.7827017,1791000000.0,yes,0.8,1.888,0.112,False,20261002T205037Z-a280a1c0491b4ea4a2023fddd30eaeac,3.0,0.5
KXETH15M-26OCT030000-00,0.6,1790999713.7739656,1791000000.0,yes,0.8,1.888,0.112,False,20261002T205037Z-a280a1c0491b4ea4a2023fddd30eaeac,1.0,0.55
KXETH15M-26OCT030000-00,0.65,1790999714.7779005,1791000000.0,yes,0.8,1.888,0.112,False,20261002T205037Z-a280a1c0491b4ea4a2023fddd30eaeac,1.0,0.5
KXETH15M-26OCT030000-00,0.65,1790999713.7739656,1791000000.0,yes,0.8,1.888,0.112,False,20261002T205037Z-a280a1c0491b4ea4a2023fddd30eaeac,0.5,0.5
KXETH15M-26OCT030000-00,0.65,1790999730.8389158,1791000000.0,yes,0.86,1.3157000000000003,0.0843,False,20261002T205037Z-a280a1c0491b4ea4a2023fddd30eaeac,3.0,0.5
KXETH15M-26OCT030000-00,0.65,1790999714.7779005,1791000000.0,yes,0.8,1.888,0.112,False,20261002T205037Z-a280a1c0491b4ea4a2023fddd30eaeac,1.0,0.55
KXETH15M-26OCT030000-00,0.7,1790999729.834455,1791000000.0,yes,0.85007,1.4100000000000001,0.08929999999999975,False,20261002T205037Z-a280a1c0491b4ea4a2023fddd30eaeac,1.0,0.5
KXETH15M-26OCT030000-00,0.7,1790999728.834385,1791000000.0,yes,0.85,1.4107,0.0893,False,20261002T205037Z-a280a1c0491b4ea4a2023fddd30eaeac,0.5,0.5
KXETH15M-26OCT030000-00,0.7,1790999731.85752,1791000000.0,yes,0.82,1.6966000000000008,0.1034,False,20261002T205037Z-a280a1c0491b4ea4a2023fddd30eaeac,3.0,0.5
KXETH15M-26OCT030000-00,0.7,1790999729.834455,1791000000.0,yes,0.85007,1.4100000000000001,0.08929999999999975,False,20261002T205037Z-a280a1c0491b4ea4a2023fddd30eaeac,1.0,0.55
KXETH15M-26OCT030000-00,0.75,1790999729.834455,1791000000.0,yes,0.85007,1.4100000000000001,0.08929999999999975,False,20261002T205037Z-a280a1c0491b4ea4a2023fddd30eaeac,1.0,0.5
KXETH15M-26OCT030000-00,0.75,1790999728.834385,1791000000.0,yes,0.85,1.4107,0.0893,False,20261002T205037Z-a280a1c0491b4ea4a2023fddd30eaeac,0.5,0.5
KXETH15M-26OCT030000-00,0.75,1790999731.85752,1791000000.0,yes,0.82,1.6966000000000008,0.1034,False,20261002T205037Z-a280a1c0491b4ea4a2023fddd30eaeac,3.0,0.5
KXETH15M-26OCT030000-00,0.75,1790999729.834455,1791000000.0,yes,0.85007,1.4100000000000001,0.08929999999999975,False,20261002T205037Z-a280a1c0491b4ea4a2023fddd30eaeac,1.0,0.55
KXETH15M-26OCT030000-00,0.8,1790999729.834455,1791000000.0,yes,0.85007,1.4100000000000001,0.08929999999999975,False,20261002T205037Z-a280a1c0491b4ea4a2023fddd30eaeac,1.0,0.5
KXETH15M-26OCT030000-00,0.8,1790999728.834385,1791000000.0,yes,0.85,1.4107,0.0893,False,20261002T205037Z-a280a1c0491b4ea4a2023fddd30eaeac,0.5,0.5
KXETH15M-26OCT030000-00,0.8,1790999731.85752,1791000000.0,yes,0.82,1.6966000000000008,0.1034,False,20261002T205037Z-a280a1c0491b4ea4a2023fddd30eaeac,3.0,0.5
KXETH15M-26OCT030000-00,0.8,1790999729.834455,1791000000.0,yes,0.85007,1.4100000000000001,0.08929999999999975,False,20261002T205037Z-a280a1c0491b4ea4a2023fddd30eaeac,1.0,0.55
KXETH15M-26OCT030000-00,0.85,1790999729.834455,1791000000.0,yes,0.85007,1.4100000000000001,0.08929999999999975,False,20261002T205037Z-a280a1c0491b4ea4a2023fddd30eaeac,1.0,0.5
KXETH15M-26OCT030000-00,0.85,1790999728.834385,1791000000.0,yes,0.85,1.4107,0.0893,False,20261002T205037Z-a280a1c0491b4ea4a2023fddd30eaeac,0.5,0.5
KXETH15M-26OCT030000-00,0.85,1790999731.85752,1791000000.0,yes,0.82,1.6966000000000008,0.1034,False,20261002T205037Z-a280a1c0491b4ea4a2023fddd30eaeac,3.0,0.5
KXETH15M-26OCT030000-00,0.85,1790999729.834455,1791000000.0,yes,0.85007,1.4100000000000001,0.08929999999999975,False,20261002T205037Z-a280a1c0491b4ea4a2023fddd30eaeac,1.0,0.55
KXETH15M-26OCT030000-00,0.9,1790999752.9662502,1791000000.0,yes,0.86,1.3157000000000003,0.0843,False,20261002T205037Z-a280a1c0491b4ea4a2023fddd30eaeac,1.0,0.5
KXETH15M-26OCT030000-00,0.9,1790999751.9601777,1791000000.0,yes,0.86,1.3157000000000003,0.0843,False,20261002T205037Z-a280a1c0491b4ea4a2023fddd30eaeac,0.5,0.5
KXETH15M-26OCT030000-00,0.9,1790999754.96994,1791000000.0,yes,0.85,1.4107,0.0893,False,20261002T205037Z-a280a1c0491b4ea4a2023fddd30eaeac,3.0,0.5
KXETH15M-26OCT030000-00,0.9,1790999752.9662502,1791000000.0,yes,0.86,1.3157000000000003,0.0843,False,20261002T205037Z-a280a1c0491b4ea4a2023fddd30eaeac,1.0,0.55
KXETH15M-26OCT030000-00,0.95,1790999786.2619612,1791000000.0,yes,0.9077999999999999,0.8634000000000006,0.0586,False,20261002T205037Z-a280a1c0491b4ea4a2023fddd30eaeac,1.0,0.5
KXETH15M-26OCT030000-00,0.95,1790999786.2619612,1791000000.0,yes,0.9077999999999999,0.8634000000000006,0.0586,False,20261002T205037Z-a280a1c0491b4ea4a2023fddd30eaeac,0.5,0.5
KXETH15M-26OCT030000-00,0.95,1790999788.2762458,1791000000.0,yes,0.9099999999999999,0.8426000000000003,0.0574,False,20261002T205037Z-a280a1c0491b4ea4a2023fddd30eaeac,3.0,0.5
KXETH15M-26OCT030000-00,0.95,1790999786.2619612,1791000000.0,yes,0.9077999999999999,0.8634000000000006,0.0586,False,20261002T205037Z-a280a1c0491b4ea4a2023fddd30eaeac,1.0,0.55
KXETH15M-26OCT030000-00,1.0,1790999786.2619612,1791000000.0,yes,0.9077999999999999,0.8634000000000006,0.0586,False,20261002T205037Z-a280a1c0491b4ea4a2023fddd30eaeac,1.0,0.5
KXETH15M-26OCT030000-00,1.0,1790999786.2619612,1791000000.0,yes,0.9077999999999999,0.8634000000000006,0.0586,False,20261002T205037Z-a280a1c0491b4ea4a2023fddd30eaeac,0.5,0.5
KXETH15M-26OCT030000-00,1.0,1790999788.2762458,1791000000.0,yes,0.9099999999999999,0.8426000000000003,0.0574,False,20261002T205037Z-a280a1c0491b4ea4a2023fddd30eaeac,3.0,0.5
KXETH15M-26OCT030000-00,1.0,1790999786.2619612,1791000000.0,yes,0.9077999999999999,0.8634000000000006,0.0586,False,20261002T205037Z-a280a1c0491b4ea4a2023fddd30eaeac,1.0,0.55
KXETH15M-26OCT030000-00,1.05,1790999788.2762458,1791000000.0,yes,0.9099999999999999,0.8426000000000003,0.0574,False,20261002T205037Z-a280a1c0491b4ea4a2023fddd30eaeac,1.0,0.5
KXETH15M-26OCT030000-00,1.05,1790999788.2762458,1791000000.0,yes,0.9099999999999999,0.8426000000000003,0.0574,False,20261002T205037Z-a280a1c0491b4ea4a2023fddd30eaeac,0.5,0.5
KXETH15M-26OCT030000-00,1.05,1790999790.2895963,1791000000.0,yes,0.9225000000000001,0.7248999999999985,0.0501,False,20261002T205037Z-a280a1c0491b4ea4a2023fddd30eaeac,3.0,0.5
KXETH15M-26OCT030000-00,1.05,1790999788.2762458,1791000000.0,yes,0.9099999999999999,0.8426000000000003,0.0574,False,20261002T205037Z-a280a1c0491b4ea4a2023fddd30eaeac,1.0,0.55
KXETH15M-26OCT030000-00,1.1,1790999823.472818,1791000000.0,yes,0.9559999999999998,0.4105000000000013,0.0295,False,20261002T205037Z-a280a1c0491b4ea4a2023fddd30eaeac,1.0,0.5
KXETH15M-26OCT030000-00,1.1,1790999823.472818,1791000000.0,yes,0.9559999999999998,0.4105000000000013,0.0295,False,20261002T205037Z-a280a1c0491b4ea4a2023fddd30eaeac,0.5,0.5
KXETH15M-26OCT030000-00,1.1,1790999825.5013123,1791000000.0,yes,0.9492999999999998,0.47330000000000144,0.0337,False,20261002T205037Z-a280a1c0491b4ea4a2023fddd30eaeac,3.0,0.5
KXETH15M-26OCT030000-00,1.1,1790999823.472818,1791000000.0,yes,0.9559999999999998,0.4105000000000013,0.0295,False,20261002T205037Z-a280a1c0491b4ea4a2023fddd30eaeac,1.0,0.55
KXETH15M-26OCT030000-00,1.15,1790999824.4842093,1791000000.0,yes,0.9549999999999998,0.41990000000000105,0.0301,False,20261002T205037Z-a280a1c0491b4ea4a2023fddd30eaeac,1.0,0.5
KXETH15M-26OCT030000-00,1.15,1790999824.4842093,1791000000.0,yes,0.9549999999999998,0.41990000000000105,0.0301,False,20261002T205037Z-a280a1c0491b4ea4a2023fddd30eaeac,0.5,0.5
KXETH15M-26OCT030000-00,1.15,1790999826.5004387,1791000000.0,yes,0.9570000000000001,0.40109999999999973,0.0289,False,20261002T205037Z-a280a1c0491b4ea4a2023fddd30eaeac,3.0,0.5
KXETH15M-26OCT030000-00,1.15,1790999824.4842093,1791000000.0,yes,0.9549999999999998,0.41990000000000105,0.0301,False,20261002T205037Z-a280a1c0491b4ea4a2023fddd30eaeac,1.0,0.55
KXETH15M-26OCT030000-00,1.2,1790999829.5369363,1791000000.0,yes,0.96,0.3731000000000004,0.0269,False,20261002T205037Z-a280a1c0491b4ea4a2023fddd30eaeac,1.0,0.5
KXETH15M-26OCT030000-00,1.2,1790999829.5369363,1791000000.0,yes,0.96,0.3731000000000004,0.0269,False,20261002T205037Z-a280a1c0491b4ea4a2023fddd30eaeac,0.5,0.5
KXETH15M-26OCT030000-00,1.2,1790999829.5369363,1791000000.0,yes,0.96,0.3731000000000004,0.0269,False,20261002T205037Z-a280a1c0491b4ea4a2023fddd30eaeac,1.0,0.55
KXETH15M-26OCT030015-15,0.5,1791000535.5493357,1791000722.758438,no,0.8,-4.1814,0.2814,True,20261002T205037Z-a280a1c0491b4ea4a2023fddd30eaeac,1.0,0.5
KXETH15M-26OCT030015-15,0.5,1791000534.541198,1791000722.758438,no,0.8,-4.1814,0.2814,True,20261002T205037Z-a280a1c0491b4ea4a2023fddd30eaeac,0.5,0.5
KXETH15M-26OCT030015-15,0.5,1791000537.5601718,1791000725.4369047,no,0.8,-4.1814,0.2814,True,20261002T205037Z-a280a1c0491b4ea4a2023fddd30eaeac,3.0,0.5
KXETH15M-26OCT030015-15,0.5,1791000535.5493357,1791000711.0439477,no,0.8,-2.4826,0.2826,True,20261002T205037Z-a280a1c0491b4ea4a2023fddd30eaeac,1.0,0.55
KXETH15M-26OCT030015-15,0.55,1791000540.583586,1791000722.758438,no,0.8,-4.1814,0.2814,True,20261002T205037Z-a280a1c0491b4ea4a2023fddd30eaeac,1.0,0.5
KXETH15M-26OCT030015-15,0.55,1791000540.583586,1791000722.758438,no,0.8,-4.1814,0.2814,True,20261002T205037Z-a280a1c0491b4ea4a2023fddd30eaeac,0.5,0.5
KXETH15M-26OCT030015-15,0.55,1791000538.5613346,1791000725.4369047,no,0.8,-4.1814,0.2814,True,20261002T205037Z-a280a1c0491b4ea4a2023fddd30eaeac,3.0,0.5
KXETH15M-26OCT030015-15,0.55,1791000540.583586,1791000711.0439477,no,0.8,-2.4826,0.2826,True,20261002T205037Z-a280a1c0491b4ea4a2023fddd30eaeac,1.0,0.55
KXETH15M-26OCT030015-15,0.6,1791000542.5985348,1791000722.758438,no,0.8100000000000002,-4.277200000000002,0.2772,True,20261002T205037Z-a280a1c0491b4ea4a2023fddd30eaeac,1.0,0.5
KXETH15M-26OCT030015-15,0.6,1791000542.5985348,1791000722.758438,no,0.8100000000000002,-4.277200000000002,0.2772,True,20261002T205037Z-a280a1c0491b4ea4a2023fddd30eaeac,0.5,0.5
KXETH15M-26OCT030015-15,0.6,1791000544.615763,1791000725.4369047,no,0.82,-4.3728,0.2728,True,20261002T205037Z-a280a1c0491b4ea4a2023fddd30eaeac,3.0,0.5
KXETH15M-26OCT030015-15,0.6,1791000542.5985348,1791000711.0439477,no,0.8100000000000002,-2.5784000000000016,0.2784,True,20261002T205037Z-a280a1c0491b4ea4a2023fddd30eaeac,1.0,0.55
KXETH15M-26OCT030015-15,0.65,1791000542.5985348,1791000722.758438,no,0.8100000000000002,-4.277200000000002,0.2772,True,20261002T205037Z-a280a1c0491b4ea4a2023fddd30eaeac,1.0,0.5
KXETH15M-26OCT030015-15,0.65,1791000542.5985348,1791000722.758438,no,0.8100000000000002,-4.277200000000002,0.2772,True,20261002T205037Z-a280a1c0491b4ea4a2023fddd30eaeac,0.5,0.5
KXETH15M-26OCT030015-15,0.65,1791000544.615763,1791000725.4369047,no,0.82,-4.3728,0.2728,True,20261002T205037Z-a280a1c0491b4ea4a2023fddd30eaeac,3.0,0.5
KXETH15M-26OCT030015-15,0.65,1791000542.5985348,1791000711.0439477,no,0.8100000000000002,-2.5784000000000016,0.2784,True,20261002T205037Z-a280a1c0491b4ea4a2023fddd30eaeac,1.0,0.55
KXETH15M-26OCT030015-15,0.7,1791000558.7083588,1791000722.758438,no,0.8299999999999998,-4.4681999999999995,0.2682,True,20261002T205037Z-a280a1c0491b4ea4a2023fddd30eaeac,1.0,0.5
KXETH15M-26OCT030015-15,0.7,1791000557.703546,1791000722.758438,no,0.8299999999999998,-4.4681999999999995,0.2682,True,20261002T205037Z-a280a1c0491b4ea4a2023fddd30eaeac,0.5,0.5
KXETH15M-26OCT030015-15,0.7,1791000560.7254012,1791000725.4369047,no,0.8400000000000001,-4.563500000000001,0.2635,True,20261002T205037Z-a280a1c0491b4ea4a2023fddd30eaeac,3.0,0.5
KXETH15M-26OCT030015-15,0.7,1791000558.7083588,1791000711.0439477,no,0.8299999999999998,-2.7693999999999988,0.2694,True,20261002T205037Z-a280a1c0491b4ea4a2023fddd30eaeac,1.0,0.55
KXETH15M-26OCT030015-15,0.75,1791000578.8313134,1791000722.758438,no,0.9071,-5.199400000000001,0.2284,True,20261002T205037Z-a280a1c0491b4ea4a2023fddd30eaeac,1.0,0.5
KXETH15M-26OCT030015-15,0.75,1791000577.796851,1791000722.758438,no,0.905,-5.179600000000001,0.2296,True,20261002T205037Z-a280a1c0491b4ea4a2023fddd30eaeac,0.5,0.5
KXETH15M-26OCT030015-15,0.75,1791000580.8519363,1791000725.4369047,no,0.9021000000000001,-5.1523,0.2313,True,20261002T205037Z-a280a1c0491b4ea4a2023fddd30eaeac,3.0,0.5
KXETH15M-26OCT030015-15,0.75,1791000578.8313134,1791000711.0439477,no,0.9071,-3.5006,0.2296,True,20261002T205037Z-a280a1c0491b4ea4a2023fddd30eaeac,1.0,0.55
KXETH15M-26OCT030015-15,0.8,1791000578.8313134,1791000722.758438,no,0.9071,-5.199400000000001,0.2284,True,20261002T205037Z-a280a1c0491b4ea4a2023fddd30eaeac,1.0,0.5
KXETH15M-26OCT030015-15,0.8,1791000577.796851,1791000722.758438,no,0.905,-5.179600000000001,0.2296,True,20261002T205037Z-a280a1c0491b4ea4a2023fddd30eaeac,0.5,0.5
KXETH15M-26OCT030015-15,0.8,1791000580.8519363,1791000725.4369047,no,0.9021000000000001,-5.1523,0.2313,True,20261002T205037Z-a280a1c0491b4ea4a2023fddd30eaeac,3.0,0.5
KXETH15M-26OCT030015-15,0.8,1791000578.8313134,1791000711.0439477,no,0.9071,-3.5006,0.2296,True,20261002T205037Z-a280a1c0491b4ea4a2023fddd30eaeac,1.0,0.55
KXETH15M-26OCT030015-15,0.85,1791000697.5108554,1791000722.758438,no,0.9099999999999999,-5.226800000000001,0.2268,True,20261002T205037Z-a280a1c0491b4ea4a2023fddd30eaeac,1.0,0.5
KXETH15M-26OCT030015-15,0.85,1791000697.5108554,1791000722.758438,no,0.9099999999999999,-5.226800000000001,0.2268,True,20261002T205037Z-a280a1c0491b4ea4a2023fddd30eaeac,0.5,0.5
KXETH15M-26OCT030015-15,0.85,1791000699.522617,1791000725.4369047,no,0.917,-5.2927,0.2227,True,20261002T205037Z-a280a1c0491b4ea4a2023fddd30eaeac,3.0,0.5
KXETH15M-26OCT030015-15,0.85,1791000697.5108554,1791000711.0439477,no,0.9099999999999999,-3.5279999999999996,0.228,True,20261002T205037Z-a280a1c0491b4ea4a2023fddd30eaeac,1.0,0.55
KXETH15M-26OCT030015-15,0.9,1791000701.531807,1791000722.758438,no,0.9179999999999999,-5.302099999999999,0.2221,True,20261002T205037Z-a280a1c0491b4ea4a2023fddd30eaeac,1.0,0.5
KXETH15M-26OCT030015-15,0.9,1791000701.531807,1791000722.758438,no,0.9179999999999999,-5.302099999999999,0.2221,True,20261002T205037Z-a280a1c0491b4ea4a2023fddd30eaeac,0.5,0.5
KXETH15M-26OCT030015-15,0.9,1791000703.5358639,1791000725.4369047,no,0.917,-5.2927,0.2227,True,20261002T205037Z-a280a1c0491b4ea4a2023fddd30eaeac,3.0,0.5
KXETH15M-26OCT030015-15,0.9,1791000701.531807,1791000711.0439477,no,0.9179999999999999,-3.6033,0.2233,True,20261002T205037Z-a280a1c0491b4ea4a2023fddd30eaeac,1.0,0.55
KXETH15M-26OCT030030-30,0.5,1791001201.5432491,1791001800.0,no,0.9480000000000001,0.48539999999999955,0.0346,False,20261002T205037Z-a280a1c0491b4ea4a2023fddd30eaeac,1.0,0.5
KXETH15M-26OCT030030-30,0.5,1791001201.5432491,1791001800.0,no,0.9480000000000001,0.48539999999999955,0.0346,False,20261002T205037Z-a280a1c0491b4ea4a2023fddd30eaeac,0.5,0.5
KXETH15M-26OCT030030-30,0.5,1791001203.5700405,1791001800.0,no,0.9475999999999999,0.4892000000000009,0.0348,False,20261002T205037Z-a280a1c0491b4ea4a2023fddd30eaeac,3.0,0.5
KXETH15M-26OCT030030-30,0.5,1791001201.5432491,1791001800.0,no,0.9480000000000001,0.48539999999999955,0.0346,False,20261002T205037Z-a280a1c0491b4ea4a2023fddd30eaeac,1.0,0.55
KXETH15M-26OCT030030-30,0.55,1791001201.5432491,1791001800.0,no,0.9480000000000001,0.48539999999999955,0.0346,False,20261002T205037Z-a280a1c0491b4ea4a2023fddd30eaeac,1.0,0.5
KXETH15M-26OCT030030-30,0.55,1791001201.5432491,1791001800.0,no,0.9480000000000001,0.48539999999999955,0.0346,False,20261002T205037Z-a280a1c0491b4ea4a2023fddd30eaeac,0.5,0.5
KXETH15M-26OCT030030-30,0.55,1791001203.5700405,1791001800.0,no,0.9475999999999999,0.4892000000000009,0.0348,False,20261002T205037Z-a280a1c0491b4ea4a2023fddd30eaeac,3.0,0.5
KXETH15M-26OCT030030-30,0.55,1791001201.5432491,1791001800.0,no,0.9480000000000001,0.48539999999999955,0.0346,False,20261002T205037Z-a280a1c0491b4ea4a2023fddd30eaeac,1.0,0.55
KXETH15M-26OCT030030-30,0.6,1791001201.5432491,1791001800.0,no,0.9480000000000001,0.48539999999999955,0.0346,False,20261002T205037Z-a280a1c0491b4ea4a2023fddd30eaeac,1.0,0.5
KXETH15M-26OCT030030-30,0.6,1791001201.5432491,1791001800.0,no,0.9480000000000001,0.48539999999999955,0.0346,False,20261002T205037Z-a280a1c0491b4ea4a2023fddd30eaeac,0.5,0.5
KXETH15M-26OCT030030-30,0.6,1791001203.5700405,1791001800.0,no,0.9475999999999999,0.4892000000000009,0.0348,False,20261002T205037Z-a280a1c0491b4ea4a2023fddd30eaeac,3.0,0.5
KXETH15M-26OCT030030-30,0.6,1791001201.5432491,1791001800.0,no,0.9480000000000001,0.48539999999999955,0.0346,False,20261002T205037Z-a280a1c0491b4ea4a2023fddd30eaeac,1.0,0.55
KXETH15M-26OCT030030-30,0.65,1791001201.5432491,1791001800.0,no,0.9480000000000001,0.48539999999999955,0.0346,False,20261002T205037Z-a280a1c0491b4ea4a2023fddd30eaeac,1.0,0.5
KXETH15M-26OCT030030-30,0.65,1791001201.5432491,1791001800.0,no,0.9480000000000001,0.48539999999999955,0.0346,False,20261002T205037Z-a280a1c0491b4ea4a2023fddd30eaeac,0.5,0.5
KXETH15M-26OCT030030-30,0.65,1791001203.5700405,1791001800.0,no,0.9475999999999999,0.4892000000000009,0.0348,False,20261002T205037Z-a280a1c0491b4ea4a2023fddd30eaeac,3.0,0.5
KXETH15M-26OCT030030-30,0.65,1791001201.5432491,1791001800.0,no,0.9480000000000001,0.48539999999999955,0.0346,False,20261002T205037Z-a280a1c0491b4ea4a2023fddd30eaeac,1.0,0.55
KXETH15M-26OCT030030-30,0.7,1791001201.5432491,1791001800.0,no,0.9480000000000001,0.48539999999999955,0.0346,False,20261002T205037Z-a280a1c0491b4ea4a2023fddd30eaeac,1.0,0.5
KXETH15M-26OCT030030-30,0.7,1791001201.5432491,1791001800.0,no,0.9480000000000001,0.48539999999999955,0.0346,False,20261002T205037Z-a280a1c0491b4ea4a2023fddd30eaeac,0.5,0.5
KXETH15M-26OCT030030-30,0.7,1791001203.5700405,1791001800.0,no,0.9475999999999999,0.4892000000000009,0.0348,False,20261002T205037Z-a280a1c0491b4ea4a2023fddd30eaeac,3.0,0.5
KXETH15M-26OCT030030-30,0.7,1791001201.5432491,1791001800.0,no,0.9480000000000001,0.48539999999999955,0.0346,False,20261002T205037Z-a280a1c0491b4ea4a2023fddd30eaeac,1.0,0.55
KXETH15M-26OCT030030-30,0.75,1791001201.5432491,1791001800.0,no,0.9480000000000001,0.48539999999999955,0.0346,False,20261002T205037Z-a280a1c0491b4ea4a2023fddd30eaeac,1.0,0.5
KXETH15M-26OCT030030-30,0.75,1791001201.5432491,1791001800.0,no,0.9480000000000001,0.48539999999999955,0.0346,False,20261002T205037Z-a280a1c0491b4ea4a2023fddd30eaeac,0.5,0.5
KXETH15M-26OCT030030-30,0.75,1791001203.5700405,1791001800.0,no,0.9475999999999999,0.4892000000000009,0.0348,False,20261002T205037Z-a280a1c0491b4ea4a2023fddd30eaeac,3.0,0.5
KXETH15M-26OCT030030-30,0.75,1791001201.5432491,1791001800.0,no,0.9480000000000001,0.48539999999999955,0.0346,False,20261002T205037Z-a280a1c0491b4ea4a2023fddd30eaeac,1.0,0.55
KXETH15M-26OCT030030-30,0.8,1791001201.5432491,1791001800.0,no,0.9480000000000001,0.48539999999999955,0.0346,False,20261002T205037Z-a280a1c0491b4ea4a2023fddd30eaeac,1.0,0.5
KXETH15M-26OCT030030-30,0.8,1791001201.5432491,1791001800.0,no,0.9480000000000001,0.48539999999999955,0.0346,False,20261002T205037Z-a280a1c0491b4ea4a2023fddd30eaeac,0.5,0.5
KXETH15M-26OCT030030-30,0.8,1791001203.5700405,1791001800.0,no,0.9475999999999999,0.4892000000000009,0.0348,False,20261002T205037Z-a280a1c0491b4ea4a2023fddd30eaeac,3.0,0.5
KXETH15M-26OCT030030-30,0.8,1791001201.5432491,1791001800.0,no,0.9480000000000001,0.48539999999999955,0.0346,False,20261002T205037Z-a280a1c0491b4ea4a2023fddd30eaeac,1.0,0.55
KXETH15M-26OCT030030-30,0.85,1791001201.5432491,1791001800.0,no,0.9480000000000001,0.48539999999999955,0.0346,False,20261002T205037Z-a280a1c0491b4ea4a2023fddd30eaeac,1.0,0.5
KXETH15M-26OCT030030-30,0.85,1791001201.5432491,1791001800.0,no,0.9480000000000001,0.48539999999999955,0.0346,False,20261002T205037Z-a280a1c0491b4ea4a2023fddd30eaeac,0.5,0.5
KXETH15M-26OCT030030-30,0.85,1791001203.5700405,1791001800.0,no,0.9475999999999999,0.4892000000000009,0.0348,False,20261002T205037Z-a280a1c0491b4ea4a2023fddd30eaeac,3.0,0.5
KXETH15M-26OCT030030-30,0.85,1791001201.5432491,1791001800.0,no,0.9480000000000001,0.48539999999999955,0.0346,False,20261002T205037Z-a280a1c0491b4ea4a2023fddd30eaeac,1.0,0.55
KXETH15M-26OCT030030-30,0.9,1791001201.5432491,1791001800.0,no,0.9480000000000001,0.48539999999999955,0.0346,False,20261002T205037Z-a280a1c0491b4ea4a2023fddd30eaeac,1.0,0.5
KXETH15M-26OCT030030-30,0.9,1791001201.5432491,1791001800.0,no,0.9480000000000001,0.48539999999999955,0.0346,False,20261002T205037Z-a280a1c0491b4ea4a2023fddd30eaeac,0.5,0.5
KXETH15M-26OCT030030-30,0.9,1791001203.5700405,1791001800.0,no,0.9475999999999999,0.4892000000000009,0.0348,False,20261002T205037Z-a280a1c0491b4ea4a2023fddd30eaeac,3.0,0.5
KXETH15M-26OCT030030-30,0.9,1791001201.5432491,1791001800.0,no,0.9480000000000001,0.48539999999999955,0.0346,False,20261002T205037Z-a280a1c0491b4ea4a2023fddd30eaeac,1.0,0.55
KXETH15M-26OCT030030-30,0.95,1791001201.5432491,1791001800.0,no,0.9480000000000001,0.48539999999999955,0.0346,False,20261002T205037Z-a280a1c0491b4ea4a2023fddd30eaeac,1.0,0.5
KXETH15M-26OCT030030-30,0.95,1791001201.5432491,1791001800.0,no,0.9480000000000001,0.48539999999999955,0.0346,False,20261002T205037Z-a280a1c0491b4ea4a2023fddd30eaeac,0.5,0.5
KXETH15M-26OCT030030-30,0.95,1791001203.5700405,1791001800.0,no,0.9475999999999999,0.4892000000000009,0.0348,False,20261002T205037Z-a280a1c0491b4ea4a2023fddd30eaeac,3.0,0.5
KXETH15M-26OCT030030-30,0.95,1791001201.5432491,1791001800.0,no,0.9480000000000001,0.48539999999999955,0.0346,False,20261002T205037Z-a280a1c0491b4ea4a2023fddd30eaeac,1.0,0.55
KXETH15M-26OCT030030-30,1.0,1791001201.5432491,1791001800.0,no,0.9480000000000001,0.48539999999999955,0.0346,False,20261002T205037Z-a280a1c0491b4ea4a2023fddd30eaeac,1.0,0.5
KXETH15M-26OCT030030-30,1.0,1791001201.5432491,1791001800.0,no,0.9480000000000001,0.48539999999999955,0.0346,False,20261002T205037Z-a280a1c0491b4ea4a2023fddd30eaeac,0.5,0.5
KXETH15M-26OCT030030-30,1.0,1791001203.5700405,1791001800.0,no,0.9475999999999999,0.4892000000000009,0.0348,False,20261002T205037Z-a280a1c0491b4ea4a2023fddd30eaeac,3.0,0.5
KXETH15M-26OCT030030-30,1.0,1791001201.5432491,1791001800.0,no,0.9480000000000001,0.48539999999999955,0.0346,False,20261002T205037Z-a280a1c0491b4ea4a2023fddd30eaeac,1.0,0.55
KXETH15M-26OCT030030-30,1.05,1791001201.5432491,1791001800.0,no,0.9480000000000001,0.48539999999999955,0.0346,False,20261002T205037Z-a280a1c0491b4ea4a2023fddd30eaeac,1.0,0.5
KXETH15M-26OCT030030-30,1.05,1791001201.5432491,1791001800.0,no,0.9480000000000001,0.48539999999999955,0.0346,False,20261002T205037Z-a280a1c0491b4ea4a2023fddd30eaeac,0.5,0.5
KXETH15M-26OCT030030-30,1.05,1791001203.5700405,1791001800.0,no,0.9475999999999999,0.4892000000000009,0.0348,False,20261002T205037Z-a280a1c0491b4ea4a2023fddd30eaeac,3.0,0.5
KXETH15M-26OCT030030-30,1.05,1791001201.5432491,1791001800.0,no,0.9480000000000001,0.48539999999999955,0.0346,False,20261002T205037Z-a280a1c0491b4ea4a2023fddd30eaeac,1.0,0.55
KXETH15M-26OCT030030-30,1.1,1791001201.5432491,1791001800.0,no,0.9480000000000001,0.48539999999999955,0.0346,False,20261002T205037Z-a280a1c0491b4ea4a2023fddd30eaeac,1.0,0.5
KXETH15M-26OCT030030-30,1.1,1791001201.5432491,1791001800.0,no,0.9480000000000001,0.48539999999999955,0.0346,False,20261002T205037Z-a280a1c0491b4ea4a2023fddd30eaeac,0.5,0.5
KXETH15M-26OCT030030-30,1.1,1791001203.5700405,1791001800.0,no,0.9475999999999999,0.4892000000000009,0.0348,False,20261002T205037Z-a280a1c0491b4ea4a2023fddd30eaeac,3.0,0.5
KXETH15M-26OCT030030-30,1.1,1791001201.5432491,1791001800.0,no,0.9480000000000001,0.48539999999999955,0.0346,False,20261002T205037Z-a280a1c0491b4ea4a2023fddd30eaeac,1.0,0.55
KXETH15M-26OCT030030-30,1.15,1791001201.5432491,1791001800.0,no,0.9480000000000001,0.48539999999999955,0.0346,False,20261002T205037Z-a280a1c0491b4ea4a2023fddd30eaeac,1.0,0.5
KXETH15M-26OCT030030-30,1.15,1791001201.5432491,1791001800.0,no,0.9480000000000001,0.48539999999999955,0.0346,False,20261002T205037Z-a280a1c0491b4ea4a2023fddd30eaeac,0.5,0.5
KXETH15M-26OCT030030-30,1.15,1791001203.5700405,1791001800.0,no,0.9475999999999999,0.4892000000000009,0.0348,False,20261002T205037Z-a280a1c0491b4ea4a2023fddd30eaeac,3.0,0.5
KXETH15M-26OCT030030-30,1.15,1791001201.5432491,1791001800.0,no,0.9480000000000001,0.48539999999999955,0.0346,False,20261002T205037Z-a280a1c0491b4ea4a2023fddd30eaeac,1.0,0.55
KXETH15M-26OCT030030-30,1.2,1791001201.5432491,1791001800.0,no,0.9480000000000001,0.48539999999999955,0.0346,False,20261002T205037Z-a280a1c0491b4ea4a2023fddd30eaeac,1.0,0.5
KXETH15M-26OCT030030-30,1.2,1791001201.5432491,1791001800.0,no,0.9480000000000001,0.48539999999999955,0.0346,False,20261002T205037Z-a280a1c0491b4ea4a2023fddd30eaeac,0.5,0.5
KXETH15M-26OCT030030-30,1.2,1791001203.5700405,1791001800.0,no,0.9475999999999999,0.4892000000000009,0.0348,False,20261002T205037Z-a280a1c0491b4ea4a2023fddd30eaeac,3.0,0.5
KXETH15M-26OCT030030-30,1.2,1791001201.5432491,1791001800.0,no,0.9480000000000001,0.48539999999999955,0.0346,False,20261002T205037Z-a280a1c0491b4ea4a2023fddd30eaeac,1.0,0.55
KXETH15M-26OCT030030-30,1.25,1791001257.8610642,1791001800.0,no,0.9570000000000001,0.40109999999999973,0.0289,False,20261002T205037Z-a280a1c0491b4ea4a2023fddd30eaeac,0.5,0.5
KXETH15M-26OCT030030-30,1.3,1791001257.8610642,1791001800.0,no,0.9570000000000001,0.40109999999999973,0.0289,False,20261002T205037Z-a280a1c0491b4ea4a2023fddd30eaeac,0.5,0.5
KXETH15M-26OCT030030-30,1.35,1791001257.8610642,1791001800.0,no,0.9570000000000001,0.40109999999999973,0.0289,False,20261002T205037Z-a280a1c0491b4ea4a2023fddd30eaeac,0.5,0.5
KXETH15M-26OCT030030-30,1.4,1791001257.8610642,1791001800.0,no,0.9570000000000001,0.40109999999999973,0.0289,False,20261002T205037Z-a280a1c0491b4ea4a2023fddd30eaeac,0.5,0.5
KXETH15M-26OCT030030-30,1.45,1791001257.8610642,1791001800.0,no,0.9570000000000001,0.40109999999999973,0.0289,False,20261002T205037Z-a280a1c0491b4ea4a2023fddd30eaeac,0.5,0.5
KXETH15M-26OCT030045-45,0.5,1791002174.6131916,1791002645.2767942,no,0.8100000000000002,-2.6794000000000024,0.2794,True,20261002T205037Z-a280a1c0491b4ea4a2023fddd30eaeac,1.0,0.5
KXETH15M-26OCT030045-45,0.5,1791002174.6131916,1791002644.8109827,no,0.8100000000000002,-3.482800000000001,0.2828,True,20261002T205037Z-a280a1c0491b4ea4a2023fddd30eaeac,0.5,0.5
KXETH15M-26OCT030045-45,0.5,1791002310.4677236,1791002647.2426267,no,0.85,-1.1170000000000004,0.21700000000000003,True,20261002T205037Z-a280a1c0491b4ea4a2023fddd30eaeac,3.0,0.5
KXETH15M-26OCT030045-45,0.5,1791002174.6131916,1791002202.859843,no,0.8100000000000002,-2.477200000000002,0.2772,True,20261002T205037Z-a280a1c0491b4ea4a2023fddd30eaeac,1.0,0.55
KXETH15M-26OCT030045-45,0.55,1791002174.6131916,1791002645.2767942,no,0.8100000000000002,-2.6794000000000024,0.2794,True,20261002T205037Z-a280a1c0491b4ea4a2023fddd30eaeac,1.0,0.5
KXETH15M-26OCT030045-45,0.55,1791002174.6131916,1791002644.8109827,no,0.8100000000000002,-3.482800000000001,0.2828,True,20261002T205037Z-a280a1c0491b4ea4a2023fddd30eaeac,0.5,0.5
KXETH15M-26OCT030045-45,0.55,1791002310.4677236,1791002647.2426267,no,0.85,-1.1170000000000004,0.21700000000000003,True,20261002T205037Z-a280a1c0491b4ea4a2023fddd30eaeac,3.0,0.5
KXETH15M-26OCT030045-45,0.55,1791002174.6131916,1791002202.859843,no,0.8100000000000002,-2.477200000000002,0.2772,True,20261002T205037Z-a280a1c0491b4ea4a2023fddd30eaeac,1.0,0.55
KXETH15M-26OCT030045-45,0.6,1791002174.6131916,1791002645.2767942,no,0.8100000000000002,-2.6794000000000024,0.2794,True,20261002T205037Z-a280a1c0491b4ea4a2023fddd30eaeac,1.0,0.5
KXETH15M-26OCT030045-45,0.6,1791002174.6131916,1791002644.8109827,no,0.8100000000000002,-3.482800000000001,0.2828,True,20261002T205037Z-a280a1c0491b4ea4a2023fddd30eaeac,0.5,0.5
KXETH15M-26OCT030045-45,0.6,1791002310.4677236,1791002647.2426267,no,0.85,-1.1170000000000004,0.21700000000000003,True,20261002T205037Z-a280a1c0491b4ea4a2023fddd30eaeac,3.0,0.5
KXETH15M-26OCT030045-45,0.6,1791002174.6131916,1791002202.859843,no,0.8100000000000002,-2.477200000000002,0.2772,True,20261002T205037Z-a280a1c0491b4ea4a2023fddd30eaeac,1.0,0.55
KXETH15M-26OCT030045-45,0.65,1791002310.4677236,1791002645.2767942,no,0.85,-3.060900000000001,0.2609,True,20261002T205037Z-a280a1c0491b4ea4a2023fddd30eaeac,1.0,0.5
KXETH15M-26OCT030045-45,0.65,1791002310.4677236,1791002644.8109827,no,0.85,-3.8642999999999996,0.2643,True,20261002T205037Z-a280a1c0491b4ea4a2023fddd30eaeac,0.5,0.5
KXETH15M-26OCT030045-45,0.65,1791002312.8031993,1791002647.2426267,no,0.8100000000000002,-0.7355000000000018,0.23550000000000001,True,20261002T205037Z-a280a1c0491b4ea4a2023fddd30eaeac,3.0,0.5
KXETH15M-26OCT030045-45,0.65,1791002310.4677236,1791002364.6415462,no,0.85,-2.5543,0.2543,True,20261002T205037Z-a280a1c0491b4ea4a2023fddd30eaeac,1.0,0.55
KXETH15M-26OCT030045-45,0.7,1791002310.4677236,1791002645.2767942,no,0.85,-3.060900000000001,0.2609,True,20261002T205037Z-a280a1c0491b4ea4a2023fddd30eaeac,1.0,0.5
KXETH15M-26OCT030045-45,0.7,1791002310.4677236,1791002644.8109827,no,0.85,-3.8642999999999996,0.2643,True,20261002T205037Z-a280a1c0491b4ea4a2023fddd30eaeac,0.5,0.5
KXETH15M-26OCT030045-45,0.7,1791002312.8031993,1791002647.2426267,no,0.8100000000000002,-0.7355000000000018,0.23550000000000001,True,20261002T205037Z-a280a1c0491b4ea4a2023fddd30eaeac,3.0,0.5
KXETH15M-26OCT030045-45,0.7,1791002310.4677236,1791002364.6415462,no,0.85,-2.5543,0.2543,True,20261002T205037Z-a280a1c0491b4ea4a2023fddd30eaeac,1.0,0.55
KXETH15M-26OCT030045-45,0.75,1791002310.4677236,1791002645.2767942,no,0.85,-3.060900000000001,0.2609,True,20261002T205037Z-a280a1c0491b4ea4a2023fddd30eaeac,1.0,0.5
KXETH15M-26OCT030045-45,0.75,1791002310.4677236,1791002644.8109827,no,0.85,-3.8642999999999996,0.2643,True,20261002T205037Z-a280a1c0491b4ea4a2023fddd30eaeac,0.5,0.5
KXETH15M-26OCT030045-45,0.75,1791002312.8031993,1791002647.2426267,no,0.8100000000000002,-0.7355000000000018,0.23550000000000001,True,20261002T205037Z-a280a1c0491b4ea4a2023fddd30eaeac,3.0,0.5
KXETH15M-26OCT030045-45,0.75,1791002310.4677236,1791002364.6415462,no,0.85,-2.5543,0.2543,True,20261002T205037Z-a280a1c0491b4ea4a2023fddd30eaeac,1.0,0.55
KXETH15M-26OCT030045-45,0.8,1791002474.3504195,1791002645.2767942,no,0.908,-3.610100000000001,0.2301,True,20261002T205037Z-a280a1c0491b4ea4a2023fddd30eaeac,1.0,0.5
KXETH15M-26OCT030045-45,0.8,1791002474.3504195,1791002644.8109827,no,0.908,-4.4135,0.23349999999999999,True,20261002T205037Z-a280a1c0491b4ea4a2023fddd30eaeac,0.5,0.5
KXETH15M-26OCT030045-45,0.8,1791002476.3539963,1791002647.2426267,no,0.9269999999999999,-1.8451,0.1751,True,20261002T205037Z-a280a1c0491b4ea4a2023fddd30eaeac,3.0,0.5
KXETH15M-26OCT030045-45,0.8,1791002474.3504195,1791002644.8109827,no,0.908,-4.4135,0.23349999999999999,True,20261002T205037Z-a280a1c0491b4ea4a2023fddd30eaeac,1.0,0.55
KXETH15M-26OCT030045-45,0.85,1791002474.3504195,1791002645.2767942,no,0.908,-3.610100000000001,0.2301,True,20261002T205037Z-a280a1c0491b4ea4a2023fddd30eaeac,1.0,0.5
KXETH15M-26OCT030045-45,0.85,1791002474.3504195,1791002644.8109827,no,0.908,-4.4135,0.23349999999999999,True,20261002T205037Z-a280a1c0491b4ea4a2023fddd30eaeac,0.5,0.5
KXETH15M-26OCT030045-45,0.85,1791002476.3539963,1791002647.2426267,no,0.9269999999999999,-1.8451,0.1751,True,20261002T205037Z-a280a1c0491b4ea4a2023fddd30eaeac,3.0,0.5
KXETH15M-26OCT030045-45,0.85,1791002474.3504195,1791002644.8109827,no,0.908,-4.4135,0.23349999999999999,True,20261002T205037Z-a280a1c0491b4ea4a2023fddd30eaeac,1.0,0.55
KXETH15M-26OCT030045-45,0.9,1791002478.3954723,1791002645.2767942,no,0.9269999999999999,-3.7890000000000006,0.219,True,20261002T205037Z-a280a1c0491b4ea4a2023fddd30eaeac,1.0,0.5
KXETH15M-26OCT030045-45,0.9,1791002478.3954723,1791002644.8109827,no,0.9269999999999999,-4.592399999999999,0.2224,True,20261002T205037Z-a280a1c0491b4ea4a2023fddd30eaeac,0.5,0.5
KXETH15M-26OCT030045-45,0.9,1791002480.4039855,1791002647.2426267,no,0.9269999999999999,-1.8451,0.1751,True,20261002T205037Z-a280a1c0491b4ea4a2023fddd30eaeac,3.0,0.5
KXETH15M-26OCT030045-45,0.9,1791002478.3954723,1791002644.8109827,no,0.9269999999999999,-4.592399999999999,0.2224,True,20261002T205037Z-a280a1c0491b4ea4a2023fddd30eaeac,1.0,0.55
KXETH15M-26OCT030045-45,0.95,1791002505.5962694,1791002645.2767942,no,0.9269999999999999,-3.7890000000000006,0.219,True,20261002T205037Z-a280a1c0491b4ea4a2023fddd30eaeac,1.0,0.5
KXETH15M-26OCT030045-45,0.95,1791002505.5962694,1791002644.8109827,no,0.9269999999999999,-4.592399999999999,0.2224,True,20261002T205037Z-a280a1c0491b4ea4a2023fddd30eaeac,0.5,0.5
KXETH15M-26OCT030045-45,0.95,1791002507.6176143,1791002647.2426267,no,0.9269999999999999,-1.8451,0.1751,True,20261002T205037Z-a280a1c0491b4ea4a2023fddd30eaeac,3.0,0.5
KXETH15M-26OCT030045-45,0.95,1791002505.5962694,1791002644.8109827,no,0.9269999999999999,-4.592399999999999,0.2224,True,20261002T205037Z-a280a1c0491b4ea4a2023fddd30eaeac,1.0,0.55
KXETH15M-26OCT030045-45,1.0,1791002505.5962694,1791002645.2767942,no,0.9269999999999999,-3.7890000000000006,0.219,True,20261002T205037Z-a280a1c0491b4ea4a2023fddd30eaeac,1.0,0.5
KXETH15M-26OCT030045-45,1.0,1791002505.5962694,1791002644.8109827,no,0.9269999999999999,-4.592399999999999,0.2224,True,20261002T205037Z-a280a1c0491b4ea4a2023fddd30eaeac,0.5,0.5
KXETH15M-26OCT030045-45,1.0,1791002507.6176143,1791002647.2426267,no,0.9269999999999999,-1.8451,0.1751,True,20261002T205037Z-a280a1c0491b4ea4a2023fddd30eaeac,3.0,0.5
KXETH15M-26OCT030045-45,1.0,1791002505.5962694,1791002644.8109827,no,0.9269999999999999,-4.592399999999999,0.2224,True,20261002T205037Z-a280a1c0491b4ea4a2023fddd30eaeac,1.0,0.55
KXETH15M-26OCT030045-45,1.05,1791002528.767748,1791002645.2767942,no,0.9549999999999998,-4.051699999999999,0.2017,True,20261002T205037Z-a280a1c0491b4ea4a2023fddd30eaeac,1.0,0.5
KXETH15M-26OCT030045-45,1.05,1791002528.767748,1791002644.8109827,no,0.9549999999999998,-4.855099999999998,0.20509999999999998,True,20261002T205037Z-a280a1c0491b4ea4a2023fddd30eaeac,0.5,0.5
KXETH15M-26OCT030045-45,1.05,1791002530.7737882,1791002647.2426267,no,0.9589000000000001,-2.1443000000000008,0.1553,True,20261002T205037Z-a280a1c0491b4ea4a2023fddd30eaeac,3.0,0.5
KXETH15M-26OCT030045-45,1.05,1791002528.767748,1791002644.8109827,no,0.9549999999999998,-4.855099999999998,0.20509999999999998,True,20261002T205037Z-a280a1c0491b4ea4a2023fddd30eaeac,1.0,0.55
KXETH15M-26OCT030100-00,0.5,1791003001.3579626,1791003600.0,yes,0.86,1.3157000000000003,0.0843,False,20261002T205037Z-a280a1c0491b4ea4a2023fddd30eaeac,1.0,0.5
KXETH15M-26OCT030100-00,0.5,1791003001.3579626,1791003600.0,yes,0.86,1.3157000000000003,0.0843,False,20261002T205037Z-a280a1c0491b4ea4a2023fddd30eaeac,0.5,0.5
KXETH15M-26OCT030100-00,0.5,1791003003.3995569,1791003600.0,yes,0.86,1.3157000000000003,0.0843,False,20261002T205037Z-a280a1c0491b4ea4a2023fddd30eaeac,3.0,0.5
KXETH15M-26OCT030100-00,0.5,1791003001.3579626,1791003600.0,yes,0.86,1.3157000000000003,0.0843,False,20261002T205037Z-a280a1c0491b4ea4a2023fddd30eaeac,1.0,0.55
KXETH15M-26OCT030100-00,0.55,1791003001.3579626,1791003600.0,yes,0.86,1.3157000000000003,0.0843,False,20261002T205037Z-a280a1c0491b4ea4a2023fddd30eaeac,1.0,0.5
KXETH15M-26OCT030100-00,0.55,1791003001.3579626,1791003600.0,yes,0.86,1.3157000000000003,0.0843,False,20261002T205037Z-a280a1c0491b4ea4a2023fddd30eaeac,0.5,0.5
KXETH15M-26OCT030100-00,0.55,1791003003.3995569,1791003600.0,yes,0.86,1.3157000000000003,0.0843,False,20261002T205037Z-a280a1c0491b4ea4a2023fddd30eaeac,3.0,0.5
KXETH15M-26OCT030100-00,0.55,1791003001.3579626,1791003600.0,yes,0.86,1.3157000000000003,0.0843,False,20261002T205037Z-a280a1c0491b4ea4a2023fddd30eaeac,1.0,0.55
KXETH15M-26OCT030100-00,0.6,1791003001.3579626,1791003600.0,yes,0.86,1.3157000000000003,0.0843,False,20261002T205037Z-a280a1c0491b4ea4a2023fddd30eaeac,1.0,0.5
KXETH15M-26OCT030100-00,0.6,1791003001.3579626,1791003600.0,yes,0.86,1.3157000000000003,0.0843,False,20261002T205037Z-a280a1c0491b4ea4a2023fddd30eaeac,0.5,0.5
KXETH15M-26OCT030100-00,0.6,1791003003.3995569,1791003600.0,yes,0.86,1.3157000000000003,0.0843,False,20261002T205037Z-a280a1c0491b4ea4a2023fddd30eaeac,3.0,0.5
KXETH15M-26OCT030100-00,0.6,1791003001.3579626,1791003600.0,yes,0.86,1.3157000000000003,0.0843,False,20261002T205037Z-a280a1c0491b4ea4a2023fddd30eaeac,1.0,0.55
KXETH15M-26OCT030100-00,0.65,1791003001.3579626,1791003600.0,yes,0.86,1.3157000000000003,0.0843,False,20261002T205037Z-a280a1c0491b4ea4a2023fddd30eaeac,1.0,0.5
KXETH15M-26OCT030100-00,0.65,1791003001.3579626,1791003600.0,yes,0.86,1.3157000000000003,0.0843,False,20261002T205037Z-a280a1c0491b4ea4a2023fddd30eaeac,0.5,0.5
KXETH15M-26OCT030100-00,0.65,1791003003.3995569,1791003600.0,yes,0.86,1.3157000000000003,0.0843,False,20261002T205037Z-a280a1c0491b4ea4a2023fddd30eaeac,3.0,0.5
KXETH15M-26OCT030100-00,0.65,1791003001.3579626,1791003600.0,yes,0.86,1.3157000000000003,0.0843,False,20261002T205037Z-a280a1c0491b4ea4a2023fddd30eaeac,1.0,0.55
KXETH15M-26OCT030100-00,0.7,1791003001.3579626,1791003600.0,yes,0.86,1.3157000000000003,0.0843,False,20261002T205037Z-a280a1c0491b4ea4a2023fddd30eaeac,1.0,0.5
KXETH15M-26OCT030100-00,0.7,1791003001.3579626,1791003600.0,yes,0.86,1.3157000000000003,0.0843,False,20261002T205037Z-a280a1c0491b4ea4a2023fddd30eaeac,0.5,0.5
KXETH15M-26OCT030100-00,0.7,1791003003.3995569,1791003600.0,yes,0.86,1.3157000000000003,0.0843,False,20261002T205037Z-a280a1c0491b4ea4a2023fddd30eaeac,3.0,0.5
KXETH15M-26OCT030100-00,0.7,1791003001.3579626,1791003600.0,yes,0.86,1.3157000000000003,0.0843,False,20261002T205037Z-a280a1c0491b4ea4a2023fddd30eaeac,1.0,0.55
KXETH15M-26OCT030100-00,0.75,1791003001.3579626,1791003600.0,yes,0.86,1.3157000000000003,0.0843,False,20261002T205037Z-a280a1c0491b4ea4a2023fddd30eaeac,1.0,0.5
KXETH15M-26OCT030100-00,0.75,1791003001.3579626,1791003600.0,yes,0.86,1.3157000000000003,0.0843,False,20261002T205037Z-a280a1c0491b4ea4a2023fddd30eaeac,0.5,0.5
KXETH15M-26OCT030100-00,0.75,1791003003.3995569,1791003600.0,yes,0.86,1.3157000000000003,0.0843,False,20261002T205037Z-a280a1c0491b4ea4a2023fddd30eaeac,3.0,0.5
KXETH15M-26OCT030100-00,0.75,1791003001.3579626,1791003600.0,yes,0.86,1.3157000000000003,0.0843,False,20261002T205037Z-a280a1c0491b4ea4a2023fddd30eaeac,1.0,0.55
KXETH15M-26OCT030100-00,0.8,1791003363.7346864,1791003600.0,yes,0.938,0.579200000000001,0.0408,False,20261002T205037Z-a280a1c0491b4ea4a2023fddd30eaeac,1.0,0.5
KXETH15M-26OCT030100-00,0.8,1791003362.7293394,1791003600.0,yes,0.9360000000000002,0.5979999999999988,0.042,False,20261002T205037Z-a280a1c0491b4ea4a2023fddd30eaeac,0.5,0.5
KXETH15M-26OCT030100-00,0.8,1791003365.7541559,1791003600.0,yes,0.946,0.5042000000000009,0.0358,False,20261002T205037Z-a280a1c0491b4ea4a2023fddd30eaeac,3.0,0.5
KXETH15M-26OCT030100-00,0.8,1791003363.7346864,1791003600.0,yes,0.938,0.579200000000001,0.0408,False,20261002T205037Z-a280a1c0491b4ea4a2023fddd30eaeac,1.0,0.55
KXETH15M-26OCT030100-00,0.85,1791003366.7548459,1791003600.0,yes,0.9593999999999999,0.3787000000000006,0.027299999999999998,False,20261002T205037Z-a280a1c0491b4ea4a2023fddd30eaeac,1.0,0.5
KXETH15M-26OCT030100-00,0.85,1791003365.7541559,1791003600.0,yes,0.946,0.5042000000000009,0.0358,False,20261002T205037Z-a280a1c0491b4ea4a2023fddd30eaeac,0.5,0.5
KXETH15M-26OCT030100-00,0.85,1791003368.7734108,1791003600.0,yes,0.958,0.3917999999999999,0.0282,False,20261002T205037Z-a280a1c0491b4ea4a2023fddd30eaeac,3.0,0.5
KXETH15M-26OCT030100-00,0.85,1791003366.7548459,1791003600.0,yes,0.9593999999999999,0.3787000000000006,0.027299999999999998,False,20261002T205037Z-a280a1c0491b4ea4a2023fddd30eaeac,1.0,0.55
KXETH15M-26OCT030100-00,0.9,1791003368.7734108,1791003600.0,yes,0.958,0.3917999999999999,0.0282,False,20261002T205037Z-a280a1c0491b4ea4a2023fddd30eaeac,1.0,0.5
KXETH15M-26OCT030100-00,0.9,1791003367.7552996,1791003600.0,yes,0.958,0.3917999999999999,0.0282,False,20261002T205037Z-a280a1c0491b4ea4a2023fddd30eaeac,0.5,0.5
KXETH15M-26OCT030100-00,0.9,1791003370.7838087,1791003600.0,yes,0.9597999999999999,0.374900000000001,0.0271,False,20261002T205037Z-a280a1c0491b4ea4a2023fddd30eaeac,3.0,0.5
KXETH15M-26OCT030100-00,0.9,1791003368.7734108,1791003600.0,yes,0.958,0.3917999999999999,0.0282,False,20261002T205037Z-a280a1c0491b4ea4a2023fddd30eaeac,1.0,0.55
KXETH15M-26OCT030100-00,0.95,1791003368.7734108,1791003600.0,yes,0.958,0.3917999999999999,0.0282,False,20261002T205037Z-a280a1c0491b4ea4a2023fddd30eaeac,1.0,0.5
KXETH15M-26OCT030100-00,0.95,1791003367.7552996,1791003600.0,yes,0.958,0.3917999999999999,0.0282,False,20261002T205037Z-a280a1c0491b4ea4a2023fddd30eaeac,0.5,0.5
KXETH15M-26OCT030100-00,0.95,1791003370.7838087,1791003600.0,yes,0.9597999999999999,0.374900000000001,0.0271,False,20261002T205037Z-a280a1c0491b4ea4a2023fddd30eaeac,3.0,0.5
KXETH15M-26OCT030100-00,0.95,1791003368.7734108,1791003600.0,yes,0.958,0.3917999999999999,0.0282,False,20261002T205037Z-a280a1c0491b4ea4a2023fddd30eaeac,1.0,0.55
KXETH15M-26OCT030115-15,0.5,1791003962.5652652,1791004201.3508003,no,0.8,-3.9836000000000005,0.2836,True,20261002T205037Z-a280a1c0491b4ea4a2023fddd30eaeac,1.0,0.5
KXETH15M-26OCT030115-15,0.5,1791003962.5652652,1791004201.262174,no,0.8,-3.9836000000000005,0.2836,True,20261002T205037Z-a280a1c0491b4ea4a2023fddd30eaeac,0.5,0.5
KXETH15M-26OCT030115-15,0.5,1791004001.771932,1791004203.772161,no,0.82,-4.273999999999999,0.274,True,20261002T205037Z-a280a1c0491b4ea4a2023fddd30eaeac,3.0,0.5
KXETH15M-26OCT030115-15,0.5,1791003962.5652652,1791004191.638577,no,0.8,-2.1786000000000003,0.2786,True,20261002T205037Z-a280a1c0491b4ea4a2023fddd30eaeac,1.0,0.55
KXETH15M-26OCT030115-15,0.55,1791003962.5652652,1791004201.3508003,no,0.8,-3.9836000000000005,0.2836,True,20261002T205037Z-a280a1c0491b4ea4a2023fddd30eaeac,1.0,0.5
KXETH15M-26OCT030115-15,0.55,1791003962.5652652,1791004201.262174,no,0.8,-3.9836000000000005,0.2836,True,20261002T205037Z-a280a1c0491b4ea4a2023fddd30eaeac,0.5,0.5
KXETH15M-26OCT030115-15,0.55,1791004001.771932,1791004203.772161,no,0.82,-4.273999999999999,0.274,True,20261002T205037Z-a280a1c0491b4ea4a2023fddd30eaeac,3.0,0.5
KXETH15M-26OCT030115-15,0.55,1791003962.5652652,1791004191.638577,no,0.8,-2.1786000000000003,0.2786,True,20261002T205037Z-a280a1c0491b4ea4a2023fddd30eaeac,1.0,0.55
KXETH15M-26OCT030115-15,0.6,1791003999.7641537,1791004201.3508003,no,0.8100000000000002,-4.0794000000000015,0.2794,True,20261002T205037Z-a280a1c0491b4ea4a2023fddd30eaeac,1.0,0.5
KXETH15M-26OCT030115-15,0.6,1791003998.7591043,1791004201.262174,no,0.8100000000000002,-4.0794000000000015,0.2794,True,20261002T205037Z-a280a1c0491b4ea4a2023fddd30eaeac,0.5,0.5
KXETH15M-26OCT030115-15,0.6,1791004001.771932,1791004203.772161,no,0.82,-4.273999999999999,0.274,True,20261002T205037Z-a280a1c0491b4ea4a2023fddd30eaeac,3.0,0.5
KXETH15M-26OCT030115-15,0.6,1791003999.7641537,1791004191.638577,no,0.8100000000000002,-2.2744000000000018,0.2744,True,20261002T205037Z-a280a1c0491b4ea4a2023fddd30eaeac,1.0,0.55
KXETH15M-26OCT030115-15,0.65,1791004006.7928383,1791004201.3508003,no,0.8299999999999998,-4.270399999999999,0.2704,True,20261002T205037Z-a280a1c0491b4ea4a2023fddd30eaeac,1.0,0.5
KXETH15M-26OCT030115-15,0.65,1791004006.7928383,1791004201.262174,no,0.8299999999999998,-4.270399999999999,0.2704,True,20261002T205037Z-a280a1c0491b4ea4a2023fddd30eaeac,0.5,0.5
KXETH15M-26OCT030115-15,0.65,1791004008.8018496,1791004203.772161,no,0.8299999999999998,-4.369399999999999,0.2694,True,20261002T205037Z-a280a1c0491b4ea4a2023fddd30eaeac,3.0,0.5
KXETH15M-26OCT030115-15,0.65,1791004006.7928383,1791004191.638577,no,0.8299999999999998,-2.465399999999999,0.26539999999999997,True,20261002T205037Z-a280a1c0491b4ea4a2023fddd30eaeac,1.0,0.55
KXETH15M-26OCT030115-15,0.7,1791004036.951713,1791004201.3508003,no,0.82,-4.174999999999999,0.275,True,20261002T205037Z-a280a1c0491b4ea4a2023fddd30eaeac,1.0,0.5
KXETH15M-26OCT030115-15,0.7,1791004035.9459553,1791004201.262174,no,0.82,-4.174999999999999,0.275,True,20261002T205037Z-a280a1c0491b4ea4a2023fddd30eaeac,0.5,0.5
KXETH15M-26OCT030115-15,0.7,1791004038.9669108,1791004203.772161,no,0.82,-4.273999999999999,0.274,True,20261002T205037Z-a280a1c0491b4ea4a2023fddd30eaeac,3.0,0.5
KXETH15M-26OCT030115-15,0.7,1791004036.951713,1791004191.638577,no,0.82,-2.3699999999999997,0.27,True,20261002T205037Z-a280a1c0491b4ea4a2023fddd30eaeac,1.0,0.55
KXETH15M-26OCT030115-15,0.75,1791004036.951713,1791004201.3508003,no,0.82,-4.174999999999999,0.275,True,20261002T205037Z-a280a1c0491b4ea4a2023fddd30eaeac,1.0,0.5
KXETH15M-26OCT030115-15,0.75,1791004035.9459553,1791004201.262174,no,0.82,-4.174999999999999,0.275,True,20261002T205037Z-a280a1c0491b4ea4a2023fddd30eaeac,0.5,0.5
KXETH15M-26OCT030115-15,0.75,1791004038.9669108,1791004203.772161,no,0.82,-4.273999999999999,0.274,True,20261002T205037Z-a280a1c0491b4ea4a2023fddd30eaeac,3.0,0.5
KXETH15M-26OCT030115-15,0.75,1791004036.951713,1791004191.638577,no,0.82,-2.3699999999999997,0.27,True,20261002T205037Z-a280a1c0491b4ea4a2023fddd30eaeac,1.0,0.55
KXETH15M-26OCT030115-15,0.8,1791004041.9714205,1791004201.3508003,no,0.8699999999999999,-4.650799999999999,0.2508,True,20261002T205037Z-a280a1c0491b4ea4a2023fddd30eaeac,1.0,0.5
KXETH15M-26OCT030115-15,0.8,1791004040.9753263,1791004201.262174,no,0.8699999999999999,-4.650799999999999,0.2508,True,20261002T205037Z-a280a1c0491b4ea4a2023fddd30eaeac,0.5,0.5
KXETH15M-26OCT030115-15,0.8,1791004043.9843514,1791004203.772161,no,0.8299999999999998,-4.369399999999999,0.2694,True,20261002T205037Z-a280a1c0491b4ea4a2023fddd30eaeac,3.0,0.5
KXETH15M-26OCT030115-15,0.8,1791004041.9714205,1791004191.638577,no,0.8699999999999999,-2.8457999999999997,0.24580000000000002,True,20261002T205037Z-a280a1c0491b4ea4a2023fddd30eaeac,1.0,0.55
KXETH15M-26OCT030115-15,0.85,1791004042.981831,1791004201.3508003,no,0.8299999999999998,-4.270399999999999,0.2704,True,20261002T205037Z-a280a1c0491b4ea4a2023fddd30eaeac,1.0,0.5
KXETH15M-26OCT030115-15,0.85,1791004041.9714205,1791004201.262174,no,0.8699999999999999,-4.650799999999999,0.2508,True,20261002T205037Z-a280a1c0491b4ea4a2023fddd30eaeac,0.5,0.5
KXETH15M-26OCT030115-15,0.85,1791004044.9913821,1791004203.772161,no,0.8299999999999998,-4.369399999999999,0.2694,True,20261002T205037Z-a280a1c0491b4ea4a2023fddd30eaeac,3.0,0.5
KXETH15M-26OCT030115-15,0.85,1791004042.981831,1791004191.638577,no,0.8299999999999998,-2.465399999999999,0.26539999999999997,True,20261002T205037Z-a280a1c0491b4ea4a2023fddd30eaeac,1.0,0.55
KXETH15M-26OCT030115-15,0.9,1791004076.1435022,1791004201.3508003,no,0.89,-4.8402,0.2402,True,20261002T205037Z-a280a1c0491b4ea4a2023fddd30eaeac,1.0,0.5
KXETH15M-26OCT030115-15,0.9,1791004075.1305702,1791004201.262174,no,0.89,-4.8402,0.2402,True,20261002T205037Z-a280a1c0491b4ea4a2023fddd30eaeac,0.5,0.5
KXETH15M-26OCT030115-15,0.9,1791004078.1467102,1791004203.772161,no,0.89,-4.9392000000000005,0.2392,True,20261002T205037Z-a280a1c0491b4ea4a2023fddd30eaeac,3.0,0.5
KXETH15M-26OCT030115-15,0.9,1791004076.1435022,1791004191.638577,no,0.89,-3.0352000000000006,0.2352,True,20261002T205037Z-a280a1c0491b4ea4a2023fddd30eaeac,1.0,0.55
KXETH15M-26OCT030115-15,0.95,1791004081.1572037,1791004201.3508003,no,0.9,-4.9346,0.2346,True,20261002T205037Z-a280a1c0491b4ea4a2023fddd30eaeac,1.0,0.5
KXETH15M-26OCT030115-15,0.95,1791004081.1572037,1791004201.262174,no,0.9,-4.9346,0.2346,True,20261002T205037Z-a280a1c0491b4ea4a2023fddd30eaeac,0.5,0.5
KXETH15M-26OCT030115-15,0.95,1791004083.1756504,1791004203.772161,no,0.89,-4.9392000000000005,0.2392,True,20261002T205037Z-a280a1c0491b4ea4a2023fddd30eaeac,3.0,0.5
KXETH15M-26OCT030115-15,0.95,1791004081.1572037,1791004191.638577,no,0.9,-3.1296000000000004,0.2296,True,20261002T205037Z-a280a1c0491b4ea4a2023fddd30eaeac,1.0,0.55
KXETH15M-26OCT030115-15,1.0,1791004092.227238,1791004201.3508003,no,0.89,-4.8402,0.2402,True,20261002T205037Z-a280a1c0491b4ea4a2023fddd30eaeac,1.0,0.5
KXETH15M-26OCT030115-15,1.0,1791004092.227238,1791004201.262174,no,0.89,-4.8402,0.2402,True,20261002T205037Z-a280a1c0491b4ea4a2023fddd30eaeac,0.5,0.5
KXETH15M-26OCT030115-15,1.0,1791004094.2344306,1791004203.772161,no,0.89,-4.9392000000000005,0.2392,True,20261002T205037Z-a280a1c0491b4ea4a2023fddd30eaeac,3.0,0.5
KXETH15M-26OCT030115-15,1.0,1791004092.227238,1791004191.638577,no,0.89,-3.0352000000000006,0.2352,True,20261002T205037Z-a280a1c0491b4ea4a2023fddd30eaeac,1.0,0.55
KXETH15M-26OCT030115-15,1.05,1791004098.2521634,1791004201.3508003,no,0.9190000000000002,-5.113800000000001,0.2238,True,20261002T205037Z-a280a1c0491b4ea4a2023fddd30eaeac,1.0,0.5
KXETH15M-26OCT030115-15,1.05,1791004098.2521634,1791004201.262174,no,0.9190000000000002,-5.113800000000001,0.2238,True,20261002T205037Z-a280a1c0491b4ea4a2023fddd30eaeac,0.5,0.5
KXETH15M-26OCT030115-15,1.05,1791004100.2605493,1791004203.772161,no,0.9190000000000002,-5.212800000000001,0.2228,True,20261002T205037Z-a280a1c0491b4ea4a2023fddd30eaeac,3.0,0.5
KXETH15M-26OCT030115-15,1.05,1791004098.2521634,1791004191.638577,no,0.9190000000000002,-3.3088000000000015,0.2188,True,20261002T205037Z-a280a1c0491b4ea4a2023fddd30eaeac,1.0,0.55
KXETH15M-26OCT030115-15,1.1,1791004098.2521634,1791004201.3508003,no,0.9190000000000002,-5.113800000000001,0.2238,True,20261002T205037Z-a280a1c0491b4ea4a2023fddd30eaeac,1.0,0.5
KXETH15M-26OCT030115-15,1.1,1791004098.2521634,1791004201.262174,no,0.9190000000000002,-5.113800000000001,0.2238,True,20261002T205037Z-a280a1c0491b4ea4a2023fddd30eaeac,0.5,0.5
KXETH15M-26OCT030115-15,1.1,1791004100.2605493,1791004203.772161,no,0.9190000000000002,-5.212800000000001,0.2228,True,20261002T205037Z-a280a1c0491b4ea4a2023fddd30eaeac,3.0,0.5
KXETH15M-26OCT030115-15,1.1,1791004098.2521634,1791004191.638577,no,0.9190000000000002,-3.3088000000000015,0.2188,True,20261002T205037Z-a280a1c0491b4ea4a2023fddd30eaeac,1.0,0.55
KXETH15M-26OCT030145-45,0.5,1791005704.418752,1791005762.7927465,yes,0.8,-3.3869999999999996,0.287,True,20261003T052201Z-e1f7321eb84142debab613afc203f51c,1.0,0.5
KXETH15M-26OCT030145-45,0.5,1791005704.418752,1791005762.7927465,yes,0.8,-3.3869999999999996,0.287,True,20261003T052201Z-e1f7321eb84142debab613afc203f51c,0.5,0.5
KXETH15M-26OCT030145-45,0.5,1791005706.4289503,1791005764.8445683,yes,0.8,-3.4868,0.2868,True,20261003T052201Z-e1f7321eb84142debab613afc203f51c,3.0,0.5
KXETH15M-26OCT030145-45,0.5,1791005704.418752,1791005762.7927465,yes,0.8,-3.3869999999999996,0.287,True,20261003T052201Z-e1f7321eb84142debab613afc203f51c,1.0,0.55
KXETH15M-26OCT030145-45,0.55,1791005704.418752,1791005762.7927465,yes,0.8,-3.3869999999999996,0.287,True,20261003T052201Z-e1f7321eb84142debab613afc203f51c,1.0,0.5
KXETH15M-26OCT030145-45,0.55,1791005704.418752,1791005762.7927465,yes,0.8,-3.3869999999999996,0.287,True,20261003T052201Z-e1f7321eb84142debab613afc203f51c,0.5,0.5
KXETH15M-26OCT030145-45,0.55,1791005706.4289503,1791005764.8445683,yes,0.8,-3.4868,0.2868,True,20261003T052201Z-e1f7321eb84142debab613afc203f51c,3.0,0.5
KXETH15M-26OCT030145-45,0.55,1791005704.418752,1791005762.7927465,yes,0.8,-3.3869999999999996,0.287,True,20261003T052201Z-e1f7321eb84142debab613afc203f51c,1.0,0.55
KXETH15M-26OCT030145-45,0.6,1791005704.418752,1791005762.7927465,yes,0.8,-3.3869999999999996,0.287,True,20261003T052201Z-e1f7321eb84142debab613afc203f51c,1.0,0.5
KXETH15M-26OCT030145-45,0.6,1791005704.418752,1791005762.7927465,yes,0.8,-3.3869999999999996,0.287,True,20261003T052201Z-e1f7321eb84142debab613afc203f51c,0.5,0.5
KXETH15M-26OCT030145-45,0.6,1791005706.4289503,1791005764.8445683,yes,0.8,-3.4868,0.2868,True,20261003T052201Z-e1f7321eb84142debab613afc203f51c,3.0,0.5
KXETH15M-26OCT030145-45,0.6,1791005704.418752,1791005762.7927465,yes,0.8,-3.3869999999999996,0.287,True,20261003T052201Z-e1f7321eb84142debab613afc203f51c,1.0,0.55
KXETH15M-26OCT030145-45,0.65,1791005704.418752,1791005762.7927465,yes,0.8,-3.3869999999999996,0.287,True,20261003T052201Z-e1f7321eb84142debab613afc203f51c,1.0,0.5
KXETH15M-26OCT030145-45,0.65,1791005704.418752,1791005762.7927465,yes,0.8,-3.3869999999999996,0.287,True,20261003T052201Z-e1f7321eb84142debab613afc203f51c,0.5,0.5
KXETH15M-26OCT030145-45,0.65,1791005706.4289503,1791005764.8445683,yes,0.8,-3.4868,0.2868,True,20261003T052201Z-e1f7321eb84142debab613afc203f51c,3.0,0.5
KXETH15M-26OCT030145-45,0.65,1791005704.418752,1791005762.7927465,yes,0.8,-3.3869999999999996,0.287,True,20261003T052201Z-e1f7321eb84142debab613afc203f51c,1.0,0.55
KXETH15M-26OCT030145-45,0.7,1791005704.418752,1791005762.7927465,yes,0.8,-3.3869999999999996,0.287,True,20261003T052201Z-e1f7321eb84142debab613afc203f51c,1.0,0.5
KXETH15M-26OCT030145-45,0.7,1791005704.418752,1791005762.7927465,yes,0.8,-3.3869999999999996,0.287,True,20261003T052201Z-e1f7321eb84142debab613afc203f51c,0.5,0.5
KXETH15M-26OCT030145-45,0.7,1791005706.4289503,1791005764.8445683,yes,0.8,-3.4868,0.2868,True,20261003T052201Z-e1f7321eb84142debab613afc203f51c,3.0,0.5
KXETH15M-26OCT030145-45,0.7,1791005704.418752,1791005762.7927465,yes,0.8,-3.3869999999999996,0.287,True,20261003T052201Z-e1f7321eb84142debab613afc203f51c,1.0,0.55
KXETH15M-26OCT030145-45,0.75,1791006242.8446484,1791006300.0,yes,0.951,0.4573000000000002,0.0327,False,20261003T052201Z-e1f7321eb84142debab613afc203f51c,1.0,0.5
KXETH15M-26OCT030145-45,0.75,1791006241.8127768,1791006300.0,yes,0.9489000000000001,0.4769999999999992,0.034,False,20261003T052201Z-e1f7321eb84142debab613afc203f51c,0.5,0.5
KXETH15M-26OCT030145-45,0.75,1791006242.8446484,1791006300.0,yes,0.951,0.4573000000000002,0.0327,False,20261003T052201Z-e1f7321eb84142debab613afc203f51c,1.0,0.55
KXETH15M-26OCT030215-15,0.5,1791007802.6235747,1791008100.0,no,0.82,1.6966000000000008,0.1034,False,20261003T052201Z-e1f7321eb84142debab613afc203f51c,1.0,0.5
KXETH15M-26OCT030215-15,0.5,1791007801.6176188,1791008100.0,no,0.8100000000000002,1.7921999999999985,0.1078,False,20261003T052201Z-e1f7321eb84142debab613afc203f51c,0.5,0.5
KXETH15M-26OCT030215-15,0.5,1791007804.6393707,1791008100.0,no,0.82,1.6966000000000008,0.1034,False,20261003T052201Z-e1f7321eb84142debab613afc203f51c,3.0,0.5
KXETH15M-26OCT030215-15,0.5,1791007802.6235747,1791008100.0,no,0.82,1.6966000000000008,0.1034,False,20261003T052201Z-e1f7321eb84142debab613afc203f51c,1.0,0.55
KXETH15M-26OCT030215-15,0.55,1791007803.635292,1791008100.0,no,0.82,1.6966000000000008,0.1034,False,20261003T052201Z-e1f7321eb84142debab613afc203f51c,1.0,0.5
KXETH15M-26OCT030215-15,0.55,1791007802.6235747,1791008100.0,no,0.82,1.6966000000000008,0.1034,False,20261003T052201Z-e1f7321eb84142debab613afc203f51c,0.5,0.5
KXETH15M-26OCT030215-15,0.55,1791007805.6397738,1791008100.0,no,0.82,1.6966000000000008,0.1034,False,20261003T052201Z-e1f7321eb84142debab613afc203f51c,3.0,0.5
KXETH15M-26OCT030215-15,0.55,1791007803.635292,1791008100.0,no,0.82,1.6966000000000008,0.1034,False,20261003T052201Z-e1f7321eb84142debab613afc203f51c,1.0,0.55
KXETH15M-26OCT030215-15,0.6,1791007855.0275593,1791008100.0,no,0.8800000000000001,1.1259999999999992,0.074,False,20261003T052201Z-e1f7321eb84142debab613afc203f51c,1.0,0.5
KXETH15M-26OCT030215-15,0.6,1791007854.0235624,1791008100.0,no,0.89,1.0313999999999997,0.0686,False,20261003T052201Z-e1f7321eb84142debab613afc203f51c,0.5,0.5
KXETH15M-26OCT030215-15,0.6,1791007857.0366647,1791008100.0,no,0.89,1.0313999999999997,0.0686,False,20261003T052201Z-e1f7321eb84142debab613afc203f51c,3.0,0.5
KXETH15M-26OCT030215-15,0.6,1791007855.0275593,1791008100.0,no,0.8800000000000001,1.1259999999999992,0.074,False,20261003T052201Z-e1f7321eb84142debab613afc203f51c,1.0,0.55
KXETH15M-26OCT030215-15,0.65,1791007862.059351,1791008100.0,no,0.9019999999999999,0.9181000000000005,0.0619,False,20261003T052201Z-e1f7321eb84142debab613afc203f51c,1.0,0.5
KXETH15M-26OCT030215-15,0.65,1791007861.0539794,1791008100.0,no,0.9,0.937,0.063,False,20261003T052201Z-e1f7321eb84142debab613afc203f51c,0.5,0.5
KXETH15M-26OCT030215-15,0.65,1791007863.0874581,1791008100.0,no,0.905,0.8897999999999993,0.0602,False,20261003T052201Z-e1f7321eb84142debab613afc203f51c,3.0,0.5
KXETH15M-26OCT030215-15,0.65,1791007862.059351,1791008100.0,no,0.9019999999999999,0.9181000000000005,0.0619,False,20261003T052201Z-e1f7321eb84142debab613afc203f51c,1.0,0.55
KXETH15M-26OCT030215-15,0.7,1791007862.059351,1791008100.0,no,0.9019999999999999,0.9181000000000005,0.0619,False,20261003T052201Z-e1f7321eb84142debab613afc203f51c,1.0,0.5
KXETH15M-26OCT030215-15,0.7,1791007861.0539794,1791008100.0,no,0.9,0.937,0.063,False,20261003T052201Z-e1f7321eb84142debab613afc203f51c,0.5,0.5
KXETH15M-26OCT030215-15,0.7,1791007863.0874581,1791008100.0,no,0.905,0.8897999999999993,0.0602,False,20261003T052201Z-e1f7321eb84142debab613afc203f51c,3.0,0.5
KXETH15M-26OCT030215-15,0.7,1791007862.059351,1791008100.0,no,0.9019999999999999,0.9181000000000005,0.0619,False,20261003T052201Z-e1f7321eb84142debab613afc203f51c,1.0,0.55
KXETH15M-26OCT030215-15,0.75,1791007862.059351,1791008100.0,no,0.9019999999999999,0.9181000000000005,0.0619,False,20261003T052201Z-e1f7321eb84142debab613afc203f51c,1.0,0.5
KXETH15M-26OCT030215-15,0.75,1791007861.0539794,1791008100.0,no,0.9,0.937,0.063,False,20261003T052201Z-e1f7321eb84142debab613afc203f51c,0.5,0.5
KXETH15M-26OCT030215-15,0.75,1791007863.0874581,1791008100.0,no,0.905,0.8897999999999993,0.0602,False,20261003T052201Z-e1f7321eb84142debab613afc203f51c,3.0,0.5
KXETH15M-26OCT030215-15,0.75,1791007862.059351,1791008100.0,no,0.9019999999999999,0.9181000000000005,0.0619,False,20261003T052201Z-e1f7321eb84142debab613afc203f51c,1.0,0.55
KXETH15M-26OCT030215-15,0.8,1791007959.5408986,1791008100.0,no,0.9389999999999998,0.5699000000000012,0.0401,False,20261003T052201Z-e1f7321eb84142debab613afc203f51c,1.0,0.5
KXETH15M-26OCT030215-15,0.8,1791007959.5408986,1791008100.0,no,0.9389999999999998,0.5699000000000012,0.0401,False,20261003T052201Z-e1f7321eb84142debab613afc203f51c,0.5,0.5
KXETH15M-26OCT030215-15,0.8,1791007961.547655,1791008100.0,no,0.943,0.5323000000000003,0.0377,False,20261003T052201Z-e1f7321eb84142debab613afc203f51c,3.0,0.5
KXETH15M-26OCT030215-15,0.8,1791007959.5408986,1791008100.0,no,0.9389999999999998,0.5699000000000012,0.0401,False,20261003T052201Z-e1f7321eb84142debab613afc203f51c,1.0,0.55
KXETH15M-26OCT030215-15,0.85,1791007970.605222,1791008100.0,no,0.952,0.4480000000000004,0.032,False,20261003T052201Z-e1f7321eb84142debab613afc203f51c,1.0,0.5
KXETH15M-26OCT030215-15,0.85,1791007970.605222,1791008100.0,no,0.952,0.4480000000000004,0.032,False,20261003T052201Z-e1f7321eb84142debab613afc203f51c,0.5,0.5
KXETH15M-26OCT030215-15,0.85,1791007972.616246,1791008100.0,no,0.953,0.43860000000000066,0.0314,False,20261003T052201Z-e1f7321eb84142debab613afc203f51c,3.0,0.5
KXETH15M-26OCT030215-15,0.85,1791007970.605222,1791008100.0,no,0.952,0.4480000000000004,0.032,False,20261003T052201Z-e1f7321eb84142debab613afc203f51c,1.0,0.55
KXETH15M-26OCT030245-45,0.5,1791009344.2090225,1791009363.7442207,yes,0.8,-3.5864000000000007,0.2864,True,20261003T062314Z-5badf530b7e4476e88f56a3c897c8c69,1.0,0.5
KXETH15M-26OCT030245-45,0.5,1791009303.0054862,1791009363.7442207,yes,0.8,-3.5864000000000007,0.2864,True,20261003T062314Z-5badf530b7e4476e88f56a3c897c8c69,0.5,0.5
KXETH15M-26OCT030245-45,0.5,1791009346.2159114,1791009365.7628086,yes,0.82,-3.578399999999999,0.2784,True,20261003T062314Z-5badf530b7e4476e88f56a3c897c8c69,3.0,0.5
KXETH15M-26OCT030245-45,0.5,1791009344.2090225,1791009363.7442207,yes,0.8,-3.5864000000000007,0.2864,True,20261003T062314Z-5badf530b7e4476e88f56a3c897c8c69,1.0,0.55
KXETH15M-26OCT030245-45,0.55,1791009344.2090225,1791009363.7442207,yes,0.8,-3.5864000000000007,0.2864,True,20261003T062314Z-5badf530b7e4476e88f56a3c897c8c69,1.0,0.5
KXETH15M-26OCT030245-45,0.55,1791009303.0054862,1791009363.7442207,yes,0.8,-3.5864000000000007,0.2864,True,20261003T062314Z-5badf530b7e4476e88f56a3c897c8c69,0.5,0.5
KXETH15M-26OCT030245-45,0.55,1791009346.2159114,1791009365.7628086,yes,0.82,-3.578399999999999,0.2784,True,20261003T062314Z-5badf530b7e4476e88f56a3c897c8c69,3.0,0.5
KXETH15M-26OCT030245-45,0.55,1791009344.2090225,1791009363.7442207,yes,0.8,-3.5864000000000007,0.2864,True,20261003T062314Z-5badf530b7e4476e88f56a3c897c8c69,1.0,0.55
KXETH15M-26OCT030245-45,0.6,1791009344.2090225,1791009363.7442207,yes,0.8,-3.5864000000000007,0.2864,True,20261003T062314Z-5badf530b7e4476e88f56a3c897c8c69,1.0,0.5
KXETH15M-26OCT030245-45,0.6,1791009303.0054862,1791009363.7442207,yes,0.8,-3.5864000000000007,0.2864,True,20261003T062314Z-5badf530b7e4476e88f56a3c897c8c69,0.5,0.5
KXETH15M-26OCT030245-45,0.6,1791009346.2159114,1791009365.7628086,yes,0.82,-3.578399999999999,0.2784,True,20261003T062314Z-5badf530b7e4476e88f56a3c897c8c69,3.0,0.5
KXETH15M-26OCT030245-45,0.6,1791009344.2090225,1791009363.7442207,yes,0.8,-3.5864000000000007,0.2864,True,20261003T062314Z-5badf530b7e4476e88f56a3c897c8c69,1.0,0.55
KXETH15M-26OCT030245-45,0.65,1791009344.2090225,1791009363.7442207,yes,0.8,-3.5864000000000007,0.2864,True,20261003T062314Z-5badf530b7e4476e88f56a3c897c8c69,1.0,0.5
KXETH15M-26OCT030245-45,0.65,1791009303.0054862,1791009363.7442207,yes,0.8,-3.5864000000000007,0.2864,True,20261003T062314Z-5badf530b7e4476e88f56a3c897c8c69,0.5,0.5
KXETH15M-26OCT030245-45,0.65,1791009346.2159114,1791009365.7628086,yes,0.82,-3.578399999999999,0.2784,True,20261003T062314Z-5badf530b7e4476e88f56a3c897c8c69,3.0,0.5
KXETH15M-26OCT030245-45,0.65,1791009344.2090225,1791009363.7442207,yes,0.8,-3.5864000000000007,0.2864,True,20261003T062314Z-5badf530b7e4476e88f56a3c897c8c69,1.0,0.55
KXETH15M-26OCT030245-45,0.7,1791009344.2090225,1791009363.7442207,yes,0.8,-3.5864000000000007,0.2864,True,20261003T062314Z-5badf530b7e4476e88f56a3c897c8c69,1.0,0.5
KXETH15M-26OCT030245-45,0.7,1791009303.0054862,1791009363.7442207,yes,0.8,-3.5864000000000007,0.2864,True,20261003T062314Z-5badf530b7e4476e88f56a3c897c8c69,0.5,0.5
KXETH15M-26OCT030245-45,0.7,1791009346.2159114,1791009365.7628086,yes,0.82,-3.578399999999999,0.2784,True,20261003T062314Z-5badf530b7e4476e88f56a3c897c8c69,3.0,0.5
KXETH15M-26OCT030245-45,0.7,1791009344.2090225,1791009363.7442207,yes,0.8,-3.5864000000000007,0.2864,True,20261003T062314Z-5badf530b7e4476e88f56a3c897c8c69,1.0,0.55
KXETH15M-26OCT030245-45,0.75,1791009346.2159114,1791009363.7442207,yes,0.82,-3.7778,0.2778,True,20261003T062314Z-5badf530b7e4476e88f56a3c897c8c69,1.0,0.5
KXETH15M-26OCT030245-45,0.75,1791009346.2159114,1791009363.7442207,yes,0.82,-3.7778,0.2778,True,20261003T062314Z-5badf530b7e4476e88f56a3c897c8c69,0.5,0.5
KXETH15M-26OCT030245-45,0.75,1791009348.2239845,1791009365.7628086,yes,0.82,-3.578399999999999,0.2784,True,20261003T062314Z-5badf530b7e4476e88f56a3c897c8c69,3.0,0.5
KXETH15M-26OCT030245-45,0.75,1791009346.2159114,1791009363.7442207,yes,0.82,-3.7778,0.2778,True,20261003T062314Z-5badf530b7e4476e88f56a3c897c8c69,1.0,0.55
KXETH15M-26OCT030245-45,0.8,1791009463.2590327,1791009900.0,yes,0.85,1.4107,0.0893,False,20261003T062314Z-5badf530b7e4476e88f56a3c897c8c69,1.0,0.5
KXETH15M-26OCT030245-45,0.8,1791009463.2590327,1791009900.0,yes,0.85,1.4107,0.0893,False,20261003T062314Z-5badf530b7e4476e88f56a3c897c8c69,0.5,0.5
KXETH15M-26OCT030245-45,0.8,1791009465.2667148,1791009900.0,yes,0.8699999999999999,1.2208000000000008,0.0792,False,20261003T062314Z-5badf530b7e4476e88f56a3c897c8c69,3.0,0.5
KXETH15M-26OCT030245-45,0.8,1791009463.2590327,1791009900.0,yes,0.85,1.4107,0.0893,False,20261003T062314Z-5badf530b7e4476e88f56a3c897c8c69,1.0,0.55
KXETH15M-26OCT030245-45,0.85,1791009463.2590327,1791009900.0,yes,0.85,1.4107,0.0893,False,20261003T062314Z-5badf530b7e4476e88f56a3c897c8c69,1.0,0.5
KXETH15M-26OCT030245-45,0.85,1791009463.2590327,1791009900.0,yes,0.85,1.4107,0.0893,False,20261003T062314Z-5badf530b7e4476e88f56a3c897c8c69,0.5,0.5
KXETH15M-26OCT030245-45,0.85,1791009465.2667148,1791009900.0,yes,0.8699999999999999,1.2208000000000008,0.0792,False,20261003T062314Z-5badf530b7e4476e88f56a3c897c8c69,3.0,0.5
KXETH15M-26OCT030245-45,0.85,1791009463.2590327,1791009900.0,yes,0.85,1.4107,0.0893,False,20261003T062314Z-5badf530b7e4476e88f56a3c897c8c69,1.0,0.55
KXETH15M-26OCT030245-45,0.9,1791009463.2590327,1791009900.0,yes,0.85,1.4107,0.0893,False,20261003T062314Z-5badf530b7e4476e88f56a3c897c8c69,1.0,0.5
KXETH15M-26OCT030245-45,0.9,1791009463.2590327,1791009900.0,yes,0.85,1.4107,0.0893,False,20261003T062314Z-5badf530b7e4476e88f56a3c897c8c69,0.5,0.5
KXETH15M-26OCT030245-45,0.9,1791009465.2667148,1791009900.0,yes,0.8699999999999999,1.2208000000000008,0.0792,False,20261003T062314Z-5badf530b7e4476e88f56a3c897c8c69,3.0,0.5
KXETH15M-26OCT030245-45,0.9,1791009463.2590327,1791009900.0,yes,0.85,1.4107,0.0893,False,20261003T062314Z-5badf530b7e4476e88f56a3c897c8c69,1.0,0.55
KXETH15M-26OCT030245-45,0.95,1791009463.2590327,1791009900.0,yes,0.85,1.4107,0.0893,False,20261003T062314Z-5badf530b7e4476e88f56a3c897c8c69,1.0,0.5
KXETH15M-26OCT030245-45,0.95,1791009463.2590327,1791009900.0,yes,0.85,1.4107,0.0893,False,20261003T062314Z-5badf530b7e4476e88f56a3c897c8c69,0.5,0.5
KXETH15M-26OCT030245-45,0.95,1791009465.2667148,1791009900.0,yes,0.8699999999999999,1.2208000000000008,0.0792,False,20261003T062314Z-5badf530b7e4476e88f56a3c897c8c69,3.0,0.5
KXETH15M-26OCT030245-45,0.95,1791009463.2590327,1791009900.0,yes,0.85,1.4107,0.0893,False,20261003T062314Z-5badf530b7e4476e88f56a3c897c8c69,1.0,0.55
KXETH15M-26OCT030245-45,1.0,1791009466.2712784,1791009900.0,yes,0.8699999999999999,1.2208000000000008,0.0792,False,20261003T062314Z-5badf530b7e4476e88f56a3c897c8c69,1.0,0.5
KXETH15M-26OCT030245-45,1.0,1791009466.2712784,1791009900.0,yes,0.8699999999999999,1.2208000000000008,0.0792,False,20261003T062314Z-5badf530b7e4476e88f56a3c897c8c69,0.5,0.5
KXETH15M-26OCT030245-45,1.0,1791009468.2799275,1791009900.0,yes,0.85,1.4107,0.0893,False,20261003T062314Z-5badf530b7e4476e88f56a3c897c8c69,3.0,0.5
KXETH15M-26OCT030245-45,1.0,1791009466.2712784,1791009900.0,yes,0.8699999999999999,1.2208000000000008,0.0792,False,20261003T062314Z-5badf530b7e4476e88f56a3c897c8c69,1.0,0.55
KXETH15M-26OCT030245-45,1.05,1791009480.32871,1791009900.0,yes,0.86,1.3157000000000003,0.0843,False,20261003T062314Z-5badf530b7e4476e88f56a3c897c8c69,1.0,0.5
KXETH15M-26OCT030245-45,1.05,1791009480.32871,1791009900.0,yes,0.86,1.3157000000000003,0.0843,False,20261003T062314Z-5badf530b7e4476e88f56a3c897c8c69,0.5,0.5
KXETH15M-26OCT030245-45,1.05,1791009482.333864,1791009900.0,yes,0.8699999999999999,1.2208000000000008,0.0792,False,20261003T062314Z-5badf530b7e4476e88f56a3c897c8c69,3.0,0.5
KXETH15M-26OCT030245-45,1.05,1791009480.32871,1791009900.0,yes,0.86,1.3157000000000003,0.0843,False,20261003T062314Z-5badf530b7e4476e88f56a3c897c8c69,1.0,0.55
KXETH15M-26OCT030300-00,0.5,1791010363.5466406,1791010800.0,yes,0.8299999999999998,1.601200000000001,0.0988,False,20261003T062314Z-5badf530b7e4476e88f56a3c897c8c69,1.0,0.5
KXETH15M-26OCT030300-00,0.5,1791010363.5466406,1791010800.0,yes,0.8299999999999998,1.601200000000001,0.0988,False,20261003T062314Z-5badf530b7e4476e88f56a3c897c8c69,0.5,0.5
KXETH15M-26OCT030300-00,0.5,1791010365.5562499,1791010800.0,yes,0.82,1.6966000000000008,0.1034,False,20261003T062314Z-5badf530b7e4476e88f56a3c897c8c69,3.0,0.5
KXETH15M-26OCT030300-00,0.5,1791010363.5466406,1791010800.0,yes,0.8299999999999998,1.601200000000001,0.0988,False,20261003T062314Z-5badf530b7e4476e88f56a3c897c8c69,1.0,0.55
KXETH15M-26OCT030300-00,0.55,1791010363.5466406,1791010800.0,yes,0.8299999999999998,1.601200000000001,0.0988,False,20261003T062314Z-5badf530b7e4476e88f56a3c897c8c69,1.0,0.5
KXETH15M-26OCT030300-00,0.55,1791010363.5466406,1791010800.0,yes,0.8299999999999998,1.601200000000001,0.0988,False,20261003T062314Z-5badf530b7e4476e88f56a3c897c8c69,0.5,0.5
KXETH15M-26OCT030300-00,0.55,1791010365.5562499,1791010800.0,yes,0.82,1.6966000000000008,0.1034,False,20261003T062314Z-5badf530b7e4476e88f56a3c897c8c69,3.0,0.5
KXETH15M-26OCT030300-00,0.55,1791010363.5466406,1791010800.0,yes,0.8299999999999998,1.601200000000001,0.0988,False,20261003T062314Z-5badf530b7e4476e88f56a3c897c8c69,1.0,0.55
KXETH15M-26OCT030300-00,0.6,1791010363.5466406,1791010800.0,yes,0.8299999999999998,1.601200000000001,0.0988,False,20261003T062314Z-5badf530b7e4476e88f56a3c897c8c69,1.0,0.5
KXETH15M-26OCT030300-00,0.6,1791010363.5466406,1791010800.0,yes,0.8299999999999998,1.601200000000001,0.0988,False,20261003T062314Z-5badf530b7e4476e88f56a3c897c8c69,0.5,0.5
KXETH15M-26OCT030300-00,0.6,1791010365.5562499,1791010800.0,yes,0.82,1.6966000000000008,0.1034,False,20261003T062314Z-5badf530b7e4476e88f56a3c897c8c69,3.0,0.5
KXETH15M-26OCT030300-00,0.6,1791010363.5466406,1791010800.0,yes,0.8299999999999998,1.601200000000001,0.0988,False,20261003T062314Z-5badf530b7e4476e88f56a3c897c8c69,1.0,0.55
KXETH15M-26OCT030300-00,0.65,1791010377.639792,1791010800.0,yes,0.8299999999999998,1.601200000000001,0.0988,False,20261003T062314Z-5badf530b7e4476e88f56a3c897c8c69,1.0,0.5
KXETH15M-26OCT030300-00,0.65,1791010376.629668,1791010800.0,yes,0.8299999999999998,1.601200000000001,0.0988,False,20261003T062314Z-5badf530b7e4476e88f56a3c897c8c69,0.5,0.5
KXETH15M-26OCT030300-00,0.65,1791010379.6487463,1791010800.0,yes,0.8299999999999998,1.601200000000001,0.0988,False,20261003T062314Z-5badf530b7e4476e88f56a3c897c8c69,3.0,0.5
KXETH15M-26OCT030300-00,0.65,1791010377.639792,1791010800.0,yes,0.8299999999999998,1.601200000000001,0.0988,False,20261003T062314Z-5badf530b7e4476e88f56a3c897c8c69,1.0,0.55
KXETH15M-26OCT030300-00,0.7,1791010402.762027,1791010800.0,yes,0.8800000000000001,1.1259999999999992,0.074,False,20261003T062314Z-5badf530b7e4476e88f56a3c897c8c69,1.0,0.5
KXETH15M-26OCT030300-00,0.7,1791010402.762027,1791010800.0,yes,0.8800000000000001,1.1259999999999992,0.074,False,20261003T062314Z-5badf530b7e4476e88f56a3c897c8c69,0.5,0.5
KXETH15M-26OCT030300-00,0.7,1791010404.7712264,1791010800.0,yes,0.898,0.9557999999999995,0.06420000000000001,False,20261003T062314Z-5badf530b7e4476e88f56a3c897c8c69,3.0,0.5
KXETH15M-26OCT030300-00,0.7,1791010402.762027,1791010800.0,yes,0.8800000000000001,1.1259999999999992,0.074,False,20261003T062314Z-5badf530b7e4476e88f56a3c897c8c69,1.0,0.55
KXETH15M-26OCT030300-00,0.75,1791010402.762027,1791010800.0,yes,0.8800000000000001,1.1259999999999992,0.074,False,20261003T062314Z-5badf530b7e4476e88f56a3c897c8c69,1.0,0.5
KXETH15M-26OCT030300-00,0.75,1791010402.762027,1791010800.0,yes,0.8800000000000001,1.1259999999999992,0.074,False,20261003T062314Z-5badf530b7e4476e88f56a3c897c8c69,0.5,0.5
KXETH15M-26OCT030300-00,0.75,1791010404.7712264,1791010800.0,yes,0.898,0.9557999999999995,0.06420000000000001,False,20261003T062314Z-5badf530b7e4476e88f56a3c897c8c69,3.0,0.5
KXETH15M-26OCT030300-00,0.75,1791010402.762027,1791010800.0,yes,0.8800000000000001,1.1259999999999992,0.074,False,20261003T062314Z-5badf530b7e4476e88f56a3c897c8c69,1.0,0.55
KXETH15M-26OCT030300-00,0.8,1791010402.762027,1791010800.0,yes,0.8800000000000001,1.1259999999999992,0.074,False,20261003T062314Z-5badf530b7e4476e88f56a3c897c8c69,1.0,0.5
KXETH15M-26OCT030300-00,0.8,1791010402.762027,1791010800.0,yes,0.8800000000000001,1.1259999999999992,0.074,False,20261003T062314Z-5badf530b7e4476e88f56a3c897c8c69,0.5,0.5
KXETH15M-26OCT030300-00,0.8,1791010404.7712264,1791010800.0,yes,0.898,0.9557999999999995,0.06420000000000001,False,20261003T062314Z-5badf530b7e4476e88f56a3c897c8c69,3.0,0.5
KXETH15M-26OCT030300-00,0.8,1791010402.762027,1791010800.0,yes,0.8800000000000001,1.1259999999999992,0.074,False,20261003T062314Z-5badf530b7e4476e88f56a3c897c8c69,1.0,0.55
KXETH15M-26OCT030300-00,0.85,1791010402.762027,1791010800.0,yes,0.8800000000000001,1.1259999999999992,0.074,False,20261003T062314Z-5badf530b7e4476e88f56a3c897c8c69,1.0,0.5
KXETH15M-26OCT030300-00,0.85,1791010402.762027,1791010800.0,yes,0.8800000000000001,1.1259999999999992,0.074,False,20261003T062314Z-5badf530b7e4476e88f56a3c897c8c69,0.5,0.5
KXETH15M-26OCT030300-00,0.85,1791010404.7712264,1791010800.0,yes,0.898,0.9557999999999995,0.06420000000000001,False,20261003T062314Z-5badf530b7e4476e88f56a3c897c8c69,3.0,0.5
KXETH15M-26OCT030300-00,0.85,1791010402.762027,1791010800.0,yes,0.8800000000000001,1.1259999999999992,0.074,False,20261003T062314Z-5badf530b7e4476e88f56a3c897c8c69,1.0,0.55
KXETH15M-26OCT030300-00,0.9,1791010402.762027,1791010800.0,yes,0.8800000000000001,1.1259999999999992,0.074,False,20261003T062314Z-5badf530b7e4476e88f56a3c897c8c69,1.0,0.5
KXETH15M-26OCT030300-00,0.9,1791010402.762027,1791010800.0,yes,0.8800000000000001,1.1259999999999992,0.074,False,20261003T062314Z-5badf530b7e4476e88f56a3c897c8c69,0.5,0.5
KXETH15M-26OCT030300-00,0.9,1791010404.7712264,1791010800.0,yes,0.898,0.9557999999999995,0.06420000000000001,False,20261003T062314Z-5badf530b7e4476e88f56a3c897c8c69,3.0,0.5
KXETH15M-26OCT030300-00,0.9,1791010402.762027,1791010800.0,yes,0.8800000000000001,1.1259999999999992,0.074,False,20261003T062314Z-5badf530b7e4476e88f56a3c897c8c69,1.0,0.55
KXETH15M-26OCT030300-00,0.95,1791010402.762027,1791010800.0,yes,0.8800000000000001,1.1259999999999992,0.074,False,20261003T062314Z-5badf530b7e4476e88f56a3c897c8c69,1.0,0.5
KXETH15M-26OCT030300-00,0.95,1791010402.762027,1791010800.0,yes,0.8800000000000001,1.1259999999999992,0.074,False,20261003T062314Z-5badf530b7e4476e88f56a3c897c8c69,0.5,0.5
KXETH15M-26OCT030300-00,0.95,1791010404.7712264,1791010800.0,yes,0.898,0.9557999999999995,0.06420000000000001,False,20261003T062314Z-5badf530b7e4476e88f56a3c897c8c69,3.0,0.5
KXETH15M-26OCT030300-00,0.95,1791010402.762027,1791010800.0,yes,0.8800000000000001,1.1259999999999992,0.074,False,20261003T062314Z-5badf530b7e4476e88f56a3c897c8c69,1.0,0.55
KXETH15M-26OCT030300-00,1.0,1791010405.7725005,1791010800.0,yes,0.8299999999999998,1.601200000000001,0.0988,False,20261003T062314Z-5badf530b7e4476e88f56a3c897c8c69,1.0,0.5
KXETH15M-26OCT030300-00,1.0,1791010404.7712264,1791010800.0,yes,0.898,0.9557999999999995,0.06420000000000001,False,20261003T062314Z-5badf530b7e4476e88f56a3c897c8c69,0.5,0.5
KXETH15M-26OCT030300-00,1.0,1791010407.7922611,1791010800.0,yes,0.85,1.4107,0.0893,False,20261003T062314Z-5badf530b7e4476e88f56a3c897c8c69,3.0,0.5
KXETH15M-26OCT030300-00,1.0,1791010405.7725005,1791010800.0,yes,0.8299999999999998,1.601200000000001,0.0988,False,20261003T062314Z-5badf530b7e4476e88f56a3c897c8c69,1.0,0.55
KXETH15M-26OCT030300-00,1.05,1791010420.8562248,1791010800.0,yes,0.9,0.937,0.063,False,20261003T062314Z-5badf530b7e4476e88f56a3c897c8c69,1.0,0.5
KXETH15M-26OCT030300-00,1.05,1791010419.8475885,1791010800.0,yes,0.9,0.937,0.063,False,20261003T062314Z-5badf530b7e4476e88f56a3c897c8c69,0.5,0.5
KXETH15M-26OCT030300-00,1.05,1791010422.8643534,1791010800.0,yes,0.9,0.937,0.063,False,20261003T062314Z-5badf530b7e4476e88f56a3c897c8c69,3.0,0.5
KXETH15M-26OCT030300-00,1.05,1791010420.8562248,1791010800.0,yes,0.9,0.937,0.063,False,20261003T062314Z-5badf530b7e4476e88f56a3c897c8c69,1.0,0.55
KXETH15M-26OCT030300-00,1.1,1791010420.8562248,1791010800.0,yes,0.9,0.937,0.063,False,20261003T062314Z-5badf530b7e4476e88f56a3c897c8c69,1.0,0.5
KXETH15M-26OCT030300-00,1.1,1791010419.8475885,1791010800.0,yes,0.9,0.937,0.063,False,20261003T062314Z-5badf530b7e4476e88f56a3c897c8c69,0.5,0.5
KXETH15M-26OCT030300-00,1.1,1791010422.8643534,1791010800.0,yes,0.9,0.937,0.063,False,20261003T062314Z-5badf530b7e4476e88f56a3c897c8c69,3.0,0.5
KXETH15M-26OCT030300-00,1.1,1791010420.8562248,1791010800.0,yes,0.9,0.937,0.063,False,20261003T062314Z-5badf530b7e4476e88f56a3c897c8c69,1.0,0.55
KXETH15M-26OCT030300-00,1.15,1791010420.8562248,1791010800.0,yes,0.9,0.937,0.063,False,20261003T062314Z-5badf530b7e4476e88f56a3c897c8c69,1.0,0.5
KXETH15M-26OCT030300-00,1.15,1791010419.8475885,1791010800.0,yes,0.9,0.937,0.063,False,20261003T062314Z-5badf530b7e4476e88f56a3c897c8c69,0.5,0.5
KXETH15M-26OCT030300-00,1.15,1791010422.8643534,1791010800.0,yes,0.9,0.937,0.063,False,20261003T062314Z-5badf530b7e4476e88f56a3c897c8c69,3.0,0.5
KXETH15M-26OCT030300-00,1.15,1791010420.8562248,1791010800.0,yes,0.9,0.937,0.063,False,20261003T062314Z-5badf530b7e4476e88f56a3c897c8c69,1.0,0.55
KXETH15M-26OCT030300-00,1.2,1791010428.8889217,1791010800.0,yes,0.937,0.588599999999999,0.0414,False,20261003T062314Z-5badf530b7e4476e88f56a3c897c8c69,1.0,0.5
KXETH15M-26OCT030300-00,1.2,1791010427.8852365,1791010800.0,yes,0.9364000000000001,0.5942999999999993,0.0417,False,20261003T062314Z-5badf530b7e4476e88f56a3c897c8c69,0.5,0.5
KXETH15M-26OCT030300-00,1.2,1791010430.9049737,1791010800.0,yes,0.9507999999999999,0.4592000000000009,0.0328,False,20261003T062314Z-5badf530b7e4476e88f56a3c897c8c69,3.0,0.5
KXETH15M-26OCT030300-00,1.2,1791010428.8889217,1791010800.0,yes,0.937,0.588599999999999,0.0414,False,20261003T062314Z-5badf530b7e4476e88f56a3c897c8c69,1.0,0.55
KXETH15M-26OCT030300-00,1.25,1791010428.8889217,1791010800.0,yes,0.937,0.588599999999999,0.0414,False,20261003T062314Z-5badf530b7e4476e88f56a3c897c8c69,1.0,0.5
KXETH15M-26OCT030300-00,1.25,1791010427.8852365,1791010800.0,yes,0.9364000000000001,0.5942999999999993,0.0417,False,20261003T062314Z-5badf530b7e4476e88f56a3c897c8c69,0.5,0.5
KXETH15M-26OCT030300-00,1.25,1791010430.9049737,1791010800.0,yes,0.9507999999999999,0.4592000000000009,0.0328,False,20261003T062314Z-5badf530b7e4476e88f56a3c897c8c69,3.0,0.5
KXETH15M-26OCT030300-00,1.25,1791010428.8889217,1791010800.0,yes,0.937,0.588599999999999,0.0414,False,20261003T062314Z-5badf530b7e4476e88f56a3c897c8c69,1.0,0.55
KXETH15M-26OCT030300-00,1.3,1791010431.9064875,1791010800.0,yes,0.9490000000000001,0.4760999999999998,0.0339,False,20261003T062314Z-5badf530b7e4476e88f56a3c897c8c69,1.0,0.5
KXETH15M-26OCT030300-00,1.3,1791010431.9064875,1791010800.0,yes,0.9490000000000001,0.4760999999999998,0.0339,False,20261003T062314Z-5badf530b7e4476e88f56a3c897c8c69,0.5,0.5
KXETH15M-26OCT030300-00,1.3,1791010433.9144003,1791010800.0,yes,0.9480000000000001,0.48539999999999955,0.0346,False,20261003T062314Z-5badf530b7e4476e88f56a3c897c8c69,3.0,0.5
KXETH15M-26OCT030300-00,1.3,1791010431.9064875,1791010800.0,yes,0.9490000000000001,0.4760999999999998,0.0339,False,20261003T062314Z-5badf530b7e4476e88f56a3c897c8c69,1.0,0.55
KXETH15M-26OCT030300-00,1.35,1791010431.9064875,1791010800.0,yes,0.9490000000000001,0.4760999999999998,0.0339,False,20261003T062314Z-5badf530b7e4476e88f56a3c897c8c69,1.0,0.5
KXETH15M-26OCT030300-00,1.35,1791010431.9064875,1791010800.0,yes,0.9490000000000001,0.4760999999999998,0.0339,False,20261003T062314Z-5badf530b7e4476e88f56a3c897c8c69,0.5,0.5
KXETH15M-26OCT030300-00,1.35,1791010433.9144003,1791010800.0,yes,0.9480000000000001,0.48539999999999955,0.0346,False,20261003T062314Z-5badf530b7e4476e88f56a3c897c8c69,3.0,0.5
KXETH15M-26OCT030300-00,1.35,1791010431.9064875,1791010800.0,yes,0.9490000000000001,0.4760999999999998,0.0339,False,20261003T062314Z-5badf530b7e4476e88f56a3c897c8c69,1.0,0.55
KXETH15M-26OCT030300-00,1.4,1791010431.9064875,1791010800.0,yes,0.9490000000000001,0.4760999999999998,0.0339,False,20261003T062314Z-5badf530b7e4476e88f56a3c897c8c69,1.0,0.5
KXETH15M-26OCT030300-00,1.4,1791010431.9064875,1791010800.0,yes,0.9490000000000001,0.4760999999999998,0.0339,False,20261003T062314Z-5badf530b7e4476e88f56a3c897c8c69,0.5,0.5
KXETH15M-26OCT030300-00,1.4,1791010433.9144003,1791010800.0,yes,0.9480000000000001,0.48539999999999955,0.0346,False,20261003T062314Z-5badf530b7e4476e88f56a3c897c8c69,3.0,0.5
KXETH15M-26OCT030300-00,1.4,1791010431.9064875,1791010800.0,yes,0.9490000000000001,0.4760999999999998,0.0339,False,20261003T062314Z-5badf530b7e4476e88f56a3c897c8c69,1.0,0.55
KXETH15M-26OCT030315-15,0.5,1791011379.6824288,1791011559.3236988,no,0.8100000000000002,-5.1602000000000015,0.2602,True,20261003T062314Z-5badf530b7e4476e88f56a3c897c8c69,1.0,0.5
KXETH15M-26OCT030315-15,0.5,1791011378.6795003,1791011558.316844,no,0.8,-4.7713,0.2713,True,20261003T062314Z-5badf530b7e4476e88f56a3c897c8c69,0.5,0.5
KXETH15M-26OCT030315-15,0.5,1791011381.6892588,1791011561.3603313,no,0.8299999999999998,-5.545799999999999,0.2458,True,20261003T062314Z-5badf530b7e4476e88f56a3c897c8c69,3.0,0.5
KXETH15M-26OCT030315-15,0.5,1791011379.6824288,1791011559.3236988,no,0.8100000000000002,-5.1602000000000015,0.2602,True,20261003T062314Z-5badf530b7e4476e88f56a3c897c8c69,1.0,0.55
KXETH15M-26OCT030315-15,0.55,1791011379.6824288,1791011559.3236988,no,0.8100000000000002,-5.1602000000000015,0.2602,True,20261003T062314Z-5badf530b7e4476e88f56a3c897c8c69,1.0,0.5
KXETH15M-26OCT030315-15,0.55,1791011378.6795003,1791011558.316844,no,0.8,-4.7713,0.2713,True,20261003T062314Z-5badf530b7e4476e88f56a3c897c8c69,0.5,0.5
KXETH15M-26OCT030315-15,0.55,1791011381.6892588,1791011561.3603313,no,0.8299999999999998,-5.545799999999999,0.2458,True,20261003T062314Z-5badf530b7e4476e88f56a3c897c8c69,3.0,0.5
KXETH15M-26OCT030315-15,0.55,1791011379.6824288,1791011559.3236988,no,0.8100000000000002,-5.1602000000000015,0.2602,True,20261003T062314Z-5badf530b7e4476e88f56a3c897c8c69,1.0,0.55
KXETH15M-26OCT030315-15,0.6,1791011379.6824288,1791011559.3236988,no,0.8100000000000002,-5.1602000000000015,0.2602,True,20261003T062314Z-5badf530b7e4476e88f56a3c897c8c69,1.0,0.5
KXETH15M-26OCT030315-15,0.6,1791011378.6795003,1791011558.316844,no,0.8,-4.7713,0.2713,True,20261003T062314Z-5badf530b7e4476e88f56a3c897c8c69,0.5,0.5
KXETH15M-26OCT030315-15,0.6,1791011381.6892588,1791011561.3603313,no,0.8299999999999998,-5.545799999999999,0.2458,True,20261003T062314Z-5badf530b7e4476e88f56a3c897c8c69,3.0,0.5
KXETH15M-26OCT030315-15,0.6,1791011379.6824288,1791011559.3236988,no,0.8100000000000002,-5.1602000000000015,0.2602,True,20261003T062314Z-5badf530b7e4476e88f56a3c897c8c69,1.0,0.55
KXETH15M-26OCT030315-15,0.65,1791011379.6824288,1791011559.3236988,no,0.8100000000000002,-5.1602000000000015,0.2602,True,20261003T062314Z-5badf530b7e4476e88f56a3c897c8c69,1.0,0.5
KXETH15M-26OCT030315-15,0.65,1791011378.6795003,1791011558.316844,no,0.8,-4.7713,0.2713,True,20261003T062314Z-5badf530b7e4476e88f56a3c897c8c69,0.5,0.5
KXETH15M-26OCT030315-15,0.65,1791011381.6892588,1791011561.3603313,no,0.8299999999999998,-5.545799999999999,0.2458,True,20261003T062314Z-5badf530b7e4476e88f56a3c897c8c69,3.0,0.5
KXETH15M-26OCT030315-15,0.65,1791011379.6824288,1791011559.3236988,no,0.8100000000000002,-5.1602000000000015,0.2602,True,20261003T062314Z-5badf530b7e4476e88f56a3c897c8c69,1.0,0.55
KXETH15M-26OCT030315-15,0.7,1791011387.7096734,1791011559.3236988,no,0.8699999999999999,-5.731599999999999,0.23160000000000003,True,20261003T062314Z-5badf530b7e4476e88f56a3c897c8c69,1.0,0.5
KXETH15M-26OCT030315-15,0.7,1791011387.7096734,1791011558.316844,no,0.8699999999999999,-5.4384999999999994,0.2385,True,20261003T062314Z-5badf530b7e4476e88f56a3c897c8c69,0.5,0.5
KXETH15M-26OCT030315-15,0.7,1791011389.7143626,1791011561.3603313,no,0.89,-6.115600000000001,0.21559999999999999,True,20261003T062314Z-5badf530b7e4476e88f56a3c897c8c69,3.0,0.5
KXETH15M-26OCT030315-15,0.7,1791011387.7096734,1791011559.3236988,no,0.8699999999999999,-5.731599999999999,0.23160000000000003,True,20261003T062314Z-5badf530b7e4476e88f56a3c897c8c69,1.0,0.55
KXETH15M-26OCT030315-15,0.75,1791011389.7143626,1791011559.3236988,no,0.89,-5.921,0.221,True,20261003T062314Z-5badf530b7e4476e88f56a3c897c8c69,1.0,0.5
KXETH15M-26OCT030315-15,0.75,1791011388.7135315,1791011558.316844,no,0.8699999999999999,-5.4384999999999994,0.2385,True,20261003T062314Z-5badf530b7e4476e88f56a3c897c8c69,0.5,0.5
KXETH15M-26OCT030315-15,0.75,1791011391.7268193,1791011561.3603313,no,0.9,-6.21,0.21,True,20261003T062314Z-5badf530b7e4476e88f56a3c897c8c69,3.0,0.5
KXETH15M-26OCT030315-15,0.75,1791011389.7143626,1791011559.3236988,no,0.89,-5.921,0.221,True,20261003T062314Z-5badf530b7e4476e88f56a3c897c8c69,1.0,0.55
KXETH15M-26OCT030315-15,0.8,1791011392.7346396,1791011559.3236988,no,0.9,-6.0154,0.2154,True,20261003T062314Z-5badf530b7e4476e88f56a3c897c8c69,1.0,0.5
KXETH15M-26OCT030315-15,0.8,1791011391.7268193,1791011558.316844,no,0.9,-5.7223,0.2223,True,20261003T062314Z-5badf530b7e4476e88f56a3c897c8c69,0.5,0.5
KXETH15M-26OCT030315-15,0.8,1791011394.7431688,1791011561.3603313,no,0.9,-6.21,0.21,True,20261003T062314Z-5badf530b7e4476e88f56a3c897c8c69,3.0,0.5
KXETH15M-26OCT030315-15,0.8,1791011392.7346396,1791011559.3236988,no,0.9,-6.0154,0.2154,True,20261003T062314Z-5badf530b7e4476e88f56a3c897c8c69,1.0,0.55
KXETH15M-26OCT030315-15,0.85,1791011396.7441788,1791011559.3236988,no,0.9,-6.0154,0.2154,True,20261003T062314Z-5badf530b7e4476e88f56a3c897c8c69,1.0,0.5
KXETH15M-26OCT030315-15,0.85,1791011395.7430973,1791011558.316844,no,0.9,-5.7223,0.2223,True,20261003T062314Z-5badf530b7e4476e88f56a3c897c8c69,0.5,0.5
KXETH15M-26OCT030315-15,0.85,1791011398.7519555,1791011561.3603313,no,0.9,-6.21,0.21,True,20261003T062314Z-5badf530b7e4476e88f56a3c897c8c69,3.0,0.5
KXETH15M-26OCT030315-15,0.85,1791011396.7441788,1791011559.3236988,no,0.9,-6.0154,0.2154,True,20261003T062314Z-5badf530b7e4476e88f56a3c897c8c69,1.0,0.55
KXETH15M-26OCT030315-15,0.9,1791011402.768031,1791011559.3236988,no,0.921,-6.213400000000001,0.2034,True,20261003T062314Z-5badf530b7e4476e88f56a3c897c8c69,1.0,0.5
KXETH15M-26OCT030315-15,0.9,1791011401.7651467,1791011558.316844,no,0.921,-5.920300000000001,0.2103,True,20261003T062314Z-5badf530b7e4476e88f56a3c897c8c69,0.5,0.5
KXETH15M-26OCT030315-15,0.9,1791011404.7785792,1791011561.3603313,no,0.9192,-6.391,0.199,True,20261003T062314Z-5badf530b7e4476e88f56a3c897c8c69,3.0,0.5
KXETH15M-26OCT030315-15,0.9,1791011402.768031,1791011559.3236988,no,0.921,-6.213400000000001,0.2034,True,20261003T062314Z-5badf530b7e4476e88f56a3c897c8c69,1.0,0.55
KXETH15M-26OCT030315-15,0.95,1791011402.768031,1791011559.3236988,no,0.921,-6.213400000000001,0.2034,True,20261003T062314Z-5badf530b7e4476e88f56a3c897c8c69,1.0,0.5
KXETH15M-26OCT030315-15,0.95,1791011401.7651467,1791011558.316844,no,0.921,-5.920300000000001,0.2103,True,20261003T062314Z-5badf530b7e4476e88f56a3c897c8c69,0.5,0.5
KXETH15M-26OCT030315-15,0.95,1791011404.7785792,1791011561.3603313,no,0.9192,-6.391,0.199,True,20261003T062314Z-5badf530b7e4476e88f56a3c897c8c69,3.0,0.5
KXETH15M-26OCT030315-15,0.95,1791011402.768031,1791011559.3236988,no,0.921,-6.213400000000001,0.2034,True,20261003T062314Z-5badf530b7e4476e88f56a3c897c8c69,1.0,0.55
KXETH15M-26OCT030315-15,1.0,1791011619.1553874,1791011700.0,yes,0.9486000000000001,0.47979999999999934,0.034199999999999994,False,20261003T062314Z-5badf530b7e4476e88f56a3c897c8c69,1.0,0.5
KXETH15M-26OCT030315-15,1.0,1791011619.1553874,1791011700.0,yes,0.9486000000000001,0.47979999999999934,0.034199999999999994,False,20261003T062314Z-5badf530b7e4476e88f56a3c897c8c69,0.5,0.5
KXETH15M-26OCT030315-15,1.0,1791011619.1553874,1791011700.0,yes,0.9486000000000001,0.47979999999999934,0.034199999999999994,False,20261003T062314Z-5badf530b7e4476e88f56a3c897c8c69,1.0,0.55
KXETH15M-26OCT030315-15,1.05,1791011619.1553874,1791011700.0,yes,0.9486000000000001,0.47979999999999934,0.034199999999999994,False,20261003T062314Z-5badf530b7e4476e88f56a3c897c8c69,1.0,0.5
KXETH15M-26OCT030315-15,1.05,1791011619.1553874,1791011700.0,yes,0.9486000000000001,0.47979999999999934,0.034199999999999994,False,20261003T062314Z-5badf530b7e4476e88f56a3c897c8c69,0.5,0.5
KXETH15M-26OCT030315-15,1.05,1791011619.1553874,1791011700.0,yes,0.9486000000000001,0.47979999999999934,0.034199999999999994,False,20261003T062314Z-5badf530b7e4476e88f56a3c897c8c69,1.0,0.55
KXETH15M-26OCT030315-15,1.1,1791011620.1559076,1791011700.0,yes,0.9551999999999999,0.41800000000000037,0.03,False,20261003T062314Z-5badf530b7e4476e88f56a3c897c8c69,0.5,0.5
KXETH15M-26OCT030315-15,1.15,1791011620.1559076,1791011700.0,yes,0.9551999999999999,0.41800000000000037,0.03,False,20261003T062314Z-5badf530b7e4476e88f56a3c897c8c69,0.5,0.5
KXETH15M-26OCT030330-30,0.5,1791012245.6255913,1791012471.3383763,no,0.86,-3.5586999999999986,0.2587,True,20261003T062314Z-5badf530b7e4476e88f56a3c897c8c69,1.0,0.5
KXETH15M-26OCT030330-30,0.5,1791012244.621536,1791012470.336096,no,0.86,-3.659099999999999,0.2591,True,20261003T062314Z-5badf530b7e4476e88f56a3c897c8c69,0.5,0.5
KXETH15M-26OCT030330-30,0.5,1791012247.6302361,1791012473.344095,no,0.86,-3.5586999999999986,0.2587,True,20261003T062314Z-5badf530b7e4476e88f56a3c897c8c69,3.0,0.5
KXETH15M-26OCT030330-30,0.5,1791012245.6255913,1791012471.3383763,no,0.86,-3.5586999999999986,0.2587,True,20261003T062314Z-5badf530b7e4476e88f56a3c897c8c69,1.0,0.55
KXETH15M-26OCT030330-30,0.55,1791012259.6852992,1791012471.3383763,no,0.8699999999999999,-3.6535999999999986,0.2536,True,20261003T062314Z-5badf530b7e4476e88f56a3c897c8c69,1.0,0.5
KXETH15M-26OCT030330-30,0.55,1791012258.6812267,1791012470.336096,no,0.8699999999999999,-3.753999999999999,0.254,True,20261003T062314Z-5badf530b7e4476e88f56a3c897c8c69,0.5,0.5
KXETH15M-26OCT030330-30,0.55,1791012261.693656,1791012473.344095,no,0.8800000000000001,-3.7483999999999997,0.2484,True,20261003T062314Z-5badf530b7e4476e88f56a3c897c8c69,3.0,0.5
KXETH15M-26OCT030330-30,0.55,1791012259.6852992,1791012471.3383763,no,0.8699999999999999,-3.6535999999999986,0.2536,True,20261003T062314Z-5badf530b7e4476e88f56a3c897c8c69,1.0,0.55
KXETH15M-26OCT030330-30,0.6,1791012388.275635,1791012471.3383763,no,0.9198000000000001,-4.124099999999999,0.2261,True,20261003T062314Z-5badf530b7e4476e88f56a3c897c8c69,1.0,0.5
KXETH15M-26OCT030330-30,0.6,1791012387.2714865,1791012470.336096,no,0.904647,-4.0817,0.23523,True,20261003T062314Z-5badf530b7e4476e88f56a3c897c8c69,0.5,0.5
KXETH15M-26OCT030330-30,0.6,1791012390.281491,1791012473.344095,no,0.917,-4.0977,0.2277,True,20261003T062314Z-5badf530b7e4476e88f56a3c897c8c69,3.0,0.5
KXETH15M-26OCT030330-30,0.6,1791012388.275635,1791012471.3383763,no,0.9198000000000001,-4.124099999999999,0.2261,True,20261003T062314Z-5badf530b7e4476e88f56a3c897c8c69,1.0,0.55
KXETH15M-26OCT030330-30,0.65,1791012388.275635,1791012471.3383763,no,0.9198000000000001,-4.124099999999999,0.2261,True,20261003T062314Z-5badf530b7e4476e88f56a3c897c8c69,1.0,0.5
KXETH15M-26OCT030330-30,0.65,1791012387.2714865,1791012470.336096,no,0.904647,-4.0817,0.23523,True,20261003T062314Z-5badf530b7e4476e88f56a3c897c8c69,0.5,0.5
KXETH15M-26OCT030330-30,0.65,1791012390.281491,1791012473.344095,no,0.917,-4.0977,0.2277,True,20261003T062314Z-5badf530b7e4476e88f56a3c897c8c69,3.0,0.5
KXETH15M-26OCT030330-30,0.65,1791012388.275635,1791012471.3383763,no,0.9198000000000001,-4.124099999999999,0.2261,True,20261003T062314Z-5badf530b7e4476e88f56a3c897c8c69,1.0,0.55
KXETH15M-26OCT030345-45,0.5,1791012902.316433,1791013371.689966,yes,0.8,-3.7853000000000003,0.2853,True,20261003T062314Z-5badf530b7e4476e88f56a3c897c8c69,1.0,0.5
KXETH15M-26OCT030345-45,0.5,1791012902.316433,1791013371.689966,yes,0.8,-3.7853000000000003,0.2853,True,20261003T062314Z-5badf530b7e4476e88f56a3c897c8c69,0.5,0.5
KXETH15M-26OCT030345-45,0.5,1791012904.3253884,1791013373.70638,yes,0.8,-3.287,0.287,True,20261003T062314Z-5badf530b7e4476e88f56a3c897c8c69,3.0,0.5
KXETH15M-26OCT030345-45,0.5,1791012902.316433,1791013330.227662,yes,0.8,-3.1870000000000003,0.287,True,20261003T062314Z-5badf530b7e4476e88f56a3c897c8c69,1.0,0.55
KXETH15M-26OCT030345-45,0.55,1791012902.316433,1791013371.689966,yes,0.8,-3.7853000000000003,0.2853,True,20261003T062314Z-5badf530b7e4476e88f56a3c897c8c69,1.0,0.5
KXETH15M-26OCT030345-45,0.55,1791012902.316433,1791013371.689966,yes,0.8,-3.7853000000000003,0.2853,True,20261003T062314Z-5badf530b7e4476e88f56a3c897c8c69,0.5,0.5
KXETH15M-26OCT030345-45,0.55,1791012904.3253884,1791013373.70638,yes,0.8,-3.287,0.287,True,20261003T062314Z-5badf530b7e4476e88f56a3c897c8c69,3.0,0.5
KXETH15M-26OCT030345-45,0.55,1791012902.316433,1791013330.227662,yes,0.8,-3.1870000000000003,0.287,True,20261003T062314Z-5badf530b7e4476e88f56a3c897c8c69,1.0,0.55
KXETH15M-26OCT030345-45,0.6,1791012911.3568609,1791013371.689966,yes,0.8400000000000001,-4.167400000000001,0.2674,True,20261003T062314Z-5badf530b7e4476e88f56a3c897c8c69,1.0,0.5
KXETH15M-26OCT030345-45,0.6,1791012911.3568609,1791013371.689966,yes,0.8400000000000001,-4.167400000000001,0.2674,True,20261003T062314Z-5badf530b7e4476e88f56a3c897c8c69,0.5,0.5
KXETH15M-26OCT030345-45,0.6,1791012913.3651805,1791013373.70638,yes,0.8299999999999998,-3.5737999999999985,0.2738,True,20261003T062314Z-5badf530b7e4476e88f56a3c897c8c69,3.0,0.5
KXETH15M-26OCT030345-45,0.6,1791012911.3568609,1791013330.227662,yes,0.8400000000000001,-3.5691000000000006,0.2691,True,20261003T062314Z-5badf530b7e4476e88f56a3c897c8c69,1.0,0.55
KXETH15M-26OCT030345-45,0.65,1791012926.44502,1791013371.689966,yes,0.8400000000000001,-4.167400000000001,0.2674,True,20261003T062314Z-5badf530b7e4476e88f56a3c897c8c69,1.0,0.5
KXETH15M-26OCT030345-45,0.65,1791012925.4402847,1791013371.689966,yes,0.8400000000000001,-4.167400000000001,0.2674,True,20261003T062314Z-5badf530b7e4476e88f56a3c897c8c69,0.5,0.5
KXETH15M-26OCT030345-45,0.65,1791012928.4533882,1791013373.70638,yes,0.85,-3.7643,0.2643,True,20261003T062314Z-5badf530b7e4476e88f56a3c897c8c69,3.0,0.5
KXETH15M-26OCT030345-45,0.65,1791012926.44502,1791013330.227662,yes,0.8400000000000001,-3.5691000000000006,0.2691,True,20261003T062314Z-5badf530b7e4476e88f56a3c897c8c69,1.0,0.55
KXETH15M-26OCT030345-45,0.7,1791012936.4854794,1791013371.689966,yes,0.86,-4.3576,0.2576,True,20261003T062314Z-5badf530b7e4476e88f56a3c897c8c69,1.0,0.5
KXETH15M-26OCT030345-45,0.7,1791012936.4854794,1791013371.689966,yes,0.86,-4.3576,0.2576,True,20261003T062314Z-5badf530b7e4476e88f56a3c897c8c69,0.5,0.5
KXETH15M-26OCT030345-45,0.7,1791012938.4910462,1791013373.70638,yes,0.8649999999999999,-3.9067999999999983,0.25680000000000003,True,20261003T062314Z-5badf530b7e4476e88f56a3c897c8c69,3.0,0.5
KXETH15M-26OCT030345-45,0.7,1791012936.4854794,1791013330.227662,yes,0.86,-3.7592999999999996,0.2593,True,20261003T062314Z-5badf530b7e4476e88f56a3c897c8c69,1.0,0.55
KXETH15M-26OCT030345-45,0.75,1791012942.5074227,1791013371.689966,yes,0.8800000000000001,-4.547300000000001,0.24730000000000002,True,20261003T062314Z-5badf530b7e4476e88f56a3c897c8c69,1.0,0.5
KXETH15M-26OCT030345-45,0.75,1791012942.5074227,1791013371.689966,yes,0.8800000000000001,-4.547300000000001,0.24730000000000002,True,20261003T062314Z-5badf530b7e4476e88f56a3c897c8c69,0.5,0.5
KXETH15M-26OCT030345-45,0.75,1791012944.5212097,1791013373.70638,yes,0.89,-4.1436,0.24359999999999998,True,20261003T062314Z-5badf530b7e4476e88f56a3c897c8c69,3.0,0.5
KXETH15M-26OCT030345-45,0.75,1791012942.5074227,1791013330.227662,yes,0.8800000000000001,-3.9490000000000007,0.249,True,20261003T062314Z-5badf530b7e4476e88f56a3c897c8c69,1.0,0.55
KXETH15M-26OCT030345-45,0.8,1791012944.5212097,1791013371.689966,yes,0.89,-4.641900000000001,0.2419,True,20261003T062314Z-5badf530b7e4476e88f56a3c897c8c69,1.0,0.5
KXETH15M-26OCT030345-45,0.8,1791012944.5212097,1791013371.689966,yes,0.89,-4.641900000000001,0.2419,True,20261003T062314Z-5badf530b7e4476e88f56a3c897c8c69,0.5,0.5
KXETH15M-26OCT030345-45,0.8,1791012946.5295522,1791013373.70638,yes,0.89,-4.1436,0.24359999999999998,True,20261003T062314Z-5badf530b7e4476e88f56a3c897c8c69,3.0,0.5
KXETH15M-26OCT030345-45,0.8,1791012944.5212097,1791013330.227662,yes,0.89,-4.0436000000000005,0.24359999999999998,True,20261003T062314Z-5badf530b7e4476e88f56a3c897c8c69,1.0,0.55
KXETH15M-26OCT030345-45,0.85,1791012947.5330422,1791013371.689966,yes,0.89,-4.641900000000001,0.2419,True,20261003T062314Z-5badf530b7e4476e88f56a3c897c8c69,1.0,0.5
KXETH15M-26OCT030345-45,0.85,1791012947.5330422,1791013371.689966,yes,0.89,-4.641900000000001,0.2419,True,20261003T062314Z-5badf530b7e4476e88f56a3c897c8c69,0.5,0.5
KXETH15M-26OCT030345-45,0.85,1791012949.542197,1791013373.70638,yes,0.9,-4.2379999999999995,0.238,True,20261003T062314Z-5badf530b7e4476e88f56a3c897c8c69,3.0,0.5
KXETH15M-26OCT030345-45,0.85,1791012947.5330422,1791013330.227662,yes,0.89,-4.0436000000000005,0.24359999999999998,True,20261003T062314Z-5badf530b7e4476e88f56a3c897c8c69,1.0,0.55
KXETH15M-26OCT030345-45,0.9,1791012961.6166236,1791013371.689966,yes,0.909,-4.8213,0.2313,True,20261003T062314Z-5badf530b7e4476e88f56a3c897c8c69,1.0,0.5
KXETH15M-26OCT030345-45,0.9,1791012961.6166236,1791013371.689966,yes,0.909,-4.8213,0.2313,True,20261003T062314Z-5badf530b7e4476e88f56a3c897c8c69,0.5,0.5
KXETH15M-26OCT030345-45,0.9,1791012963.6251664,1791013373.70638,yes,0.909,-4.3229999999999995,0.23299999999999998,True,20261003T062314Z-5badf530b7e4476e88f56a3c897c8c69,3.0,0.5
KXETH15M-26OCT030345-45,0.9,1791012961.6166236,1791013330.227662,yes,0.909,-4.223,0.23299999999999998,True,20261003T062314Z-5badf530b7e4476e88f56a3c897c8c69,1.0,0.55
KXETH15M-26OCT030345-45,0.95,1791012965.6396585,1791013371.689966,yes,0.909,-4.8213,0.2313,True,20261003T062314Z-5badf530b7e4476e88f56a3c897c8c69,1.0,0.5
KXETH15M-26OCT030345-45,0.95,1791012965.6396585,1791013371.689966,yes,0.909,-4.8213,0.2313,True,20261003T062314Z-5badf530b7e4476e88f56a3c897c8c69,0.5,0.5
KXETH15M-26OCT030345-45,0.95,1791012967.646497,1791013373.70638,yes,0.906,-4.294700000000001,0.2347,True,20261003T062314Z-5badf530b7e4476e88f56a3c897c8c69,3.0,0.5
KXETH15M-26OCT030345-45,0.95,1791012965.6396585,1791013330.227662,yes,0.909,-4.223,0.23299999999999998,True,20261003T062314Z-5badf530b7e4476e88f56a3c897c8c69,1.0,0.55
KXETH15M-26OCT030345-45,1.0,1791012965.6396585,1791013371.689966,yes,0.909,-4.8213,0.2313,True,20261003T062314Z-5badf530b7e4476e88f56a3c897c8c69,1.0,0.5
KXETH15M-26OCT030345-45,1.0,1791012965.6396585,1791013371.689966,yes,0.909,-4.8213,0.2313,True,20261003T062314Z-5badf530b7e4476e88f56a3c897c8c69,0.5,0.5
KXETH15M-26OCT030345-45,1.0,1791012967.646497,1791013373.70638,yes,0.906,-4.294700000000001,0.2347,True,20261003T062314Z-5badf530b7e4476e88f56a3c897c8c69,3.0,0.5
KXETH15M-26OCT030345-45,1.0,1791012965.6396585,1791013330.227662,yes,0.909,-4.223,0.23299999999999998,True,20261003T062314Z-5badf530b7e4476e88f56a3c897c8c69,1.0,0.55
KXETH15M-26OCT030345-45,1.05,1791012965.6396585,1791013371.689966,yes,0.909,-4.8213,0.2313,True,20261003T062314Z-5badf530b7e4476e88f56a3c897c8c69,1.0,0.5
KXETH15M-26OCT030345-45,1.05,1791012965.6396585,1791013371.689966,yes,0.909,-4.8213,0.2313,True,20261003T062314Z-5badf530b7e4476e88f56a3c897c8c69,0.5,0.5
KXETH15M-26OCT030345-45,1.05,1791012967.646497,1791013373.70638,yes,0.906,-4.294700000000001,0.2347,True,20261003T062314Z-5badf530b7e4476e88f56a3c897c8c69,3.0,0.5
KXETH15M-26OCT030345-45,1.05,1791012965.6396585,1791013330.227662,yes,0.909,-4.223,0.23299999999999998,True,20261003T062314Z-5badf530b7e4476e88f56a3c897c8c69,1.0,0.55
KXETH15M-26OCT030345-45,1.1,1791013081.169621,1791013371.689966,yes,0.9447999999999999,-5.157899999999999,0.2099,True,20261003T062314Z-5badf530b7e4476e88f56a3c897c8c69,1.0,0.5
KXETH15M-26OCT030345-45,1.1,1791013081.169621,1791013371.689966,yes,0.9447999999999999,-5.157899999999999,0.2099,True,20261003T062314Z-5badf530b7e4476e88f56a3c897c8c69,0.5,0.5
KXETH15M-26OCT030345-45,1.1,1791013083.187427,1791013373.70638,yes,0.944,-4.652099999999999,0.21209999999999998,True,20261003T062314Z-5badf530b7e4476e88f56a3c897c8c69,3.0,0.5
KXETH15M-26OCT030345-45,1.1,1791013081.169621,1791013330.227662,yes,0.9447999999999999,-4.559599999999999,0.21159999999999998,True,20261003T062314Z-5badf530b7e4476e88f56a3c897c8c69,1.0,0.55
KXETH15M-26OCT030345-45,1.15,1791013081.169621,1791013371.689966,yes,0.9447999999999999,-5.157899999999999,0.2099,True,20261003T062314Z-5badf530b7e4476e88f56a3c897c8c69,1.0,0.5
KXETH15M-26OCT030345-45,1.15,1791013081.169621,1791013371.689966,yes,0.9447999999999999,-5.157899999999999,0.2099,True,20261003T062314Z-5badf530b7e4476e88f56a3c897c8c69,0.5,0.5
KXETH15M-26OCT030345-45,1.15,1791013083.187427,1791013373.70638,yes,0.944,-4.652099999999999,0.21209999999999998,True,20261003T062314Z-5badf530b7e4476e88f56a3c897c8c69,3.0,0.5
KXETH15M-26OCT030345-45,1.15,1791013081.169621,1791013330.227662,yes,0.9447999999999999,-4.559599999999999,0.21159999999999998,True,20261003T062314Z-5badf530b7e4476e88f56a3c897c8c69,1.0,0.55
KXETH15M-26OCT030345-45,1.2,1791013103.277137,1791013371.689966,yes,0.9559999999999998,-5.262799999999999,0.2028,True,20261003T062314Z-5badf530b7e4476e88f56a3c897c8c69,1.0,0.5
KXETH15M-26OCT030345-45,1.2,1791013102.276083,1791013371.689966,yes,0.9591999999999998,-5.292699999999999,0.20070000000000002,True,20261003T062314Z-5badf530b7e4476e88f56a3c897c8c69,0.5,0.5
KXETH15M-26OCT030345-45,1.2,1791013105.2797422,1791013373.70638,yes,0.9558,-4.7626,0.2046,True,20261003T062314Z-5badf530b7e4476e88f56a3c897c8c69,3.0,0.5
KXETH15M-26OCT030345-45,1.2,1791013103.277137,1791013330.227662,yes,0.9559999999999998,-4.6644999999999985,0.2045,True,20261003T062314Z-5badf530b7e4476e88f56a3c897c8c69,1.0,0.55
KXETH15M-26OCT030345-45,1.25,1791013104.2820642,1791013371.689966,yes,0.9559999999999998,-5.262799999999999,0.2028,True,20261003T062314Z-5badf530b7e4476e88f56a3c897c8c69,1.0,0.5
KXETH15M-26OCT030345-45,1.25,1791013103.277137,1791013371.689966,yes,0.9559999999999998,-5.262799999999999,0.2028,True,20261003T062314Z-5badf530b7e4476e88f56a3c897c8c69,0.5,0.5
KXETH15M-26OCT030345-45,1.25,1791013106.28058,1791013373.70638,yes,0.9561999999999999,-4.766399999999999,0.2044,True,20261003T062314Z-5badf530b7e4476e88f56a3c897c8c69,3.0,0.5
KXETH15M-26OCT030345-45,1.25,1791013104.2820642,1791013330.227662,yes,0.9559999999999998,-4.6644999999999985,0.2045,True,20261003T062314Z-5badf530b7e4476e88f56a3c897c8c69,1.0,0.55
KXETH15M-26OCT030345-45,1.3,1791013117.3468833,1791013373.70638,yes,0.958,-4.7832,0.2032,True,20261003T062314Z-5badf530b7e4476e88f56a3c897c8c69,3.0,0.5
KXETH15M-26OCT030400-00,0.5,1791013840.822369,1791014400.0,yes,0.8400000000000001,1.5058999999999996,0.0941,False,20261003T062314Z-5badf530b7e4476e88f56a3c897c8c69,1.0,0.5
KXETH15M-26OCT030400-00,0.5,1791013839.8188527,1791014400.0,yes,0.8299999999999998,1.601200000000001,0.0988,False,20261003T062314Z-5badf530b7e4476e88f56a3c897c8c69,0.5,0.5
KXETH15M-26OCT030400-00,0.5,1791013841.8263323,1791014400.0,yes,0.8400000000000001,1.5058999999999996,0.0941,False,20261003T062314Z-5badf530b7e4476e88f56a3c897c8c69,3.0,0.5
KXETH15M-26OCT030400-00,0.5,1791013840.822369,1791014033.449717,yes,0.8400000000000001,-2.9657000000000013,0.2657,True,20261003T062314Z-5badf530b7e4476e88f56a3c897c8c69,1.0,0.55
KXETH15M-26OCT030400-00,0.55,1791013840.822369,1791014400.0,yes,0.8400000000000001,1.5058999999999996,0.0941,False,20261003T062314Z-5badf530b7e4476e88f56a3c897c8c69,1.0,0.5
KXETH15M-26OCT030400-00,0.55,1791013839.8188527,1791014400.0,yes,0.8299999999999998,1.601200000000001,0.0988,False,20261003T062314Z-5badf530b7e4476e88f56a3c897c8c69,0.5,0.5
KXETH15M-26OCT030400-00,0.55,1791013841.8263323,1791014400.0,yes,0.8400000000000001,1.5058999999999996,0.0941,False,20261003T062314Z-5badf530b7e4476e88f56a3c897c8c69,3.0,0.5
KXETH15M-26OCT030400-00,0.55,1791013840.822369,1791014033.449717,yes,0.8400000000000001,-2.9657000000000013,0.2657,True,20261003T062314Z-5badf530b7e4476e88f56a3c897c8c69,1.0,0.55
KXETH15M-26OCT030400-00,0.6,1791013850.8647988,1791014400.0,yes,0.8699999999999999,1.2208000000000008,0.0792,False,20261003T062314Z-5badf530b7e4476e88f56a3c897c8c69,1.0,0.5
KXETH15M-26OCT030400-00,0.6,1791013849.858288,1791014400.0,yes,0.8699999999999999,1.2208000000000008,0.0792,False,20261003T062314Z-5badf530b7e4476e88f56a3c897c8c69,0.5,0.5
KXETH15M-26OCT030400-00,0.6,1791013852.8717785,1791014400.0,yes,0.86,1.3157000000000003,0.0843,False,20261003T062314Z-5badf530b7e4476e88f56a3c897c8c69,3.0,0.5
KXETH15M-26OCT030400-00,0.6,1791013850.8647988,1791014033.449717,yes,0.8699999999999999,-3.2508000000000004,0.2508,True,20261003T062314Z-5badf530b7e4476e88f56a3c897c8c69,1.0,0.55
KXETH15M-26OCT030400-00,0.65,1791013862.920741,1791014400.0,yes,0.9,0.937,0.063,False,20261003T062314Z-5badf530b7e4476e88f56a3c897c8c69,1.0,0.5
KXETH15M-26OCT030400-00,0.65,1791013861.914562,1791014400.0,yes,0.9,0.937,0.063,False,20261003T062314Z-5badf530b7e4476e88f56a3c897c8c69,0.5,0.5
KXETH15M-26OCT030400-00,0.65,1791013864.9283724,1791014400.0,yes,0.9,0.937,0.063,False,20261003T062314Z-5badf530b7e4476e88f56a3c897c8c69,3.0,0.5
KXETH15M-26OCT030400-00,0.65,1791013862.920741,1791014033.449717,yes,0.9,-3.534600000000001,0.2346,True,20261003T062314Z-5badf530b7e4476e88f56a3c897c8c69,1.0,0.55
KXETH15M-26OCT030400-00,0.7,1791013886.0238278,1791014400.0,yes,0.9019999999999999,0.9181000000000005,0.0619,False,20261003T062314Z-5badf530b7e4476e88f56a3c897c8c69,1.0,0.5
KXETH15M-26OCT030400-00,0.7,1791013885.0199246,1791014400.0,yes,0.9,0.937,0.063,False,20261003T062314Z-5badf530b7e4476e88f56a3c897c8c69,0.5,0.5
KXETH15M-26OCT030400-00,0.7,1791013888.0358217,1791014400.0,yes,0.9009,0.9284999999999997,0.0625,False,20261003T062314Z-5badf530b7e4476e88f56a3c897c8c69,3.0,0.5
KXETH15M-26OCT030400-00,0.7,1791013886.0238278,1791014033.449717,yes,0.9019999999999999,-3.5535000000000005,0.23349999999999999,True,20261003T062314Z-5badf530b7e4476e88f56a3c897c8c69,1.0,0.55
KXETH15M-26OCT030400-00,0.75,1791014152.2856905,1791014400.0,yes,0.9190000000000002,0.7577999999999987,0.0522,False,20261003T062314Z-5badf530b7e4476e88f56a3c897c8c69,1.0,0.5
KXETH15M-26OCT030400-00,0.75,1791014152.2856905,1791014400.0,yes,0.9190000000000002,0.7577999999999987,0.0522,False,20261003T062314Z-5badf530b7e4476e88f56a3c897c8c69,0.5,0.5
KXETH15M-26OCT030400-00,0.75,1791014154.295979,1791014400.0,yes,0.9200000000000002,0.748399999999999,0.0516,False,20261003T062314Z-5badf530b7e4476e88f56a3c897c8c69,3.0,0.5
KXETH15M-26OCT030400-00,0.75,1791014152.2856905,1791014400.0,yes,0.9190000000000002,0.7577999999999987,0.0522,False,20261003T062314Z-5badf530b7e4476e88f56a3c897c8c69,1.0,0.55
KXETH15M-26OCT030400-00,0.8,1791014162.3296294,1791014400.0,yes,0.933,0.6262,0.0438,False,20261003T062314Z-5badf530b7e4476e88f56a3c897c8c69,1.0,0.5
KXETH15M-26OCT030400-00,0.8,1791014162.3296294,1791014400.0,yes,0.933,0.6262,0.0438,False,20261003T062314Z-5badf530b7e4476e88f56a3c897c8c69,0.5,0.5
KXETH15M-26OCT030400-00,0.8,1791014164.3388414,1791014400.0,yes,0.932,0.6355999999999997,0.044399999999999995,False,20261003T062314Z-5badf530b7e4476e88f56a3c897c8c69,3.0,0.5
KXETH15M-26OCT030400-00,0.8,1791014162.3296294,1791014400.0,yes,0.933,0.6262,0.0438,False,20261003T062314Z-5badf530b7e4476e88f56a3c897c8c69,1.0,0.55
KXETH15M-26OCT030400-00,0.85,1791014162.3296294,1791014400.0,yes,0.933,0.6262,0.0438,False,20261003T062314Z-5badf530b7e4476e88f56a3c897c8c69,1.0,0.5
KXETH15M-26OCT030400-00,0.85,1791014162.3296294,1791014400.0,yes,0.933,0.6262,0.0438,False,20261003T062314Z-5badf530b7e4476e88f56a3c897c8c69,0.5,0.5
KXETH15M-26OCT030400-00,0.85,1791014164.3388414,1791014400.0,yes,0.932,0.6355999999999997,0.044399999999999995,False,20261003T062314Z-5badf530b7e4476e88f56a3c897c8c69,3.0,0.5
KXETH15M-26OCT030400-00,0.85,1791014162.3296294,1791014400.0,yes,0.933,0.6262,0.0438,False,20261003T062314Z-5badf530b7e4476e88f56a3c897c8c69,1.0,0.55
